ISO-10303-21;
HEADER;
FILE_DESCRIPTION(('Illustrative CAD - NOT vendor dimensions'),'2;1');
FILE_NAME('reference.step','2026-10-07',('CORNERSTONE'),(''),'reference generator','','');
FILE_SCHEMA(('CONFIG_CONTROL_DESIGN'));
ENDSEC;
DATA;
#1 = CARTESIAN_POINT('',(-16.000000000,8.000000000,-167.500000000));
#2 = CARTESIAN_POINT('',(16.000000000,8.000000000,-167.500000000));
#3 = CARTESIAN_POINT('',(16.000000000,83.000000000,-167.500000000));
#4 = CARTESIAN_POINT('',(-16.000000000,83.000000000,-167.500000000));
#5 = CARTESIAN_POINT('',(-16.000000000,8.000000000,167.500000000));
#6 = CARTESIAN_POINT('',(16.000000000,8.000000000,167.500000000));
#7 = CARTESIAN_POINT('',(16.000000000,83.000000000,167.500000000));
#8 = CARTESIAN_POINT('',(-16.000000000,83.000000000,167.500000000));
#9 = POLY_LOOP('',(#1,#4,#3,#2));
#10 = FACE_OUTER_BOUND('',#9,.T.);
#11 = DIRECTION('',(0.000000000,0.000000000,-1.000000000));
#12 = DIRECTION('',(0.000000000,1.000000000,0.000000000));
#13 = AXIS2_PLACEMENT_3D('',#1,#11,#12);
#14 = PLANE('',#13);
#15 = FACE_SURFACE('',(#10),#14,.T.);
#16 = POLY_LOOP('',(#5,#6,#7,#8));
#17 = FACE_OUTER_BOUND('',#16,.T.);
#18 = DIRECTION('',(0.000000000,0.000000000,1.000000000));
#19 = DIRECTION('',(1.000000000,0.000000000,0.000000000));
#20 = AXIS2_PLACEMENT_3D('',#5,#18,#19);
#21 = PLANE('',#20);
#22 = FACE_SURFACE('',(#17),#21,.T.);
#23 = POLY_LOOP('',(#1,#2,#6,#5));
#24 = FACE_OUTER_BOUND('',#23,.T.);
#25 = DIRECTION('',(0.000000000,-1.000000000,0.000000000));
#26 = DIRECTION('',(1.000000000,0.000000000,0.000000000));
#27 = AXIS2_PLACEMENT_3D('',#1,#25,#26);
#28 = PLANE('',#27);
#29 = FACE_SURFACE('',(#24),#28,.T.);
#30 = POLY_LOOP('',(#2,#3,#7,#6));
#31 = FACE_OUTER_BOUND('',#30,.T.);
#32 = DIRECTION('',(1.000000000,0.000000000,0.000000000));
#33 = DIRECTION('',(0.000000000,1.000000000,0.000000000));
#34 = AXIS2_PLACEMENT_3D('',#2,#32,#33);
#35 = PLANE('',#34);
#36 = FACE_SURFACE('',(#31),#35,.T.);
#37 = POLY_LOOP('',(#3,#4,#8,#7));
#38 = FACE_OUTER_BOUND('',#37,.T.);
#39 = DIRECTION('',(0.000000000,1.000000000,0.000000000));
#40 = DIRECTION('',(-1.000000000,0.000000000,0.000000000));
#41 = AXIS2_PLACEMENT_3D('',#3,#39,#40);
#42 = PLANE('',#41);
#43 = FACE_SURFACE('',(#38),#42,.T.);
#44 = POLY_LOOP('',(#4,#1,#5,#8));
#45 = FACE_OUTER_BOUND('',#44,.T.);
#46 = DIRECTION('',(-1.000000000,0.000000000,0.000000000));
#47 = DIRECTION('',(0.000000000,-1.000000000,0.000000000));
#48 = AXIS2_PLACEMENT_3D('',#4,#46,#47);
#49 = PLANE('',#48);
#50 = FACE_SURFACE('',(#45),#49,.T.);
#51 = CLOSED_SHELL('',(#15,#22,#29,#36,#43,#50));
#52 = FACETED_BREP('silver enclosure',#51);
#53 = CARTESIAN_POINT('',(-14.000000000,10.000000000,-170.500000000));
#54 = CARTESIAN_POINT('',(14.000000000,10.000000000,-170.500000000));
#55 = CARTESIAN_POINT('',(14.000000000,81.000000000,-170.500000000));
#56 = CARTESIAN_POINT('',(-14.000000000,81.000000000,-170.500000000));
#57 = CARTESIAN_POINT('',(-14.000000000,10.000000000,-167.500000000));
#58 = CARTESIAN_POINT('',(14.000000000,10.000000000,-167.500000000));
#59 = CARTESIAN_POINT('',(14.000000000,81.000000000,-167.500000000));
#60 = CARTESIAN_POINT('',(-14.000000000,81.000000000,-167.500000000));
#61 = POLY_LOOP('',(#53,#56,#55,#54));
#62 = FACE_OUTER_BOUND('',#61,.T.);
#63 = DIRECTION('',(0.000000000,0.000000000,-1.000000000));
#64 = DIRECTION('',(0.000000000,1.000000000,0.000000000));
#65 = AXIS2_PLACEMENT_3D('',#53,#63,#64);
#66 = PLANE('',#65);
#67 = FACE_SURFACE('',(#62),#66,.T.);
#68 = POLY_LOOP('',(#57,#58,#59,#60));
#69 = FACE_OUTER_BOUND('',#68,.T.);
#70 = DIRECTION('',(0.000000000,0.000000000,1.000000000));
#71 = DIRECTION('',(1.000000000,0.000000000,0.000000000));
#72 = AXIS2_PLACEMENT_3D('',#57,#70,#71);
#73 = PLANE('',#72);
#74 = FACE_SURFACE('',(#69),#73,.T.);
#75 = POLY_LOOP('',(#53,#54,#58,#57));
#76 = FACE_OUTER_BOUND('',#75,.T.);
#77 = DIRECTION('',(0.000000000,-1.000000000,0.000000000));
#78 = DIRECTION('',(1.000000000,0.000000000,0.000000000));
#79 = AXIS2_PLACEMENT_3D('',#53,#77,#78);
#80 = PLANE('',#79);
#81 = FACE_SURFACE('',(#76),#80,.T.);
#82 = POLY_LOOP('',(#54,#55,#59,#58));
#83 = FACE_OUTER_BOUND('',#82,.T.);
#84 = DIRECTION('',(1.000000000,0.000000000,0.000000000));
#85 = DIRECTION('',(0.000000000,1.000000000,0.000000000));
#86 = AXIS2_PLACEMENT_3D('',#54,#84,#85);
#87 = PLANE('',#86);
#88 = FACE_SURFACE('',(#83),#87,.T.);
#89 = POLY_LOOP('',(#55,#56,#60,#59));
#90 = FACE_OUTER_BOUND('',#89,.T.);
#91 = DIRECTION('',(0.000000000,1.000000000,0.000000000));
#92 = DIRECTION('',(-1.000000000,0.000000000,0.000000000));
#93 = AXIS2_PLACEMENT_3D('',#55,#91,#92);
#94 = PLANE('',#93);
#95 = FACE_SURFACE('',(#90),#94,.T.);
#96 = POLY_LOOP('',(#56,#53,#57,#60));
#97 = FACE_OUTER_BOUND('',#96,.T.);
#98 = DIRECTION('',(-1.000000000,0.000000000,0.000000000));
#99 = DIRECTION('',(0.000000000,-1.000000000,0.000000000));
#100 = AXIS2_PLACEMENT_3D('',#56,#98,#99);
#101 = PLANE('',#100);
#102 = FACE_SURFACE('',(#97),#101,.T.);
#103 = CLOSED_SHELL('',(#67,#74,#81,#88,#95,#102));
#104 = FACETED_BREP('front panel',#103);
#105 = CARTESIAN_POINT('',(-12.000000000,65.000000000,-171.500000000));
#106 = CARTESIAN_POINT('',(12.000000000,65.000000000,-171.500000000));
#107 = CARTESIAN_POINT('',(12.000000000,77.000000000,-171.500000000));
#108 = CARTESIAN_POINT('',(-12.000000000,77.000000000,-171.500000000));
#109 = CARTESIAN_POINT('',(-12.000000000,65.000000000,-170.500000000));
#110 = CARTESIAN_POINT('',(12.000000000,65.000000000,-170.500000000));
#111 = CARTESIAN_POINT('',(12.000000000,77.000000000,-170.500000000));
#112 = CARTESIAN_POINT('',(-12.000000000,77.000000000,-170.500000000));
#113 = POLY_LOOP('',(#105,#108,#107,#106));
#114 = FACE_OUTER_BOUND('',#113,.T.);
#115 = DIRECTION('',(0.000000000,0.000000000,-1.000000000));
#116 = DIRECTION('',(0.000000000,1.000000000,0.000000000));
#117 = AXIS2_PLACEMENT_3D('',#105,#115,#116);
#118 = PLANE('',#117);
#119 = FACE_SURFACE('',(#114),#118,.T.);
#120 = POLY_LOOP('',(#109,#110,#111,#112));
#121 = FACE_OUTER_BOUND('',#120,.T.);
#122 = DIRECTION('',(0.000000000,0.000000000,1.000000000));
#123 = DIRECTION('',(1.000000000,0.000000000,0.000000000));
#124 = AXIS2_PLACEMENT_3D('',#109,#122,#123);
#125 = PLANE('',#124);
#126 = FACE_SURFACE('',(#121),#125,.T.);
#127 = POLY_LOOP('',(#105,#106,#110,#109));
#128 = FACE_OUTER_BOUND('',#127,.T.);
#129 = DIRECTION('',(0.000000000,-1.000000000,0.000000000));
#130 = DIRECTION('',(1.000000000,0.000000000,0.000000000));
#131 = AXIS2_PLACEMENT_3D('',#105,#129,#130);
#132 = PLANE('',#131);
#133 = FACE_SURFACE('',(#128),#132,.T.);
#134 = POLY_LOOP('',(#106,#107,#111,#110));
#135 = FACE_OUTER_BOUND('',#134,.T.);
#136 = DIRECTION('',(1.000000000,0.000000000,0.000000000));
#137 = DIRECTION('',(0.000000000,1.000000000,0.000000000));
#138 = AXIS2_PLACEMENT_3D('',#106,#136,#137);
#139 = PLANE('',#138);
#140 = FACE_SURFACE('',(#135),#139,.T.);
#141 = POLY_LOOP('',(#107,#108,#112,#111));
#142 = FACE_OUTER_BOUND('',#141,.T.);
#143 = DIRECTION('',(0.000000000,1.000000000,0.000000000));
#144 = DIRECTION('',(-1.000000000,0.000000000,0.000000000));
#145 = AXIS2_PLACEMENT_3D('',#107,#143,#144);
#146 = PLANE('',#145);
#147 = FACE_SURFACE('',(#142),#146,.T.);
#148 = POLY_LOOP('',(#108,#105,#109,#112));
#149 = FACE_OUTER_BOUND('',#148,.T.);
#150 = DIRECTION('',(-1.000000000,0.000000000,0.000000000));
#151 = DIRECTION('',(0.000000000,-1.000000000,0.000000000));
#152 = AXIS2_PLACEMENT_3D('',#108,#150,#151);
#153 = PLANE('',#152);
#154 = FACE_SURFACE('',(#149),#153,.T.);
#155 = CLOSED_SHELL('',(#119,#126,#133,#140,#147,#154));
#156 = FACETED_BREP('black name plate',#155);
#157 = CARTESIAN_POINT('',(7.000000000,25.000000000,-171.500000000));
#158 = CARTESIAN_POINT('',(6.657395614,22.836881039,-171.500000000));
#159 = CARTESIAN_POINT('',(5.663118961,20.885503234,-171.500000000));
#160 = CARTESIAN_POINT('',(4.114496766,19.336881039,-171.500000000));
#161 = CARTESIAN_POINT('',(2.163118961,18.342604386,-171.500000000));
#162 = CARTESIAN_POINT('',(0.000000000,18.000000000,-171.500000000));
#163 = CARTESIAN_POINT('',(-2.163118961,18.342604386,-171.500000000));
#164 = CARTESIAN_POINT('',(-4.114496766,19.336881039,-171.500000000));
#165 = CARTESIAN_POINT('',(-5.663118961,20.885503234,-171.500000000));
#166 = CARTESIAN_POINT('',(-6.657395614,22.836881039,-171.500000000));
#167 = CARTESIAN_POINT('',(-7.000000000,25.000000000,-171.500000000));
#168 = CARTESIAN_POINT('',(-6.657395614,27.163118961,-171.500000000));
#169 = CARTESIAN_POINT('',(-5.663118961,29.114496766,-171.500000000));
#170 = CARTESIAN_POINT('',(-4.114496766,30.663118961,-171.500000000));
#171 = CARTESIAN_POINT('',(-2.163118961,31.657395614,-171.500000000));
#172 = CARTESIAN_POINT('',(-0.000000000,32.000000000,-171.500000000));
#173 = CARTESIAN_POINT('',(2.163118961,31.657395614,-171.500000000));
#174 = CARTESIAN_POINT('',(4.114496766,30.663118961,-171.500000000));
#175 = CARTESIAN_POINT('',(5.663118961,29.114496766,-171.500000000));
#176 = CARTESIAN_POINT('',(6.657395614,27.163118961,-171.500000000));
#177 = CARTESIAN_POINT('',(7.000000000,25.000000000,-180.500000000));
#178 = CARTESIAN_POINT('',(6.657395614,22.836881039,-180.500000000));
#179 = CARTESIAN_POINT('',(5.663118961,20.885503234,-180.500000000));
#180 = CARTESIAN_POINT('',(4.114496766,19.336881039,-180.500000000));
#181 = CARTESIAN_POINT('',(2.163118961,18.342604386,-180.500000000));
#182 = CARTESIAN_POINT('',(0.000000000,18.000000000,-180.500000000));
#183 = CARTESIAN_POINT('',(-2.163118961,18.342604386,-180.500000000));
#184 = CARTESIAN_POINT('',(-4.114496766,19.336881039,-180.500000000));
#185 = CARTESIAN_POINT('',(-5.663118961,20.885503234,-180.500000000));
#186 = CARTESIAN_POINT('',(-6.657395614,22.836881039,-180.500000000));
#187 = CARTESIAN_POINT('',(-7.000000000,25.000000000,-180.500000000));
#188 = CARTESIAN_POINT('',(-6.657395614,27.163118961,-180.500000000));
#189 = CARTESIAN_POINT('',(-5.663118961,29.114496766,-180.500000000));
#190 = CARTESIAN_POINT('',(-4.114496766,30.663118961,-180.500000000));
#191 = CARTESIAN_POINT('',(-2.163118961,31.657395614,-180.500000000));
#192 = CARTESIAN_POINT('',(-0.000000000,32.000000000,-180.500000000));
#193 = CARTESIAN_POINT('',(2.163118961,31.657395614,-180.500000000));
#194 = CARTESIAN_POINT('',(4.114496766,30.663118961,-180.500000000));
#195 = CARTESIAN_POINT('',(5.663118961,29.114496766,-180.500000000));
#196 = CARTESIAN_POINT('',(6.657395614,27.163118961,-180.500000000));
#197 = POLY_LOOP('',(#176,#175,#174,#173,#172,#171,#170,#169,#168,#167,#166,#165,#164,#163,#162,#161,#160,#159,#158,#157));
#198 = FACE_OUTER_BOUND('',#197,.T.);
#199 = DIRECTION('',(0.000000000,0.000000000,1.000000000));
#200 = DIRECTION('',(-0.453990500,0.891006524,0.000000000));
#201 = AXIS2_PLACEMENT_3D('',#176,#199,#200);
#202 = PLANE('',#201);
#203 = FACE_SURFACE('',(#198),#202,.T.);
#204 = POLY_LOOP('',(#177,#178,#179,#180,#181,#182,#183,#184,#185,#186,#187,#188,#189,#190,#191,#192,#193,#194,#195,#196));
#205 = FACE_OUTER_BOUND('',#204,.T.);
#206 = DIRECTION('',(0.000000000,0.000000000,-1.000000000));
#207 = DIRECTION('',(-0.156434465,-0.987688341,0.000000000));
#208 = AXIS2_PLACEMENT_3D('',#177,#206,#207);
#209 = PLANE('',#208);
#210 = FACE_SURFACE('',(#205),#209,.T.);
#211 = POLY_LOOP('',(#157,#158,#178,#177));
#212 = FACE_OUTER_BOUND('',#211,.T.);
#213 = DIRECTION('',(0.987688341,-0.156434465,0.000000000));
#214 = DIRECTION('',(-0.156434465,-0.987688341,0.000000000));
#215 = AXIS2_PLACEMENT_3D('',#157,#213,#214);
#216 = PLANE('',#215);
#217 = FACE_SURFACE('',(#212),#216,.T.);
#218 = POLY_LOOP('',(#158,#159,#179,#178));
#219 = FACE_OUTER_BOUND('',#218,.T.);
#220 = DIRECTION('',(0.891006524,-0.453990500,0.000000000));
#221 = DIRECTION('',(-0.453990500,-0.891006524,0.000000000));
#222 = AXIS2_PLACEMENT_3D('',#158,#220,#221);
#223 = PLANE('',#222);
#224 = FACE_SURFACE('',(#219),#223,.T.);
#225 = POLY_LOOP('',(#159,#160,#180,#179));
#226 = FACE_OUTER_BOUND('',#225,.T.);
#227 = DIRECTION('',(0.707106781,-0.707106781,0.000000000));
#228 = DIRECTION('',(-0.707106781,-0.707106781,0.000000000));
#229 = AXIS2_PLACEMENT_3D('',#159,#227,#228);
#230 = PLANE('',#229);
#231 = FACE_SURFACE('',(#226),#230,.T.);
#232 = POLY_LOOP('',(#160,#161,#181,#180));
#233 = FACE_OUTER_BOUND('',#232,.T.);
#234 = DIRECTION('',(0.453990500,-0.891006524,0.000000000));
#235 = DIRECTION('',(-0.891006524,-0.453990500,0.000000000));
#236 = AXIS2_PLACEMENT_3D('',#160,#234,#235);
#237 = PLANE('',#236);
#238 = FACE_SURFACE('',(#233),#237,.T.);
#239 = POLY_LOOP('',(#161,#162,#182,#181));
#240 = FACE_OUTER_BOUND('',#239,.T.);
#241 = DIRECTION('',(0.156434465,-0.987688341,0.000000000));
#242 = DIRECTION('',(-0.987688341,-0.156434465,0.000000000));
#243 = AXIS2_PLACEMENT_3D('',#161,#241,#242);
#244 = PLANE('',#243);
#245 = FACE_SURFACE('',(#240),#244,.T.);
#246 = POLY_LOOP('',(#162,#163,#183,#182));
#247 = FACE_OUTER_BOUND('',#246,.T.);
#248 = DIRECTION('',(-0.156434465,-0.987688341,0.000000000));
#249 = DIRECTION('',(-0.987688341,0.156434465,0.000000000));
#250 = AXIS2_PLACEMENT_3D('',#162,#248,#249);
#251 = PLANE('',#250);
#252 = FACE_SURFACE('',(#247),#251,.T.);
#253 = POLY_LOOP('',(#163,#164,#184,#183));
#254 = FACE_OUTER_BOUND('',#253,.T.);
#255 = DIRECTION('',(-0.453990500,-0.891006524,0.000000000));
#256 = DIRECTION('',(-0.891006524,0.453990500,0.000000000));
#257 = AXIS2_PLACEMENT_3D('',#163,#255,#256);
#258 = PLANE('',#257);
#259 = FACE_SURFACE('',(#254),#258,.T.);
#260 = POLY_LOOP('',(#164,#165,#185,#184));
#261 = FACE_OUTER_BOUND('',#260,.T.);
#262 = DIRECTION('',(-0.707106781,-0.707106781,0.000000000));
#263 = DIRECTION('',(-0.707106781,0.707106781,0.000000000));
#264 = AXIS2_PLACEMENT_3D('',#164,#262,#263);
#265 = PLANE('',#264);
#266 = FACE_SURFACE('',(#261),#265,.T.);
#267 = POLY_LOOP('',(#165,#166,#186,#185));
#268 = FACE_OUTER_BOUND('',#267,.T.);
#269 = DIRECTION('',(-0.891006524,-0.453990500,0.000000000));
#270 = DIRECTION('',(-0.453990500,0.891006524,0.000000000));
#271 = AXIS2_PLACEMENT_3D('',#165,#269,#270);
#272 = PLANE('',#271);
#273 = FACE_SURFACE('',(#268),#272,.T.);
#274 = POLY_LOOP('',(#166,#167,#187,#186));
#275 = FACE_OUTER_BOUND('',#274,.T.);
#276 = DIRECTION('',(-0.987688341,-0.156434465,0.000000000));
#277 = DIRECTION('',(-0.156434465,0.987688341,0.000000000));
#278 = AXIS2_PLACEMENT_3D('',#166,#276,#277);
#279 = PLANE('',#278);
#280 = FACE_SURFACE('',(#275),#279,.T.);
#281 = POLY_LOOP('',(#167,#168,#188,#187));
#282 = FACE_OUTER_BOUND('',#281,.T.);
#283 = DIRECTION('',(-0.987688341,0.156434465,0.000000000));
#284 = DIRECTION('',(0.156434465,0.987688341,0.000000000));
#285 = AXIS2_PLACEMENT_3D('',#167,#283,#284);
#286 = PLANE('',#285);
#287 = FACE_SURFACE('',(#282),#286,.T.);
#288 = POLY_LOOP('',(#168,#169,#189,#188));
#289 = FACE_OUTER_BOUND('',#288,.T.);
#290 = DIRECTION('',(-0.891006524,0.453990500,0.000000000));
#291 = DIRECTION('',(0.453990500,0.891006524,0.000000000));
#292 = AXIS2_PLACEMENT_3D('',#168,#290,#291);
#293 = PLANE('',#292);
#294 = FACE_SURFACE('',(#289),#293,.T.);
#295 = POLY_LOOP('',(#169,#170,#190,#189));
#296 = FACE_OUTER_BOUND('',#295,.T.);
#297 = DIRECTION('',(-0.707106781,0.707106781,0.000000000));
#298 = DIRECTION('',(0.707106781,0.707106781,0.000000000));
#299 = AXIS2_PLACEMENT_3D('',#169,#297,#298);
#300 = PLANE('',#299);
#301 = FACE_SURFACE('',(#296),#300,.T.);
#302 = POLY_LOOP('',(#170,#171,#191,#190));
#303 = FACE_OUTER_BOUND('',#302,.T.);
#304 = DIRECTION('',(-0.453990500,0.891006524,0.000000000));
#305 = DIRECTION('',(0.891006524,0.453990500,0.000000000));
#306 = AXIS2_PLACEMENT_3D('',#170,#304,#305);
#307 = PLANE('',#306);
#308 = FACE_SURFACE('',(#303),#307,.T.);
#309 = POLY_LOOP('',(#171,#172,#192,#191));
#310 = FACE_OUTER_BOUND('',#309,.T.);
#311 = DIRECTION('',(-0.156434465,0.987688341,0.000000000));
#312 = DIRECTION('',(0.987688341,0.156434465,0.000000000));
#313 = AXIS2_PLACEMENT_3D('',#171,#311,#312);
#314 = PLANE('',#313);
#315 = FACE_SURFACE('',(#310),#314,.T.);
#316 = POLY_LOOP('',(#172,#173,#193,#192));
#317 = FACE_OUTER_BOUND('',#316,.T.);
#318 = DIRECTION('',(0.156434465,0.987688341,0.000000000));
#319 = DIRECTION('',(0.987688341,-0.156434465,0.000000000));
#320 = AXIS2_PLACEMENT_3D('',#172,#318,#319);
#321 = PLANE('',#320);
#322 = FACE_SURFACE('',(#317),#321,.T.);
#323 = POLY_LOOP('',(#173,#174,#194,#193));
#324 = FACE_OUTER_BOUND('',#323,.T.);
#325 = DIRECTION('',(0.453990500,0.891006524,0.000000000));
#326 = DIRECTION('',(0.891006524,-0.453990500,0.000000000));
#327 = AXIS2_PLACEMENT_3D('',#173,#325,#326);
#328 = PLANE('',#327);
#329 = FACE_SURFACE('',(#324),#328,.T.);
#330 = POLY_LOOP('',(#174,#175,#195,#194));
#331 = FACE_OUTER_BOUND('',#330,.T.);
#332 = DIRECTION('',(0.707106781,0.707106781,0.000000000));
#333 = DIRECTION('',(0.707106781,-0.707106781,0.000000000));
#334 = AXIS2_PLACEMENT_3D('',#174,#332,#333);
#335 = PLANE('',#334);
#336 = FACE_SURFACE('',(#331),#335,.T.);
#337 = POLY_LOOP('',(#175,#176,#196,#195));
#338 = FACE_OUTER_BOUND('',#337,.T.);
#339 = DIRECTION('',(0.891006524,0.453990500,0.000000000));
#340 = DIRECTION('',(0.453990500,-0.891006524,0.000000000));
#341 = AXIS2_PLACEMENT_3D('',#175,#339,#340);
#342 = PLANE('',#341);
#343 = FACE_SURFACE('',(#338),#342,.T.);
#344 = POLY_LOOP('',(#176,#157,#177,#196));
#345 = FACE_OUTER_BOUND('',#344,.T.);
#346 = DIRECTION('',(0.987688341,0.156434465,0.000000000));
#347 = DIRECTION('',(0.156434465,-0.987688341,0.000000000));
#348 = AXIS2_PLACEMENT_3D('',#176,#346,#347);
#349 = PLANE('',#348);
#350 = FACE_SURFACE('',(#345),#349,.T.);
#351 = CLOSED_SHELL('',(#203,#210,#217,#224,#231,#238,#245,#252,#259,#266,#273,#280,#287,#294,#301,#308,#315,#322,#329,#336,#343,#350));
#352 = FACETED_BREP('gold optical port',#351);
#353 = CARTESIAN_POINT('',(3.000000000,25.000000000,-180.500000000));
#354 = CARTESIAN_POINT('',(2.853169549,24.072949017,-180.500000000));
#355 = CARTESIAN_POINT('',(2.427050983,23.236644243,-180.500000000));
#356 = CARTESIAN_POINT('',(1.763355757,22.572949017,-180.500000000));
#357 = CARTESIAN_POINT('',(0.927050983,22.146830451,-180.500000000));
#358 = CARTESIAN_POINT('',(0.000000000,22.000000000,-180.500000000));
#359 = CARTESIAN_POINT('',(-0.927050983,22.146830451,-180.500000000));
#360 = CARTESIAN_POINT('',(-1.763355757,22.572949017,-180.500000000));
#361 = CARTESIAN_POINT('',(-2.427050983,23.236644243,-180.500000000));
#362 = CARTESIAN_POINT('',(-2.853169549,24.072949017,-180.500000000));
#363 = CARTESIAN_POINT('',(-3.000000000,25.000000000,-180.500000000));
#364 = CARTESIAN_POINT('',(-2.853169549,25.927050983,-180.500000000));
#365 = CARTESIAN_POINT('',(-2.427050983,26.763355757,-180.500000000));
#366 = CARTESIAN_POINT('',(-1.763355757,27.427050983,-180.500000000));
#367 = CARTESIAN_POINT('',(-0.927050983,27.853169549,-180.500000000));
#368 = CARTESIAN_POINT('',(-0.000000000,28.000000000,-180.500000000));
#369 = CARTESIAN_POINT('',(0.927050983,27.853169549,-180.500000000));
#370 = CARTESIAN_POINT('',(1.763355757,27.427050983,-180.500000000));
#371 = CARTESIAN_POINT('',(2.427050983,26.763355757,-180.500000000));
#372 = CARTESIAN_POINT('',(2.853169549,25.927050983,-180.500000000));
#373 = CARTESIAN_POINT('',(3.000000000,25.000000000,-181.500000000));
#374 = CARTESIAN_POINT('',(2.853169549,24.072949017,-181.500000000));
#375 = CARTESIAN_POINT('',(2.427050983,23.236644243,-181.500000000));
#376 = CARTESIAN_POINT('',(1.763355757,22.572949017,-181.500000000));
#377 = CARTESIAN_POINT('',(0.927050983,22.146830451,-181.500000000));
#378 = CARTESIAN_POINT('',(0.000000000,22.000000000,-181.500000000));
#379 = CARTESIAN_POINT('',(-0.927050983,22.146830451,-181.500000000));
#380 = CARTESIAN_POINT('',(-1.763355757,22.572949017,-181.500000000));
#381 = CARTESIAN_POINT('',(-2.427050983,23.236644243,-181.500000000));
#382 = CARTESIAN_POINT('',(-2.853169549,24.072949017,-181.500000000));
#383 = CARTESIAN_POINT('',(-3.000000000,25.000000000,-181.500000000));
#384 = CARTESIAN_POINT('',(-2.853169549,25.927050983,-181.500000000));
#385 = CARTESIAN_POINT('',(-2.427050983,26.763355757,-181.500000000));
#386 = CARTESIAN_POINT('',(-1.763355757,27.427050983,-181.500000000));
#387 = CARTESIAN_POINT('',(-0.927050983,27.853169549,-181.500000000));
#388 = CARTESIAN_POINT('',(-0.000000000,28.000000000,-181.500000000));
#389 = CARTESIAN_POINT('',(0.927050983,27.853169549,-181.500000000));
#390 = CARTESIAN_POINT('',(1.763355757,27.427050983,-181.500000000));
#391 = CARTESIAN_POINT('',(2.427050983,26.763355757,-181.500000000));
#392 = CARTESIAN_POINT('',(2.853169549,25.927050983,-181.500000000));
#393 = POLY_LOOP('',(#372,#371,#370,#369,#368,#367,#366,#365,#364,#363,#362,#361,#360,#359,#358,#357,#356,#355,#354,#353));
#394 = FACE_OUTER_BOUND('',#393,.T.);
#395 = DIRECTION('',(0.000000000,0.000000000,1.000000000));
#396 = DIRECTION('',(-0.453990500,0.891006524,0.000000000));
#397 = AXIS2_PLACEMENT_3D('',#372,#395,#396);
#398 = PLANE('',#397);
#399 = FACE_SURFACE('',(#394),#398,.T.);
#400 = POLY_LOOP('',(#373,#374,#375,#376,#377,#378,#379,#380,#381,#382,#383,#384,#385,#386,#387,#388,#389,#390,#391,#392));
#401 = FACE_OUTER_BOUND('',#400,.T.);
#402 = DIRECTION('',(0.000000000,0.000000000,-1.000000000));
#403 = DIRECTION('',(-0.156434465,-0.987688341,0.000000000));
#404 = AXIS2_PLACEMENT_3D('',#373,#402,#403);
#405 = PLANE('',#404);
#406 = FACE_SURFACE('',(#401),#405,.T.);
#407 = POLY_LOOP('',(#353,#354,#374,#373));
#408 = FACE_OUTER_BOUND('',#407,.T.);
#409 = DIRECTION('',(0.987688341,-0.156434465,0.000000000));
#410 = DIRECTION('',(-0.156434465,-0.987688341,0.000000000));
#411 = AXIS2_PLACEMENT_3D('',#353,#409,#410);
#412 = PLANE('',#411);
#413 = FACE_SURFACE('',(#408),#412,.T.);
#414 = POLY_LOOP('',(#354,#355,#375,#374));
#415 = FACE_OUTER_BOUND('',#414,.T.);
#416 = DIRECTION('',(0.891006524,-0.453990500,0.000000000));
#417 = DIRECTION('',(-0.453990500,-0.891006524,0.000000000));
#418 = AXIS2_PLACEMENT_3D('',#354,#416,#417);
#419 = PLANE('',#418);
#420 = FACE_SURFACE('',(#415),#419,.T.);
#421 = POLY_LOOP('',(#355,#356,#376,#375));
#422 = FACE_OUTER_BOUND('',#421,.T.);
#423 = DIRECTION('',(0.707106781,-0.707106781,0.000000000));
#424 = DIRECTION('',(-0.707106781,-0.707106781,0.000000000));
#425 = AXIS2_PLACEMENT_3D('',#355,#423,#424);
#426 = PLANE('',#425);
#427 = FACE_SURFACE('',(#422),#426,.T.);
#428 = POLY_LOOP('',(#356,#357,#377,#376));
#429 = FACE_OUTER_BOUND('',#428,.T.);
#430 = DIRECTION('',(0.453990500,-0.891006524,0.000000000));
#431 = DIRECTION('',(-0.891006524,-0.453990500,0.000000000));
#432 = AXIS2_PLACEMENT_3D('',#356,#430,#431);
#433 = PLANE('',#432);
#434 = FACE_SURFACE('',(#429),#433,.T.);
#435 = POLY_LOOP('',(#357,#358,#378,#377));
#436 = FACE_OUTER_BOUND('',#435,.T.);
#437 = DIRECTION('',(0.156434465,-0.987688341,0.000000000));
#438 = DIRECTION('',(-0.987688341,-0.156434465,0.000000000));
#439 = AXIS2_PLACEMENT_3D('',#357,#437,#438);
#440 = PLANE('',#439);
#441 = FACE_SURFACE('',(#436),#440,.T.);
#442 = POLY_LOOP('',(#358,#359,#379,#378));
#443 = FACE_OUTER_BOUND('',#442,.T.);
#444 = DIRECTION('',(-0.156434465,-0.987688341,0.000000000));
#445 = DIRECTION('',(-0.987688341,0.156434465,0.000000000));
#446 = AXIS2_PLACEMENT_3D('',#358,#444,#445);
#447 = PLANE('',#446);
#448 = FACE_SURFACE('',(#443),#447,.T.);
#449 = POLY_LOOP('',(#359,#360,#380,#379));
#450 = FACE_OUTER_BOUND('',#449,.T.);
#451 = DIRECTION('',(-0.453990500,-0.891006524,0.000000000));
#452 = DIRECTION('',(-0.891006524,0.453990500,0.000000000));
#453 = AXIS2_PLACEMENT_3D('',#359,#451,#452);
#454 = PLANE('',#453);
#455 = FACE_SURFACE('',(#450),#454,.T.);
#456 = POLY_LOOP('',(#360,#361,#381,#380));
#457 = FACE_OUTER_BOUND('',#456,.T.);
#458 = DIRECTION('',(-0.707106781,-0.707106781,0.000000000));
#459 = DIRECTION('',(-0.707106781,0.707106781,0.000000000));
#460 = AXIS2_PLACEMENT_3D('',#360,#458,#459);
#461 = PLANE('',#460);
#462 = FACE_SURFACE('',(#457),#461,.T.);
#463 = POLY_LOOP('',(#361,#362,#382,#381));
#464 = FACE_OUTER_BOUND('',#463,.T.);
#465 = DIRECTION('',(-0.891006524,-0.453990500,0.000000000));
#466 = DIRECTION('',(-0.453990500,0.891006524,0.000000000));
#467 = AXIS2_PLACEMENT_3D('',#361,#465,#466);
#468 = PLANE('',#467);
#469 = FACE_SURFACE('',(#464),#468,.T.);
#470 = POLY_LOOP('',(#362,#363,#383,#382));
#471 = FACE_OUTER_BOUND('',#470,.T.);
#472 = DIRECTION('',(-0.987688341,-0.156434465,0.000000000));
#473 = DIRECTION('',(-0.156434465,0.987688341,0.000000000));
#474 = AXIS2_PLACEMENT_3D('',#362,#472,#473);
#475 = PLANE('',#474);
#476 = FACE_SURFACE('',(#471),#475,.T.);
#477 = POLY_LOOP('',(#363,#364,#384,#383));
#478 = FACE_OUTER_BOUND('',#477,.T.);
#479 = DIRECTION('',(-0.987688341,0.156434465,0.000000000));
#480 = DIRECTION('',(0.156434465,0.987688341,0.000000000));
#481 = AXIS2_PLACEMENT_3D('',#363,#479,#480);
#482 = PLANE('',#481);
#483 = FACE_SURFACE('',(#478),#482,.T.);
#484 = POLY_LOOP('',(#364,#365,#385,#384));
#485 = FACE_OUTER_BOUND('',#484,.T.);
#486 = DIRECTION('',(-0.891006524,0.453990500,0.000000000));
#487 = DIRECTION('',(0.453990500,0.891006524,0.000000000));
#488 = AXIS2_PLACEMENT_3D('',#364,#486,#487);
#489 = PLANE('',#488);
#490 = FACE_SURFACE('',(#485),#489,.T.);
#491 = POLY_LOOP('',(#365,#366,#386,#385));
#492 = FACE_OUTER_BOUND('',#491,.T.);
#493 = DIRECTION('',(-0.707106781,0.707106781,0.000000000));
#494 = DIRECTION('',(0.707106781,0.707106781,0.000000000));
#495 = AXIS2_PLACEMENT_3D('',#365,#493,#494);
#496 = PLANE('',#495);
#497 = FACE_SURFACE('',(#492),#496,.T.);
#498 = POLY_LOOP('',(#366,#367,#387,#386));
#499 = FACE_OUTER_BOUND('',#498,.T.);
#500 = DIRECTION('',(-0.453990500,0.891006524,0.000000000));
#501 = DIRECTION('',(0.891006524,0.453990500,0.000000000));
#502 = AXIS2_PLACEMENT_3D('',#366,#500,#501);
#503 = PLANE('',#502);
#504 = FACE_SURFACE('',(#499),#503,.T.);
#505 = POLY_LOOP('',(#367,#368,#388,#387));
#506 = FACE_OUTER_BOUND('',#505,.T.);
#507 = DIRECTION('',(-0.156434465,0.987688341,0.000000000));
#508 = DIRECTION('',(0.987688341,0.156434465,0.000000000));
#509 = AXIS2_PLACEMENT_3D('',#367,#507,#508);
#510 = PLANE('',#509);
#511 = FACE_SURFACE('',(#506),#510,.T.);
#512 = POLY_LOOP('',(#368,#369,#389,#388));
#513 = FACE_OUTER_BOUND('',#512,.T.);
#514 = DIRECTION('',(0.156434465,0.987688341,0.000000000));
#515 = DIRECTION('',(0.987688341,-0.156434465,0.000000000));
#516 = AXIS2_PLACEMENT_3D('',#368,#514,#515);
#517 = PLANE('',#516);
#518 = FACE_SURFACE('',(#513),#517,.T.);
#519 = POLY_LOOP('',(#369,#370,#390,#389));
#520 = FACE_OUTER_BOUND('',#519,.T.);
#521 = DIRECTION('',(0.453990500,0.891006524,0.000000000));
#522 = DIRECTION('',(0.891006524,-0.453990500,0.000000000));
#523 = AXIS2_PLACEMENT_3D('',#369,#521,#522);
#524 = PLANE('',#523);
#525 = FACE_SURFACE('',(#520),#524,.T.);
#526 = POLY_LOOP('',(#370,#371,#391,#390));
#527 = FACE_OUTER_BOUND('',#526,.T.);
#528 = DIRECTION('',(0.707106781,0.707106781,0.000000000));
#529 = DIRECTION('',(0.707106781,-0.707106781,0.000000000));
#530 = AXIS2_PLACEMENT_3D('',#370,#528,#529);
#531 = PLANE('',#530);
#532 = FACE_SURFACE('',(#527),#531,.T.);
#533 = POLY_LOOP('',(#371,#372,#392,#391));
#534 = FACE_OUTER_BOUND('',#533,.T.);
#535 = DIRECTION('',(0.891006524,0.453990500,0.000000000));
#536 = DIRECTION('',(0.453990500,-0.891006524,0.000000000));
#537 = AXIS2_PLACEMENT_3D('',#371,#535,#536);
#538 = PLANE('',#537);
#539 = FACE_SURFACE('',(#534),#538,.T.);
#540 = POLY_LOOP('',(#372,#353,#373,#392));
#541 = FACE_OUTER_BOUND('',#540,.T.);
#542 = DIRECTION('',(0.987688341,0.156434465,0.000000000));
#543 = DIRECTION('',(0.156434465,-0.987688341,0.000000000));
#544 = AXIS2_PLACEMENT_3D('',#372,#542,#543);
#545 = PLANE('',#544);
#546 = FACE_SURFACE('',(#541),#545,.T.);
#547 = CLOSED_SHELL('',(#399,#406,#413,#420,#427,#434,#441,#448,#455,#462,#469,#476,#483,#490,#497,#504,#511,#518,#525,#532,#539,#546));
#548 = FACETED_BREP('black port aperture',#547);
#549 = CARTESIAN_POINT('',(-6.000000000,9.000000000,-183.500000000));
#550 = CARTESIAN_POINT('',(6.000000000,9.000000000,-183.500000000));
#551 = CARTESIAN_POINT('',(6.000000000,19.000000000,-183.500000000));
#552 = CARTESIAN_POINT('',(-6.000000000,19.000000000,-183.500000000));
#553 = CARTESIAN_POINT('',(-6.000000000,9.000000000,-171.500000000));
#554 = CARTESIAN_POINT('',(6.000000000,9.000000000,-171.500000000));
#555 = CARTESIAN_POINT('',(6.000000000,19.000000000,-171.500000000));
#556 = CARTESIAN_POINT('',(-6.000000000,19.000000000,-171.500000000));
#557 = POLY_LOOP('',(#549,#552,#551,#550));
#558 = FACE_OUTER_BOUND('',#557,.T.);
#559 = DIRECTION('',(0.000000000,0.000000000,-1.000000000));
#560 = DIRECTION('',(0.000000000,1.000000000,0.000000000));
#561 = AXIS2_PLACEMENT_3D('',#549,#559,#560);
#562 = PLANE('',#561);
#563 = FACE_SURFACE('',(#558),#562,.T.);
#564 = POLY_LOOP('',(#553,#554,#555,#556));
#565 = FACE_OUTER_BOUND('',#564,.T.);
#566 = DIRECTION('',(0.000000000,0.000000000,1.000000000));
#567 = DIRECTION('',(1.000000000,0.000000000,0.000000000));
#568 = AXIS2_PLACEMENT_3D('',#553,#566,#567);
#569 = PLANE('',#568);
#570 = FACE_SURFACE('',(#565),#569,.T.);
#571 = POLY_LOOP('',(#549,#550,#554,#553));
#572 = FACE_OUTER_BOUND('',#571,.T.);
#573 = DIRECTION('',(0.000000000,-1.000000000,0.000000000));
#574 = DIRECTION('',(1.000000000,0.000000000,0.000000000));
#575 = AXIS2_PLACEMENT_3D('',#549,#573,#574);
#576 = PLANE('',#575);
#577 = FACE_SURFACE('',(#572),#576,.T.);
#578 = POLY_LOOP('',(#550,#551,#555,#554));
#579 = FACE_OUTER_BOUND('',#578,.T.);
#580 = DIRECTION('',(1.000000000,0.000000000,0.000000000));
#581 = DIRECTION('',(0.000000000,1.000000000,0.000000000));
#582 = AXIS2_PLACEMENT_3D('',#550,#580,#581);
#583 = PLANE('',#582);
#584 = FACE_SURFACE('',(#579),#583,.T.);
#585 = POLY_LOOP('',(#551,#552,#556,#555));
#586 = FACE_OUTER_BOUND('',#585,.T.);
#587 = DIRECTION('',(0.000000000,1.000000000,0.000000000));
#588 = DIRECTION('',(-1.000000000,0.000000000,0.000000000));
#589 = AXIS2_PLACEMENT_3D('',#551,#587,#588);
#590 = PLANE('',#589);
#591 = FACE_SURFACE('',(#586),#590,.T.);
#592 = POLY_LOOP('',(#552,#549,#553,#556));
#593 = FACE_OUTER_BOUND('',#592,.T.);
#594 = DIRECTION('',(-1.000000000,0.000000000,0.000000000));
#595 = DIRECTION('',(0.000000000,-1.000000000,0.000000000));
#596 = AXIS2_PLACEMENT_3D('',#552,#594,#595);
#597 = PLANE('',#596);
#598 = FACE_SURFACE('',(#593),#597,.T.);
#599 = CLOSED_SHELL('',(#563,#570,#577,#584,#591,#598));
#600 = FACETED_BREP('silver extraction latch',#599);
#601 = CARTESIAN_POINT('',(16.000000000,24.000000000,-149.000000000));
#602 = CARTESIAN_POINT('',(17.000000000,24.000000000,-149.000000000));
#603 = CARTESIAN_POINT('',(17.000000000,36.000000000,-149.000000000));
#604 = CARTESIAN_POINT('',(16.000000000,36.000000000,-149.000000000));
#605 = CARTESIAN_POINT('',(16.000000000,24.000000000,-141.000000000));
#606 = CARTESIAN_POINT('',(17.000000000,24.000000000,-141.000000000));
#607 = CARTESIAN_POINT('',(17.000000000,36.000000000,-141.000000000));
#608 = CARTESIAN_POINT('',(16.000000000,36.000000000,-141.000000000));
#609 = POLY_LOOP('',(#601,#604,#603,#602));
#610 = FACE_OUTER_BOUND('',#609,.T.);
#611 = DIRECTION('',(0.000000000,0.000000000,-1.000000000));
#612 = DIRECTION('',(0.000000000,1.000000000,0.000000000));
#613 = AXIS2_PLACEMENT_3D('',#601,#611,#612);
#614 = PLANE('',#613);
#615 = FACE_SURFACE('',(#610),#614,.T.);
#616 = POLY_LOOP('',(#605,#606,#607,#608));
#617 = FACE_OUTER_BOUND('',#616,.T.);
#618 = DIRECTION('',(0.000000000,0.000000000,1.000000000));
#619 = DIRECTION('',(1.000000000,0.000000000,0.000000000));
#620 = AXIS2_PLACEMENT_3D('',#605,#618,#619);
#621 = PLANE('',#620);
#622 = FACE_SURFACE('',(#617),#621,.T.);
#623 = POLY_LOOP('',(#601,#602,#606,#605));
#624 = FACE_OUTER_BOUND('',#623,.T.);
#625 = DIRECTION('',(0.000000000,-1.000000000,0.000000000));
#626 = DIRECTION('',(1.000000000,0.000000000,0.000000000));
#627 = AXIS2_PLACEMENT_3D('',#601,#625,#626);
#628 = PLANE('',#627);
#629 = FACE_SURFACE('',(#624),#628,.T.);
#630 = POLY_LOOP('',(#602,#603,#607,#606));
#631 = FACE_OUTER_BOUND('',#630,.T.);
#632 = DIRECTION('',(1.000000000,0.000000000,0.000000000));
#633 = DIRECTION('',(0.000000000,1.000000000,0.000000000));
#634 = AXIS2_PLACEMENT_3D('',#602,#632,#633);
#635 = PLANE('',#634);
#636 = FACE_SURFACE('',(#631),#635,.T.);
#637 = POLY_LOOP('',(#603,#604,#608,#607));
#638 = FACE_OUTER_BOUND('',#637,.T.);
#639 = DIRECTION('',(0.000000000,1.000000000,0.000000000));
#640 = DIRECTION('',(-1.000000000,0.000000000,0.000000000));
#641 = AXIS2_PLACEMENT_3D('',#603,#639,#640);
#642 = PLANE('',#641);
#643 = FACE_SURFACE('',(#638),#642,.T.);
#644 = POLY_LOOP('',(#604,#601,#605,#608));
#645 = FACE_OUTER_BOUND('',#644,.T.);
#646 = DIRECTION('',(-1.000000000,0.000000000,0.000000000));
#647 = DIRECTION('',(0.000000000,-1.000000000,0.000000000));
#648 = AXIS2_PLACEMENT_3D('',#604,#646,#647);
#649 = PLANE('',#648);
#650 = FACE_SURFACE('',(#645),#649,.T.);
#651 = CLOSED_SHELL('',(#615,#622,#629,#636,#643,#650));
#652 = FACETED_BREP('black vent',#651);
#653 = CARTESIAN_POINT('',(16.000000000,46.000000000,-149.000000000));
#654 = CARTESIAN_POINT('',(17.000000000,46.000000000,-149.000000000));
#655 = CARTESIAN_POINT('',(17.000000000,58.000000000,-149.000000000));
#656 = CARTESIAN_POINT('',(16.000000000,58.000000000,-149.000000000));
#657 = CARTESIAN_POINT('',(16.000000000,46.000000000,-141.000000000));
#658 = CARTESIAN_POINT('',(17.000000000,46.000000000,-141.000000000));
#659 = CARTESIAN_POINT('',(17.000000000,58.000000000,-141.000000000));
#660 = CARTESIAN_POINT('',(16.000000000,58.000000000,-141.000000000));
#661 = POLY_LOOP('',(#653,#656,#655,#654));
#662 = FACE_OUTER_BOUND('',#661,.T.);
#663 = DIRECTION('',(0.000000000,0.000000000,-1.000000000));
#664 = DIRECTION('',(0.000000000,1.000000000,0.000000000));
#665 = AXIS2_PLACEMENT_3D('',#653,#663,#664);
#666 = PLANE('',#665);
#667 = FACE_SURFACE('',(#662),#666,.T.);
#668 = POLY_LOOP('',(#657,#658,#659,#660));
#669 = FACE_OUTER_BOUND('',#668,.T.);
#670 = DIRECTION('',(0.000000000,0.000000000,1.000000000));
#671 = DIRECTION('',(1.000000000,0.000000000,0.000000000));
#672 = AXIS2_PLACEMENT_3D('',#657,#670,#671);
#673 = PLANE('',#672);
#674 = FACE_SURFACE('',(#669),#673,.T.);
#675 = POLY_LOOP('',(#653,#654,#658,#657));
#676 = FACE_OUTER_BOUND('',#675,.T.);
#677 = DIRECTION('',(0.000000000,-1.000000000,0.000000000));
#678 = DIRECTION('',(1.000000000,0.000000000,0.000000000));
#679 = AXIS2_PLACEMENT_3D('',#653,#677,#678);
#680 = PLANE('',#679);
#681 = FACE_SURFACE('',(#676),#680,.T.);
#682 = POLY_LOOP('',(#654,#655,#659,#658));
#683 = FACE_OUTER_BOUND('',#682,.T.);
#684 = DIRECTION('',(1.000000000,0.000000000,0.000000000));
#685 = DIRECTION('',(0.000000000,1.000000000,0.000000000));
#686 = AXIS2_PLACEMENT_3D('',#654,#684,#685);
#687 = PLANE('',#686);
#688 = FACE_SURFACE('',(#683),#687,.T.);
#689 = POLY_LOOP('',(#655,#656,#660,#659));
#690 = FACE_OUTER_BOUND('',#689,.T.);
#691 = DIRECTION('',(0.000000000,1.000000000,0.000000000));
#692 = DIRECTION('',(-1.000000000,0.000000000,0.000000000));
#693 = AXIS2_PLACEMENT_3D('',#655,#691,#692);
#694 = PLANE('',#693);
#695 = FACE_SURFACE('',(#690),#694,.T.);
#696 = POLY_LOOP('',(#656,#653,#657,#660));
#697 = FACE_OUTER_BOUND('',#696,.T.);
#698 = DIRECTION('',(-1.000000000,0.000000000,0.000000000));
#699 = DIRECTION('',(0.000000000,-1.000000000,0.000000000));
#700 = AXIS2_PLACEMENT_3D('',#656,#698,#699);
#701 = PLANE('',#700);
#702 = FACE_SURFACE('',(#697),#701,.T.);
#703 = CLOSED_SHELL('',(#667,#674,#681,#688,#695,#702));
#704 = FACETED_BREP('black vent',#703);
#705 = CARTESIAN_POINT('',(16.000000000,67.000000000,-149.000000000));
#706 = CARTESIAN_POINT('',(17.000000000,67.000000000,-149.000000000));
#707 = CARTESIAN_POINT('',(17.000000000,79.000000000,-149.000000000));
#708 = CARTESIAN_POINT('',(16.000000000,79.000000000,-149.000000000));
#709 = CARTESIAN_POINT('',(16.000000000,67.000000000,-141.000000000));
#710 = CARTESIAN_POINT('',(17.000000000,67.000000000,-141.000000000));
#711 = CARTESIAN_POINT('',(17.000000000,79.000000000,-141.000000000));
#712 = CARTESIAN_POINT('',(16.000000000,79.000000000,-141.000000000));
#713 = POLY_LOOP('',(#705,#708,#707,#706));
#714 = FACE_OUTER_BOUND('',#713,.T.);
#715 = DIRECTION('',(0.000000000,0.000000000,-1.000000000));
#716 = DIRECTION('',(0.000000000,1.000000000,0.000000000));
#717 = AXIS2_PLACEMENT_3D('',#705,#715,#716);
#718 = PLANE('',#717);
#719 = FACE_SURFACE('',(#714),#718,.T.);
#720 = POLY_LOOP('',(#709,#710,#711,#712));
#721 = FACE_OUTER_BOUND('',#720,.T.);
#722 = DIRECTION('',(0.000000000,0.000000000,1.000000000));
#723 = DIRECTION('',(1.000000000,0.000000000,0.000000000));
#724 = AXIS2_PLACEMENT_3D('',#709,#722,#723);
#725 = PLANE('',#724);
#726 = FACE_SURFACE('',(#721),#725,.T.);
#727 = POLY_LOOP('',(#705,#706,#710,#709));
#728 = FACE_OUTER_BOUND('',#727,.T.);
#729 = DIRECTION('',(0.000000000,-1.000000000,0.000000000));
#730 = DIRECTION('',(1.000000000,0.000000000,0.000000000));
#731 = AXIS2_PLACEMENT_3D('',#705,#729,#730);
#732 = PLANE('',#731);
#733 = FACE_SURFACE('',(#728),#732,.T.);
#734 = POLY_LOOP('',(#706,#707,#711,#710));
#735 = FACE_OUTER_BOUND('',#734,.T.);
#736 = DIRECTION('',(1.000000000,0.000000000,0.000000000));
#737 = DIRECTION('',(0.000000000,1.000000000,0.000000000));
#738 = AXIS2_PLACEMENT_3D('',#706,#736,#737);
#739 = PLANE('',#738);
#740 = FACE_SURFACE('',(#735),#739,.T.);
#741 = POLY_LOOP('',(#707,#708,#712,#711));
#742 = FACE_OUTER_BOUND('',#741,.T.);
#743 = DIRECTION('',(0.000000000,1.000000000,0.000000000));
#744 = DIRECTION('',(-1.000000000,0.000000000,0.000000000));
#745 = AXIS2_PLACEMENT_3D('',#707,#743,#744);
#746 = PLANE('',#745);
#747 = FACE_SURFACE('',(#742),#746,.T.);
#748 = POLY_LOOP('',(#708,#705,#709,#712));
#749 = FACE_OUTER_BOUND('',#748,.T.);
#750 = DIRECTION('',(-1.000000000,0.000000000,0.000000000));
#751 = DIRECTION('',(0.000000000,-1.000000000,0.000000000));
#752 = AXIS2_PLACEMENT_3D('',#708,#750,#751);
#753 = PLANE('',#752);
#754 = FACE_SURFACE('',(#749),#753,.T.);
#755 = CLOSED_SHELL('',(#719,#726,#733,#740,#747,#754));
#756 = FACETED_BREP('black vent',#755);
#757 = CARTESIAN_POINT('',(16.000000000,24.000000000,-125.000000000));
#758 = CARTESIAN_POINT('',(17.000000000,24.000000000,-125.000000000));
#759 = CARTESIAN_POINT('',(17.000000000,36.000000000,-125.000000000));
#760 = CARTESIAN_POINT('',(16.000000000,36.000000000,-125.000000000));
#761 = CARTESIAN_POINT('',(16.000000000,24.000000000,-117.000000000));
#762 = CARTESIAN_POINT('',(17.000000000,24.000000000,-117.000000000));
#763 = CARTESIAN_POINT('',(17.000000000,36.000000000,-117.000000000));
#764 = CARTESIAN_POINT('',(16.000000000,36.000000000,-117.000000000));
#765 = POLY_LOOP('',(#757,#760,#759,#758));
#766 = FACE_OUTER_BOUND('',#765,.T.);
#767 = DIRECTION('',(0.000000000,0.000000000,-1.000000000));
#768 = DIRECTION('',(0.000000000,1.000000000,0.000000000));
#769 = AXIS2_PLACEMENT_3D('',#757,#767,#768);
#770 = PLANE('',#769);
#771 = FACE_SURFACE('',(#766),#770,.T.);
#772 = POLY_LOOP('',(#761,#762,#763,#764));
#773 = FACE_OUTER_BOUND('',#772,.T.);
#774 = DIRECTION('',(0.000000000,0.000000000,1.000000000));
#775 = DIRECTION('',(1.000000000,0.000000000,0.000000000));
#776 = AXIS2_PLACEMENT_3D('',#761,#774,#775);
#777 = PLANE('',#776);
#778 = FACE_SURFACE('',(#773),#777,.T.);
#779 = POLY_LOOP('',(#757,#758,#762,#761));
#780 = FACE_OUTER_BOUND('',#779,.T.);
#781 = DIRECTION('',(0.000000000,-1.000000000,0.000000000));
#782 = DIRECTION('',(1.000000000,0.000000000,0.000000000));
#783 = AXIS2_PLACEMENT_3D('',#757,#781,#782);
#784 = PLANE('',#783);
#785 = FACE_SURFACE('',(#780),#784,.T.);
#786 = POLY_LOOP('',(#758,#759,#763,#762));
#787 = FACE_OUTER_BOUND('',#786,.T.);
#788 = DIRECTION('',(1.000000000,0.000000000,0.000000000));
#789 = DIRECTION('',(0.000000000,1.000000000,0.000000000));
#790 = AXIS2_PLACEMENT_3D('',#758,#788,#789);
#791 = PLANE('',#790);
#792 = FACE_SURFACE('',(#787),#791,.T.);
#793 = POLY_LOOP('',(#759,#760,#764,#763));
#794 = FACE_OUTER_BOUND('',#793,.T.);
#795 = DIRECTION('',(0.000000000,1.000000000,0.000000000));
#796 = DIRECTION('',(-1.000000000,0.000000000,0.000000000));
#797 = AXIS2_PLACEMENT_3D('',#759,#795,#796);
#798 = PLANE('',#797);
#799 = FACE_SURFACE('',(#794),#798,.T.);
#800 = POLY_LOOP('',(#760,#757,#761,#764));
#801 = FACE_OUTER_BOUND('',#800,.T.);
#802 = DIRECTION('',(-1.000000000,0.000000000,0.000000000));
#803 = DIRECTION('',(0.000000000,-1.000000000,0.000000000));
#804 = AXIS2_PLACEMENT_3D('',#760,#802,#803);
#805 = PLANE('',#804);
#806 = FACE_SURFACE('',(#801),#805,.T.);
#807 = CLOSED_SHELL('',(#771,#778,#785,#792,#799,#806));
#808 = FACETED_BREP('black vent',#807);
#809 = CARTESIAN_POINT('',(16.000000000,46.000000000,-125.000000000));
#810 = CARTESIAN_POINT('',(17.000000000,46.000000000,-125.000000000));
#811 = CARTESIAN_POINT('',(17.000000000,58.000000000,-125.000000000));
#812 = CARTESIAN_POINT('',(16.000000000,58.000000000,-125.000000000));
#813 = CARTESIAN_POINT('',(16.000000000,46.000000000,-117.000000000));
#814 = CARTESIAN_POINT('',(17.000000000,46.000000000,-117.000000000));
#815 = CARTESIAN_POINT('',(17.000000000,58.000000000,-117.000000000));
#816 = CARTESIAN_POINT('',(16.000000000,58.000000000,-117.000000000));
#817 = POLY_LOOP('',(#809,#812,#811,#810));
#818 = FACE_OUTER_BOUND('',#817,.T.);
#819 = DIRECTION('',(0.000000000,0.000000000,-1.000000000));
#820 = DIRECTION('',(0.000000000,1.000000000,0.000000000));
#821 = AXIS2_PLACEMENT_3D('',#809,#819,#820);
#822 = PLANE('',#821);
#823 = FACE_SURFACE('',(#818),#822,.T.);
#824 = POLY_LOOP('',(#813,#814,#815,#816));
#825 = FACE_OUTER_BOUND('',#824,.T.);
#826 = DIRECTION('',(0.000000000,0.000000000,1.000000000));
#827 = DIRECTION('',(1.000000000,0.000000000,0.000000000));
#828 = AXIS2_PLACEMENT_3D('',#813,#826,#827);
#829 = PLANE('',#828);
#830 = FACE_SURFACE('',(#825),#829,.T.);
#831 = POLY_LOOP('',(#809,#810,#814,#813));
#832 = FACE_OUTER_BOUND('',#831,.T.);
#833 = DIRECTION('',(0.000000000,-1.000000000,0.000000000));
#834 = DIRECTION('',(1.000000000,0.000000000,0.000000000));
#835 = AXIS2_PLACEMENT_3D('',#809,#833,#834);
#836 = PLANE('',#835);
#837 = FACE_SURFACE('',(#832),#836,.T.);
#838 = POLY_LOOP('',(#810,#811,#815,#814));
#839 = FACE_OUTER_BOUND('',#838,.T.);
#840 = DIRECTION('',(1.000000000,0.000000000,0.000000000));
#841 = DIRECTION('',(0.000000000,1.000000000,0.000000000));
#842 = AXIS2_PLACEMENT_3D('',#810,#840,#841);
#843 = PLANE('',#842);
#844 = FACE_SURFACE('',(#839),#843,.T.);
#845 = POLY_LOOP('',(#811,#812,#816,#815));
#846 = FACE_OUTER_BOUND('',#845,.T.);
#847 = DIRECTION('',(0.000000000,1.000000000,0.000000000));
#848 = DIRECTION('',(-1.000000000,0.000000000,0.000000000));
#849 = AXIS2_PLACEMENT_3D('',#811,#847,#848);
#850 = PLANE('',#849);
#851 = FACE_SURFACE('',(#846),#850,.T.);
#852 = POLY_LOOP('',(#812,#809,#813,#816));
#853 = FACE_OUTER_BOUND('',#852,.T.);
#854 = DIRECTION('',(-1.000000000,0.000000000,0.000000000));
#855 = DIRECTION('',(0.000000000,-1.000000000,0.000000000));
#856 = AXIS2_PLACEMENT_3D('',#812,#854,#855);
#857 = PLANE('',#856);
#858 = FACE_SURFACE('',(#853),#857,.T.);
#859 = CLOSED_SHELL('',(#823,#830,#837,#844,#851,#858));
#860 = FACETED_BREP('black vent',#859);
#861 = CARTESIAN_POINT('',(16.000000000,67.000000000,-125.000000000));
#862 = CARTESIAN_POINT('',(17.000000000,67.000000000,-125.000000000));
#863 = CARTESIAN_POINT('',(17.000000000,79.000000000,-125.000000000));
#864 = CARTESIAN_POINT('',(16.000000000,79.000000000,-125.000000000));
#865 = CARTESIAN_POINT('',(16.000000000,67.000000000,-117.000000000));
#866 = CARTESIAN_POINT('',(17.000000000,67.000000000,-117.000000000));
#867 = CARTESIAN_POINT('',(17.000000000,79.000000000,-117.000000000));
#868 = CARTESIAN_POINT('',(16.000000000,79.000000000,-117.000000000));
#869 = POLY_LOOP('',(#861,#864,#863,#862));
#870 = FACE_OUTER_BOUND('',#869,.T.);
#871 = DIRECTION('',(0.000000000,0.000000000,-1.000000000));
#872 = DIRECTION('',(0.000000000,1.000000000,0.000000000));
#873 = AXIS2_PLACEMENT_3D('',#861,#871,#872);
#874 = PLANE('',#873);
#875 = FACE_SURFACE('',(#870),#874,.T.);
#876 = POLY_LOOP('',(#865,#866,#867,#868));
#877 = FACE_OUTER_BOUND('',#876,.T.);
#878 = DIRECTION('',(0.000000000,0.000000000,1.000000000));
#879 = DIRECTION('',(1.000000000,0.000000000,0.000000000));
#880 = AXIS2_PLACEMENT_3D('',#865,#878,#879);
#881 = PLANE('',#880);
#882 = FACE_SURFACE('',(#877),#881,.T.);
#883 = POLY_LOOP('',(#861,#862,#866,#865));
#884 = FACE_OUTER_BOUND('',#883,.T.);
#885 = DIRECTION('',(0.000000000,-1.000000000,0.000000000));
#886 = DIRECTION('',(1.000000000,0.000000000,0.000000000));
#887 = AXIS2_PLACEMENT_3D('',#861,#885,#886);
#888 = PLANE('',#887);
#889 = FACE_SURFACE('',(#884),#888,.T.);
#890 = POLY_LOOP('',(#862,#863,#867,#866));
#891 = FACE_OUTER_BOUND('',#890,.T.);
#892 = DIRECTION('',(1.000000000,0.000000000,0.000000000));
#893 = DIRECTION('',(0.000000000,1.000000000,0.000000000));
#894 = AXIS2_PLACEMENT_3D('',#862,#892,#893);
#895 = PLANE('',#894);
#896 = FACE_SURFACE('',(#891),#895,.T.);
#897 = POLY_LOOP('',(#863,#864,#868,#867));
#898 = FACE_OUTER_BOUND('',#897,.T.);
#899 = DIRECTION('',(0.000000000,1.000000000,0.000000000));
#900 = DIRECTION('',(-1.000000000,0.000000000,0.000000000));
#901 = AXIS2_PLACEMENT_3D('',#863,#899,#900);
#902 = PLANE('',#901);
#903 = FACE_SURFACE('',(#898),#902,.T.);
#904 = POLY_LOOP('',(#864,#861,#865,#868));
#905 = FACE_OUTER_BOUND('',#904,.T.);
#906 = DIRECTION('',(-1.000000000,0.000000000,0.000000000));
#907 = DIRECTION('',(0.000000000,-1.000000000,0.000000000));
#908 = AXIS2_PLACEMENT_3D('',#864,#906,#907);
#909 = PLANE('',#908);
#910 = FACE_SURFACE('',(#905),#909,.T.);
#911 = CLOSED_SHELL('',(#875,#882,#889,#896,#903,#910));
#912 = FACETED_BREP('black vent',#911);
#913 = CARTESIAN_POINT('',(16.000000000,24.000000000,-101.000000000));
#914 = CARTESIAN_POINT('',(17.000000000,24.000000000,-101.000000000));
#915 = CARTESIAN_POINT('',(17.000000000,36.000000000,-101.000000000));
#916 = CARTESIAN_POINT('',(16.000000000,36.000000000,-101.000000000));
#917 = CARTESIAN_POINT('',(16.000000000,24.000000000,-93.000000000));
#918 = CARTESIAN_POINT('',(17.000000000,24.000000000,-93.000000000));
#919 = CARTESIAN_POINT('',(17.000000000,36.000000000,-93.000000000));
#920 = CARTESIAN_POINT('',(16.000000000,36.000000000,-93.000000000));
#921 = POLY_LOOP('',(#913,#916,#915,#914));
#922 = FACE_OUTER_BOUND('',#921,.T.);
#923 = DIRECTION('',(0.000000000,0.000000000,-1.000000000));
#924 = DIRECTION('',(0.000000000,1.000000000,0.000000000));
#925 = AXIS2_PLACEMENT_3D('',#913,#923,#924);
#926 = PLANE('',#925);
#927 = FACE_SURFACE('',(#922),#926,.T.);
#928 = POLY_LOOP('',(#917,#918,#919,#920));
#929 = FACE_OUTER_BOUND('',#928,.T.);
#930 = DIRECTION('',(0.000000000,0.000000000,1.000000000));
#931 = DIRECTION('',(1.000000000,0.000000000,0.000000000));
#932 = AXIS2_PLACEMENT_3D('',#917,#930,#931);
#933 = PLANE('',#932);
#934 = FACE_SURFACE('',(#929),#933,.T.);
#935 = POLY_LOOP('',(#913,#914,#918,#917));
#936 = FACE_OUTER_BOUND('',#935,.T.);
#937 = DIRECTION('',(0.000000000,-1.000000000,0.000000000));
#938 = DIRECTION('',(1.000000000,0.000000000,0.000000000));
#939 = AXIS2_PLACEMENT_3D('',#913,#937,#938);
#940 = PLANE('',#939);
#941 = FACE_SURFACE('',(#936),#940,.T.);
#942 = POLY_LOOP('',(#914,#915,#919,#918));
#943 = FACE_OUTER_BOUND('',#942,.T.);
#944 = DIRECTION('',(1.000000000,0.000000000,0.000000000));
#945 = DIRECTION('',(0.000000000,1.000000000,0.000000000));
#946 = AXIS2_PLACEMENT_3D('',#914,#944,#945);
#947 = PLANE('',#946);
#948 = FACE_SURFACE('',(#943),#947,.T.);
#949 = POLY_LOOP('',(#915,#916,#920,#919));
#950 = FACE_OUTER_BOUND('',#949,.T.);
#951 = DIRECTION('',(0.000000000,1.000000000,0.000000000));
#952 = DIRECTION('',(-1.000000000,0.000000000,0.000000000));
#953 = AXIS2_PLACEMENT_3D('',#915,#951,#952);
#954 = PLANE('',#953);
#955 = FACE_SURFACE('',(#950),#954,.T.);
#956 = POLY_LOOP('',(#916,#913,#917,#920));
#957 = FACE_OUTER_BOUND('',#956,.T.);
#958 = DIRECTION('',(-1.000000000,0.000000000,0.000000000));
#959 = DIRECTION('',(0.000000000,-1.000000000,0.000000000));
#960 = AXIS2_PLACEMENT_3D('',#916,#958,#959);
#961 = PLANE('',#960);
#962 = FACE_SURFACE('',(#957),#961,.T.);
#963 = CLOSED_SHELL('',(#927,#934,#941,#948,#955,#962));
#964 = FACETED_BREP('black vent',#963);
#965 = CARTESIAN_POINT('',(16.000000000,46.000000000,-101.000000000));
#966 = CARTESIAN_POINT('',(17.000000000,46.000000000,-101.000000000));
#967 = CARTESIAN_POINT('',(17.000000000,58.000000000,-101.000000000));
#968 = CARTESIAN_POINT('',(16.000000000,58.000000000,-101.000000000));
#969 = CARTESIAN_POINT('',(16.000000000,46.000000000,-93.000000000));
#970 = CARTESIAN_POINT('',(17.000000000,46.000000000,-93.000000000));
#971 = CARTESIAN_POINT('',(17.000000000,58.000000000,-93.000000000));
#972 = CARTESIAN_POINT('',(16.000000000,58.000000000,-93.000000000));
#973 = POLY_LOOP('',(#965,#968,#967,#966));
#974 = FACE_OUTER_BOUND('',#973,.T.);
#975 = DIRECTION('',(0.000000000,0.000000000,-1.000000000));
#976 = DIRECTION('',(0.000000000,1.000000000,0.000000000));
#977 = AXIS2_PLACEMENT_3D('',#965,#975,#976);
#978 = PLANE('',#977);
#979 = FACE_SURFACE('',(#974),#978,.T.);
#980 = POLY_LOOP('',(#969,#970,#971,#972));
#981 = FACE_OUTER_BOUND('',#980,.T.);
#982 = DIRECTION('',(0.000000000,0.000000000,1.000000000));
#983 = DIRECTION('',(1.000000000,0.000000000,0.000000000));
#984 = AXIS2_PLACEMENT_3D('',#969,#982,#983);
#985 = PLANE('',#984);
#986 = FACE_SURFACE('',(#981),#985,.T.);
#987 = POLY_LOOP('',(#965,#966,#970,#969));
#988 = FACE_OUTER_BOUND('',#987,.T.);
#989 = DIRECTION('',(0.000000000,-1.000000000,0.000000000));
#990 = DIRECTION('',(1.000000000,0.000000000,0.000000000));
#991 = AXIS2_PLACEMENT_3D('',#965,#989,#990);
#992 = PLANE('',#991);
#993 = FACE_SURFACE('',(#988),#992,.T.);
#994 = POLY_LOOP('',(#966,#967,#971,#970));
#995 = FACE_OUTER_BOUND('',#994,.T.);
#996 = DIRECTION('',(1.000000000,0.000000000,0.000000000));
#997 = DIRECTION('',(0.000000000,1.000000000,0.000000000));
#998 = AXIS2_PLACEMENT_3D('',#966,#996,#997);
#999 = PLANE('',#998);
#1000 = FACE_SURFACE('',(#995),#999,.T.);
#1001 = POLY_LOOP('',(#967,#968,#972,#971));
#1002 = FACE_OUTER_BOUND('',#1001,.T.);
#1003 = DIRECTION('',(0.000000000,1.000000000,0.000000000));
#1004 = DIRECTION('',(-1.000000000,0.000000000,0.000000000));
#1005 = AXIS2_PLACEMENT_3D('',#967,#1003,#1004);
#1006 = PLANE('',#1005);
#1007 = FACE_SURFACE('',(#1002),#1006,.T.);
#1008 = POLY_LOOP('',(#968,#965,#969,#972));
#1009 = FACE_OUTER_BOUND('',#1008,.T.);
#1010 = DIRECTION('',(-1.000000000,0.000000000,0.000000000));
#1011 = DIRECTION('',(0.000000000,-1.000000000,0.000000000));
#1012 = AXIS2_PLACEMENT_3D('',#968,#1010,#1011);
#1013 = PLANE('',#1012);
#1014 = FACE_SURFACE('',(#1009),#1013,.T.);
#1015 = CLOSED_SHELL('',(#979,#986,#993,#1000,#1007,#1014));
#1016 = FACETED_BREP('black vent',#1015);
#1017 = CARTESIAN_POINT('',(16.000000000,67.000000000,-101.000000000));
#1018 = CARTESIAN_POINT('',(17.000000000,67.000000000,-101.000000000));
#1019 = CARTESIAN_POINT('',(17.000000000,79.000000000,-101.000000000));
#1020 = CARTESIAN_POINT('',(16.000000000,79.000000000,-101.000000000));
#1021 = CARTESIAN_POINT('',(16.000000000,67.000000000,-93.000000000));
#1022 = CARTESIAN_POINT('',(17.000000000,67.000000000,-93.000000000));
#1023 = CARTESIAN_POINT('',(17.000000000,79.000000000,-93.000000000));
#1024 = CARTESIAN_POINT('',(16.000000000,79.000000000,-93.000000000));
#1025 = POLY_LOOP('',(#1017,#1020,#1019,#1018));
#1026 = FACE_OUTER_BOUND('',#1025,.T.);
#1027 = DIRECTION('',(0.000000000,0.000000000,-1.000000000));
#1028 = DIRECTION('',(0.000000000,1.000000000,0.000000000));
#1029 = AXIS2_PLACEMENT_3D('',#1017,#1027,#1028);
#1030 = PLANE('',#1029);
#1031 = FACE_SURFACE('',(#1026),#1030,.T.);
#1032 = POLY_LOOP('',(#1021,#1022,#1023,#1024));
#1033 = FACE_OUTER_BOUND('',#1032,.T.);
#1034 = DIRECTION('',(0.000000000,0.000000000,1.000000000));
#1035 = DIRECTION('',(1.000000000,0.000000000,0.000000000));
#1036 = AXIS2_PLACEMENT_3D('',#1021,#1034,#1035);
#1037 = PLANE('',#1036);
#1038 = FACE_SURFACE('',(#1033),#1037,.T.);
#1039 = POLY_LOOP('',(#1017,#1018,#1022,#1021));
#1040 = FACE_OUTER_BOUND('',#1039,.T.);
#1041 = DIRECTION('',(0.000000000,-1.000000000,0.000000000));
#1042 = DIRECTION('',(1.000000000,0.000000000,0.000000000));
#1043 = AXIS2_PLACEMENT_3D('',#1017,#1041,#1042);
#1044 = PLANE('',#1043);
#1045 = FACE_SURFACE('',(#1040),#1044,.T.);
#1046 = POLY_LOOP('',(#1018,#1019,#1023,#1022));
#1047 = FACE_OUTER_BOUND('',#1046,.T.);
#1048 = DIRECTION('',(1.000000000,0.000000000,0.000000000));
#1049 = DIRECTION('',(0.000000000,1.000000000,0.000000000));
#1050 = AXIS2_PLACEMENT_3D('',#1018,#1048,#1049);
#1051 = PLANE('',#1050);
#1052 = FACE_SURFACE('',(#1047),#1051,.T.);
#1053 = POLY_LOOP('',(#1019,#1020,#1024,#1023));
#1054 = FACE_OUTER_BOUND('',#1053,.T.);
#1055 = DIRECTION('',(0.000000000,1.000000000,0.000000000));
#1056 = DIRECTION('',(-1.000000000,0.000000000,0.000000000));
#1057 = AXIS2_PLACEMENT_3D('',#1019,#1055,#1056);
#1058 = PLANE('',#1057);
#1059 = FACE_SURFACE('',(#1054),#1058,.T.);
#1060 = POLY_LOOP('',(#1020,#1017,#1021,#1024));
#1061 = FACE_OUTER_BOUND('',#1060,.T.);
#1062 = DIRECTION('',(-1.000000000,0.000000000,0.000000000));
#1063 = DIRECTION('',(0.000000000,-1.000000000,0.000000000));
#1064 = AXIS2_PLACEMENT_3D('',#1020,#1062,#1063);
#1065 = PLANE('',#1064);
#1066 = FACE_SURFACE('',(#1061),#1065,.T.);
#1067 = CLOSED_SHELL('',(#1031,#1038,#1045,#1052,#1059,#1066));
#1068 = FACETED_BREP('black vent',#1067);
#1069 = CARTESIAN_POINT('',(16.000000000,24.000000000,-77.000000000));
#1070 = CARTESIAN_POINT('',(17.000000000,24.000000000,-77.000000000));
#1071 = CARTESIAN_POINT('',(17.000000000,36.000000000,-77.000000000));
#1072 = CARTESIAN_POINT('',(16.000000000,36.000000000,-77.000000000));
#1073 = CARTESIAN_POINT('',(16.000000000,24.000000000,-69.000000000));
#1074 = CARTESIAN_POINT('',(17.000000000,24.000000000,-69.000000000));
#1075 = CARTESIAN_POINT('',(17.000000000,36.000000000,-69.000000000));
#1076 = CARTESIAN_POINT('',(16.000000000,36.000000000,-69.000000000));
#1077 = POLY_LOOP('',(#1069,#1072,#1071,#1070));
#1078 = FACE_OUTER_BOUND('',#1077,.T.);
#1079 = DIRECTION('',(0.000000000,0.000000000,-1.000000000));
#1080 = DIRECTION('',(0.000000000,1.000000000,0.000000000));
#1081 = AXIS2_PLACEMENT_3D('',#1069,#1079,#1080);
#1082 = PLANE('',#1081);
#1083 = FACE_SURFACE('',(#1078),#1082,.T.);
#1084 = POLY_LOOP('',(#1073,#1074,#1075,#1076));
#1085 = FACE_OUTER_BOUND('',#1084,.T.);
#1086 = DIRECTION('',(0.000000000,0.000000000,1.000000000));
#1087 = DIRECTION('',(1.000000000,0.000000000,0.000000000));
#1088 = AXIS2_PLACEMENT_3D('',#1073,#1086,#1087);
#1089 = PLANE('',#1088);
#1090 = FACE_SURFACE('',(#1085),#1089,.T.);
#1091 = POLY_LOOP('',(#1069,#1070,#1074,#1073));
#1092 = FACE_OUTER_BOUND('',#1091,.T.);
#1093 = DIRECTION('',(0.000000000,-1.000000000,0.000000000));
#1094 = DIRECTION('',(1.000000000,0.000000000,0.000000000));
#1095 = AXIS2_PLACEMENT_3D('',#1069,#1093,#1094);
#1096 = PLANE('',#1095);
#1097 = FACE_SURFACE('',(#1092),#1096,.T.);
#1098 = POLY_LOOP('',(#1070,#1071,#1075,#1074));
#1099 = FACE_OUTER_BOUND('',#1098,.T.);
#1100 = DIRECTION('',(1.000000000,0.000000000,0.000000000));
#1101 = DIRECTION('',(0.000000000,1.000000000,0.000000000));
#1102 = AXIS2_PLACEMENT_3D('',#1070,#1100,#1101);
#1103 = PLANE('',#1102);
#1104 = FACE_SURFACE('',(#1099),#1103,.T.);
#1105 = POLY_LOOP('',(#1071,#1072,#1076,#1075));
#1106 = FACE_OUTER_BOUND('',#1105,.T.);
#1107 = DIRECTION('',(0.000000000,1.000000000,0.000000000));
#1108 = DIRECTION('',(-1.000000000,0.000000000,0.000000000));
#1109 = AXIS2_PLACEMENT_3D('',#1071,#1107,#1108);
#1110 = PLANE('',#1109);
#1111 = FACE_SURFACE('',(#1106),#1110,.T.);
#1112 = POLY_LOOP('',(#1072,#1069,#1073,#1076));
#1113 = FACE_OUTER_BOUND('',#1112,.T.);
#1114 = DIRECTION('',(-1.000000000,0.000000000,0.000000000));
#1115 = DIRECTION('',(0.000000000,-1.000000000,0.000000000));
#1116 = AXIS2_PLACEMENT_3D('',#1072,#1114,#1115);
#1117 = PLANE('',#1116);
#1118 = FACE_SURFACE('',(#1113),#1117,.T.);
#1119 = CLOSED_SHELL('',(#1083,#1090,#1097,#1104,#1111,#1118));
#1120 = FACETED_BREP('black vent',#1119);
#1121 = CARTESIAN_POINT('',(16.000000000,46.000000000,-77.000000000));
#1122 = CARTESIAN_POINT('',(17.000000000,46.000000000,-77.000000000));
#1123 = CARTESIAN_POINT('',(17.000000000,58.000000000,-77.000000000));
#1124 = CARTESIAN_POINT('',(16.000000000,58.000000000,-77.000000000));
#1125 = CARTESIAN_POINT('',(16.000000000,46.000000000,-69.000000000));
#1126 = CARTESIAN_POINT('',(17.000000000,46.000000000,-69.000000000));
#1127 = CARTESIAN_POINT('',(17.000000000,58.000000000,-69.000000000));
#1128 = CARTESIAN_POINT('',(16.000000000,58.000000000,-69.000000000));
#1129 = POLY_LOOP('',(#1121,#1124,#1123,#1122));
#1130 = FACE_OUTER_BOUND('',#1129,.T.);
#1131 = DIRECTION('',(0.000000000,0.000000000,-1.000000000));
#1132 = DIRECTION('',(0.000000000,1.000000000,0.000000000));
#1133 = AXIS2_PLACEMENT_3D('',#1121,#1131,#1132);
#1134 = PLANE('',#1133);
#1135 = FACE_SURFACE('',(#1130),#1134,.T.);
#1136 = POLY_LOOP('',(#1125,#1126,#1127,#1128));
#1137 = FACE_OUTER_BOUND('',#1136,.T.);
#1138 = DIRECTION('',(0.000000000,0.000000000,1.000000000));
#1139 = DIRECTION('',(1.000000000,0.000000000,0.000000000));
#1140 = AXIS2_PLACEMENT_3D('',#1125,#1138,#1139);
#1141 = PLANE('',#1140);
#1142 = FACE_SURFACE('',(#1137),#1141,.T.);
#1143 = POLY_LOOP('',(#1121,#1122,#1126,#1125));
#1144 = FACE_OUTER_BOUND('',#1143,.T.);
#1145 = DIRECTION('',(0.000000000,-1.000000000,0.000000000));
#1146 = DIRECTION('',(1.000000000,0.000000000,0.000000000));
#1147 = AXIS2_PLACEMENT_3D('',#1121,#1145,#1146);
#1148 = PLANE('',#1147);
#1149 = FACE_SURFACE('',(#1144),#1148,.T.);
#1150 = POLY_LOOP('',(#1122,#1123,#1127,#1126));
#1151 = FACE_OUTER_BOUND('',#1150,.T.);
#1152 = DIRECTION('',(1.000000000,0.000000000,0.000000000));
#1153 = DIRECTION('',(0.000000000,1.000000000,0.000000000));
#1154 = AXIS2_PLACEMENT_3D('',#1122,#1152,#1153);
#1155 = PLANE('',#1154);
#1156 = FACE_SURFACE('',(#1151),#1155,.T.);
#1157 = POLY_LOOP('',(#1123,#1124,#1128,#1127));
#1158 = FACE_OUTER_BOUND('',#1157,.T.);
#1159 = DIRECTION('',(0.000000000,1.000000000,0.000000000));
#1160 = DIRECTION('',(-1.000000000,0.000000000,0.000000000));
#1161 = AXIS2_PLACEMENT_3D('',#1123,#1159,#1160);
#1162 = PLANE('',#1161);
#1163 = FACE_SURFACE('',(#1158),#1162,.T.);
#1164 = POLY_LOOP('',(#1124,#1121,#1125,#1128));
#1165 = FACE_OUTER_BOUND('',#1164,.T.);
#1166 = DIRECTION('',(-1.000000000,0.000000000,0.000000000));
#1167 = DIRECTION('',(0.000000000,-1.000000000,0.000000000));
#1168 = AXIS2_PLACEMENT_3D('',#1124,#1166,#1167);
#1169 = PLANE('',#1168);
#1170 = FACE_SURFACE('',(#1165),#1169,.T.);
#1171 = CLOSED_SHELL('',(#1135,#1142,#1149,#1156,#1163,#1170));
#1172 = FACETED_BREP('black vent',#1171);
#1173 = CARTESIAN_POINT('',(16.000000000,67.000000000,-77.000000000));
#1174 = CARTESIAN_POINT('',(17.000000000,67.000000000,-77.000000000));
#1175 = CARTESIAN_POINT('',(17.000000000,79.000000000,-77.000000000));
#1176 = CARTESIAN_POINT('',(16.000000000,79.000000000,-77.000000000));
#1177 = CARTESIAN_POINT('',(16.000000000,67.000000000,-69.000000000));
#1178 = CARTESIAN_POINT('',(17.000000000,67.000000000,-69.000000000));
#1179 = CARTESIAN_POINT('',(17.000000000,79.000000000,-69.000000000));
#1180 = CARTESIAN_POINT('',(16.000000000,79.000000000,-69.000000000));
#1181 = POLY_LOOP('',(#1173,#1176,#1175,#1174));
#1182 = FACE_OUTER_BOUND('',#1181,.T.);
#1183 = DIRECTION('',(0.000000000,0.000000000,-1.000000000));
#1184 = DIRECTION('',(0.000000000,1.000000000,0.000000000));
#1185 = AXIS2_PLACEMENT_3D('',#1173,#1183,#1184);
#1186 = PLANE('',#1185);
#1187 = FACE_SURFACE('',(#1182),#1186,.T.);
#1188 = POLY_LOOP('',(#1177,#1178,#1179,#1180));
#1189 = FACE_OUTER_BOUND('',#1188,.T.);
#1190 = DIRECTION('',(0.000000000,0.000000000,1.000000000));
#1191 = DIRECTION('',(1.000000000,0.000000000,0.000000000));
#1192 = AXIS2_PLACEMENT_3D('',#1177,#1190,#1191);
#1193 = PLANE('',#1192);
#1194 = FACE_SURFACE('',(#1189),#1193,.T.);
#1195 = POLY_LOOP('',(#1173,#1174,#1178,#1177));
#1196 = FACE_OUTER_BOUND('',#1195,.T.);
#1197 = DIRECTION('',(0.000000000,-1.000000000,0.000000000));
#1198 = DIRECTION('',(1.000000000,0.000000000,0.000000000));
#1199 = AXIS2_PLACEMENT_3D('',#1173,#1197,#1198);
#1200 = PLANE('',#1199);
#1201 = FACE_SURFACE('',(#1196),#1200,.T.);
#1202 = POLY_LOOP('',(#1174,#1175,#1179,#1178));
#1203 = FACE_OUTER_BOUND('',#1202,.T.);
#1204 = DIRECTION('',(1.000000000,0.000000000,0.000000000));
#1205 = DIRECTION('',(0.000000000,1.000000000,0.000000000));
#1206 = AXIS2_PLACEMENT_3D('',#1174,#1204,#1205);
#1207 = PLANE('',#1206);
#1208 = FACE_SURFACE('',(#1203),#1207,.T.);
#1209 = POLY_LOOP('',(#1175,#1176,#1180,#1179));
#1210 = FACE_OUTER_BOUND('',#1209,.T.);
#1211 = DIRECTION('',(0.000000000,1.000000000,0.000000000));
#1212 = DIRECTION('',(-1.000000000,0.000000000,0.000000000));
#1213 = AXIS2_PLACEMENT_3D('',#1175,#1211,#1212);
#1214 = PLANE('',#1213);
#1215 = FACE_SURFACE('',(#1210),#1214,.T.);
#1216 = POLY_LOOP('',(#1176,#1173,#1177,#1180));
#1217 = FACE_OUTER_BOUND('',#1216,.T.);
#1218 = DIRECTION('',(-1.000000000,0.000000000,0.000000000));
#1219 = DIRECTION('',(0.000000000,-1.000000000,0.000000000));
#1220 = AXIS2_PLACEMENT_3D('',#1176,#1218,#1219);
#1221 = PLANE('',#1220);
#1222 = FACE_SURFACE('',(#1217),#1221,.T.);
#1223 = CLOSED_SHELL('',(#1187,#1194,#1201,#1208,#1215,#1222));
#1224 = FACETED_BREP('black vent',#1223);
#1225 = CARTESIAN_POINT('',(16.000000000,24.000000000,-53.000000000));
#1226 = CARTESIAN_POINT('',(17.000000000,24.000000000,-53.000000000));
#1227 = CARTESIAN_POINT('',(17.000000000,36.000000000,-53.000000000));
#1228 = CARTESIAN_POINT('',(16.000000000,36.000000000,-53.000000000));
#1229 = CARTESIAN_POINT('',(16.000000000,24.000000000,-45.000000000));
#1230 = CARTESIAN_POINT('',(17.000000000,24.000000000,-45.000000000));
#1231 = CARTESIAN_POINT('',(17.000000000,36.000000000,-45.000000000));
#1232 = CARTESIAN_POINT('',(16.000000000,36.000000000,-45.000000000));
#1233 = POLY_LOOP('',(#1225,#1228,#1227,#1226));
#1234 = FACE_OUTER_BOUND('',#1233,.T.);
#1235 = DIRECTION('',(0.000000000,0.000000000,-1.000000000));
#1236 = DIRECTION('',(0.000000000,1.000000000,0.000000000));
#1237 = AXIS2_PLACEMENT_3D('',#1225,#1235,#1236);
#1238 = PLANE('',#1237);
#1239 = FACE_SURFACE('',(#1234),#1238,.T.);
#1240 = POLY_LOOP('',(#1229,#1230,#1231,#1232));
#1241 = FACE_OUTER_BOUND('',#1240,.T.);
#1242 = DIRECTION('',(0.000000000,0.000000000,1.000000000));
#1243 = DIRECTION('',(1.000000000,0.000000000,0.000000000));
#1244 = AXIS2_PLACEMENT_3D('',#1229,#1242,#1243);
#1245 = PLANE('',#1244);
#1246 = FACE_SURFACE('',(#1241),#1245,.T.);
#1247 = POLY_LOOP('',(#1225,#1226,#1230,#1229));
#1248 = FACE_OUTER_BOUND('',#1247,.T.);
#1249 = DIRECTION('',(0.000000000,-1.000000000,0.000000000));
#1250 = DIRECTION('',(1.000000000,0.000000000,0.000000000));
#1251 = AXIS2_PLACEMENT_3D('',#1225,#1249,#1250);
#1252 = PLANE('',#1251);
#1253 = FACE_SURFACE('',(#1248),#1252,.T.);
#1254 = POLY_LOOP('',(#1226,#1227,#1231,#1230));
#1255 = FACE_OUTER_BOUND('',#1254,.T.);
#1256 = DIRECTION('',(1.000000000,0.000000000,0.000000000));
#1257 = DIRECTION('',(0.000000000,1.000000000,0.000000000));
#1258 = AXIS2_PLACEMENT_3D('',#1226,#1256,#1257);
#1259 = PLANE('',#1258);
#1260 = FACE_SURFACE('',(#1255),#1259,.T.);
#1261 = POLY_LOOP('',(#1227,#1228,#1232,#1231));
#1262 = FACE_OUTER_BOUND('',#1261,.T.);
#1263 = DIRECTION('',(0.000000000,1.000000000,0.000000000));
#1264 = DIRECTION('',(-1.000000000,0.000000000,0.000000000));
#1265 = AXIS2_PLACEMENT_3D('',#1227,#1263,#1264);
#1266 = PLANE('',#1265);
#1267 = FACE_SURFACE('',(#1262),#1266,.T.);
#1268 = POLY_LOOP('',(#1228,#1225,#1229,#1232));
#1269 = FACE_OUTER_BOUND('',#1268,.T.);
#1270 = DIRECTION('',(-1.000000000,0.000000000,0.000000000));
#1271 = DIRECTION('',(0.000000000,-1.000000000,0.000000000));
#1272 = AXIS2_PLACEMENT_3D('',#1228,#1270,#1271);
#1273 = PLANE('',#1272);
#1274 = FACE_SURFACE('',(#1269),#1273,.T.);
#1275 = CLOSED_SHELL('',(#1239,#1246,#1253,#1260,#1267,#1274));
#1276 = FACETED_BREP('black vent',#1275);
#1277 = CARTESIAN_POINT('',(16.000000000,46.000000000,-53.000000000));
#1278 = CARTESIAN_POINT('',(17.000000000,46.000000000,-53.000000000));
#1279 = CARTESIAN_POINT('',(17.000000000,58.000000000,-53.000000000));
#1280 = CARTESIAN_POINT('',(16.000000000,58.000000000,-53.000000000));
#1281 = CARTESIAN_POINT('',(16.000000000,46.000000000,-45.000000000));
#1282 = CARTESIAN_POINT('',(17.000000000,46.000000000,-45.000000000));
#1283 = CARTESIAN_POINT('',(17.000000000,58.000000000,-45.000000000));
#1284 = CARTESIAN_POINT('',(16.000000000,58.000000000,-45.000000000));
#1285 = POLY_LOOP('',(#1277,#1280,#1279,#1278));
#1286 = FACE_OUTER_BOUND('',#1285,.T.);
#1287 = DIRECTION('',(0.000000000,0.000000000,-1.000000000));
#1288 = DIRECTION('',(0.000000000,1.000000000,0.000000000));
#1289 = AXIS2_PLACEMENT_3D('',#1277,#1287,#1288);
#1290 = PLANE('',#1289);
#1291 = FACE_SURFACE('',(#1286),#1290,.T.);
#1292 = POLY_LOOP('',(#1281,#1282,#1283,#1284));
#1293 = FACE_OUTER_BOUND('',#1292,.T.);
#1294 = DIRECTION('',(0.000000000,0.000000000,1.000000000));
#1295 = DIRECTION('',(1.000000000,0.000000000,0.000000000));
#1296 = AXIS2_PLACEMENT_3D('',#1281,#1294,#1295);
#1297 = PLANE('',#1296);
#1298 = FACE_SURFACE('',(#1293),#1297,.T.);
#1299 = POLY_LOOP('',(#1277,#1278,#1282,#1281));
#1300 = FACE_OUTER_BOUND('',#1299,.T.);
#1301 = DIRECTION('',(0.000000000,-1.000000000,0.000000000));
#1302 = DIRECTION('',(1.000000000,0.000000000,0.000000000));
#1303 = AXIS2_PLACEMENT_3D('',#1277,#1301,#1302);
#1304 = PLANE('',#1303);
#1305 = FACE_SURFACE('',(#1300),#1304,.T.);
#1306 = POLY_LOOP('',(#1278,#1279,#1283,#1282));
#1307 = FACE_OUTER_BOUND('',#1306,.T.);
#1308 = DIRECTION('',(1.000000000,0.000000000,0.000000000));
#1309 = DIRECTION('',(0.000000000,1.000000000,0.000000000));
#1310 = AXIS2_PLACEMENT_3D('',#1278,#1308,#1309);
#1311 = PLANE('',#1310);
#1312 = FACE_SURFACE('',(#1307),#1311,.T.);
#1313 = POLY_LOOP('',(#1279,#1280,#1284,#1283));
#1314 = FACE_OUTER_BOUND('',#1313,.T.);
#1315 = DIRECTION('',(0.000000000,1.000000000,0.000000000));
#1316 = DIRECTION('',(-1.000000000,0.000000000,0.000000000));
#1317 = AXIS2_PLACEMENT_3D('',#1279,#1315,#1316);
#1318 = PLANE('',#1317);
#1319 = FACE_SURFACE('',(#1314),#1318,.T.);
#1320 = POLY_LOOP('',(#1280,#1277,#1281,#1284));
#1321 = FACE_OUTER_BOUND('',#1320,.T.);
#1322 = DIRECTION('',(-1.000000000,0.000000000,0.000000000));
#1323 = DIRECTION('',(0.000000000,-1.000000000,0.000000000));
#1324 = AXIS2_PLACEMENT_3D('',#1280,#1322,#1323);
#1325 = PLANE('',#1324);
#1326 = FACE_SURFACE('',(#1321),#1325,.T.);
#1327 = CLOSED_SHELL('',(#1291,#1298,#1305,#1312,#1319,#1326));
#1328 = FACETED_BREP('black vent',#1327);
#1329 = CARTESIAN_POINT('',(16.000000000,67.000000000,-53.000000000));
#1330 = CARTESIAN_POINT('',(17.000000000,67.000000000,-53.000000000));
#1331 = CARTESIAN_POINT('',(17.000000000,79.000000000,-53.000000000));
#1332 = CARTESIAN_POINT('',(16.000000000,79.000000000,-53.000000000));
#1333 = CARTESIAN_POINT('',(16.000000000,67.000000000,-45.000000000));
#1334 = CARTESIAN_POINT('',(17.000000000,67.000000000,-45.000000000));
#1335 = CARTESIAN_POINT('',(17.000000000,79.000000000,-45.000000000));
#1336 = CARTESIAN_POINT('',(16.000000000,79.000000000,-45.000000000));
#1337 = POLY_LOOP('',(#1329,#1332,#1331,#1330));
#1338 = FACE_OUTER_BOUND('',#1337,.T.);
#1339 = DIRECTION('',(0.000000000,0.000000000,-1.000000000));
#1340 = DIRECTION('',(0.000000000,1.000000000,0.000000000));
#1341 = AXIS2_PLACEMENT_3D('',#1329,#1339,#1340);
#1342 = PLANE('',#1341);
#1343 = FACE_SURFACE('',(#1338),#1342,.T.);
#1344 = POLY_LOOP('',(#1333,#1334,#1335,#1336));
#1345 = FACE_OUTER_BOUND('',#1344,.T.);
#1346 = DIRECTION('',(0.000000000,0.000000000,1.000000000));
#1347 = DIRECTION('',(1.000000000,0.000000000,0.000000000));
#1348 = AXIS2_PLACEMENT_3D('',#1333,#1346,#1347);
#1349 = PLANE('',#1348);
#1350 = FACE_SURFACE('',(#1345),#1349,.T.);
#1351 = POLY_LOOP('',(#1329,#1330,#1334,#1333));
#1352 = FACE_OUTER_BOUND('',#1351,.T.);
#1353 = DIRECTION('',(0.000000000,-1.000000000,0.000000000));
#1354 = DIRECTION('',(1.000000000,0.000000000,0.000000000));
#1355 = AXIS2_PLACEMENT_3D('',#1329,#1353,#1354);
#1356 = PLANE('',#1355);
#1357 = FACE_SURFACE('',(#1352),#1356,.T.);
#1358 = POLY_LOOP('',(#1330,#1331,#1335,#1334));
#1359 = FACE_OUTER_BOUND('',#1358,.T.);
#1360 = DIRECTION('',(1.000000000,0.000000000,0.000000000));
#1361 = DIRECTION('',(0.000000000,1.000000000,0.000000000));
#1362 = AXIS2_PLACEMENT_3D('',#1330,#1360,#1361);
#1363 = PLANE('',#1362);
#1364 = FACE_SURFACE('',(#1359),#1363,.T.);
#1365 = POLY_LOOP('',(#1331,#1332,#1336,#1335));
#1366 = FACE_OUTER_BOUND('',#1365,.T.);
#1367 = DIRECTION('',(0.000000000,1.000000000,0.000000000));
#1368 = DIRECTION('',(-1.000000000,0.000000000,0.000000000));
#1369 = AXIS2_PLACEMENT_3D('',#1331,#1367,#1368);
#1370 = PLANE('',#1369);
#1371 = FACE_SURFACE('',(#1366),#1370,.T.);
#1372 = POLY_LOOP('',(#1332,#1329,#1333,#1336));
#1373 = FACE_OUTER_BOUND('',#1372,.T.);
#1374 = DIRECTION('',(-1.000000000,0.000000000,0.000000000));
#1375 = DIRECTION('',(0.000000000,-1.000000000,0.000000000));
#1376 = AXIS2_PLACEMENT_3D('',#1332,#1374,#1375);
#1377 = PLANE('',#1376);
#1378 = FACE_SURFACE('',(#1373),#1377,.T.);
#1379 = CLOSED_SHELL('',(#1343,#1350,#1357,#1364,#1371,#1378));
#1380 = FACETED_BREP('black vent',#1379);
#1381 = CARTESIAN_POINT('',(16.000000000,24.000000000,-29.000000000));
#1382 = CARTESIAN_POINT('',(17.000000000,24.000000000,-29.000000000));
#1383 = CARTESIAN_POINT('',(17.000000000,36.000000000,-29.000000000));
#1384 = CARTESIAN_POINT('',(16.000000000,36.000000000,-29.000000000));
#1385 = CARTESIAN_POINT('',(16.000000000,24.000000000,-21.000000000));
#1386 = CARTESIAN_POINT('',(17.000000000,24.000000000,-21.000000000));
#1387 = CARTESIAN_POINT('',(17.000000000,36.000000000,-21.000000000));
#1388 = CARTESIAN_POINT('',(16.000000000,36.000000000,-21.000000000));
#1389 = POLY_LOOP('',(#1381,#1384,#1383,#1382));
#1390 = FACE_OUTER_BOUND('',#1389,.T.);
#1391 = DIRECTION('',(0.000000000,0.000000000,-1.000000000));
#1392 = DIRECTION('',(0.000000000,1.000000000,0.000000000));
#1393 = AXIS2_PLACEMENT_3D('',#1381,#1391,#1392);
#1394 = PLANE('',#1393);
#1395 = FACE_SURFACE('',(#1390),#1394,.T.);
#1396 = POLY_LOOP('',(#1385,#1386,#1387,#1388));
#1397 = FACE_OUTER_BOUND('',#1396,.T.);
#1398 = DIRECTION('',(0.000000000,0.000000000,1.000000000));
#1399 = DIRECTION('',(1.000000000,0.000000000,0.000000000));
#1400 = AXIS2_PLACEMENT_3D('',#1385,#1398,#1399);
#1401 = PLANE('',#1400);
#1402 = FACE_SURFACE('',(#1397),#1401,.T.);
#1403 = POLY_LOOP('',(#1381,#1382,#1386,#1385));
#1404 = FACE_OUTER_BOUND('',#1403,.T.);
#1405 = DIRECTION('',(0.000000000,-1.000000000,0.000000000));
#1406 = DIRECTION('',(1.000000000,0.000000000,0.000000000));
#1407 = AXIS2_PLACEMENT_3D('',#1381,#1405,#1406);
#1408 = PLANE('',#1407);
#1409 = FACE_SURFACE('',(#1404),#1408,.T.);
#1410 = POLY_LOOP('',(#1382,#1383,#1387,#1386));
#1411 = FACE_OUTER_BOUND('',#1410,.T.);
#1412 = DIRECTION('',(1.000000000,0.000000000,0.000000000));
#1413 = DIRECTION('',(0.000000000,1.000000000,0.000000000));
#1414 = AXIS2_PLACEMENT_3D('',#1382,#1412,#1413);
#1415 = PLANE('',#1414);
#1416 = FACE_SURFACE('',(#1411),#1415,.T.);
#1417 = POLY_LOOP('',(#1383,#1384,#1388,#1387));
#1418 = FACE_OUTER_BOUND('',#1417,.T.);
#1419 = DIRECTION('',(0.000000000,1.000000000,0.000000000));
#1420 = DIRECTION('',(-1.000000000,0.000000000,0.000000000));
#1421 = AXIS2_PLACEMENT_3D('',#1383,#1419,#1420);
#1422 = PLANE('',#1421);
#1423 = FACE_SURFACE('',(#1418),#1422,.T.);
#1424 = POLY_LOOP('',(#1384,#1381,#1385,#1388));
#1425 = FACE_OUTER_BOUND('',#1424,.T.);
#1426 = DIRECTION('',(-1.000000000,0.000000000,0.000000000));
#1427 = DIRECTION('',(0.000000000,-1.000000000,0.000000000));
#1428 = AXIS2_PLACEMENT_3D('',#1384,#1426,#1427);
#1429 = PLANE('',#1428);
#1430 = FACE_SURFACE('',(#1425),#1429,.T.);
#1431 = CLOSED_SHELL('',(#1395,#1402,#1409,#1416,#1423,#1430));
#1432 = FACETED_BREP('black vent',#1431);
#1433 = CARTESIAN_POINT('',(16.000000000,46.000000000,-29.000000000));
#1434 = CARTESIAN_POINT('',(17.000000000,46.000000000,-29.000000000));
#1435 = CARTESIAN_POINT('',(17.000000000,58.000000000,-29.000000000));
#1436 = CARTESIAN_POINT('',(16.000000000,58.000000000,-29.000000000));
#1437 = CARTESIAN_POINT('',(16.000000000,46.000000000,-21.000000000));
#1438 = CARTESIAN_POINT('',(17.000000000,46.000000000,-21.000000000));
#1439 = CARTESIAN_POINT('',(17.000000000,58.000000000,-21.000000000));
#1440 = CARTESIAN_POINT('',(16.000000000,58.000000000,-21.000000000));
#1441 = POLY_LOOP('',(#1433,#1436,#1435,#1434));
#1442 = FACE_OUTER_BOUND('',#1441,.T.);
#1443 = DIRECTION('',(0.000000000,0.000000000,-1.000000000));
#1444 = DIRECTION('',(0.000000000,1.000000000,0.000000000));
#1445 = AXIS2_PLACEMENT_3D('',#1433,#1443,#1444);
#1446 = PLANE('',#1445);
#1447 = FACE_SURFACE('',(#1442),#1446,.T.);
#1448 = POLY_LOOP('',(#1437,#1438,#1439,#1440));
#1449 = FACE_OUTER_BOUND('',#1448,.T.);
#1450 = DIRECTION('',(0.000000000,0.000000000,1.000000000));
#1451 = DIRECTION('',(1.000000000,0.000000000,0.000000000));
#1452 = AXIS2_PLACEMENT_3D('',#1437,#1450,#1451);
#1453 = PLANE('',#1452);
#1454 = FACE_SURFACE('',(#1449),#1453,.T.);
#1455 = POLY_LOOP('',(#1433,#1434,#1438,#1437));
#1456 = FACE_OUTER_BOUND('',#1455,.T.);
#1457 = DIRECTION('',(0.000000000,-1.000000000,0.000000000));
#1458 = DIRECTION('',(1.000000000,0.000000000,0.000000000));
#1459 = AXIS2_PLACEMENT_3D('',#1433,#1457,#1458);
#1460 = PLANE('',#1459);
#1461 = FACE_SURFACE('',(#1456),#1460,.T.);
#1462 = POLY_LOOP('',(#1434,#1435,#1439,#1438));
#1463 = FACE_OUTER_BOUND('',#1462,.T.);
#1464 = DIRECTION('',(1.000000000,0.000000000,0.000000000));
#1465 = DIRECTION('',(0.000000000,1.000000000,0.000000000));
#1466 = AXIS2_PLACEMENT_3D('',#1434,#1464,#1465);
#1467 = PLANE('',#1466);
#1468 = FACE_SURFACE('',(#1463),#1467,.T.);
#1469 = POLY_LOOP('',(#1435,#1436,#1440,#1439));
#1470 = FACE_OUTER_BOUND('',#1469,.T.);
#1471 = DIRECTION('',(0.000000000,1.000000000,0.000000000));
#1472 = DIRECTION('',(-1.000000000,0.000000000,0.000000000));
#1473 = AXIS2_PLACEMENT_3D('',#1435,#1471,#1472);
#1474 = PLANE('',#1473);
#1475 = FACE_SURFACE('',(#1470),#1474,.T.);
#1476 = POLY_LOOP('',(#1436,#1433,#1437,#1440));
#1477 = FACE_OUTER_BOUND('',#1476,.T.);
#1478 = DIRECTION('',(-1.000000000,0.000000000,0.000000000));
#1479 = DIRECTION('',(0.000000000,-1.000000000,0.000000000));
#1480 = AXIS2_PLACEMENT_3D('',#1436,#1478,#1479);
#1481 = PLANE('',#1480);
#1482 = FACE_SURFACE('',(#1477),#1481,.T.);
#1483 = CLOSED_SHELL('',(#1447,#1454,#1461,#1468,#1475,#1482));
#1484 = FACETED_BREP('black vent',#1483);
#1485 = CARTESIAN_POINT('',(16.000000000,67.000000000,-29.000000000));
#1486 = CARTESIAN_POINT('',(17.000000000,67.000000000,-29.000000000));
#1487 = CARTESIAN_POINT('',(17.000000000,79.000000000,-29.000000000));
#1488 = CARTESIAN_POINT('',(16.000000000,79.000000000,-29.000000000));
#1489 = CARTESIAN_POINT('',(16.000000000,67.000000000,-21.000000000));
#1490 = CARTESIAN_POINT('',(17.000000000,67.000000000,-21.000000000));
#1491 = CARTESIAN_POINT('',(17.000000000,79.000000000,-21.000000000));
#1492 = CARTESIAN_POINT('',(16.000000000,79.000000000,-21.000000000));
#1493 = POLY_LOOP('',(#1485,#1488,#1487,#1486));
#1494 = FACE_OUTER_BOUND('',#1493,.T.);
#1495 = DIRECTION('',(0.000000000,0.000000000,-1.000000000));
#1496 = DIRECTION('',(0.000000000,1.000000000,0.000000000));
#1497 = AXIS2_PLACEMENT_3D('',#1485,#1495,#1496);
#1498 = PLANE('',#1497);
#1499 = FACE_SURFACE('',(#1494),#1498,.T.);
#1500 = POLY_LOOP('',(#1489,#1490,#1491,#1492));
#1501 = FACE_OUTER_BOUND('',#1500,.T.);
#1502 = DIRECTION('',(0.000000000,0.000000000,1.000000000));
#1503 = DIRECTION('',(1.000000000,0.000000000,0.000000000));
#1504 = AXIS2_PLACEMENT_3D('',#1489,#1502,#1503);
#1505 = PLANE('',#1504);
#1506 = FACE_SURFACE('',(#1501),#1505,.T.);
#1507 = POLY_LOOP('',(#1485,#1486,#1490,#1489));
#1508 = FACE_OUTER_BOUND('',#1507,.T.);
#1509 = DIRECTION('',(0.000000000,-1.000000000,0.000000000));
#1510 = DIRECTION('',(1.000000000,0.000000000,0.000000000));
#1511 = AXIS2_PLACEMENT_3D('',#1485,#1509,#1510);
#1512 = PLANE('',#1511);
#1513 = FACE_SURFACE('',(#1508),#1512,.T.);
#1514 = POLY_LOOP('',(#1486,#1487,#1491,#1490));
#1515 = FACE_OUTER_BOUND('',#1514,.T.);
#1516 = DIRECTION('',(1.000000000,0.000000000,0.000000000));
#1517 = DIRECTION('',(0.000000000,1.000000000,0.000000000));
#1518 = AXIS2_PLACEMENT_3D('',#1486,#1516,#1517);
#1519 = PLANE('',#1518);
#1520 = FACE_SURFACE('',(#1515),#1519,.T.);
#1521 = POLY_LOOP('',(#1487,#1488,#1492,#1491));
#1522 = FACE_OUTER_BOUND('',#1521,.T.);
#1523 = DIRECTION('',(0.000000000,1.000000000,0.000000000));
#1524 = DIRECTION('',(-1.000000000,0.000000000,0.000000000));
#1525 = AXIS2_PLACEMENT_3D('',#1487,#1523,#1524);
#1526 = PLANE('',#1525);
#1527 = FACE_SURFACE('',(#1522),#1526,.T.);
#1528 = POLY_LOOP('',(#1488,#1485,#1489,#1492));
#1529 = FACE_OUTER_BOUND('',#1528,.T.);
#1530 = DIRECTION('',(-1.000000000,0.000000000,0.000000000));
#1531 = DIRECTION('',(0.000000000,-1.000000000,0.000000000));
#1532 = AXIS2_PLACEMENT_3D('',#1488,#1530,#1531);
#1533 = PLANE('',#1532);
#1534 = FACE_SURFACE('',(#1529),#1533,.T.);
#1535 = CLOSED_SHELL('',(#1499,#1506,#1513,#1520,#1527,#1534));
#1536 = FACETED_BREP('black vent',#1535);
#1537 = CARTESIAN_POINT('',(16.000000000,24.000000000,-5.000000000));
#1538 = CARTESIAN_POINT('',(17.000000000,24.000000000,-5.000000000));
#1539 = CARTESIAN_POINT('',(17.000000000,36.000000000,-5.000000000));
#1540 = CARTESIAN_POINT('',(16.000000000,36.000000000,-5.000000000));
#1541 = CARTESIAN_POINT('',(16.000000000,24.000000000,3.000000000));
#1542 = CARTESIAN_POINT('',(17.000000000,24.000000000,3.000000000));
#1543 = CARTESIAN_POINT('',(17.000000000,36.000000000,3.000000000));
#1544 = CARTESIAN_POINT('',(16.000000000,36.000000000,3.000000000));
#1545 = POLY_LOOP('',(#1537,#1540,#1539,#1538));
#1546 = FACE_OUTER_BOUND('',#1545,.T.);
#1547 = DIRECTION('',(0.000000000,0.000000000,-1.000000000));
#1548 = DIRECTION('',(0.000000000,1.000000000,0.000000000));
#1549 = AXIS2_PLACEMENT_3D('',#1537,#1547,#1548);
#1550 = PLANE('',#1549);
#1551 = FACE_SURFACE('',(#1546),#1550,.T.);
#1552 = POLY_LOOP('',(#1541,#1542,#1543,#1544));
#1553 = FACE_OUTER_BOUND('',#1552,.T.);
#1554 = DIRECTION('',(0.000000000,0.000000000,1.000000000));
#1555 = DIRECTION('',(1.000000000,0.000000000,0.000000000));
#1556 = AXIS2_PLACEMENT_3D('',#1541,#1554,#1555);
#1557 = PLANE('',#1556);
#1558 = FACE_SURFACE('',(#1553),#1557,.T.);
#1559 = POLY_LOOP('',(#1537,#1538,#1542,#1541));
#1560 = FACE_OUTER_BOUND('',#1559,.T.);
#1561 = DIRECTION('',(0.000000000,-1.000000000,0.000000000));
#1562 = DIRECTION('',(1.000000000,0.000000000,0.000000000));
#1563 = AXIS2_PLACEMENT_3D('',#1537,#1561,#1562);
#1564 = PLANE('',#1563);
#1565 = FACE_SURFACE('',(#1560),#1564,.T.);
#1566 = POLY_LOOP('',(#1538,#1539,#1543,#1542));
#1567 = FACE_OUTER_BOUND('',#1566,.T.);
#1568 = DIRECTION('',(1.000000000,0.000000000,0.000000000));
#1569 = DIRECTION('',(0.000000000,1.000000000,0.000000000));
#1570 = AXIS2_PLACEMENT_3D('',#1538,#1568,#1569);
#1571 = PLANE('',#1570);
#1572 = FACE_SURFACE('',(#1567),#1571,.T.);
#1573 = POLY_LOOP('',(#1539,#1540,#1544,#1543));
#1574 = FACE_OUTER_BOUND('',#1573,.T.);
#1575 = DIRECTION('',(0.000000000,1.000000000,0.000000000));
#1576 = DIRECTION('',(-1.000000000,0.000000000,0.000000000));
#1577 = AXIS2_PLACEMENT_3D('',#1539,#1575,#1576);
#1578 = PLANE('',#1577);
#1579 = FACE_SURFACE('',(#1574),#1578,.T.);
#1580 = POLY_LOOP('',(#1540,#1537,#1541,#1544));
#1581 = FACE_OUTER_BOUND('',#1580,.T.);
#1582 = DIRECTION('',(-1.000000000,0.000000000,0.000000000));
#1583 = DIRECTION('',(0.000000000,-1.000000000,0.000000000));
#1584 = AXIS2_PLACEMENT_3D('',#1540,#1582,#1583);
#1585 = PLANE('',#1584);
#1586 = FACE_SURFACE('',(#1581),#1585,.T.);
#1587 = CLOSED_SHELL('',(#1551,#1558,#1565,#1572,#1579,#1586));
#1588 = FACETED_BREP('black vent',#1587);
#1589 = CARTESIAN_POINT('',(16.000000000,46.000000000,-5.000000000));
#1590 = CARTESIAN_POINT('',(17.000000000,46.000000000,-5.000000000));
#1591 = CARTESIAN_POINT('',(17.000000000,58.000000000,-5.000000000));
#1592 = CARTESIAN_POINT('',(16.000000000,58.000000000,-5.000000000));
#1593 = CARTESIAN_POINT('',(16.000000000,46.000000000,3.000000000));
#1594 = CARTESIAN_POINT('',(17.000000000,46.000000000,3.000000000));
#1595 = CARTESIAN_POINT('',(17.000000000,58.000000000,3.000000000));
#1596 = CARTESIAN_POINT('',(16.000000000,58.000000000,3.000000000));
#1597 = POLY_LOOP('',(#1589,#1592,#1591,#1590));
#1598 = FACE_OUTER_BOUND('',#1597,.T.);
#1599 = DIRECTION('',(0.000000000,0.000000000,-1.000000000));
#1600 = DIRECTION('',(0.000000000,1.000000000,0.000000000));
#1601 = AXIS2_PLACEMENT_3D('',#1589,#1599,#1600);
#1602 = PLANE('',#1601);
#1603 = FACE_SURFACE('',(#1598),#1602,.T.);
#1604 = POLY_LOOP('',(#1593,#1594,#1595,#1596));
#1605 = FACE_OUTER_BOUND('',#1604,.T.);
#1606 = DIRECTION('',(0.000000000,0.000000000,1.000000000));
#1607 = DIRECTION('',(1.000000000,0.000000000,0.000000000));
#1608 = AXIS2_PLACEMENT_3D('',#1593,#1606,#1607);
#1609 = PLANE('',#1608);
#1610 = FACE_SURFACE('',(#1605),#1609,.T.);
#1611 = POLY_LOOP('',(#1589,#1590,#1594,#1593));
#1612 = FACE_OUTER_BOUND('',#1611,.T.);
#1613 = DIRECTION('',(0.000000000,-1.000000000,0.000000000));
#1614 = DIRECTION('',(1.000000000,0.000000000,0.000000000));
#1615 = AXIS2_PLACEMENT_3D('',#1589,#1613,#1614);
#1616 = PLANE('',#1615);
#1617 = FACE_SURFACE('',(#1612),#1616,.T.);
#1618 = POLY_LOOP('',(#1590,#1591,#1595,#1594));
#1619 = FACE_OUTER_BOUND('',#1618,.T.);
#1620 = DIRECTION('',(1.000000000,0.000000000,0.000000000));
#1621 = DIRECTION('',(0.000000000,1.000000000,0.000000000));
#1622 = AXIS2_PLACEMENT_3D('',#1590,#1620,#1621);
#1623 = PLANE('',#1622);
#1624 = FACE_SURFACE('',(#1619),#1623,.T.);
#1625 = POLY_LOOP('',(#1591,#1592,#1596,#1595));
#1626 = FACE_OUTER_BOUND('',#1625,.T.);
#1627 = DIRECTION('',(0.000000000,1.000000000,0.000000000));
#1628 = DIRECTION('',(-1.000000000,0.000000000,0.000000000));
#1629 = AXIS2_PLACEMENT_3D('',#1591,#1627,#1628);
#1630 = PLANE('',#1629);
#1631 = FACE_SURFACE('',(#1626),#1630,.T.);
#1632 = POLY_LOOP('',(#1592,#1589,#1593,#1596));
#1633 = FACE_OUTER_BOUND('',#1632,.T.);
#1634 = DIRECTION('',(-1.000000000,0.000000000,0.000000000));
#1635 = DIRECTION('',(0.000000000,-1.000000000,0.000000000));
#1636 = AXIS2_PLACEMENT_3D('',#1592,#1634,#1635);
#1637 = PLANE('',#1636);
#1638 = FACE_SURFACE('',(#1633),#1637,.T.);
#1639 = CLOSED_SHELL('',(#1603,#1610,#1617,#1624,#1631,#1638));
#1640 = FACETED_BREP('black vent',#1639);
#1641 = CARTESIAN_POINT('',(16.000000000,67.000000000,-5.000000000));
#1642 = CARTESIAN_POINT('',(17.000000000,67.000000000,-5.000000000));
#1643 = CARTESIAN_POINT('',(17.000000000,79.000000000,-5.000000000));
#1644 = CARTESIAN_POINT('',(16.000000000,79.000000000,-5.000000000));
#1645 = CARTESIAN_POINT('',(16.000000000,67.000000000,3.000000000));
#1646 = CARTESIAN_POINT('',(17.000000000,67.000000000,3.000000000));
#1647 = CARTESIAN_POINT('',(17.000000000,79.000000000,3.000000000));
#1648 = CARTESIAN_POINT('',(16.000000000,79.000000000,3.000000000));
#1649 = POLY_LOOP('',(#1641,#1644,#1643,#1642));
#1650 = FACE_OUTER_BOUND('',#1649,.T.);
#1651 = DIRECTION('',(0.000000000,0.000000000,-1.000000000));
#1652 = DIRECTION('',(0.000000000,1.000000000,0.000000000));
#1653 = AXIS2_PLACEMENT_3D('',#1641,#1651,#1652);
#1654 = PLANE('',#1653);
#1655 = FACE_SURFACE('',(#1650),#1654,.T.);
#1656 = POLY_LOOP('',(#1645,#1646,#1647,#1648));
#1657 = FACE_OUTER_BOUND('',#1656,.T.);
#1658 = DIRECTION('',(0.000000000,0.000000000,1.000000000));
#1659 = DIRECTION('',(1.000000000,0.000000000,0.000000000));
#1660 = AXIS2_PLACEMENT_3D('',#1645,#1658,#1659);
#1661 = PLANE('',#1660);
#1662 = FACE_SURFACE('',(#1657),#1661,.T.);
#1663 = POLY_LOOP('',(#1641,#1642,#1646,#1645));
#1664 = FACE_OUTER_BOUND('',#1663,.T.);
#1665 = DIRECTION('',(0.000000000,-1.000000000,0.000000000));
#1666 = DIRECTION('',(1.000000000,0.000000000,0.000000000));
#1667 = AXIS2_PLACEMENT_3D('',#1641,#1665,#1666);
#1668 = PLANE('',#1667);
#1669 = FACE_SURFACE('',(#1664),#1668,.T.);
#1670 = POLY_LOOP('',(#1642,#1643,#1647,#1646));
#1671 = FACE_OUTER_BOUND('',#1670,.T.);
#1672 = DIRECTION('',(1.000000000,0.000000000,0.000000000));
#1673 = DIRECTION('',(0.000000000,1.000000000,0.000000000));
#1674 = AXIS2_PLACEMENT_3D('',#1642,#1672,#1673);
#1675 = PLANE('',#1674);
#1676 = FACE_SURFACE('',(#1671),#1675,.T.);
#1677 = POLY_LOOP('',(#1643,#1644,#1648,#1647));
#1678 = FACE_OUTER_BOUND('',#1677,.T.);
#1679 = DIRECTION('',(0.000000000,1.000000000,0.000000000));
#1680 = DIRECTION('',(-1.000000000,0.000000000,0.000000000));
#1681 = AXIS2_PLACEMENT_3D('',#1643,#1679,#1680);
#1682 = PLANE('',#1681);
#1683 = FACE_SURFACE('',(#1678),#1682,.T.);
#1684 = POLY_LOOP('',(#1644,#1641,#1645,#1648));
#1685 = FACE_OUTER_BOUND('',#1684,.T.);
#1686 = DIRECTION('',(-1.000000000,0.000000000,0.000000000));
#1687 = DIRECTION('',(0.000000000,-1.000000000,0.000000000));
#1688 = AXIS2_PLACEMENT_3D('',#1644,#1686,#1687);
#1689 = PLANE('',#1688);
#1690 = FACE_SURFACE('',(#1685),#1689,.T.);
#1691 = CLOSED_SHELL('',(#1655,#1662,#1669,#1676,#1683,#1690));
#1692 = FACETED_BREP('black vent',#1691);
#1693 = CARTESIAN_POINT('',(16.000000000,24.000000000,19.000000000));
#1694 = CARTESIAN_POINT('',(17.000000000,24.000000000,19.000000000));
#1695 = CARTESIAN_POINT('',(17.000000000,36.000000000,19.000000000));
#1696 = CARTESIAN_POINT('',(16.000000000,36.000000000,19.000000000));
#1697 = CARTESIAN_POINT('',(16.000000000,24.000000000,27.000000000));
#1698 = CARTESIAN_POINT('',(17.000000000,24.000000000,27.000000000));
#1699 = CARTESIAN_POINT('',(17.000000000,36.000000000,27.000000000));
#1700 = CARTESIAN_POINT('',(16.000000000,36.000000000,27.000000000));
#1701 = POLY_LOOP('',(#1693,#1696,#1695,#1694));
#1702 = FACE_OUTER_BOUND('',#1701,.T.);
#1703 = DIRECTION('',(0.000000000,0.000000000,-1.000000000));
#1704 = DIRECTION('',(0.000000000,1.000000000,0.000000000));
#1705 = AXIS2_PLACEMENT_3D('',#1693,#1703,#1704);
#1706 = PLANE('',#1705);
#1707 = FACE_SURFACE('',(#1702),#1706,.T.);
#1708 = POLY_LOOP('',(#1697,#1698,#1699,#1700));
#1709 = FACE_OUTER_BOUND('',#1708,.T.);
#1710 = DIRECTION('',(0.000000000,0.000000000,1.000000000));
#1711 = DIRECTION('',(1.000000000,0.000000000,0.000000000));
#1712 = AXIS2_PLACEMENT_3D('',#1697,#1710,#1711);
#1713 = PLANE('',#1712);
#1714 = FACE_SURFACE('',(#1709),#1713,.T.);
#1715 = POLY_LOOP('',(#1693,#1694,#1698,#1697));
#1716 = FACE_OUTER_BOUND('',#1715,.T.);
#1717 = DIRECTION('',(0.000000000,-1.000000000,0.000000000));
#1718 = DIRECTION('',(1.000000000,0.000000000,0.000000000));
#1719 = AXIS2_PLACEMENT_3D('',#1693,#1717,#1718);
#1720 = PLANE('',#1719);
#1721 = FACE_SURFACE('',(#1716),#1720,.T.);
#1722 = POLY_LOOP('',(#1694,#1695,#1699,#1698));
#1723 = FACE_OUTER_BOUND('',#1722,.T.);
#1724 = DIRECTION('',(1.000000000,0.000000000,0.000000000));
#1725 = DIRECTION('',(0.000000000,1.000000000,0.000000000));
#1726 = AXIS2_PLACEMENT_3D('',#1694,#1724,#1725);
#1727 = PLANE('',#1726);
#1728 = FACE_SURFACE('',(#1723),#1727,.T.);
#1729 = POLY_LOOP('',(#1695,#1696,#1700,#1699));
#1730 = FACE_OUTER_BOUND('',#1729,.T.);
#1731 = DIRECTION('',(0.000000000,1.000000000,0.000000000));
#1732 = DIRECTION('',(-1.000000000,0.000000000,0.000000000));
#1733 = AXIS2_PLACEMENT_3D('',#1695,#1731,#1732);
#1734 = PLANE('',#1733);
#1735 = FACE_SURFACE('',(#1730),#1734,.T.);
#1736 = POLY_LOOP('',(#1696,#1693,#1697,#1700));
#1737 = FACE_OUTER_BOUND('',#1736,.T.);
#1738 = DIRECTION('',(-1.000000000,0.000000000,0.000000000));
#1739 = DIRECTION('',(0.000000000,-1.000000000,0.000000000));
#1740 = AXIS2_PLACEMENT_3D('',#1696,#1738,#1739);
#1741 = PLANE('',#1740);
#1742 = FACE_SURFACE('',(#1737),#1741,.T.);
#1743 = CLOSED_SHELL('',(#1707,#1714,#1721,#1728,#1735,#1742));
#1744 = FACETED_BREP('black vent',#1743);
#1745 = CARTESIAN_POINT('',(16.000000000,46.000000000,19.000000000));
#1746 = CARTESIAN_POINT('',(17.000000000,46.000000000,19.000000000));
#1747 = CARTESIAN_POINT('',(17.000000000,58.000000000,19.000000000));
#1748 = CARTESIAN_POINT('',(16.000000000,58.000000000,19.000000000));
#1749 = CARTESIAN_POINT('',(16.000000000,46.000000000,27.000000000));
#1750 = CARTESIAN_POINT('',(17.000000000,46.000000000,27.000000000));
#1751 = CARTESIAN_POINT('',(17.000000000,58.000000000,27.000000000));
#1752 = CARTESIAN_POINT('',(16.000000000,58.000000000,27.000000000));
#1753 = POLY_LOOP('',(#1745,#1748,#1747,#1746));
#1754 = FACE_OUTER_BOUND('',#1753,.T.);
#1755 = DIRECTION('',(0.000000000,0.000000000,-1.000000000));
#1756 = DIRECTION('',(0.000000000,1.000000000,0.000000000));
#1757 = AXIS2_PLACEMENT_3D('',#1745,#1755,#1756);
#1758 = PLANE('',#1757);
#1759 = FACE_SURFACE('',(#1754),#1758,.T.);
#1760 = POLY_LOOP('',(#1749,#1750,#1751,#1752));
#1761 = FACE_OUTER_BOUND('',#1760,.T.);
#1762 = DIRECTION('',(0.000000000,0.000000000,1.000000000));
#1763 = DIRECTION('',(1.000000000,0.000000000,0.000000000));
#1764 = AXIS2_PLACEMENT_3D('',#1749,#1762,#1763);
#1765 = PLANE('',#1764);
#1766 = FACE_SURFACE('',(#1761),#1765,.T.);
#1767 = POLY_LOOP('',(#1745,#1746,#1750,#1749));
#1768 = FACE_OUTER_BOUND('',#1767,.T.);
#1769 = DIRECTION('',(0.000000000,-1.000000000,0.000000000));
#1770 = DIRECTION('',(1.000000000,0.000000000,0.000000000));
#1771 = AXIS2_PLACEMENT_3D('',#1745,#1769,#1770);
#1772 = PLANE('',#1771);
#1773 = FACE_SURFACE('',(#1768),#1772,.T.);
#1774 = POLY_LOOP('',(#1746,#1747,#1751,#1750));
#1775 = FACE_OUTER_BOUND('',#1774,.T.);
#1776 = DIRECTION('',(1.000000000,0.000000000,0.000000000));
#1777 = DIRECTION('',(0.000000000,1.000000000,0.000000000));
#1778 = AXIS2_PLACEMENT_3D('',#1746,#1776,#1777);
#1779 = PLANE('',#1778);
#1780 = FACE_SURFACE('',(#1775),#1779,.T.);
#1781 = POLY_LOOP('',(#1747,#1748,#1752,#1751));
#1782 = FACE_OUTER_BOUND('',#1781,.T.);
#1783 = DIRECTION('',(0.000000000,1.000000000,0.000000000));
#1784 = DIRECTION('',(-1.000000000,0.000000000,0.000000000));
#1785 = AXIS2_PLACEMENT_3D('',#1747,#1783,#1784);
#1786 = PLANE('',#1785);
#1787 = FACE_SURFACE('',(#1782),#1786,.T.);
#1788 = POLY_LOOP('',(#1748,#1745,#1749,#1752));
#1789 = FACE_OUTER_BOUND('',#1788,.T.);
#1790 = DIRECTION('',(-1.000000000,0.000000000,0.000000000));
#1791 = DIRECTION('',(0.000000000,-1.000000000,0.000000000));
#1792 = AXIS2_PLACEMENT_3D('',#1748,#1790,#1791);
#1793 = PLANE('',#1792);
#1794 = FACE_SURFACE('',(#1789),#1793,.T.);
#1795 = CLOSED_SHELL('',(#1759,#1766,#1773,#1780,#1787,#1794));
#1796 = FACETED_BREP('black vent',#1795);
#1797 = CARTESIAN_POINT('',(16.000000000,67.000000000,19.000000000));
#1798 = CARTESIAN_POINT('',(17.000000000,67.000000000,19.000000000));
#1799 = CARTESIAN_POINT('',(17.000000000,79.000000000,19.000000000));
#1800 = CARTESIAN_POINT('',(16.000000000,79.000000000,19.000000000));
#1801 = CARTESIAN_POINT('',(16.000000000,67.000000000,27.000000000));
#1802 = CARTESIAN_POINT('',(17.000000000,67.000000000,27.000000000));
#1803 = CARTESIAN_POINT('',(17.000000000,79.000000000,27.000000000));
#1804 = CARTESIAN_POINT('',(16.000000000,79.000000000,27.000000000));
#1805 = POLY_LOOP('',(#1797,#1800,#1799,#1798));
#1806 = FACE_OUTER_BOUND('',#1805,.T.);
#1807 = DIRECTION('',(0.000000000,0.000000000,-1.000000000));
#1808 = DIRECTION('',(0.000000000,1.000000000,0.000000000));
#1809 = AXIS2_PLACEMENT_3D('',#1797,#1807,#1808);
#1810 = PLANE('',#1809);
#1811 = FACE_SURFACE('',(#1806),#1810,.T.);
#1812 = POLY_LOOP('',(#1801,#1802,#1803,#1804));
#1813 = FACE_OUTER_BOUND('',#1812,.T.);
#1814 = DIRECTION('',(0.000000000,0.000000000,1.000000000));
#1815 = DIRECTION('',(1.000000000,0.000000000,0.000000000));
#1816 = AXIS2_PLACEMENT_3D('',#1801,#1814,#1815);
#1817 = PLANE('',#1816);
#1818 = FACE_SURFACE('',(#1813),#1817,.T.);
#1819 = POLY_LOOP('',(#1797,#1798,#1802,#1801));
#1820 = FACE_OUTER_BOUND('',#1819,.T.);
#1821 = DIRECTION('',(0.000000000,-1.000000000,0.000000000));
#1822 = DIRECTION('',(1.000000000,0.000000000,0.000000000));
#1823 = AXIS2_PLACEMENT_3D('',#1797,#1821,#1822);
#1824 = PLANE('',#1823);
#1825 = FACE_SURFACE('',(#1820),#1824,.T.);
#1826 = POLY_LOOP('',(#1798,#1799,#1803,#1802));
#1827 = FACE_OUTER_BOUND('',#1826,.T.);
#1828 = DIRECTION('',(1.000000000,0.000000000,0.000000000));
#1829 = DIRECTION('',(0.000000000,1.000000000,0.000000000));
#1830 = AXIS2_PLACEMENT_3D('',#1798,#1828,#1829);
#1831 = PLANE('',#1830);
#1832 = FACE_SURFACE('',(#1827),#1831,.T.);
#1833 = POLY_LOOP('',(#1799,#1800,#1804,#1803));
#1834 = FACE_OUTER_BOUND('',#1833,.T.);
#1835 = DIRECTION('',(0.000000000,1.000000000,0.000000000));
#1836 = DIRECTION('',(-1.000000000,0.000000000,0.000000000));
#1837 = AXIS2_PLACEMENT_3D('',#1799,#1835,#1836);
#1838 = PLANE('',#1837);
#1839 = FACE_SURFACE('',(#1834),#1838,.T.);
#1840 = POLY_LOOP('',(#1800,#1797,#1801,#1804));
#1841 = FACE_OUTER_BOUND('',#1840,.T.);
#1842 = DIRECTION('',(-1.000000000,0.000000000,0.000000000));
#1843 = DIRECTION('',(0.000000000,-1.000000000,0.000000000));
#1844 = AXIS2_PLACEMENT_3D('',#1800,#1842,#1843);
#1845 = PLANE('',#1844);
#1846 = FACE_SURFACE('',(#1841),#1845,.T.);
#1847 = CLOSED_SHELL('',(#1811,#1818,#1825,#1832,#1839,#1846));
#1848 = FACETED_BREP('black vent',#1847);
#1849 = CARTESIAN_POINT('',(16.000000000,24.000000000,43.000000000));
#1850 = CARTESIAN_POINT('',(17.000000000,24.000000000,43.000000000));
#1851 = CARTESIAN_POINT('',(17.000000000,36.000000000,43.000000000));
#1852 = CARTESIAN_POINT('',(16.000000000,36.000000000,43.000000000));
#1853 = CARTESIAN_POINT('',(16.000000000,24.000000000,51.000000000));
#1854 = CARTESIAN_POINT('',(17.000000000,24.000000000,51.000000000));
#1855 = CARTESIAN_POINT('',(17.000000000,36.000000000,51.000000000));
#1856 = CARTESIAN_POINT('',(16.000000000,36.000000000,51.000000000));
#1857 = POLY_LOOP('',(#1849,#1852,#1851,#1850));
#1858 = FACE_OUTER_BOUND('',#1857,.T.);
#1859 = DIRECTION('',(0.000000000,0.000000000,-1.000000000));
#1860 = DIRECTION('',(0.000000000,1.000000000,0.000000000));
#1861 = AXIS2_PLACEMENT_3D('',#1849,#1859,#1860);
#1862 = PLANE('',#1861);
#1863 = FACE_SURFACE('',(#1858),#1862,.T.);
#1864 = POLY_LOOP('',(#1853,#1854,#1855,#1856));
#1865 = FACE_OUTER_BOUND('',#1864,.T.);
#1866 = DIRECTION('',(0.000000000,0.000000000,1.000000000));
#1867 = DIRECTION('',(1.000000000,0.000000000,0.000000000));
#1868 = AXIS2_PLACEMENT_3D('',#1853,#1866,#1867);
#1869 = PLANE('',#1868);
#1870 = FACE_SURFACE('',(#1865),#1869,.T.);
#1871 = POLY_LOOP('',(#1849,#1850,#1854,#1853));
#1872 = FACE_OUTER_BOUND('',#1871,.T.);
#1873 = DIRECTION('',(0.000000000,-1.000000000,0.000000000));
#1874 = DIRECTION('',(1.000000000,0.000000000,0.000000000));
#1875 = AXIS2_PLACEMENT_3D('',#1849,#1873,#1874);
#1876 = PLANE('',#1875);
#1877 = FACE_SURFACE('',(#1872),#1876,.T.);
#1878 = POLY_LOOP('',(#1850,#1851,#1855,#1854));
#1879 = FACE_OUTER_BOUND('',#1878,.T.);
#1880 = DIRECTION('',(1.000000000,0.000000000,0.000000000));
#1881 = DIRECTION('',(0.000000000,1.000000000,0.000000000));
#1882 = AXIS2_PLACEMENT_3D('',#1850,#1880,#1881);
#1883 = PLANE('',#1882);
#1884 = FACE_SURFACE('',(#1879),#1883,.T.);
#1885 = POLY_LOOP('',(#1851,#1852,#1856,#1855));
#1886 = FACE_OUTER_BOUND('',#1885,.T.);
#1887 = DIRECTION('',(0.000000000,1.000000000,0.000000000));
#1888 = DIRECTION('',(-1.000000000,0.000000000,0.000000000));
#1889 = AXIS2_PLACEMENT_3D('',#1851,#1887,#1888);
#1890 = PLANE('',#1889);
#1891 = FACE_SURFACE('',(#1886),#1890,.T.);
#1892 = POLY_LOOP('',(#1852,#1849,#1853,#1856));
#1893 = FACE_OUTER_BOUND('',#1892,.T.);
#1894 = DIRECTION('',(-1.000000000,0.000000000,0.000000000));
#1895 = DIRECTION('',(0.000000000,-1.000000000,0.000000000));
#1896 = AXIS2_PLACEMENT_3D('',#1852,#1894,#1895);
#1897 = PLANE('',#1896);
#1898 = FACE_SURFACE('',(#1893),#1897,.T.);
#1899 = CLOSED_SHELL('',(#1863,#1870,#1877,#1884,#1891,#1898));
#1900 = FACETED_BREP('black vent',#1899);
#1901 = CARTESIAN_POINT('',(16.000000000,46.000000000,43.000000000));
#1902 = CARTESIAN_POINT('',(17.000000000,46.000000000,43.000000000));
#1903 = CARTESIAN_POINT('',(17.000000000,58.000000000,43.000000000));
#1904 = CARTESIAN_POINT('',(16.000000000,58.000000000,43.000000000));
#1905 = CARTESIAN_POINT('',(16.000000000,46.000000000,51.000000000));
#1906 = CARTESIAN_POINT('',(17.000000000,46.000000000,51.000000000));
#1907 = CARTESIAN_POINT('',(17.000000000,58.000000000,51.000000000));
#1908 = CARTESIAN_POINT('',(16.000000000,58.000000000,51.000000000));
#1909 = POLY_LOOP('',(#1901,#1904,#1903,#1902));
#1910 = FACE_OUTER_BOUND('',#1909,.T.);
#1911 = DIRECTION('',(0.000000000,0.000000000,-1.000000000));
#1912 = DIRECTION('',(0.000000000,1.000000000,0.000000000));
#1913 = AXIS2_PLACEMENT_3D('',#1901,#1911,#1912);
#1914 = PLANE('',#1913);
#1915 = FACE_SURFACE('',(#1910),#1914,.T.);
#1916 = POLY_LOOP('',(#1905,#1906,#1907,#1908));
#1917 = FACE_OUTER_BOUND('',#1916,.T.);
#1918 = DIRECTION('',(0.000000000,0.000000000,1.000000000));
#1919 = DIRECTION('',(1.000000000,0.000000000,0.000000000));
#1920 = AXIS2_PLACEMENT_3D('',#1905,#1918,#1919);
#1921 = PLANE('',#1920);
#1922 = FACE_SURFACE('',(#1917),#1921,.T.);
#1923 = POLY_LOOP('',(#1901,#1902,#1906,#1905));
#1924 = FACE_OUTER_BOUND('',#1923,.T.);
#1925 = DIRECTION('',(0.000000000,-1.000000000,0.000000000));
#1926 = DIRECTION('',(1.000000000,0.000000000,0.000000000));
#1927 = AXIS2_PLACEMENT_3D('',#1901,#1925,#1926);
#1928 = PLANE('',#1927);
#1929 = FACE_SURFACE('',(#1924),#1928,.T.);
#1930 = POLY_LOOP('',(#1902,#1903,#1907,#1906));
#1931 = FACE_OUTER_BOUND('',#1930,.T.);
#1932 = DIRECTION('',(1.000000000,0.000000000,0.000000000));
#1933 = DIRECTION('',(0.000000000,1.000000000,0.000000000));
#1934 = AXIS2_PLACEMENT_3D('',#1902,#1932,#1933);
#1935 = PLANE('',#1934);
#1936 = FACE_SURFACE('',(#1931),#1935,.T.);
#1937 = POLY_LOOP('',(#1903,#1904,#1908,#1907));
#1938 = FACE_OUTER_BOUND('',#1937,.T.);
#1939 = DIRECTION('',(0.000000000,1.000000000,0.000000000));
#1940 = DIRECTION('',(-1.000000000,0.000000000,0.000000000));
#1941 = AXIS2_PLACEMENT_3D('',#1903,#1939,#1940);
#1942 = PLANE('',#1941);
#1943 = FACE_SURFACE('',(#1938),#1942,.T.);
#1944 = POLY_LOOP('',(#1904,#1901,#1905,#1908));
#1945 = FACE_OUTER_BOUND('',#1944,.T.);
#1946 = DIRECTION('',(-1.000000000,0.000000000,0.000000000));
#1947 = DIRECTION('',(0.000000000,-1.000000000,0.000000000));
#1948 = AXIS2_PLACEMENT_3D('',#1904,#1946,#1947);
#1949 = PLANE('',#1948);
#1950 = FACE_SURFACE('',(#1945),#1949,.T.);
#1951 = CLOSED_SHELL('',(#1915,#1922,#1929,#1936,#1943,#1950));
#1952 = FACETED_BREP('black vent',#1951);
#1953 = CARTESIAN_POINT('',(16.000000000,67.000000000,43.000000000));
#1954 = CARTESIAN_POINT('',(17.000000000,67.000000000,43.000000000));
#1955 = CARTESIAN_POINT('',(17.000000000,79.000000000,43.000000000));
#1956 = CARTESIAN_POINT('',(16.000000000,79.000000000,43.000000000));
#1957 = CARTESIAN_POINT('',(16.000000000,67.000000000,51.000000000));
#1958 = CARTESIAN_POINT('',(17.000000000,67.000000000,51.000000000));
#1959 = CARTESIAN_POINT('',(17.000000000,79.000000000,51.000000000));
#1960 = CARTESIAN_POINT('',(16.000000000,79.000000000,51.000000000));
#1961 = POLY_LOOP('',(#1953,#1956,#1955,#1954));
#1962 = FACE_OUTER_BOUND('',#1961,.T.);
#1963 = DIRECTION('',(0.000000000,0.000000000,-1.000000000));
#1964 = DIRECTION('',(0.000000000,1.000000000,0.000000000));
#1965 = AXIS2_PLACEMENT_3D('',#1953,#1963,#1964);
#1966 = PLANE('',#1965);
#1967 = FACE_SURFACE('',(#1962),#1966,.T.);
#1968 = POLY_LOOP('',(#1957,#1958,#1959,#1960));
#1969 = FACE_OUTER_BOUND('',#1968,.T.);
#1970 = DIRECTION('',(0.000000000,0.000000000,1.000000000));
#1971 = DIRECTION('',(1.000000000,0.000000000,0.000000000));
#1972 = AXIS2_PLACEMENT_3D('',#1957,#1970,#1971);
#1973 = PLANE('',#1972);
#1974 = FACE_SURFACE('',(#1969),#1973,.T.);
#1975 = POLY_LOOP('',(#1953,#1954,#1958,#1957));
#1976 = FACE_OUTER_BOUND('',#1975,.T.);
#1977 = DIRECTION('',(0.000000000,-1.000000000,0.000000000));
#1978 = DIRECTION('',(1.000000000,0.000000000,0.000000000));
#1979 = AXIS2_PLACEMENT_3D('',#1953,#1977,#1978);
#1980 = PLANE('',#1979);
#1981 = FACE_SURFACE('',(#1976),#1980,.T.);
#1982 = POLY_LOOP('',(#1954,#1955,#1959,#1958));
#1983 = FACE_OUTER_BOUND('',#1982,.T.);
#1984 = DIRECTION('',(1.000000000,0.000000000,0.000000000));
#1985 = DIRECTION('',(0.000000000,1.000000000,0.000000000));
#1986 = AXIS2_PLACEMENT_3D('',#1954,#1984,#1985);
#1987 = PLANE('',#1986);
#1988 = FACE_SURFACE('',(#1983),#1987,.T.);
#1989 = POLY_LOOP('',(#1955,#1956,#1960,#1959));
#1990 = FACE_OUTER_BOUND('',#1989,.T.);
#1991 = DIRECTION('',(0.000000000,1.000000000,0.000000000));
#1992 = DIRECTION('',(-1.000000000,0.000000000,0.000000000));
#1993 = AXIS2_PLACEMENT_3D('',#1955,#1991,#1992);
#1994 = PLANE('',#1993);
#1995 = FACE_SURFACE('',(#1990),#1994,.T.);
#1996 = POLY_LOOP('',(#1956,#1953,#1957,#1960));
#1997 = FACE_OUTER_BOUND('',#1996,.T.);
#1998 = DIRECTION('',(-1.000000000,0.000000000,0.000000000));
#1999 = DIRECTION('',(0.000000000,-1.000000000,0.000000000));
#2000 = AXIS2_PLACEMENT_3D('',#1956,#1998,#1999);
#2001 = PLANE('',#2000);
#2002 = FACE_SURFACE('',(#1997),#2001,.T.);
#2003 = CLOSED_SHELL('',(#1967,#1974,#1981,#1988,#1995,#2002));
#2004 = FACETED_BREP('black vent',#2003);
#2005 = CARTESIAN_POINT('',(16.000000000,24.000000000,67.000000000));
#2006 = CARTESIAN_POINT('',(17.000000000,24.000000000,67.000000000));
#2007 = CARTESIAN_POINT('',(17.000000000,36.000000000,67.000000000));
#2008 = CARTESIAN_POINT('',(16.000000000,36.000000000,67.000000000));
#2009 = CARTESIAN_POINT('',(16.000000000,24.000000000,75.000000000));
#2010 = CARTESIAN_POINT('',(17.000000000,24.000000000,75.000000000));
#2011 = CARTESIAN_POINT('',(17.000000000,36.000000000,75.000000000));
#2012 = CARTESIAN_POINT('',(16.000000000,36.000000000,75.000000000));
#2013 = POLY_LOOP('',(#2005,#2008,#2007,#2006));
#2014 = FACE_OUTER_BOUND('',#2013,.T.);
#2015 = DIRECTION('',(0.000000000,0.000000000,-1.000000000));
#2016 = DIRECTION('',(0.000000000,1.000000000,0.000000000));
#2017 = AXIS2_PLACEMENT_3D('',#2005,#2015,#2016);
#2018 = PLANE('',#2017);
#2019 = FACE_SURFACE('',(#2014),#2018,.T.);
#2020 = POLY_LOOP('',(#2009,#2010,#2011,#2012));
#2021 = FACE_OUTER_BOUND('',#2020,.T.);
#2022 = DIRECTION('',(0.000000000,0.000000000,1.000000000));
#2023 = DIRECTION('',(1.000000000,0.000000000,0.000000000));
#2024 = AXIS2_PLACEMENT_3D('',#2009,#2022,#2023);
#2025 = PLANE('',#2024);
#2026 = FACE_SURFACE('',(#2021),#2025,.T.);
#2027 = POLY_LOOP('',(#2005,#2006,#2010,#2009));
#2028 = FACE_OUTER_BOUND('',#2027,.T.);
#2029 = DIRECTION('',(0.000000000,-1.000000000,0.000000000));
#2030 = DIRECTION('',(1.000000000,0.000000000,0.000000000));
#2031 = AXIS2_PLACEMENT_3D('',#2005,#2029,#2030);
#2032 = PLANE('',#2031);
#2033 = FACE_SURFACE('',(#2028),#2032,.T.);
#2034 = POLY_LOOP('',(#2006,#2007,#2011,#2010));
#2035 = FACE_OUTER_BOUND('',#2034,.T.);
#2036 = DIRECTION('',(1.000000000,0.000000000,0.000000000));
#2037 = DIRECTION('',(0.000000000,1.000000000,0.000000000));
#2038 = AXIS2_PLACEMENT_3D('',#2006,#2036,#2037);
#2039 = PLANE('',#2038);
#2040 = FACE_SURFACE('',(#2035),#2039,.T.);
#2041 = POLY_LOOP('',(#2007,#2008,#2012,#2011));
#2042 = FACE_OUTER_BOUND('',#2041,.T.);
#2043 = DIRECTION('',(0.000000000,1.000000000,0.000000000));
#2044 = DIRECTION('',(-1.000000000,0.000000000,0.000000000));
#2045 = AXIS2_PLACEMENT_3D('',#2007,#2043,#2044);
#2046 = PLANE('',#2045);
#2047 = FACE_SURFACE('',(#2042),#2046,.T.);
#2048 = POLY_LOOP('',(#2008,#2005,#2009,#2012));
#2049 = FACE_OUTER_BOUND('',#2048,.T.);
#2050 = DIRECTION('',(-1.000000000,0.000000000,0.000000000));
#2051 = DIRECTION('',(0.000000000,-1.000000000,0.000000000));
#2052 = AXIS2_PLACEMENT_3D('',#2008,#2050,#2051);
#2053 = PLANE('',#2052);
#2054 = FACE_SURFACE('',(#2049),#2053,.T.);
#2055 = CLOSED_SHELL('',(#2019,#2026,#2033,#2040,#2047,#2054));
#2056 = FACETED_BREP('black vent',#2055);
#2057 = CARTESIAN_POINT('',(16.000000000,46.000000000,67.000000000));
#2058 = CARTESIAN_POINT('',(17.000000000,46.000000000,67.000000000));
#2059 = CARTESIAN_POINT('',(17.000000000,58.000000000,67.000000000));
#2060 = CARTESIAN_POINT('',(16.000000000,58.000000000,67.000000000));
#2061 = CARTESIAN_POINT('',(16.000000000,46.000000000,75.000000000));
#2062 = CARTESIAN_POINT('',(17.000000000,46.000000000,75.000000000));
#2063 = CARTESIAN_POINT('',(17.000000000,58.000000000,75.000000000));
#2064 = CARTESIAN_POINT('',(16.000000000,58.000000000,75.000000000));
#2065 = POLY_LOOP('',(#2057,#2060,#2059,#2058));
#2066 = FACE_OUTER_BOUND('',#2065,.T.);
#2067 = DIRECTION('',(0.000000000,0.000000000,-1.000000000));
#2068 = DIRECTION('',(0.000000000,1.000000000,0.000000000));
#2069 = AXIS2_PLACEMENT_3D('',#2057,#2067,#2068);
#2070 = PLANE('',#2069);
#2071 = FACE_SURFACE('',(#2066),#2070,.T.);
#2072 = POLY_LOOP('',(#2061,#2062,#2063,#2064));
#2073 = FACE_OUTER_BOUND('',#2072,.T.);
#2074 = DIRECTION('',(0.000000000,0.000000000,1.000000000));
#2075 = DIRECTION('',(1.000000000,0.000000000,0.000000000));
#2076 = AXIS2_PLACEMENT_3D('',#2061,#2074,#2075);
#2077 = PLANE('',#2076);
#2078 = FACE_SURFACE('',(#2073),#2077,.T.);
#2079 = POLY_LOOP('',(#2057,#2058,#2062,#2061));
#2080 = FACE_OUTER_BOUND('',#2079,.T.);
#2081 = DIRECTION('',(0.000000000,-1.000000000,0.000000000));
#2082 = DIRECTION('',(1.000000000,0.000000000,0.000000000));
#2083 = AXIS2_PLACEMENT_3D('',#2057,#2081,#2082);
#2084 = PLANE('',#2083);
#2085 = FACE_SURFACE('',(#2080),#2084,.T.);
#2086 = POLY_LOOP('',(#2058,#2059,#2063,#2062));
#2087 = FACE_OUTER_BOUND('',#2086,.T.);
#2088 = DIRECTION('',(1.000000000,0.000000000,0.000000000));
#2089 = DIRECTION('',(0.000000000,1.000000000,0.000000000));
#2090 = AXIS2_PLACEMENT_3D('',#2058,#2088,#2089);
#2091 = PLANE('',#2090);
#2092 = FACE_SURFACE('',(#2087),#2091,.T.);
#2093 = POLY_LOOP('',(#2059,#2060,#2064,#2063));
#2094 = FACE_OUTER_BOUND('',#2093,.T.);
#2095 = DIRECTION('',(0.000000000,1.000000000,0.000000000));
#2096 = DIRECTION('',(-1.000000000,0.000000000,0.000000000));
#2097 = AXIS2_PLACEMENT_3D('',#2059,#2095,#2096);
#2098 = PLANE('',#2097);
#2099 = FACE_SURFACE('',(#2094),#2098,.T.);
#2100 = POLY_LOOP('',(#2060,#2057,#2061,#2064));
#2101 = FACE_OUTER_BOUND('',#2100,.T.);
#2102 = DIRECTION('',(-1.000000000,0.000000000,0.000000000));
#2103 = DIRECTION('',(0.000000000,-1.000000000,0.000000000));
#2104 = AXIS2_PLACEMENT_3D('',#2060,#2102,#2103);
#2105 = PLANE('',#2104);
#2106 = FACE_SURFACE('',(#2101),#2105,.T.);
#2107 = CLOSED_SHELL('',(#2071,#2078,#2085,#2092,#2099,#2106));
#2108 = FACETED_BREP('black vent',#2107);
#2109 = CARTESIAN_POINT('',(16.000000000,67.000000000,67.000000000));
#2110 = CARTESIAN_POINT('',(17.000000000,67.000000000,67.000000000));
#2111 = CARTESIAN_POINT('',(17.000000000,79.000000000,67.000000000));
#2112 = CARTESIAN_POINT('',(16.000000000,79.000000000,67.000000000));
#2113 = CARTESIAN_POINT('',(16.000000000,67.000000000,75.000000000));
#2114 = CARTESIAN_POINT('',(17.000000000,67.000000000,75.000000000));
#2115 = CARTESIAN_POINT('',(17.000000000,79.000000000,75.000000000));
#2116 = CARTESIAN_POINT('',(16.000000000,79.000000000,75.000000000));
#2117 = POLY_LOOP('',(#2109,#2112,#2111,#2110));
#2118 = FACE_OUTER_BOUND('',#2117,.T.);
#2119 = DIRECTION('',(0.000000000,0.000000000,-1.000000000));
#2120 = DIRECTION('',(0.000000000,1.000000000,0.000000000));
#2121 = AXIS2_PLACEMENT_3D('',#2109,#2119,#2120);
#2122 = PLANE('',#2121);
#2123 = FACE_SURFACE('',(#2118),#2122,.T.);
#2124 = POLY_LOOP('',(#2113,#2114,#2115,#2116));
#2125 = FACE_OUTER_BOUND('',#2124,.T.);
#2126 = DIRECTION('',(0.000000000,0.000000000,1.000000000));
#2127 = DIRECTION('',(1.000000000,0.000000000,0.000000000));
#2128 = AXIS2_PLACEMENT_3D('',#2113,#2126,#2127);
#2129 = PLANE('',#2128);
#2130 = FACE_SURFACE('',(#2125),#2129,.T.);
#2131 = POLY_LOOP('',(#2109,#2110,#2114,#2113));
#2132 = FACE_OUTER_BOUND('',#2131,.T.);
#2133 = DIRECTION('',(0.000000000,-1.000000000,0.000000000));
#2134 = DIRECTION('',(1.000000000,0.000000000,0.000000000));
#2135 = AXIS2_PLACEMENT_3D('',#2109,#2133,#2134);
#2136 = PLANE('',#2135);
#2137 = FACE_SURFACE('',(#2132),#2136,.T.);
#2138 = POLY_LOOP('',(#2110,#2111,#2115,#2114));
#2139 = FACE_OUTER_BOUND('',#2138,.T.);
#2140 = DIRECTION('',(1.000000000,0.000000000,0.000000000));
#2141 = DIRECTION('',(0.000000000,1.000000000,0.000000000));
#2142 = AXIS2_PLACEMENT_3D('',#2110,#2140,#2141);
#2143 = PLANE('',#2142);
#2144 = FACE_SURFACE('',(#2139),#2143,.T.);
#2145 = POLY_LOOP('',(#2111,#2112,#2116,#2115));
#2146 = FACE_OUTER_BOUND('',#2145,.T.);
#2147 = DIRECTION('',(0.000000000,1.000000000,0.000000000));
#2148 = DIRECTION('',(-1.000000000,0.000000000,0.000000000));
#2149 = AXIS2_PLACEMENT_3D('',#2111,#2147,#2148);
#2150 = PLANE('',#2149);
#2151 = FACE_SURFACE('',(#2146),#2150,.T.);
#2152 = POLY_LOOP('',(#2112,#2109,#2113,#2116));
#2153 = FACE_OUTER_BOUND('',#2152,.T.);
#2154 = DIRECTION('',(-1.000000000,0.000000000,0.000000000));
#2155 = DIRECTION('',(0.000000000,-1.000000000,0.000000000));
#2156 = AXIS2_PLACEMENT_3D('',#2112,#2154,#2155);
#2157 = PLANE('',#2156);
#2158 = FACE_SURFACE('',(#2153),#2157,.T.);
#2159 = CLOSED_SHELL('',(#2123,#2130,#2137,#2144,#2151,#2158));
#2160 = FACETED_BREP('black vent',#2159);
#2161 = CARTESIAN_POINT('',(16.000000000,24.000000000,91.000000000));
#2162 = CARTESIAN_POINT('',(17.000000000,24.000000000,91.000000000));
#2163 = CARTESIAN_POINT('',(17.000000000,36.000000000,91.000000000));
#2164 = CARTESIAN_POINT('',(16.000000000,36.000000000,91.000000000));
#2165 = CARTESIAN_POINT('',(16.000000000,24.000000000,99.000000000));
#2166 = CARTESIAN_POINT('',(17.000000000,24.000000000,99.000000000));
#2167 = CARTESIAN_POINT('',(17.000000000,36.000000000,99.000000000));
#2168 = CARTESIAN_POINT('',(16.000000000,36.000000000,99.000000000));
#2169 = POLY_LOOP('',(#2161,#2164,#2163,#2162));
#2170 = FACE_OUTER_BOUND('',#2169,.T.);
#2171 = DIRECTION('',(0.000000000,0.000000000,-1.000000000));
#2172 = DIRECTION('',(0.000000000,1.000000000,0.000000000));
#2173 = AXIS2_PLACEMENT_3D('',#2161,#2171,#2172);
#2174 = PLANE('',#2173);
#2175 = FACE_SURFACE('',(#2170),#2174,.T.);
#2176 = POLY_LOOP('',(#2165,#2166,#2167,#2168));
#2177 = FACE_OUTER_BOUND('',#2176,.T.);
#2178 = DIRECTION('',(0.000000000,0.000000000,1.000000000));
#2179 = DIRECTION('',(1.000000000,0.000000000,0.000000000));
#2180 = AXIS2_PLACEMENT_3D('',#2165,#2178,#2179);
#2181 = PLANE('',#2180);
#2182 = FACE_SURFACE('',(#2177),#2181,.T.);
#2183 = POLY_LOOP('',(#2161,#2162,#2166,#2165));
#2184 = FACE_OUTER_BOUND('',#2183,.T.);
#2185 = DIRECTION('',(0.000000000,-1.000000000,0.000000000));
#2186 = DIRECTION('',(1.000000000,0.000000000,0.000000000));
#2187 = AXIS2_PLACEMENT_3D('',#2161,#2185,#2186);
#2188 = PLANE('',#2187);
#2189 = FACE_SURFACE('',(#2184),#2188,.T.);
#2190 = POLY_LOOP('',(#2162,#2163,#2167,#2166));
#2191 = FACE_OUTER_BOUND('',#2190,.T.);
#2192 = DIRECTION('',(1.000000000,0.000000000,0.000000000));
#2193 = DIRECTION('',(0.000000000,1.000000000,0.000000000));
#2194 = AXIS2_PLACEMENT_3D('',#2162,#2192,#2193);
#2195 = PLANE('',#2194);
#2196 = FACE_SURFACE('',(#2191),#2195,.T.);
#2197 = POLY_LOOP('',(#2163,#2164,#2168,#2167));
#2198 = FACE_OUTER_BOUND('',#2197,.T.);
#2199 = DIRECTION('',(0.000000000,1.000000000,0.000000000));
#2200 = DIRECTION('',(-1.000000000,0.000000000,0.000000000));
#2201 = AXIS2_PLACEMENT_3D('',#2163,#2199,#2200);
#2202 = PLANE('',#2201);
#2203 = FACE_SURFACE('',(#2198),#2202,.T.);
#2204 = POLY_LOOP('',(#2164,#2161,#2165,#2168));
#2205 = FACE_OUTER_BOUND('',#2204,.T.);
#2206 = DIRECTION('',(-1.000000000,0.000000000,0.000000000));
#2207 = DIRECTION('',(0.000000000,-1.000000000,0.000000000));
#2208 = AXIS2_PLACEMENT_3D('',#2164,#2206,#2207);
#2209 = PLANE('',#2208);
#2210 = FACE_SURFACE('',(#2205),#2209,.T.);
#2211 = CLOSED_SHELL('',(#2175,#2182,#2189,#2196,#2203,#2210));
#2212 = FACETED_BREP('black vent',#2211);
#2213 = CARTESIAN_POINT('',(16.000000000,46.000000000,91.000000000));
#2214 = CARTESIAN_POINT('',(17.000000000,46.000000000,91.000000000));
#2215 = CARTESIAN_POINT('',(17.000000000,58.000000000,91.000000000));
#2216 = CARTESIAN_POINT('',(16.000000000,58.000000000,91.000000000));
#2217 = CARTESIAN_POINT('',(16.000000000,46.000000000,99.000000000));
#2218 = CARTESIAN_POINT('',(17.000000000,46.000000000,99.000000000));
#2219 = CARTESIAN_POINT('',(17.000000000,58.000000000,99.000000000));
#2220 = CARTESIAN_POINT('',(16.000000000,58.000000000,99.000000000));
#2221 = POLY_LOOP('',(#2213,#2216,#2215,#2214));
#2222 = FACE_OUTER_BOUND('',#2221,.T.);
#2223 = DIRECTION('',(0.000000000,0.000000000,-1.000000000));
#2224 = DIRECTION('',(0.000000000,1.000000000,0.000000000));
#2225 = AXIS2_PLACEMENT_3D('',#2213,#2223,#2224);
#2226 = PLANE('',#2225);
#2227 = FACE_SURFACE('',(#2222),#2226,.T.);
#2228 = POLY_LOOP('',(#2217,#2218,#2219,#2220));
#2229 = FACE_OUTER_BOUND('',#2228,.T.);
#2230 = DIRECTION('',(0.000000000,0.000000000,1.000000000));
#2231 = DIRECTION('',(1.000000000,0.000000000,0.000000000));
#2232 = AXIS2_PLACEMENT_3D('',#2217,#2230,#2231);
#2233 = PLANE('',#2232);
#2234 = FACE_SURFACE('',(#2229),#2233,.T.);
#2235 = POLY_LOOP('',(#2213,#2214,#2218,#2217));
#2236 = FACE_OUTER_BOUND('',#2235,.T.);
#2237 = DIRECTION('',(0.000000000,-1.000000000,0.000000000));
#2238 = DIRECTION('',(1.000000000,0.000000000,0.000000000));
#2239 = AXIS2_PLACEMENT_3D('',#2213,#2237,#2238);
#2240 = PLANE('',#2239);
#2241 = FACE_SURFACE('',(#2236),#2240,.T.);
#2242 = POLY_LOOP('',(#2214,#2215,#2219,#2218));
#2243 = FACE_OUTER_BOUND('',#2242,.T.);
#2244 = DIRECTION('',(1.000000000,0.000000000,0.000000000));
#2245 = DIRECTION('',(0.000000000,1.000000000,0.000000000));
#2246 = AXIS2_PLACEMENT_3D('',#2214,#2244,#2245);
#2247 = PLANE('',#2246);
#2248 = FACE_SURFACE('',(#2243),#2247,.T.);
#2249 = POLY_LOOP('',(#2215,#2216,#2220,#2219));
#2250 = FACE_OUTER_BOUND('',#2249,.T.);
#2251 = DIRECTION('',(0.000000000,1.000000000,0.000000000));
#2252 = DIRECTION('',(-1.000000000,0.000000000,0.000000000));
#2253 = AXIS2_PLACEMENT_3D('',#2215,#2251,#2252);
#2254 = PLANE('',#2253);
#2255 = FACE_SURFACE('',(#2250),#2254,.T.);
#2256 = POLY_LOOP('',(#2216,#2213,#2217,#2220));
#2257 = FACE_OUTER_BOUND('',#2256,.T.);
#2258 = DIRECTION('',(-1.000000000,0.000000000,0.000000000));
#2259 = DIRECTION('',(0.000000000,-1.000000000,0.000000000));
#2260 = AXIS2_PLACEMENT_3D('',#2216,#2258,#2259);
#2261 = PLANE('',#2260);
#2262 = FACE_SURFACE('',(#2257),#2261,.T.);
#2263 = CLOSED_SHELL('',(#2227,#2234,#2241,#2248,#2255,#2262));
#2264 = FACETED_BREP('black vent',#2263);
#2265 = CARTESIAN_POINT('',(16.000000000,67.000000000,91.000000000));
#2266 = CARTESIAN_POINT('',(17.000000000,67.000000000,91.000000000));
#2267 = CARTESIAN_POINT('',(17.000000000,79.000000000,91.000000000));
#2268 = CARTESIAN_POINT('',(16.000000000,79.000000000,91.000000000));
#2269 = CARTESIAN_POINT('',(16.000000000,67.000000000,99.000000000));
#2270 = CARTESIAN_POINT('',(17.000000000,67.000000000,99.000000000));
#2271 = CARTESIAN_POINT('',(17.000000000,79.000000000,99.000000000));
#2272 = CARTESIAN_POINT('',(16.000000000,79.000000000,99.000000000));
#2273 = POLY_LOOP('',(#2265,#2268,#2267,#2266));
#2274 = FACE_OUTER_BOUND('',#2273,.T.);
#2275 = DIRECTION('',(0.000000000,0.000000000,-1.000000000));
#2276 = DIRECTION('',(0.000000000,1.000000000,0.000000000));
#2277 = AXIS2_PLACEMENT_3D('',#2265,#2275,#2276);
#2278 = PLANE('',#2277);
#2279 = FACE_SURFACE('',(#2274),#2278,.T.);
#2280 = POLY_LOOP('',(#2269,#2270,#2271,#2272));
#2281 = FACE_OUTER_BOUND('',#2280,.T.);
#2282 = DIRECTION('',(0.000000000,0.000000000,1.000000000));
#2283 = DIRECTION('',(1.000000000,0.000000000,0.000000000));
#2284 = AXIS2_PLACEMENT_3D('',#2269,#2282,#2283);
#2285 = PLANE('',#2284);
#2286 = FACE_SURFACE('',(#2281),#2285,.T.);
#2287 = POLY_LOOP('',(#2265,#2266,#2270,#2269));
#2288 = FACE_OUTER_BOUND('',#2287,.T.);
#2289 = DIRECTION('',(0.000000000,-1.000000000,0.000000000));
#2290 = DIRECTION('',(1.000000000,0.000000000,0.000000000));
#2291 = AXIS2_PLACEMENT_3D('',#2265,#2289,#2290);
#2292 = PLANE('',#2291);
#2293 = FACE_SURFACE('',(#2288),#2292,.T.);
#2294 = POLY_LOOP('',(#2266,#2267,#2271,#2270));
#2295 = FACE_OUTER_BOUND('',#2294,.T.);
#2296 = DIRECTION('',(1.000000000,0.000000000,0.000000000));
#2297 = DIRECTION('',(0.000000000,1.000000000,0.000000000));
#2298 = AXIS2_PLACEMENT_3D('',#2266,#2296,#2297);
#2299 = PLANE('',#2298);
#2300 = FACE_SURFACE('',(#2295),#2299,.T.);
#2301 = POLY_LOOP('',(#2267,#2268,#2272,#2271));
#2302 = FACE_OUTER_BOUND('',#2301,.T.);
#2303 = DIRECTION('',(0.000000000,1.000000000,0.000000000));
#2304 = DIRECTION('',(-1.000000000,0.000000000,0.000000000));
#2305 = AXIS2_PLACEMENT_3D('',#2267,#2303,#2304);
#2306 = PLANE('',#2305);
#2307 = FACE_SURFACE('',(#2302),#2306,.T.);
#2308 = POLY_LOOP('',(#2268,#2265,#2269,#2272));
#2309 = FACE_OUTER_BOUND('',#2308,.T.);
#2310 = DIRECTION('',(-1.000000000,0.000000000,0.000000000));
#2311 = DIRECTION('',(0.000000000,-1.000000000,0.000000000));
#2312 = AXIS2_PLACEMENT_3D('',#2268,#2310,#2311);
#2313 = PLANE('',#2312);
#2314 = FACE_SURFACE('',(#2309),#2313,.T.);
#2315 = CLOSED_SHELL('',(#2279,#2286,#2293,#2300,#2307,#2314));
#2316 = FACETED_BREP('black vent',#2315);
#2317 = CARTESIAN_POINT('',(16.000000000,24.000000000,115.000000000));
#2318 = CARTESIAN_POINT('',(17.000000000,24.000000000,115.000000000));
#2319 = CARTESIAN_POINT('',(17.000000000,36.000000000,115.000000000));
#2320 = CARTESIAN_POINT('',(16.000000000,36.000000000,115.000000000));
#2321 = CARTESIAN_POINT('',(16.000000000,24.000000000,123.000000000));
#2322 = CARTESIAN_POINT('',(17.000000000,24.000000000,123.000000000));
#2323 = CARTESIAN_POINT('',(17.000000000,36.000000000,123.000000000));
#2324 = CARTESIAN_POINT('',(16.000000000,36.000000000,123.000000000));
#2325 = POLY_LOOP('',(#2317,#2320,#2319,#2318));
#2326 = FACE_OUTER_BOUND('',#2325,.T.);
#2327 = DIRECTION('',(0.000000000,0.000000000,-1.000000000));
#2328 = DIRECTION('',(0.000000000,1.000000000,0.000000000));
#2329 = AXIS2_PLACEMENT_3D('',#2317,#2327,#2328);
#2330 = PLANE('',#2329);
#2331 = FACE_SURFACE('',(#2326),#2330,.T.);
#2332 = POLY_LOOP('',(#2321,#2322,#2323,#2324));
#2333 = FACE_OUTER_BOUND('',#2332,.T.);
#2334 = DIRECTION('',(0.000000000,0.000000000,1.000000000));
#2335 = DIRECTION('',(1.000000000,0.000000000,0.000000000));
#2336 = AXIS2_PLACEMENT_3D('',#2321,#2334,#2335);
#2337 = PLANE('',#2336);
#2338 = FACE_SURFACE('',(#2333),#2337,.T.);
#2339 = POLY_LOOP('',(#2317,#2318,#2322,#2321));
#2340 = FACE_OUTER_BOUND('',#2339,.T.);
#2341 = DIRECTION('',(0.000000000,-1.000000000,0.000000000));
#2342 = DIRECTION('',(1.000000000,0.000000000,0.000000000));
#2343 = AXIS2_PLACEMENT_3D('',#2317,#2341,#2342);
#2344 = PLANE('',#2343);
#2345 = FACE_SURFACE('',(#2340),#2344,.T.);
#2346 = POLY_LOOP('',(#2318,#2319,#2323,#2322));
#2347 = FACE_OUTER_BOUND('',#2346,.T.);
#2348 = DIRECTION('',(1.000000000,0.000000000,0.000000000));
#2349 = DIRECTION('',(0.000000000,1.000000000,0.000000000));
#2350 = AXIS2_PLACEMENT_3D('',#2318,#2348,#2349);
#2351 = PLANE('',#2350);
#2352 = FACE_SURFACE('',(#2347),#2351,.T.);
#2353 = POLY_LOOP('',(#2319,#2320,#2324,#2323));
#2354 = FACE_OUTER_BOUND('',#2353,.T.);
#2355 = DIRECTION('',(0.000000000,1.000000000,0.000000000));
#2356 = DIRECTION('',(-1.000000000,0.000000000,0.000000000));
#2357 = AXIS2_PLACEMENT_3D('',#2319,#2355,#2356);
#2358 = PLANE('',#2357);
#2359 = FACE_SURFACE('',(#2354),#2358,.T.);
#2360 = POLY_LOOP('',(#2320,#2317,#2321,#2324));
#2361 = FACE_OUTER_BOUND('',#2360,.T.);
#2362 = DIRECTION('',(-1.000000000,0.000000000,0.000000000));
#2363 = DIRECTION('',(0.000000000,-1.000000000,0.000000000));
#2364 = AXIS2_PLACEMENT_3D('',#2320,#2362,#2363);
#2365 = PLANE('',#2364);
#2366 = FACE_SURFACE('',(#2361),#2365,.T.);
#2367 = CLOSED_SHELL('',(#2331,#2338,#2345,#2352,#2359,#2366));
#2368 = FACETED_BREP('black vent',#2367);
#2369 = CARTESIAN_POINT('',(16.000000000,46.000000000,115.000000000));
#2370 = CARTESIAN_POINT('',(17.000000000,46.000000000,115.000000000));
#2371 = CARTESIAN_POINT('',(17.000000000,58.000000000,115.000000000));
#2372 = CARTESIAN_POINT('',(16.000000000,58.000000000,115.000000000));
#2373 = CARTESIAN_POINT('',(16.000000000,46.000000000,123.000000000));
#2374 = CARTESIAN_POINT('',(17.000000000,46.000000000,123.000000000));
#2375 = CARTESIAN_POINT('',(17.000000000,58.000000000,123.000000000));
#2376 = CARTESIAN_POINT('',(16.000000000,58.000000000,123.000000000));
#2377 = POLY_LOOP('',(#2369,#2372,#2371,#2370));
#2378 = FACE_OUTER_BOUND('',#2377,.T.);
#2379 = DIRECTION('',(0.000000000,0.000000000,-1.000000000));
#2380 = DIRECTION('',(0.000000000,1.000000000,0.000000000));
#2381 = AXIS2_PLACEMENT_3D('',#2369,#2379,#2380);
#2382 = PLANE('',#2381);
#2383 = FACE_SURFACE('',(#2378),#2382,.T.);
#2384 = POLY_LOOP('',(#2373,#2374,#2375,#2376));
#2385 = FACE_OUTER_BOUND('',#2384,.T.);
#2386 = DIRECTION('',(0.000000000,0.000000000,1.000000000));
#2387 = DIRECTION('',(1.000000000,0.000000000,0.000000000));
#2388 = AXIS2_PLACEMENT_3D('',#2373,#2386,#2387);
#2389 = PLANE('',#2388);
#2390 = FACE_SURFACE('',(#2385),#2389,.T.);
#2391 = POLY_LOOP('',(#2369,#2370,#2374,#2373));
#2392 = FACE_OUTER_BOUND('',#2391,.T.);
#2393 = DIRECTION('',(0.000000000,-1.000000000,0.000000000));
#2394 = DIRECTION('',(1.000000000,0.000000000,0.000000000));
#2395 = AXIS2_PLACEMENT_3D('',#2369,#2393,#2394);
#2396 = PLANE('',#2395);
#2397 = FACE_SURFACE('',(#2392),#2396,.T.);
#2398 = POLY_LOOP('',(#2370,#2371,#2375,#2374));
#2399 = FACE_OUTER_BOUND('',#2398,.T.);
#2400 = DIRECTION('',(1.000000000,0.000000000,0.000000000));
#2401 = DIRECTION('',(0.000000000,1.000000000,0.000000000));
#2402 = AXIS2_PLACEMENT_3D('',#2370,#2400,#2401);
#2403 = PLANE('',#2402);
#2404 = FACE_SURFACE('',(#2399),#2403,.T.);
#2405 = POLY_LOOP('',(#2371,#2372,#2376,#2375));
#2406 = FACE_OUTER_BOUND('',#2405,.T.);
#2407 = DIRECTION('',(0.000000000,1.000000000,0.000000000));
#2408 = DIRECTION('',(-1.000000000,0.000000000,0.000000000));
#2409 = AXIS2_PLACEMENT_3D('',#2371,#2407,#2408);
#2410 = PLANE('',#2409);
#2411 = FACE_SURFACE('',(#2406),#2410,.T.);
#2412 = POLY_LOOP('',(#2372,#2369,#2373,#2376));
#2413 = FACE_OUTER_BOUND('',#2412,.T.);
#2414 = DIRECTION('',(-1.000000000,0.000000000,0.000000000));
#2415 = DIRECTION('',(0.000000000,-1.000000000,0.000000000));
#2416 = AXIS2_PLACEMENT_3D('',#2372,#2414,#2415);
#2417 = PLANE('',#2416);
#2418 = FACE_SURFACE('',(#2413),#2417,.T.);
#2419 = CLOSED_SHELL('',(#2383,#2390,#2397,#2404,#2411,#2418));
#2420 = FACETED_BREP('black vent',#2419);
#2421 = CARTESIAN_POINT('',(16.000000000,67.000000000,115.000000000));
#2422 = CARTESIAN_POINT('',(17.000000000,67.000000000,115.000000000));
#2423 = CARTESIAN_POINT('',(17.000000000,79.000000000,115.000000000));
#2424 = CARTESIAN_POINT('',(16.000000000,79.000000000,115.000000000));
#2425 = CARTESIAN_POINT('',(16.000000000,67.000000000,123.000000000));
#2426 = CARTESIAN_POINT('',(17.000000000,67.000000000,123.000000000));
#2427 = CARTESIAN_POINT('',(17.000000000,79.000000000,123.000000000));
#2428 = CARTESIAN_POINT('',(16.000000000,79.000000000,123.000000000));
#2429 = POLY_LOOP('',(#2421,#2424,#2423,#2422));
#2430 = FACE_OUTER_BOUND('',#2429,.T.);
#2431 = DIRECTION('',(0.000000000,0.000000000,-1.000000000));
#2432 = DIRECTION('',(0.000000000,1.000000000,0.000000000));
#2433 = AXIS2_PLACEMENT_3D('',#2421,#2431,#2432);
#2434 = PLANE('',#2433);
#2435 = FACE_SURFACE('',(#2430),#2434,.T.);
#2436 = POLY_LOOP('',(#2425,#2426,#2427,#2428));
#2437 = FACE_OUTER_BOUND('',#2436,.T.);
#2438 = DIRECTION('',(0.000000000,0.000000000,1.000000000));
#2439 = DIRECTION('',(1.000000000,0.000000000,0.000000000));
#2440 = AXIS2_PLACEMENT_3D('',#2425,#2438,#2439);
#2441 = PLANE('',#2440);
#2442 = FACE_SURFACE('',(#2437),#2441,.T.);
#2443 = POLY_LOOP('',(#2421,#2422,#2426,#2425));
#2444 = FACE_OUTER_BOUND('',#2443,.T.);
#2445 = DIRECTION('',(0.000000000,-1.000000000,0.000000000));
#2446 = DIRECTION('',(1.000000000,0.000000000,0.000000000));
#2447 = AXIS2_PLACEMENT_3D('',#2421,#2445,#2446);
#2448 = PLANE('',#2447);
#2449 = FACE_SURFACE('',(#2444),#2448,.T.);
#2450 = POLY_LOOP('',(#2422,#2423,#2427,#2426));
#2451 = FACE_OUTER_BOUND('',#2450,.T.);
#2452 = DIRECTION('',(1.000000000,0.000000000,0.000000000));
#2453 = DIRECTION('',(0.000000000,1.000000000,0.000000000));
#2454 = AXIS2_PLACEMENT_3D('',#2422,#2452,#2453);
#2455 = PLANE('',#2454);
#2456 = FACE_SURFACE('',(#2451),#2455,.T.);
#2457 = POLY_LOOP('',(#2423,#2424,#2428,#2427));
#2458 = FACE_OUTER_BOUND('',#2457,.T.);
#2459 = DIRECTION('',(0.000000000,1.000000000,0.000000000));
#2460 = DIRECTION('',(-1.000000000,0.000000000,0.000000000));
#2461 = AXIS2_PLACEMENT_3D('',#2423,#2459,#2460);
#2462 = PLANE('',#2461);
#2463 = FACE_SURFACE('',(#2458),#2462,.T.);
#2464 = POLY_LOOP('',(#2424,#2421,#2425,#2428));
#2465 = FACE_OUTER_BOUND('',#2464,.T.);
#2466 = DIRECTION('',(-1.000000000,0.000000000,0.000000000));
#2467 = DIRECTION('',(0.000000000,-1.000000000,0.000000000));
#2468 = AXIS2_PLACEMENT_3D('',#2424,#2466,#2467);
#2469 = PLANE('',#2468);
#2470 = FACE_SURFACE('',(#2465),#2469,.T.);
#2471 = CLOSED_SHELL('',(#2435,#2442,#2449,#2456,#2463,#2470));
#2472 = FACETED_BREP('black vent',#2471);
#2473 = CARTESIAN_POINT('',(16.000000000,24.000000000,139.000000000));
#2474 = CARTESIAN_POINT('',(17.000000000,24.000000000,139.000000000));
#2475 = CARTESIAN_POINT('',(17.000000000,36.000000000,139.000000000));
#2476 = CARTESIAN_POINT('',(16.000000000,36.000000000,139.000000000));
#2477 = CARTESIAN_POINT('',(16.000000000,24.000000000,147.000000000));
#2478 = CARTESIAN_POINT('',(17.000000000,24.000000000,147.000000000));
#2479 = CARTESIAN_POINT('',(17.000000000,36.000000000,147.000000000));
#2480 = CARTESIAN_POINT('',(16.000000000,36.000000000,147.000000000));
#2481 = POLY_LOOP('',(#2473,#2476,#2475,#2474));
#2482 = FACE_OUTER_BOUND('',#2481,.T.);
#2483 = DIRECTION('',(0.000000000,0.000000000,-1.000000000));
#2484 = DIRECTION('',(0.000000000,1.000000000,0.000000000));
#2485 = AXIS2_PLACEMENT_3D('',#2473,#2483,#2484);
#2486 = PLANE('',#2485);
#2487 = FACE_SURFACE('',(#2482),#2486,.T.);
#2488 = POLY_LOOP('',(#2477,#2478,#2479,#2480));
#2489 = FACE_OUTER_BOUND('',#2488,.T.);
#2490 = DIRECTION('',(0.000000000,0.000000000,1.000000000));
#2491 = DIRECTION('',(1.000000000,0.000000000,0.000000000));
#2492 = AXIS2_PLACEMENT_3D('',#2477,#2490,#2491);
#2493 = PLANE('',#2492);
#2494 = FACE_SURFACE('',(#2489),#2493,.T.);
#2495 = POLY_LOOP('',(#2473,#2474,#2478,#2477));
#2496 = FACE_OUTER_BOUND('',#2495,.T.);
#2497 = DIRECTION('',(0.000000000,-1.000000000,0.000000000));
#2498 = DIRECTION('',(1.000000000,0.000000000,0.000000000));
#2499 = AXIS2_PLACEMENT_3D('',#2473,#2497,#2498);
#2500 = PLANE('',#2499);
#2501 = FACE_SURFACE('',(#2496),#2500,.T.);
#2502 = POLY_LOOP('',(#2474,#2475,#2479,#2478));
#2503 = FACE_OUTER_BOUND('',#2502,.T.);
#2504 = DIRECTION('',(1.000000000,0.000000000,0.000000000));
#2505 = DIRECTION('',(0.000000000,1.000000000,0.000000000));
#2506 = AXIS2_PLACEMENT_3D('',#2474,#2504,#2505);
#2507 = PLANE('',#2506);
#2508 = FACE_SURFACE('',(#2503),#2507,.T.);
#2509 = POLY_LOOP('',(#2475,#2476,#2480,#2479));
#2510 = FACE_OUTER_BOUND('',#2509,.T.);
#2511 = DIRECTION('',(0.000000000,1.000000000,0.000000000));
#2512 = DIRECTION('',(-1.000000000,0.000000000,0.000000000));
#2513 = AXIS2_PLACEMENT_3D('',#2475,#2511,#2512);
#2514 = PLANE('',#2513);
#2515 = FACE_SURFACE('',(#2510),#2514,.T.);
#2516 = POLY_LOOP('',(#2476,#2473,#2477,#2480));
#2517 = FACE_OUTER_BOUND('',#2516,.T.);
#2518 = DIRECTION('',(-1.000000000,0.000000000,0.000000000));
#2519 = DIRECTION('',(0.000000000,-1.000000000,0.000000000));
#2520 = AXIS2_PLACEMENT_3D('',#2476,#2518,#2519);
#2521 = PLANE('',#2520);
#2522 = FACE_SURFACE('',(#2517),#2521,.T.);
#2523 = CLOSED_SHELL('',(#2487,#2494,#2501,#2508,#2515,#2522));
#2524 = FACETED_BREP('black vent',#2523);
#2525 = CARTESIAN_POINT('',(16.000000000,46.000000000,139.000000000));
#2526 = CARTESIAN_POINT('',(17.000000000,46.000000000,139.000000000));
#2527 = CARTESIAN_POINT('',(17.000000000,58.000000000,139.000000000));
#2528 = CARTESIAN_POINT('',(16.000000000,58.000000000,139.000000000));
#2529 = CARTESIAN_POINT('',(16.000000000,46.000000000,147.000000000));
#2530 = CARTESIAN_POINT('',(17.000000000,46.000000000,147.000000000));
#2531 = CARTESIAN_POINT('',(17.000000000,58.000000000,147.000000000));
#2532 = CARTESIAN_POINT('',(16.000000000,58.000000000,147.000000000));
#2533 = POLY_LOOP('',(#2525,#2528,#2527,#2526));
#2534 = FACE_OUTER_BOUND('',#2533,.T.);
#2535 = DIRECTION('',(0.000000000,0.000000000,-1.000000000));
#2536 = DIRECTION('',(0.000000000,1.000000000,0.000000000));
#2537 = AXIS2_PLACEMENT_3D('',#2525,#2535,#2536);
#2538 = PLANE('',#2537);
#2539 = FACE_SURFACE('',(#2534),#2538,.T.);
#2540 = POLY_LOOP('',(#2529,#2530,#2531,#2532));
#2541 = FACE_OUTER_BOUND('',#2540,.T.);
#2542 = DIRECTION('',(0.000000000,0.000000000,1.000000000));
#2543 = DIRECTION('',(1.000000000,0.000000000,0.000000000));
#2544 = AXIS2_PLACEMENT_3D('',#2529,#2542,#2543);
#2545 = PLANE('',#2544);
#2546 = FACE_SURFACE('',(#2541),#2545,.T.);
#2547 = POLY_LOOP('',(#2525,#2526,#2530,#2529));
#2548 = FACE_OUTER_BOUND('',#2547,.T.);
#2549 = DIRECTION('',(0.000000000,-1.000000000,0.000000000));
#2550 = DIRECTION('',(1.000000000,0.000000000,0.000000000));
#2551 = AXIS2_PLACEMENT_3D('',#2525,#2549,#2550);
#2552 = PLANE('',#2551);
#2553 = FACE_SURFACE('',(#2548),#2552,.T.);
#2554 = POLY_LOOP('',(#2526,#2527,#2531,#2530));
#2555 = FACE_OUTER_BOUND('',#2554,.T.);
#2556 = DIRECTION('',(1.000000000,0.000000000,0.000000000));
#2557 = DIRECTION('',(0.000000000,1.000000000,0.000000000));
#2558 = AXIS2_PLACEMENT_3D('',#2526,#2556,#2557);
#2559 = PLANE('',#2558);
#2560 = FACE_SURFACE('',(#2555),#2559,.T.);
#2561 = POLY_LOOP('',(#2527,#2528,#2532,#2531));
#2562 = FACE_OUTER_BOUND('',#2561,.T.);
#2563 = DIRECTION('',(0.000000000,1.000000000,0.000000000));
#2564 = DIRECTION('',(-1.000000000,0.000000000,0.000000000));
#2565 = AXIS2_PLACEMENT_3D('',#2527,#2563,#2564);
#2566 = PLANE('',#2565);
#2567 = FACE_SURFACE('',(#2562),#2566,.T.);
#2568 = POLY_LOOP('',(#2528,#2525,#2529,#2532));
#2569 = FACE_OUTER_BOUND('',#2568,.T.);
#2570 = DIRECTION('',(-1.000000000,0.000000000,0.000000000));
#2571 = DIRECTION('',(0.000000000,-1.000000000,0.000000000));
#2572 = AXIS2_PLACEMENT_3D('',#2528,#2570,#2571);
#2573 = PLANE('',#2572);
#2574 = FACE_SURFACE('',(#2569),#2573,.T.);
#2575 = CLOSED_SHELL('',(#2539,#2546,#2553,#2560,#2567,#2574));
#2576 = FACETED_BREP('black vent',#2575);
#2577 = CARTESIAN_POINT('',(16.000000000,67.000000000,139.000000000));
#2578 = CARTESIAN_POINT('',(17.000000000,67.000000000,139.000000000));
#2579 = CARTESIAN_POINT('',(17.000000000,79.000000000,139.000000000));
#2580 = CARTESIAN_POINT('',(16.000000000,79.000000000,139.000000000));
#2581 = CARTESIAN_POINT('',(16.000000000,67.000000000,147.000000000));
#2582 = CARTESIAN_POINT('',(17.000000000,67.000000000,147.000000000));
#2583 = CARTESIAN_POINT('',(17.000000000,79.000000000,147.000000000));
#2584 = CARTESIAN_POINT('',(16.000000000,79.000000000,147.000000000));
#2585 = POLY_LOOP('',(#2577,#2580,#2579,#2578));
#2586 = FACE_OUTER_BOUND('',#2585,.T.);
#2587 = DIRECTION('',(0.000000000,0.000000000,-1.000000000));
#2588 = DIRECTION('',(0.000000000,1.000000000,0.000000000));
#2589 = AXIS2_PLACEMENT_3D('',#2577,#2587,#2588);
#2590 = PLANE('',#2589);
#2591 = FACE_SURFACE('',(#2586),#2590,.T.);
#2592 = POLY_LOOP('',(#2581,#2582,#2583,#2584));
#2593 = FACE_OUTER_BOUND('',#2592,.T.);
#2594 = DIRECTION('',(0.000000000,0.000000000,1.000000000));
#2595 = DIRECTION('',(1.000000000,0.000000000,0.000000000));
#2596 = AXIS2_PLACEMENT_3D('',#2581,#2594,#2595);
#2597 = PLANE('',#2596);
#2598 = FACE_SURFACE('',(#2593),#2597,.T.);
#2599 = POLY_LOOP('',(#2577,#2578,#2582,#2581));
#2600 = FACE_OUTER_BOUND('',#2599,.T.);
#2601 = DIRECTION('',(0.000000000,-1.000000000,0.000000000));
#2602 = DIRECTION('',(1.000000000,0.000000000,0.000000000));
#2603 = AXIS2_PLACEMENT_3D('',#2577,#2601,#2602);
#2604 = PLANE('',#2603);
#2605 = FACE_SURFACE('',(#2600),#2604,.T.);
#2606 = POLY_LOOP('',(#2578,#2579,#2583,#2582));
#2607 = FACE_OUTER_BOUND('',#2606,.T.);
#2608 = DIRECTION('',(1.000000000,0.000000000,0.000000000));
#2609 = DIRECTION('',(0.000000000,1.000000000,0.000000000));
#2610 = AXIS2_PLACEMENT_3D('',#2578,#2608,#2609);
#2611 = PLANE('',#2610);
#2612 = FACE_SURFACE('',(#2607),#2611,.T.);
#2613 = POLY_LOOP('',(#2579,#2580,#2584,#2583));
#2614 = FACE_OUTER_BOUND('',#2613,.T.);
#2615 = DIRECTION('',(0.000000000,1.000000000,0.000000000));
#2616 = DIRECTION('',(-1.000000000,0.000000000,0.000000000));
#2617 = AXIS2_PLACEMENT_3D('',#2579,#2615,#2616);
#2618 = PLANE('',#2617);
#2619 = FACE_SURFACE('',(#2614),#2618,.T.);
#2620 = POLY_LOOP('',(#2580,#2577,#2581,#2584));
#2621 = FACE_OUTER_BOUND('',#2620,.T.);
#2622 = DIRECTION('',(-1.000000000,0.000000000,0.000000000));
#2623 = DIRECTION('',(0.000000000,-1.000000000,0.000000000));
#2624 = AXIS2_PLACEMENT_3D('',#2580,#2622,#2623);
#2625 = PLANE('',#2624);
#2626 = FACE_SURFACE('',(#2621),#2625,.T.);
#2627 = CLOSED_SHELL('',(#2591,#2598,#2605,#2612,#2619,#2626));
#2628 = FACETED_BREP('black vent',#2627);
#2629 = APPLICATION_CONTEXT('configuration controlled 3d designs of mechanical parts and assemblies');
#2630 = APPLICATION_PROTOCOL_DEFINITION('international standard','config_control_design',1994,#2629);
#2631 = PRODUCT_CONTEXT('',#2629,'mechanical');
#2632 = PRODUCT('REF','Illustrative reference','NOT vendor CAD',(#2631));
#2633 = PRODUCT_DEFINITION_FORMATION_WITH_SPECIFIED_SOURCE('','',#2632,.NOT_KNOWN.);
#2634 = PRODUCT_DEFINITION_CONTEXT('part definition',#2629,'design');
#2635 = PRODUCT_DEFINITION('design','',#2633,#2634);
#2636 = PRODUCT_DEFINITION_SHAPE('','',#2635);
#2637 = (LENGTH_UNIT()NAMED_UNIT(*)SI_UNIT(.MILLI.,.METRE.));
#2638 = (NAMED_UNIT(*)PLANE_ANGLE_UNIT()SI_UNIT($,.RADIAN.));
#2639 = (NAMED_UNIT(*)SI_UNIT($,.STERADIAN.)SOLID_ANGLE_UNIT());
#2640 = UNCERTAINTY_MEASURE_WITH_UNIT(LENGTH_MEASURE(0.000001),#2637,'distance_accuracy_value','');
#2641 = (GEOMETRIC_REPRESENTATION_CONTEXT(3)GLOBAL_UNCERTAINTY_ASSIGNED_CONTEXT((#2640))GLOBAL_UNIT_ASSIGNED_CONTEXT((#2637,#2638,#2639))REPRESENTATION_CONTEXT('',''));
#2642 = FACETED_BREP_SHAPE_REPRESENTATION('Illustrative reference',(#52,#104,#156,#352,#548,#600,#652,#704,#756,#808,#860,#912,#964,#1016,#1068,#1120,#1172,#1224,#1276,#1328,#1380,#1432,#1484,#1536,#1588,#1640,#1692,#1744,#1796,#1848,#1900,#1952,#2004,#2056,#2108,#2160,#2212,#2264,#2316,#2368,#2420,#2472,#2524,#2576,#2628),#2641);
#2643 = SHAPE_DEFINITION_REPRESENTATION(#2636,#2642);
ENDSEC;
END-ISO-10303-21;
