ISO-10303-21;
HEADER;
FILE_DESCRIPTION (( 'STEP AP214' ),
    '1' );
FILE_NAME ('Fibrearm_assembly_try3.STEP',
    '2026-10-09T15:46:30',
    ( '' ),
    ( '' ),
    'SwSTEP 2.0',
    'SolidWorks 2025',
    '' );
FILE_SCHEMA (( 'AUTOMOTIVE_DESIGN' ));
ENDSEC;

DATA;
#1 = EDGE_LOOP ( 'NONE', ( #4689, #6081, #6328, #5904 ) ) ;
#2 = DIRECTION ( 'NONE',  ( -0.6501551545065827886, -0.3098309877324868511, -0.6937600695551980889 ) ) ;
#3 = CARTESIAN_POINT ( 'NONE',  ( -22.90013928550543554, -33.64466763093365387, 3.500000000000010214 ) ) ;
#4 = CARTESIAN_POINT ( 'NONE',  ( -8.000000000000035527, 0.000000000000000000, 0.000000000000000000 ) ) ;
#5 = VECTOR ( 'NONE', #956, 999.9999999999998863 ) ;
#6 = DIRECTION ( 'NONE',  ( -0.08803429357919559384, 0.9376491420330599347, -0.3362499808158784242 ) ) ;
#7 = ORIENTED_EDGE ( 'NONE', *, *, #5064, .T. ) ;
#8 = ORIENTED_EDGE ( 'NONE', *, *, #6886, .T. ) ;
#9 = DIRECTION ( 'NONE',  ( 1.000000000000000000, 0.000000000000000000, 0.000000000000000000 ) ) ;
#10 = DIRECTION ( 'NONE',  ( 0.000000000000000000, 0.000000000000000000, 1.000000000000000000 ) ) ;
#11 = AXIS2_PLACEMENT_3D ( 'NONE', #989, #899, #253 ) ;
#12 = EDGE_CURVE ( 'NONE', #7489, #2552, #2459, .T. ) ;
#13 = DIRECTION ( 'NONE',  ( -0.000000000000000000, -0.000000000000000000, -1.000000000000000000 ) ) ;
#14 = DIRECTION ( 'NONE',  ( -0.6662133453145483442, 0.000000000000000000, 0.7457612074416304360 ) ) ;
#15 = ORIENTED_EDGE ( 'NONE', *, *, #8041, .T. ) ;
#16 = CARTESIAN_POINT ( 'NONE',  ( 649.4487377973706543, 825.6707834207363703, 1290.121498870170626 ) ) ;
#17 = CIRCLE ( 'NONE', #1927, 4.449999999999988631 ) ;
#18 = CARTESIAN_POINT ( 'NONE',  ( 0.9592865468020030928, 0.9980206666878876920, -0.005503680371533870019 ) ) ;
#19 = EDGE_CURVE ( 'NONE', #7746, #264, #2327, .T. ) ;
#20 = CARTESIAN_POINT ( 'NONE',  ( 652.2432379346597600, 784.0882302350700002, 1318.626510014911673 ) ) ;
#21 = APPLICATION_PROTOCOL_DEFINITION ( 'draft international standard', 'automotive_design', 1998, #5680 ) ;
#22 = ORIENTED_EDGE ( 'NONE', *, *, #2314, .T. ) ;
#23 = LINE ( 'NONE', #5572, #3526 ) ;
#24 = CARTESIAN_POINT ( 'NONE',  ( 0.2349266935769369069, 0.3465614452013027758, -0.02248601727107255380 ) ) ;
#25 = EDGE_CURVE ( 'NONE', #5129, #2096, #7540, .T. ) ;
#26 = DIRECTION ( 'NONE',  ( 0.000000000000000000, 1.000000000000000000, 0.000000000000000000 ) ) ;
#27 = EDGE_CURVE ( 'NONE', #4456, #3993, #2461, .T. ) ;
#28 = CARTESIAN_POINT ( 'NONE',  ( -0.1475003613659162105, 0.5451800351695700320, -0.04086280049079017707 ) ) ;
#29 = DIRECTION ( 'NONE',  ( 0.000000000000000000, 0.000000000000000000, 1.000000000000000000 ) ) ;
#30 = CARTESIAN_POINT ( 'NONE',  ( 0.2406817437717867492, 0.06861390558454694144, -1.099999999999996758 ) ) ;
#31 = AXIS2_PLACEMENT_3D ( 'NONE', #3623, #6488, #6530 ) ;
#32 = EDGE_LOOP ( 'NONE', ( #6058, #3877, #3839, #6921 ) ) ;
#33 = CARTESIAN_POINT ( 'NONE',  ( -0.2055940580920553873, 0.1423034473983786352, -1.099999999999996758 ) ) ;
#34 = CARTESIAN_POINT ( 'NONE',  ( -0.5215622569957606425, 0.5997654799052820618, -0.08106766492350588049 ) ) ;
#35 = CARTESIAN_POINT ( 'NONE',  ( 0.1492697087174810200, 1.302670748118864186, -0.006944503301090088065 ) ) ;
#36 = ORIENTED_EDGE ( 'NONE', *, *, #2891, .T. ) ;
#37 = CARTESIAN_POINT ( 'NONE',  ( -0.02697841726614913505, -0.2485400671959486774, -1.099999999999996758 ) ) ;
#38 = DIRECTION ( 'NONE',  ( 0.08803429357919508036, -0.9376491420330606008, 0.3362499808158768699 ) ) ;
#39 = VECTOR ( 'NONE', #5148, 1000.000000000000114 ) ;
#40 = ORIENTED_EDGE ( 'NONE', *, *, #5064, .F. ) ;
#41 = ORIENTED_EDGE ( 'NONE', *, *, #5121, .T. ) ;
#42 = EDGE_CURVE ( 'NONE', #2103, #7922, #7191, .T. ) ;
#43 = ORIENTED_EDGE ( 'NONE', *, *, #5239, .T. ) ;
#45 = AXIS2_PLACEMENT_3D ( 'NONE', #892, #4295, #6435 ) ;
#44 = PLANE ( 'NONE',  #5791 ) ;
#46 = LINE ( 'NONE', #5686, #1410 ) ;
#47 = DIRECTION ( 'NONE',  ( 0.000000000000000000, 0.000000000000000000, 1.000000000000000000 ) ) ;
#48 = DIRECTION ( 'NONE',  ( -0.6501551545066610593, -0.3098309877324797457, -0.6937600695551274788 ) ) ;
#49 =( REPRESENTATION_RELATIONSHIP ('NONE','NONE', #74, #1311 ) REPRESENTATION_RELATIONSHIP_WITH_TRANSFORMATION ( #4482 )SHAPE_REPRESENTATION_RELATIONSHIP( ) );
#50 = FACE_OUTER_BOUND ( 'NONE', #6235, .T. ) ;
#51 = ORIENTED_EDGE ( 'NONE', *, *, #7588, .T. ) ;
#52 = ORIENTED_EDGE ( 'NONE', *, *, #416, .F. ) ;
#53 = CARTESIAN_POINT ( 'NONE',  ( 54.03290200691138523, -0.4496430414070579085, 0.000000000000000000 ) ) ;
#54 = AXIS2_PLACEMENT_3D ( 'NONE', #3476, #5560, #2246 ) ;
#55 = TOROIDAL_SURFACE ( 'NONE', #6297, 6.275000000000000355, 0.2000000000000000111 ) ;
#56 = FACE_OUTER_BOUND ( 'NONE', #8885, .T. ) ;
#57 = PRODUCT_RELATED_PRODUCT_CATEGORY ( 'part', '', ( #7272 ) ) ;
#58 = VECTOR ( 'NONE', #6780, 1000.000000000000114 ) ;
#59 = CARTESIAN_POINT ( 'NONE',  ( -45.00000000000004263, 37.69999999999999574, 4.000000000000003553 ) ) ;
#60 = LINE ( 'NONE', #5021, #4237 ) ;
#61 = ORIENTED_EDGE ( 'NONE', *, *, #338, .T. ) ;
#62 = DIRECTION ( 'NONE',  ( 0.6501551545066180937, 0.3098309877324748607, 0.6937600695551702223 ) ) ;
#63 = VECTOR ( 'NONE', #4350, 1000.000000000000114 ) ;
#64 = EDGE_CURVE ( 'NONE', #6664, #2404, #3733, .T. ) ;
#65 = CARTESIAN_POINT ( 'NONE',  ( 0.6117004174917682890, -0.1578423914816508566, -0.05117077444392768154 ) ) ;
#66 = CARTESIAN_POINT ( 'NONE',  ( 69.44773203368573888, -0.1721849730995650418, 8.000000000000000000 ) ) ;
#67 = APPLICATION_PROTOCOL_DEFINITION ( 'draft international standard', 'automotive_design', 1998, #226 ) ;
#68 = ORIENTED_EDGE ( 'NONE', *, *, #897, .T. ) ;
#69 = DIRECTION ( 'NONE',  ( 1.942890293094020494E-16, 1.000000000000000000, 0.000000000000000000 ) ) ;
#70 = VECTOR ( 'NONE', #3595, 1000.000000000000227 ) ;
#71 = CARTESIAN_POINT ( 'NONE',  ( -51.00000000000002842, 61.00000000000000000, -16.00000000000000000 ) ) ;
#72 = DIRECTION ( 'NONE',  ( 0.08803429357919534404, -0.9376491420330603788, 0.3362499808158775916 ) ) ;
#73 = EDGE_CURVE ( 'NONE', #3546, #1745, #2133, .T. ) ;
#74 = SHAPE_REPRESENTATION ( 'Fibrearm_assembly_try3', ( #1584, #7251, #1305, #6379, #2463, #3619, #8701, #431, #863, #5943 ), #1591 ) ;
#75 = CARTESIAN_POINT ( 'NONE',  ( -0.1459105242479951936, 0.6670057316558184457, -0.05972107100480211067 ) ) ;
#76 = DIRECTION ( 'NONE',  ( 0.9848077530122069101, -0.1736481776669371035, 0.000000000000000000 ) ) ;
#77 = EDGE_CURVE ( 'NONE', #1420, #6442, #2222, .T. ) ;
#78 = CARTESIAN_POINT ( 'NONE',  ( 0.1924284163752620902, 0.1597770853568603044, -1.099999999999996758 ) ) ;
#79 = ORIENTED_EDGE ( 'NONE', *, *, #4873, .T. ) ;
#80 = CARTESIAN_POINT ( 'NONE',  ( -5.229211351487961679, 8.984439865596868913, 8.000000000000000000 ) ) ;
#81 = LINE ( 'NONE', #4776, #6779 ) ;
#82 = ORIENTED_EDGE ( 'NONE', *, *, #3160, .T. ) ;
#83 = CARTESIAN_POINT ( 'NONE',  ( -19.50000000000003197, 52.49999999999999289, -4.799999999999999822 ) ) ;
#84 = DIRECTION ( 'NONE',  ( -0.08803429357919607956, 0.9376491420330607118, -0.3362499808158759262 ) ) ;
#85 = LINE ( 'NONE', #4660, #4871 ) ;
#86 = EDGE_CURVE ( 'NONE', #2480, #5856, #8443, .T. ) ;
#87 = VERTEX_POINT ( 'NONE', #7591 ) ;
#88 = CARTESIAN_POINT ( 'NONE',  ( 0.000000000000000000, 0.000000000000000000, -0.6312498056815705194 ) ) ;
#89 = ORIENTED_EDGE ( 'NONE', *, *, #7043, .T. ) ;
#90 = LINE ( 'NONE', #8321, #6816 ) ;
#91 = AXIS2_PLACEMENT_3D ( 'NONE', #4419, #232, #3011 ) ;
#92 = LINE ( 'NONE', #2917, #2570 ) ;
#93 = PLANE ( 'NONE',  #6207 ) ;
#94 = ORIENTED_EDGE ( 'NONE', *, *, #8760, .T. ) ;
#95 = CARTESIAN_POINT ( 'NONE',  ( -0.4357474349132343661, 0.3625989147301430515, -0.04129309890166059371 ) ) ;
#96 = DIRECTION ( 'NONE',  ( -0.6501551545065218374, -0.3098309877324859629, -0.6937600695552553765 ) ) ;
#97 = EDGE_LOOP ( 'NONE', ( #7246, #7195, #398, #8959 ) ) ;
#98 = EDGE_CURVE ( 'NONE', #6685, #1754, #4954, .T. ) ;
#99 = EDGE_LOOP ( 'NONE', ( #4370, #5442, #6954, #1251 ) ) ;
#100 = LINE ( 'NONE', #615, #285 ) ;
#101 = CIRCLE ( 'NONE', #8232, 3.499999999999996003 ) ;
#102 = CARTESIAN_POINT ( 'NONE',  ( -38.49999999999938183, 32.64339622641508498, 8.000000000000000000 ) ) ;
#103 = APPLICATION_CONTEXT ( 'automotive_design' ) ;
#104 = FACE_OUTER_BOUND ( 'NONE', #6074, .T. ) ;
#105 = DIRECTION ( 'NONE',  ( 0.08803429357919559384, -0.9376491420330599347, 0.3362499808158784242 ) ) ;
#106 = ORIENTED_EDGE ( 'NONE', *, *, #5018, .F. ) ;
#107 = CIRCLE ( 'NONE', #6793, 8.000000000000000000 ) ;
#108 = DIRECTION ( 'NONE',  ( 0.000000000000000000, 1.000000000000000000, -3.469446951953616161E-16 ) ) ;
#109 = ADVANCED_FACE ( 'NONE', ( #3457 ), #3586, .F. ) ;
#110 = AXIS2_PLACEMENT_3D ( 'NONE', #5068, #7341, #5745 ) ;
#111 = CARTESIAN_POINT ( 'NONE',  ( 0.7672178912665263972, 0.8254409663612793935, -0.005503680371533870019 ) ) ;
#112 = CARTESIAN_POINT ( 'NONE',  ( -0.2549160713667467104, -0.1699148359110280726, -0.5500000000000018208 ) ) ;
#113 = CONTEXT_DEPENDENT_SHAPE_REPRESENTATION ( #701, #2830 ) ;
#114 = ORIENTED_EDGE ( 'NONE', *, *, #8778, .T. ) ;
#115 = LINE ( 'NONE', #8344, #8601 ) ;
#116 = CARTESIAN_POINT ( 'NONE',  ( 0.2111845999495013393, 0.3252696033061382996, -0.01937295131113567562 ) ) ;
#117 = DIRECTION ( 'NONE',  ( 0.000000000000000000, 0.000000000000000000, 1.000000000000000000 ) ) ;
#118 = TOROIDAL_SURFACE ( 'NONE', #3904, 4.450000000000000178, 0.2000000000000000111 ) ;
#119 = CARTESIAN_POINT ( 'NONE',  ( -0.1487573096867083056, 0.3497776589994524010, -0.01871341753045359033 ) ) ;
#120 = CARTESIAN_POINT ( 'NONE',  ( 99.99999999999995737, 0.000000000000000000, 11.99999999999999645 ) ) ;
#121 = CARTESIAN_POINT ( 'NONE',  ( -0.3230791972343810547, -0.4249119911636357050, -0.03661865866010981241 ) ) ;
#122 = CLOSED_SHELL ( 'NONE', ( #3037, #225, #8655, #3113, #6527, #7683, #2978, #746, #666, #3810, #1038, #619, #3929, #1026, #7337, #6087, #8265, #6136, #3663, #1928, #1843, #6533, #1899, #6350, #5159, #5610, #5454, #1326, #5455, #5273, #8598, #3248, #2703, #6305, #8555, #543, #6484, #677, #3833, #788, #8099, #1338, #8112, #1288, #1020, #7200, #7667, #4473, #5648 ) ) ;
#123 = VERTEX_POINT ( 'NONE', #1497 ) ;
#124 = CARTESIAN_POINT ( 'NONE',  ( -0.2005467581562489499, 0.1494605406868187991, -1.099999999999996758 ) ) ;
#125 = CARTESIAN_POINT ( 'NONE',  ( 648.0657365494294027, 761.3829491696926652, 1314.153779823862124 ) ) ;
#126 = COLOUR_RGB ( '',0.7921568627450980005, 0.8196078431372548767, 0.9333333333333333481 ) ;
#127 = DIRECTION ( 'NONE',  ( 0.7906026614797350138, -0.6123295123225398484, 0.000000000000000000 ) ) ;
#128 = VECTOR ( 'NONE', #8870, 1000.000000000000114 ) ;
#129 = ORIENTED_EDGE ( 'NONE', *, *, #8930, .T. ) ;
#130 = DIRECTION ( 'NONE',  ( 0.000000000000000000, -1.000000000000000000, 7.228014483236707402E-16 ) ) ;
#131 = CARTESIAN_POINT ( 'NONE',  ( -38.49999999999938183, 43.26650763079985040, -8.000000000000000000 ) ) ;
#132 = LINE ( 'NONE', #4270, #2961 ) ;
#133 = EDGE_LOOP ( 'NONE', ( #7597, #457, #3095, #789 ) ) ;
#134 = CARTESIAN_POINT ( 'NONE',  ( -22.90013928550543554, -33.64466763093365387, 8.000000000000000000 ) ) ;
#135 = EDGE_CURVE ( 'NONE', #5221, #2563, #4136, .T. ) ;
#136 = AXIS2_PLACEMENT_3D ( 'NONE', #7523, #568, #3934 ) ;
#137 = EDGE_LOOP ( 'NONE', ( #2852, #8641 ) ) ;
#138 = CARTESIAN_POINT ( 'NONE',  ( -0.1613400328478661883, -0.3182245122606425225, -0.006944503301090088065 ) ) ;
#139 = DIRECTION ( 'NONE',  ( -0.6501551545066133198, -0.3098309877324793016, -0.6937600695551726648 ) ) ;
#140 = CARTESIAN_POINT ( 'NONE',  ( 648.8957514928182491, 816.6148678284589550, 1305.372286022541857 ) ) ;
#141 = VERTEX_POINT ( 'NONE', #2176 ) ;
#142 = CARTESIAN_POINT ( 'NONE',  ( -19.50000000000007105, 61.00000000000000000, -3.999999999999996447 ) ) ;
#143 = CARTESIAN_POINT ( 'NONE',  ( 651.2324618732261570, 781.9138293039400196, 1312.827722439541731 ) ) ;
#144 = EDGE_LOOP ( 'NONE', ( #5086, #82 ) ) ;
#145 = CIRCLE ( 'NONE', #5813, 1.024999999999998135 ) ;
#146 = ORIENTED_EDGE ( 'NONE', *, *, #4699, .F. ) ;
#147 = PRODUCT_DEFINITION_SHAPE ( 'NONE', 'NONE',  #8999 ) ;
#148 = CARTESIAN_POINT ( 'NONE',  ( 647.1700607111104091, 825.1822740132438412, 1297.311242925791021 ) ) ;
#149 = EDGE_CURVE ( 'NONE', #7223, #6664, #6047, .T. ) ;
#150 = AXIS2_PLACEMENT_3D ( 'NONE', #3077, #6443, #5803 ) ;
#151 = DIRECTION ( 'NONE',  ( -3.428155301009279818E-32, 8.955574241400646717E-33, 1.000000000000000000 ) ) ;
#152 = DIRECTION ( 'NONE',  ( 1.000000000000000000, 0.000000000000000000, 0.000000000000000000 ) ) ;
#153 = EDGE_LOOP ( 'NONE', ( #4600, #4366, #7771, #3760 ) ) ;
#154 = CARTESIAN_POINT ( 'NONE',  ( -0.7598443660431806190, -0.1552180122304494536, -0.07717157839198078573 ) ) ;
#155 = AXIS2_PLACEMENT_3D ( 'NONE', #6076, #8168, #3942 ) ;
#156 = CARTESIAN_POINT ( 'NONE',  ( 652.8890796320814616, 764.2692710629069097, 1319.155230357041546 ) ) ;
#157 = LINE ( 'NONE', #1575, #7890 ) ;
#158 = EDGE_CURVE ( 'NONE', #4139, #1089, #1456, .T. ) ;
#159 = APPLICATION_PROTOCOL_DEFINITION ( 'draft international standard', 'automotive_design', 1998, #8933 ) ;
#160 = VERTEX_POINT ( 'NONE', #7034 ) ;
#161 = DIRECTION ( 'NONE',  ( -3.466673899897024536E-32, -4.006689065479319709E-18, 1.000000000000000000 ) ) ;
#162 = CARTESIAN_POINT ( 'NONE',  ( 69.44977210575977722, -0.1607447605068562657, 7.988379335144624172 ) ) ;
#163 = DIRECTION ( 'NONE',  ( -0.6501551545066186488, -0.3098309877324711969, -0.6937600695551714436 ) ) ;
#164 = ORIENTED_EDGE ( 'NONE', *, *, #8249, .T. ) ;
#165 = FACE_OUTER_BOUND ( 'NONE', #2656, .T. ) ;
#166 = DIRECTION ( 'NONE',  ( -0.6501551545065826776, -0.3098309877325007844, -0.6937600695551917607 ) ) ;
#167 = AXIS2_PLACEMENT_3D ( 'NONE', #4255, #1537, #7758 ) ;
#168 = CARTESIAN_POINT ( 'NONE',  ( -0.2751129562956812769, -0.3823537309250346072, -0.02855458994767297656 ) ) ;
#169 = ORIENTED_EDGE ( 'NONE', *, *, #7514, .T. ) ;
#170 = CARTESIAN_POINT ( 'NONE',  ( -0.7352310087142346351, -0.7292441633437004578, -0.1374213291872001808 ) ) ;
#171 = DIRECTION ( 'NONE',  ( -0.08803429357919508036, 0.9376491420330606008, -0.3362499808158768699 ) ) ;
#172 = ORIENTED_EDGE ( 'NONE', *, *, #2998, .T. ) ;
#173 = DIRECTION ( 'NONE',  ( 0.5416752204196909615, -0.4545194776720395957, 0.7071067811865584529 ) ) ;
#174 = PLANE ( 'NONE',  #7172 ) ;
#175 = ORIENTED_EDGE ( 'NONE', *, *, #1142, .T. ) ;
#176 = CARTESIAN_POINT ( 'NONE',  ( 1.628127759114736506, -0.9400000000000380274, 0.000000000000000000 ) ) ;
#177 = VERTEX_POINT ( 'NONE', #5670 ) ;
#178 = ADVANCED_FACE ( 'NONE', ( #728 ), #814, .F. ) ;
#179 = ORIENTED_EDGE ( 'NONE', *, *, #3924, .F. ) ;
#180 = B_SPLINE_SURFACE_WITH_KNOTS ( 'NONE', 3, 1, ( 
 ( #235, #2965 ),
 ( #4421, #1014 ),
 ( #4466, #3100 ),
 ( #5877, #7197 ),
 ( #5013, #5830 ),
 ( #7829, #4374 ),
 ( #3781, #3649 ),
 ( #6560, #276 ),
 ( #5201, #1059 ),
 ( #328, #969 ),
 ( #375, #8643 ),
 ( #5739, #921 ),
 ( #3055, #8507 ),
 ( #3695, #8595 ),
 ( #5784, #2285 ),
 ( #3828, #5059 ) ),
 .UNSPECIFIED., .F., .F., .F.,
 ( 4, 1, 1, 1, 1, 1, 1, 1, 2, 1, 1, 1, 4 ),
 ( 2, 2 ),
 ( 0.000000000000000000, 0.02593101769496035033, 0.05186203538992070067, 0.07779305308488110304, 0.1037240707798414013, 0.1296550884748020049, 0.1555861061697625114, 0.1815171238647225183, 0.2074481415596829970, 0.4055861061697624836, 0.6037240707798419148, 0.8018620353899209574, 1.000000000000000000 ),
 ( 5.086733720773179579E-05, 1.000000000000000000 ),
 .UNSPECIFIED. ) ;
#181 = CYLINDRICAL_SURFACE ( 'NONE', #7504, 6.050000000000035350 ) ;
#182 = LINE ( 'NONE', #5736, #6203 ) ;
#183 = VECTOR ( 'NONE', #6640, 1000.000000000000000 ) ;
#184 = ORIENTED_EDGE ( 'NONE', *, *, #7271, .T. ) ;
#185 = CARTESIAN_POINT ( 'NONE',  ( 647.2140778579004063, 824.7134494422277839, 1297.479367916201909 ) ) ;
#186 = CARTESIAN_POINT ( 'NONE',  ( 647.6591454045142200, 822.5622989133947840, 1291.364257813251243 ) ) ;
#187 = ORIENTED_EDGE ( 'NONE', *, *, #982, .F. ) ;
#188 = ADVANCED_FACE ( 'NONE', ( #2901 ), #4977, .F. ) ;
#189 = EDGE_LOOP ( 'NONE', ( #6100, #1541 ) ) ;
#190 = B_SPLINE_CURVE_WITH_KNOTS ( 'NONE', 3,
 ( #6525, #2392, #2251, #3661, #5213, #337, #5885, #6431, #4432, #290, #1572, #5072, #7978, #3112, #8605, #7209, #154, #7884, #3067, #5167, #4524 ),
 .UNSPECIFIED., .F., .F.,
 ( 4, 2, 2, 1, 2, 2, 2, 1, 1, 2, 2, 4 ),
 ( 0.000000000000000000, 0.1249999999999985012, 0.1874999999999976408, 0.2187499999999973077, 0.2343749999999973077, 0.2499999999999972800, 0.3749999999999976130, 0.4374999999999977796, 0.4687499999999979461, 0.4843749999999981126, 0.4999999999999983347, 1.000000000000000000 ),
 .UNSPECIFIED. ) ;
#191 = ADVANCED_FACE ( 'NONE', ( #2809 ), #5583, .T. ) ;
#192 = CARTESIAN_POINT ( 'NONE',  ( 1.205161582790062358, 0.000000000000000000, -0.1790072184735952421 ) ) ;
#193 = DIRECTION ( 'NONE',  ( -0.08803429357919559384, 0.9376491420330599347, -0.3362499808158784242 ) ) ;
#194 = VECTOR ( 'NONE', #2789, 1000.000000000000227 ) ;
#195 = LINE ( 'NONE', #6385, #473 ) ;
#196 = VERTEX_POINT ( 'NONE', #771 ) ;
#197 = LINE ( 'NONE', #932, #2173 ) ;
#198 = DIRECTION ( 'NONE',  ( 1.000000000000000000, 0.000000000000000000, -0.000000000000000000 ) ) ;
#199 = AXIS2_PLACEMENT_3D ( 'NONE', #4481, #936, #3890 ) ;
#200 = DIRECTION ( 'NONE',  ( 0.6427876096865419164, 0.7660444431189759040, 0.000000000000000000 ) ) ;
#201 = CIRCLE ( 'NONE', #5302, 3.000000000000002665 ) ;
#202 =( LENGTH_UNIT ( ) NAMED_UNIT ( * ) SI_UNIT ( .MILLI., .METRE. ) );
#203 = EDGE_LOOP ( 'NONE', ( #8206, #5789, #3630, #224 ) ) ;
#204 = CARTESIAN_POINT ( 'NONE',  ( -19.50000000000003197, 52.49999999999999289, 0.000000000000000000 ) ) ;
#205 = EDGE_CURVE ( 'NONE', #1559, #1049, #7858, .T. ) ;
#206 = LINE ( 'NONE', #2985, #2121 ) ;
#207 = CARTESIAN_POINT ( 'NONE',  ( 651.0095474641658484, 784.2880802453124716, 1311.976293266620814 ) ) ;
#208 = VECTOR ( 'NONE', #2989, 1000.000000000000000 ) ;
#209 = ORIENTED_EDGE ( 'NONE', *, *, #5267, .T. ) ;
#210 = CARTESIAN_POINT ( 'NONE',  ( -10.75000000000003730, 32.50000000000000000, 3.500000000000003109 ) ) ;
#211 = DIRECTION ( 'NONE',  ( 0.000000000000000000, 0.000000000000000000, 1.000000000000000000 ) ) ;
#212 = VERTEX_POINT ( 'NONE', #5720 ) ;
#213 = EDGE_CURVE ( 'NONE', #6730, #8149, #7079, .T. ) ;
#214 = CARTESIAN_POINT ( 'NONE',  ( 0.2055940580921525318, 0.1423034473983786352, -1.099999999999996758 ) ) ;
#215 = CIRCLE ( 'NONE', #6029, 6.624999999999891642 ) ;
#216 = VERTEX_POINT ( 'NONE', #1042 ) ;
#217 = CARTESIAN_POINT ( 'NONE',  ( -0.5825660923939387503, -0.5407056193548002154, -0.08106766492356691500 ) ) ;
#218 = PRODUCT_DEFINITION_SHAPE ( 'NONE', 'NONE',  #9001 ) ;
#219 = ORIENTED_EDGE ( 'NONE', *, *, #888, .F. ) ;
#220 = DIRECTION ( 'NONE',  ( -1.000000000000000000, -0.000000000000000000, 0.000000000000000000 ) ) ;
#221 = CARTESIAN_POINT ( 'NONE',  ( -51.00000000000002842, 37.69999999999999574, -8.000000000000000000 ) ) ;
#222 = ORIENTED_EDGE ( 'NONE', *, *, #2710, .F. ) ;
#223 = CYLINDRICAL_SURFACE ( 'NONE', #3566, 8.000000000000058620 ) ;
#224 = ORIENTED_EDGE ( 'NONE', *, *, #2141, .T. ) ;
#225 = ADVANCED_FACE ( 'NONE', ( #1588 ), #2408, .F. ) ;
#226 = APPLICATION_CONTEXT ( 'automotive_design' ) ;
#227 = EDGE_CURVE ( 'NONE', #4008, #1086, #3811, .T. ) ;
#228 = SURFACE_SIDE_STYLE ('',( #7774 ) ) ;
#229 = CIRCLE ( 'NONE', #7046, 7.500000000000017764 ) ;
#230 = EDGE_LOOP ( 'NONE', ( #52, #6501, #7395, #5548 ) ) ;
#231 = FACE_OUTER_BOUND ( 'NONE', #267, .T. ) ;
#232 = DIRECTION ( 'NONE',  ( -0.08803429357919508036, 0.9376491420330606008, -0.3362499808158768699 ) ) ;
#233 = ORIENTED_EDGE ( 'NONE', *, *, #5320, .T. ) ;
#234 = AXIS2_PLACEMENT_3D ( 'NONE', #3631, #2995, #6407 ) ;
#235 = CARTESIAN_POINT ( 'NONE',  ( -0.1912919324710202207, 0.3081581918797371422, -5.595407092523485559E-05 ) ) ;
#236 = CARTESIAN_POINT ( 'NONE',  ( 69.44773203368573888, -0.1721849730995372862, 0.000000000000000000 ) ) ;
#237 = VECTOR ( 'NONE', #6731, 1000.000000000000114 ) ;
#238 = VERTEX_POINT ( 'NONE', #7812 ) ;
#239 = ORIENTED_EDGE ( 'NONE', *, *, #8868, .F. ) ;
#240 = CARTESIAN_POINT ( 'NONE',  ( -10.75000000000003730, 32.50000000000000000, 10.49999999999999467 ) ) ;
#241 = CARTESIAN_POINT ( 'NONE',  ( 644.6717258940285546, 827.1796507297847256, 1303.535117497471219 ) ) ;
#242 = AXIS2_PLACEMENT_3D ( 'NONE', #8207, #1986, #6163 ) ;
#243 = DIRECTION ( 'NONE',  ( -1.000000000000000000, 1.942890293094020494E-16, 0.000000000000000000 ) ) ;
#244 = ORIENTED_EDGE ( 'NONE', *, *, #359, .T. ) ;
#245 = DIRECTION ( 'NONE',  ( -0.08803429357919559384, 0.9376491420330599347, -0.3362499808158784242 ) ) ;
#246 = CARTESIAN_POINT ( 'NONE',  ( -0.8579078152919985545, 0.1606026648449387917, -0.007003500707411514092 ) ) ;
#247 = PRODUCT_DEFINITION_CONTEXT ( 'detailed design', #1161, 'design' ) ;
#248 = CARTESIAN_POINT ( 'NONE',  ( -79.16128945491944080, -19.96931467505824642, 2.888888888888885287 ) ) ;
#249 = EDGE_CURVE ( 'NONE', #4014, #5071, #2036, .T. ) ;
#250 = ITEM_DEFINED_TRANSFORMATION ( 'NONE', 'NONE', #6379,  #4639 ) ;
#251 = FACE_OUTER_BOUND ( 'NONE', #97, .T. ) ;
#252 = CARTESIAN_POINT ( 'NONE',  ( 652.4180961614333683, 769.2856939727846566, 1317.356292959671691 ) ) ;
#253 = DIRECTION ( 'NONE',  ( -0.1610798504276418630, -0.3465180766742010920, -0.9241095737650493191 ) ) ;
#254 = EDGE_LOOP ( 'NONE', ( #4355, #5275, #4338, #3596 ) ) ;
#255 = CARTESIAN_POINT ( 'NONE',  ( 1.586925035823583130E-11, 1.197708322671714454, -0.1855446119989057063 ) ) ;
#256 = DIRECTION ( 'NONE',  ( 0.9714137623810650268, 0.1555226214723551825, 0.1793544436779587470 ) ) ;
#257 = ORIENTED_EDGE ( 'NONE', *, *, #2741, .T. ) ;
#258 = CARTESIAN_POINT ( 'NONE',  ( -0.3735170372627545921, -0.4696010592369305736, -0.04612237365610365181 ) ) ;
#259 = ORIENTED_EDGE ( 'NONE', *, *, #5575, .F. ) ;
#260 = CARTESIAN_POINT ( 'NONE',  ( -0.4731990752728326144, -0.4077539903823217404, -0.05003158142736867375 ) ) ;
#261 = CONICAL_SURFACE ( 'NONE', #8829, 6.662717692106524758, 0.2617993877991466878 ) ;
#262 = ADVANCED_FACE ( 'NONE', ( #2450 ), #8576, .T. ) ;
#263 = DIRECTION ( 'NONE',  ( 0.000000000000000000, -1.000000000000000000, 1.734723475976808080E-16 ) ) ;
#264 = VERTEX_POINT ( 'NONE', #5137 ) ;
#265 = CARTESIAN_POINT ( 'NONE',  ( 649.3732880054672023, 825.6416561679152437, 1290.555478655602883 ) ) ;
#266 = FACE_BOUND ( 'NONE', #2271, .T. ) ;
#267 = EDGE_LOOP ( 'NONE', ( #2690, #5319, #5832, #8005 ) ) ;
#268 = CARTESIAN_POINT ( 'NONE',  ( -0.2497184969373761332, -0.01452837954020458344, -1.099999999999996758 ) ) ;
#269 = EDGE_LOOP ( 'NONE', ( #4274, #3558, #7289, #336, #6043 ) ) ;
#270 = LINE ( 'NONE', #3048, #3628 ) ;
#271 = VERTEX_POINT ( 'NONE', #4451 ) ;
#272 = DIRECTION ( 'NONE',  ( 0.7457612074416313241, 7.285838599102576978E-16, 0.6662133453145471229 ) ) ;
#273 = CARTESIAN_POINT ( 'NONE',  ( -19.50000000000003197, 44.00000000000000000, 0.000000000000000000 ) ) ;
#274 = VERTEX_POINT ( 'NONE', #5089 ) ;
#275 = EDGE_CURVE ( 'NONE', #2449, #4818, #7131, .T. ) ;
#276 = CARTESIAN_POINT ( 'NONE',  ( -0.1058664573324388791, 0.2264912728631718331, -1.099999999999996758 ) ) ;
#277 = DIRECTION ( 'NONE',  ( -0.1736481776669358545, -0.9848077530122071321, 0.000000000000000000 ) ) ;
#278 = EDGE_CURVE ( 'NONE', #6658, #1355, #7240, .T. ) ;
#279 = EDGE_LOOP ( 'NONE', ( #2062, #5058, #7991, #6292 ) ) ;
#280 = ORIENTED_EDGE ( 'NONE', *, *, #6332, .F. ) ;
#281 = AXIS2_PLACEMENT_3D ( 'NONE', #7035, #2903, #7904 ) ;
#282 = B_SPLINE_CURVE_WITH_KNOTS ( 'NONE', 3,
 ( #6411, #5045, #1595, #3681, #3088, #4406, #1783 ),
 .UNSPECIFIED., .F., .F.,
 ( 4, 1, 1, 1, 4 ),
 ( 0.000000000000000000, 0.2500000000000000000, 0.5000000000000000000, 0.7500000000000000000, 1.000000000000000000 ),
 .UNSPECIFIED. ) ;
#283 = LINE ( 'NONE', #3703, #6295 ) ;
#284 = ADVANCED_FACE ( 'NONE', ( #5948 ), #6190, .T. ) ;
#285 = VECTOR ( 'NONE', #4796, 1000.000000000000114 ) ;
#286 = DIRECTION ( 'NONE',  ( 0.000000000000000000, -1.734723475976807094E-16, -1.000000000000000000 ) ) ;
#287 = CARTESIAN_POINT ( 'NONE',  ( -1.154700538379224817, -2.000000000000112799, 0.1199999999999951106 ) ) ;
#288 = B_SPLINE_CURVE_WITH_KNOTS ( 'NONE', 3,
 ( #3532, #5615, #8980, #4124, #4766, #762, #1447 ),
 .UNSPECIFIED., .F., .F.,
 ( 4, 1, 1, 1, 4 ),
 ( 0.000000000000000000, 0.2500000000000000000, 0.5000000000000000000, 0.7500000000000000000, 1.000000000000000000 ),
 .UNSPECIFIED. ) ;
#289 = EDGE_LOOP ( 'NONE', ( #1988, #7877, #6718, #8309 ) ) ;
#290 = CARTESIAN_POINT ( 'NONE',  ( -0.5526930897731382464, -0.1585560838101943981, -0.04247548585018194600 ) ) ;
#291 = CARTESIAN_POINT ( 'NONE',  ( -22.90013928550543554, -33.64466763093365387, 4.499999999999990230 ) ) ;
#292 = CIRCLE ( 'NONE', #8564, 5.000000000000004441 ) ;
#294 = ADVANCED_BREP_SHAPE_REPRESENTATION ( '', ( #4131, #4639 ), #8263 ) ;
#293 = PRODUCT ( 'RS_2484551_M2_Hex_Nut_SIMPLIFIED', 'RS_2484551_M2_Hex_Nut_SIMPLIFIED', '', ( #4249 ) ) ;
#295 = DIRECTION ( 'NONE',  ( -0.6501551545066162063, -0.3098309877324738060, -0.6937600695551724428 ) ) ;
#296 = EDGE_CURVE ( 'NONE', #2103, #5328, #7640, .T. ) ;
#297 = CARTESIAN_POINT ( 'NONE',  ( 646.8307471942673601, 828.7962864055925820, 1296.015223398740545 ) ) ;
#298 = LINE ( 'NONE', #7260, #3432 ) ;
#299 = DIRECTION ( 'NONE',  ( 0.6501551545066159843, 0.3098309877324751938, 0.6937600695551718877 ) ) ;
#300 = CARTESIAN_POINT ( 'NONE',  ( -10.75000000000003730, 34.89999999999999858, 3.500000000000003109 ) ) ;
#301 = TOROIDAL_SURFACE ( 'NONE', #8569, 6.100000000000000533, 0.05000000000000000278 ) ;
#302 = VERTEX_POINT ( 'NONE', #454 ) ;
#303 = DIRECTION ( 'NONE',  ( -0.1610798504276334531, -0.3465180766742013696, -0.9241095737650505404 ) ) ;
#304 = CARTESIAN_POINT ( 'NONE',  ( -10.75000000000003730, 44.00000000000001421, -6.999999999999999112 ) ) ;
#305 = ADVANCED_FACE ( 'NONE', ( #6719 ), #1087, .F. ) ;
#306 = ORIENTED_EDGE ( 'NONE', *, *, #3262, .T. ) ;
#307 = CARTESIAN_POINT ( 'NONE',  ( 648.0919611815270400, 824.1273863511415811, 1302.145126461590962 ) ) ;
#308 = ORIENTED_EDGE ( 'NONE', *, *, #3998, .F. ) ;
#309 = EDGE_CURVE ( 'NONE', #2512, #6152, #6914, .T. ) ;
#310 = CARTESIAN_POINT ( 'NONE',  ( -0.4895447868792466295, -0.4275170742001923041, -0.05417551234836560925 ) ) ;
#311 = EDGE_CURVE ( 'NONE', #4222, #5516, #6628, .T. ) ;
#312 = FILL_AREA_STYLE_COLOUR ( '', #6652 ) ;
#313 = ORIENTED_EDGE ( 'NONE', *, *, #2402, .T. ) ;
#314 = AXIS2_PLACEMENT_3D ( 'NONE', #7071, #3754, #6534 ) ;
#315 = CARTESIAN_POINT ( 'NONE',  ( 0.000000000000000000, 0.000000000000000000, 0.000000000000000000 ) ) ;
#316 = DIRECTION ( 'NONE',  ( 0.9848077530122070211, -0.1736481776669358268, 0.000000000000000000 ) ) ;
#317 = VERTEX_POINT ( 'NONE', #8217 ) ;
#318 = LINE ( 'NONE', #5821, #949 ) ;
#319 = ORIENTED_EDGE ( 'NONE', *, *, #7620, .T. ) ;
#320 = CARTESIAN_POINT ( 'NONE',  ( 0.1478664344421841970, -0.5096046138369574319, -0.03621124102004925210 ) ) ;
#321 = DIRECTION ( 'NONE',  ( -0.000000000000000000, -1.000000000000000000, -0.000000000000000000 ) ) ;
#322 = CIRCLE ( 'NONE', #8297, 6.474999999999972111 ) ;
#323 = ORIENTED_EDGE ( 'NONE', *, *, #4214, .F. ) ;
#324 = CARTESIAN_POINT ( 'NONE',  ( -5.229211351487961679, 8.984439865596868913, 6.999999999999999112 ) ) ;
#325 = DIRECTION ( 'NONE',  ( 0.000000000000000000, 0.000000000000000000, -1.000000000000000000 ) ) ;
#326 = ORIENTED_EDGE ( 'NONE', *, *, #8281, .T. ) ;
#327 = EDGE_CURVE ( 'NONE', #7823, #1841, #5330, .T. ) ;
#328 = CARTESIAN_POINT ( 'NONE',  ( -0.1499974470292944617, 0.3386469201729080947, -5.595407092523485559E-05 ) ) ;
#329 = CARTESIAN_POINT ( 'NONE',  ( -5.229211351487961679, 8.984439865596868913, 6.999999999999999112 ) ) ;
#330 = ORIENTED_EDGE ( 'NONE', *, *, #1622, .F. ) ;
#331 = ORIENTED_EDGE ( 'NONE', *, *, #2934, .F. ) ;
#332 = EDGE_CURVE ( 'NONE', #264, #4547, #1130, .T. ) ;
#333 = CARTESIAN_POINT ( 'NONE',  ( -5.055563173821026268, 9.969247618609081485, 1.000000000000000888 ) ) ;
#334 = CARTESIAN_POINT ( 'NONE',  ( 0.1084470364371911688, 1.200297652328971676, -0.1785173072915841042 ) ) ;
#335 = CARTESIAN_POINT ( 'NONE',  ( 652.4180961614322314, 769.2856939727837471, 1317.356292959670782 ) ) ;
#336 = ORIENTED_EDGE ( 'NONE', *, *, #6090, .F. ) ;
#337 = CARTESIAN_POINT ( 'NONE',  ( -0.5043405651337216078, -0.1591139511284437591, -0.03596009292521443884 ) ) ;
#338 = EDGE_CURVE ( 'NONE', #4284, #8874, #1179, .T. ) ;
#339 = AXIS2_PLACEMENT_3D ( 'NONE', #3773, #8635, #7281 ) ;
#340 = PRODUCT_DEFINITION ( 'UNKNOWN', '', #5075, #6528 ) ;
#341 = CARTESIAN_POINT ( 'NONE',  ( -0.2475313329836706377, 0.03568906935942639524, -1.099999999999996758 ) ) ;
#342 = UNCERTAINTY_MEASURE_WITH_UNIT (LENGTH_MEASURE( 1.000000000000000082E-05 ), #8712, 'distance_accuracy_value', 'NONE');
#343 = CARTESIAN_POINT ( 'NONE',  ( -8.000000000000035527, 0.000000000000000000, 0.000000000000000000 ) ) ;
#344 = ITEM_DEFINED_TRANSFORMATION ( 'NONE', 'NONE', #863,  #4639 ) ;
#345 = DIRECTION ( 'NONE',  ( 0.000000000000000000, -1.043936067042438934E-16, -1.000000000000000000 ) ) ;
#346 = AXIS2_PLACEMENT_3D ( 'NONE', #3541, #812, #7761 ) ;
#347 = FACE_OUTER_BOUND ( 'NONE', #6423, .T. ) ;
#348 = FILL_AREA_STYLE ('',( #8444 ) ) ;
#349 = CARTESIAN_POINT ( 'NONE',  ( -0.2497184969373761332, -0.01452837954020458344, -1.099999999999996758 ) ) ;
#350 = ORIENTED_EDGE ( 'NONE', *, *, #4425, .T. ) ;
#351 = CARTESIAN_POINT ( 'NONE',  ( 0.09328736242356777675, 1.194617578033685401, -0.1855446092705187455 ) ) ;
#352 = LINE ( 'NONE', #8845, #6643 ) ;
#353 = CIRCLE ( 'NONE', #6599, 3.000000000000002665 ) ;
#354 = EDGE_LOOP ( 'NONE', ( #1333, #7262, #536, #3906 ) ) ;
#355 = CIRCLE ( 'NONE', #2879, 2.092771362693152337 ) ;
#356 = CARTESIAN_POINT ( 'NONE',  ( -0.6989615982594833410, -0.7542537675393147234, -0.1320186572490136823 ) ) ;
#357 = EDGE_LOOP ( 'NONE', ( #2427, #3653 ) ) ;
#358 = CARTESIAN_POINT ( 'NONE',  ( -0.7942275935007364618, 0.1544503289998371554, -0.08400489824628275259 ) ) ;
#359 = EDGE_CURVE ( 'NONE', #931, #3047, #496, .T. ) ;
#360 = FACE_OUTER_BOUND ( 'NONE', #7773, .T. ) ;
#361 = ORIENTED_EDGE ( 'NONE', *, *, #1536, .F. ) ;
#362 = CARTESIAN_POINT ( 'NONE',  ( 648.9707103373068549, 815.5927390180044085, 1305.625082613641098 ) ) ;
#363 = LINE ( 'NONE', #2501, #6401 ) ;
#364 = VERTEX_POINT ( 'NONE', #2545 ) ;
#365 = CARTESIAN_POINT ( 'NONE',  ( -0.3431035238127752574, -0.1611920933936583644, 0.000000000000000000 ) ) ;
#366 = VERTEX_POINT ( 'NONE', #542 ) ;
#367 = CARTESIAN_POINT ( 'NONE',  ( 0.3012137072747958499, 0.1911833901366982724, -0.01651591231734139686 ) ) ;
#368 = CIRCLE ( 'NONE', #7188, 0.1000000000000000472 ) ;
#369 = CYLINDRICAL_SURFACE ( 'NONE', #3533, 4.449999999999971756 ) ;
#370 = DIRECTION ( 'NONE',  ( -0.08803429357919523301, 0.9376491420330602677, -0.3362499808158777581 ) ) ;
#371 = ADVANCED_FACE ( 'NONE', ( #5321, #3994 ), #1223, .F. ) ;
#372 = CARTESIAN_POINT ( 'NONE',  ( 647.2140778579004063, 824.7134494422277839, 1297.479367916201909 ) ) ;
#373 = CARTESIAN_POINT ( 'NONE',  ( 0.2343715281923203220, -0.08778266593795214234, -1.099999999999996758 ) ) ;
#374 = EDGE_LOOP ( 'NONE', ( #7807, #3360, #6276, #2924 ) ) ;
#375 = CARTESIAN_POINT ( 'NONE',  ( -0.1499970567476610617, 0.4206422842373130910, -5.595407092523485559E-05 ) ) ;
#376 = DIRECTION ( 'NONE',  ( -1.000000000000000000, 0.000000000000000000, 0.000000000000000000 ) ) ;
#377 = ORIENTED_EDGE ( 'NONE', *, *, #3426, .F. ) ;
#378 = VERTEX_POINT ( 'NONE', #3272 ) ;
#379 = AXIS2_PLACEMENT_3D ( 'NONE', #8034, #370, #910 ) ;
#380 = LINE ( 'NONE', #5114, #928 ) ;
#381 = ADVANCED_FACE ( 'NONE', ( #4633 ), #1269, .T. ) ;
#382 = CARTESIAN_POINT ( 'NONE',  ( 646.4220555362727509, 829.5299699795606330, 1303.162435824071508 ) ) ;
#383 = LINE ( 'NONE', #8603, #1197 ) ;
#384 = ORIENTED_EDGE ( 'NONE', *, *, #5182, .T. ) ;
#385 = DIRECTION ( 'NONE',  ( 0.4999999999999996669, -0.8660254037844388186, 0.000000000000000000 ) ) ;
#386 = AXIS2_PLACEMENT_3D ( 'NONE', #1652, #5198, #965 ) ;
#387 = DIRECTION ( 'NONE',  ( 0.000000000000000000, 0.000000000000000000, -1.000000000000000000 ) ) ;
#388 = LINE ( 'NONE', #248, #5145 ) ;
#389 = DIRECTION ( 'NONE',  ( -0.6427876096865414723, -0.7660444431189761261, 0.000000000000000000 ) ) ;
#390 = TOROIDAL_SURFACE ( 'NONE', #5192, 7.450000000000000178, 0.05000000000000000278 ) ;
#391 = DIRECTION ( 'NONE',  ( -0.1610798504276342025, -0.3465180766741942087, -0.9241095737650530939 ) ) ;
#392 = SURFACE_STYLE_FILL_AREA ( #4578 ) ;
#393 = DIRECTION ( 'NONE',  ( -0.7546841976764251392, 0.1575399805934446784, 0.6368931749454592728 ) ) ;
#394 = EDGE_CURVE ( 'NONE', #302, #6299, #3316, .T. ) ;
#395 = DIRECTION ( 'NONE',  ( 0.9848077530122070211, -0.1736481776669360211, 0.000000000000000000 ) ) ;
#396 = ADVANCED_FACE ( 'NONE', ( #4719 ), #7497, .T. ) ;
#397 = CARTESIAN_POINT ( 'NONE',  ( -0.1486619742442651659, -0.4193494966603320551, -0.02553203470338438405 ) ) ;
#398 = ORIENTED_EDGE ( 'NONE', *, *, #5095, .F. ) ;
#399 = CARTESIAN_POINT ( 'NONE',  ( 650.1718629829914562, 779.8576545858794589, 1306.776862953241107 ) ) ;
#400 = EDGE_LOOP ( 'NONE', ( #7151, #2544, #2699, #3007 ) ) ;
#401 = B_SPLINE_CURVE_WITH_KNOTS ( 'NONE', 3,
 ( #3376, #8956, #2604, #1924, #2011, #5463, #5373, #3965, #2562, #4651, #7468, #6916, #1881, #3288, #5338, #8147, #3419, #4691, #8107, #5417, #4780, #7555, #6827, #1286, #6189, #7512, #692, #1240, #4007, #6781, #8189, #4049, #601 ),
 .UNSPECIFIED., .F., .F.,
 ( 4, 2, 2, 1, 1, 1, 2, 2, 2, 1, 1, 2, 2, 2, 2, 2, 2, 2, 4 ),
 ( 0.000000000000000000, 0.2500000000000062728, 0.3750000000000094369, 0.4375000000000109912, 0.4687500000000115463, 0.4843750000000118239, 0.4921875000000117129, 0.5000000000000116573, 0.6250000000000095479, 0.6875000000000083267, 0.7187500000000075495, 0.7343750000000072164, 0.7500000000000067724, 0.8125000000000049960, 0.8437500000000041078, 0.8750000000000032196, 0.9375000000000016653, 0.9687500000000008882, 1.000000000000000000 ),
 .UNSPECIFIED. ) ;
#402 = CARTESIAN_POINT ( 'NONE',  ( 31.99999999999995737, 61.00000000000000000, 16.00000000000000000 ) ) ;
#403 = CYLINDRICAL_SURFACE ( 'NONE', #4341, 3.499999999999996003 ) ;
#404 = ORIENTED_EDGE ( 'NONE', *, *, #64, .T. ) ;
#405 = CARTESIAN_POINT ( 'NONE',  ( 32.04776646736709722, -2.716401473161503155, 8.000000000000000000 ) ) ;
#406 = DIRECTION ( 'NONE',  ( -3.428155301009279818E-32, 8.955574241400646717E-33, 1.000000000000000000 ) ) ;
#407 = ORIENTED_EDGE ( 'NONE', *, *, #6357, .F. ) ;
#408 = FACE_OUTER_BOUND ( 'NONE', #5235, .T. ) ;
#409 = ORIENTED_EDGE ( 'NONE', *, *, #8887, .T. ) ;
#410 = CARTESIAN_POINT ( 'NONE',  ( 0.1486425605960383367, -0.4218374829270321036, -0.02580586772918768562 ) ) ;
#411 = AXIS2_PLACEMENT_3D ( 'NONE', #7997, #8625, #263 ) ;
#412 = CARTESIAN_POINT ( 'NONE',  ( 0.000000000000000000, 0.000000000000000000, -3.999994818175235611 ) ) ;
#413 = AXIS2_PLACEMENT_3D ( 'NONE', #6521, #286, #3064 ) ;
#414 = ORIENTED_EDGE ( 'NONE', *, *, #7084, .T. ) ;
#415 = ADVANCED_BREP_SHAPE_REPRESENTATION ( '', ( #4174, #4639 ), #3909 ) ;
#416 = EDGE_CURVE ( 'NONE', #8158, #3082, #3632, .T. ) ;
#417 = PLANE ( 'NONE',  #6919 ) ;
#418 = DIRECTION ( 'NONE',  ( -3.469446951953616654E-16, -1.000000000000000000, -5.290906601729265582E-16 ) ) ;
#419 = ORIENTED_EDGE ( 'NONE', *, *, #1962, .F. ) ;
#420 = DIRECTION ( 'NONE',  ( -0.000000000000000000, -1.000000000000000000, -0.000000000000000000 ) ) ;
#421 = CARTESIAN_POINT ( 'NONE',  ( -45.00000000000004263, 37.69999999999999574, -4.000000000000003553 ) ) ;
#422 = ORIENTED_EDGE ( 'NONE', *, *, #6176, .F. ) ;
#423 = CONICAL_SURFACE ( 'NONE', #5930, 2.158314041935077032, 0.6981317007977310141 ) ;
#424 = ORIENTED_EDGE ( 'NONE', *, *, #1672, .F. ) ;
#425 = EDGE_CURVE ( 'NONE', #1415, #5061, #2843, .T. ) ;
#426 = CARTESIAN_POINT ( 'NONE',  ( 66.50201929804504175, -2.639792811676672457, 0.000000000000000000 ) ) ;
#427 = EDGE_CURVE ( 'NONE', #1669, #2051, #4897, .T. ) ;
#428 = CARTESIAN_POINT ( 'NONE',  ( 32.04776646736709722, -2.716401473161503155, 0.000000000000000000 ) ) ;
#429 = CARTESIAN_POINT ( 'NONE',  ( -51.49128347109065373, -13.26793249036944999, 0.000000000000000000 ) ) ;
#430 = AXIS2_PLACEMENT_3D ( 'NONE', #4541, #6586, #4403 ) ;
#431 = AXIS2_PLACEMENT_3D ( 'NONE', #4078, #8386, #4941 ) ;
#432 = DIRECTION ( 'NONE',  ( 0.000000000000000000, 0.000000000000000000, 1.000000000000000000 ) ) ;
#433 = ORIENTED_EDGE ( 'NONE', *, *, #6983, .T. ) ;
#434 = FACE_BOUND ( 'NONE', #1122, .T. ) ;
#435 = B_SPLINE_CURVE_WITH_KNOTS ( 'NONE', 3,
 ( #2174, #4950, #2220, #168, #5718, #3584, #121, #7992, #7901, #1040, #258, #1864, #4538, #1684, #6673, #2448, #2543, #6583, #3854, #356, #3038 ),
 .UNSPECIFIED., .F., .F.,
 ( 4, 2, 2, 1, 2, 2, 2, 1, 1, 2, 2, 4 ),
 ( 0.000000000000000000, 0.1249999999999992784, 0.1874999999999990563, 0.2187499999999989453, 0.2343749999999987788, 0.2499999999999986122, 0.3749999999999980016, 0.4374999999999977240, 0.4687499999999977796, 0.4843749999999976685, 0.4999999999999975575, 1.000000000000000000 ),
 .UNSPECIFIED. ) ;
#436 = CARTESIAN_POINT ( 'NONE',  ( 0.000000000000000000, 0.000000000000000000, 1.599999999999997202 ) ) ;
#437 = ADVANCED_FACE ( 'NONE', ( #5488 ), #3445, .T. ) ;
#438 = UNCERTAINTY_MEASURE_WITH_UNIT (LENGTH_MEASURE( 1.000000000000000082E-05 ), #1331, 'distance_accuracy_value', 'NONE');
#439 = DIRECTION ( 'NONE',  ( -0.08803429357919559384, 0.9376491420330599347, -0.3362499808158784242 ) ) ;
#440 = CIRCLE ( 'NONE', #5806, 0.1999999999998900158 ) ;
#441 = CARTESIAN_POINT ( 'NONE',  ( -19.50000000000003197, 42.69999999999999574, -9.999999999999994671 ) ) ;
#442 = ORIENTED_EDGE ( 'NONE', *, *, #4703, .T. ) ;
#443 = FACE_OUTER_BOUND ( 'NONE', #3003, .T. ) ;
#444 = CARTESIAN_POINT ( 'NONE',  ( 0.1318513288453351806, -0.2124034535540830770, -1.099999999999996758 ) ) ;
#445 = CARTESIAN_POINT ( 'NONE',  ( -0.1480258596314884545, -0.4940017536495324157, -0.03416496051115051891 ) ) ;
#446 = VECTOR ( 'NONE', #8767, 1000.000000000000000 ) ;
#447 = VECTOR ( 'NONE', #6112, 1000.000000000000000 ) ;
#448 = ADVANCED_FACE ( 'NONE', ( #7025 ), #6345, .F. ) ;
#449 = CARTESIAN_POINT ( 'NONE',  ( -0.3013393296245406305, -0.2008583549564790793, -0.005503671348411343089 ) ) ;
#450 = EDGE_LOOP ( 'NONE', ( #114, #5652 ) ) ;
#451 = EDGE_CURVE ( 'NONE', #3510, #2239, #8255, .T. ) ;
#452 = CARTESIAN_POINT ( 'NONE',  ( -0.2291401384215685511, -0.1002011349464093648, -1.099999999999996758 ) ) ;
#453 = VERTEX_POINT ( 'NONE', #6300 ) ;
#454 = CARTESIAN_POINT ( 'NONE',  ( 1.154700538379252350, -2.000000000000001776, 1.480000000000002203 ) ) ;
#455 = AXIS2_PLACEMENT_3D ( 'NONE', #2413, #5189, #4638 ) ;
#456 = FILL_AREA_STYLE_COLOUR ( '', #5620 ) ;
#457 = ORIENTED_EDGE ( 'NONE', *, *, #8492, .T. ) ;
#458 = CARTESIAN_POINT ( 'NONE',  ( -46.00000000000004263, 32.69999999999999574, 8.000000000000000000 ) ) ;
#459 = FACE_OUTER_BOUND ( 'NONE', #7376, .T. ) ;
#460 = PLANE ( 'NONE',  #6894 ) ;
#461 = EDGE_LOOP ( 'NONE', ( #5290, #3755, #818, #1849 ) ) ;
#462 = DIRECTION ( 'NONE',  ( 0.000000000000000000, 0.000000000000000000, -1.000000000000000000 ) ) ;
#463 = ADVANCED_FACE ( 'NONE', ( #2039 ), #4810, .T. ) ;
#464 = DIRECTION ( 'NONE',  ( 0.000000000000000000, -1.000000000000000000, 0.000000000000000000 ) ) ;
#465 = ORIENTED_EDGE ( 'NONE', *, *, #5922, .T. ) ;
#466 = VECTOR ( 'NONE', #8336, 1000.000000000000114 ) ;
#467 = FACE_OUTER_BOUND ( 'NONE', #6871, .T. ) ;
#468 = DIRECTION ( 'NONE',  ( -1.000000000000000000, 1.942890293094020494E-16, 0.000000000000000000 ) ) ;
#469 = EDGE_LOOP ( 'NONE', ( #8585, #7469, #5869, #4398 ) ) ;
#470 = CARTESIAN_POINT ( 'NONE',  ( -1.154700538379252350, 1.999999999999890754, 0.1199999999999951106 ) ) ;
#471 = CARTESIAN_POINT ( 'NONE',  ( 0.8361759912694499697, 0.8575050536983180871, -0.1855446092705256844 ) ) ;
#472 = ORIENTED_EDGE ( 'NONE', *, *, #591, .F. ) ;
#473 = VECTOR ( 'NONE', #7745, 1000.000000000000114 ) ;
#474 = EDGE_CURVE ( 'NONE', #6119, #3047, #288, .T. ) ;
#475 = LINE ( 'NONE', #1292, #7178 ) ;
#476 = LINE ( 'NONE', #5924, #8052 ) ;
#477 = EDGE_CURVE ( 'NONE', #4389, #6730, #6898, .T. ) ;
#478 = CARTESIAN_POINT ( 'NONE',  ( -0.01809113237669079943, 1.197708322671825476, -0.1855446119989057063 ) ) ;
#479 = DIRECTION ( 'NONE',  ( 0.08803429357919534404, -0.9376491420330603788, 0.3362499808158775916 ) ) ;
#480 = VERTEX_POINT ( 'NONE', #675 ) ;
#481 = DIRECTION ( 'NONE',  ( -0.000000000000000000, 0.000000000000000000, -1.000000000000000000 ) ) ;
#482 = ADVANCED_FACE ( 'NONE', ( #8389 ), #840, .F. ) ;
#483 = PLANE ( 'NONE',  #8464 ) ;
#484 = CARTESIAN_POINT ( 'NONE',  ( 0.1615731425276961675, 0.2602832582351555235, -0.5500000000000018208 ) ) ;
#485 = ORIENTED_EDGE ( 'NONE', *, *, #1054, .T. ) ;
#486 = CARTESIAN_POINT ( 'NONE',  ( 0.4803377652048207991, -0.5637354896794813941, -0.07015313896796145088 ) ) ;
#487 = VECTOR ( 'NONE', #8589, 1000.000000000000114 ) ;
#488 = DIRECTION ( 'NONE',  ( -0.08803429357917752496, 0.9376491420330677062, -0.3362499808158609937 ) ) ;
#489 = CARTESIAN_POINT ( 'NONE',  ( 649.3502444784462568, 776.6401277940176442, 1311.901882888881346 ) ) ;
#490 = CARTESIAN_POINT ( 'NONE',  ( 650.1718629829916836, 779.8576545858808231, 1306.776862953240880 ) ) ;
#491 = DIRECTION ( 'NONE',  ( -0.08803429357921255249, 0.9376491420330352877, -0.3362499808159428172 ) ) ;
#492 = ORIENTED_EDGE ( 'NONE', *, *, #4450, .F. ) ;
#493 = VECTOR ( 'NONE', #2713, 1000.000000000000227 ) ;
#494 = CARTESIAN_POINT ( 'NONE',  ( 0.1310298908849330535, -0.2129133684582035224, -1.099999999999996758 ) ) ;
#495 = EDGE_LOOP ( 'NONE', ( #4407, #7089, #4364, #4186 ) ) ;
#496 = LINE ( 'NONE', #4587, #2762 ) ;
#497 = DIRECTION ( 'NONE',  ( 0.000000000000000000, -1.445602896647342072E-15, -1.000000000000000000 ) ) ;
#498 = ORIENTED_EDGE ( 'NONE', *, *, #5562, .F. ) ;
#499 = DIRECTION ( 'NONE',  ( 0.1736481776669351329, 0.9848077530122071321, 0.000000000000000000 ) ) ;
#500 = CARTESIAN_POINT ( 'NONE',  ( -55.32150568668554769, -10.05399444193674796, 8.000000000000000000 ) ) ;
#501 = DIRECTION ( 'NONE',  ( 0.000000000000000000, 0.000000000000000000, 1.000000000000000000 ) ) ;
#502 = VECTOR ( 'NONE', #2704, 1000.000000000000000 ) ;
#503 = CARTESIAN_POINT ( 'NONE',  ( 0.3276173297639128901, 0.1621197163424736853, -0.01732536583499283411 ) ) ;
#504 = AXIS2_PLACEMENT_3D ( 'NONE', #8871, #3245, #8745 ) ;
#505 = CYLINDRICAL_SURFACE ( 'NONE', #5707, 8.000000000000000000 ) ;
#506 = VERTEX_POINT ( 'NONE', #1318 ) ;
#507 = EDGE_CURVE ( 'NONE', #1971, #4721, #23, .T. ) ;
#508 = VECTOR ( 'NONE', #2688, 1000.000000000000114 ) ;
#509 = DIRECTION ( 'NONE',  ( 0.000000000000000000, 0.000000000000000000, 1.000000000000000000 ) ) ;
#510 = CARTESIAN_POINT ( 'NONE',  ( -0.1700863687544018621, 0.1832752439042545367, -1.099999999999996758 ) ) ;
#511 = VERTEX_POINT ( 'NONE', #4080 ) ;
#512 = CARTESIAN_POINT ( 'NONE',  ( -19.50000000000003197, 44.00000000000000000, 0.000000000000000000 ) ) ;
#513 = CARTESIAN_POINT ( 'NONE',  ( 0.3018085676027154607, -0.1957547294765965562, 0.000000000000000000 ) ) ;
#514 = ORIENTED_EDGE ( 'NONE', *, *, #4611, .T. ) ;
#515 = CIRCLE ( 'NONE', #7339, 4.758500000000008612 ) ;
#516 = EDGE_CURVE ( 'NONE', #2470, #6093, #115, .T. ) ;
#517 = CARTESIAN_POINT ( 'NONE',  ( -0.1018936698160208265, -0.2283036096131924042, -1.099999999999996758 ) ) ;
#518 = AXIS2_PLACEMENT_3D ( 'NONE', #1114, #3065, #432 ) ;
#519 = LINE ( 'NONE', #4565, #2390 ) ;
#520 = DIRECTION ( 'NONE',  ( 0.000000000000000000, 0.000000000000000000, 1.000000000000000000 ) ) ;
#521 = ORIENTED_EDGE ( 'NONE', *, *, #2379, .F. ) ;
#522 = CARTESIAN_POINT ( 'NONE',  ( -72.33186411754803657, -29.68957794475944567, 3.652959807705483009 ) ) ;
#523 = B_SPLINE_CURVE_WITH_KNOTS ( 'NONE', 3,
 ( #2070, #4837, #2111, #8328, #1393, #5646, #4194, #4153, #6965, #3519, #6286, #410, #8006, #5329, #6686, #3232, #2505, #320, #4411, #2417, #8633, #6004, #1787, #3867, #960, #5147, #3912, #1831, #7368, #7912 ),
 .UNSPECIFIED., .F., .F.,
 ( 4, 2, 2, 1, 2, 2, 2, 1, 1, 2, 2, 2, 1, 1, 1, 2, 2, 4 ),
 ( 0.000000000000000000, 0.06249999999999714118, 0.07812499999999635014, 0.09374999999999554523, 0.1249999999999941436, 0.1406249999999934219, 0.1562499999999927280, 0.1874999999999911182, 0.2187499999999895361, 0.2343749999999888145, 0.2499999999999880929, 0.3749999999999845124, 0.4374999999999828471, 0.4687499999999820699, 0.4843749999999817923, 0.4921874999999816258, 0.4999999999999815703, 1.000000000000000000 ),
 .UNSPECIFIED. ) ;
#524 = ORIENTED_EDGE ( 'NONE', *, *, #7100, .T. ) ;
#525 = FACE_BOUND ( 'NONE', #894, .T. ) ;
#526 = CARTESIAN_POINT ( 'NONE',  ( -40.00000000000003553, 42.69999999999999574, 4.000000000000003553 ) ) ;
#527 = CARTESIAN_POINT ( 'NONE',  ( -0.1732444538684180246, -0.1802397270410371899, -1.099999999999996758 ) ) ;
#528 = CIRCLE ( 'NONE', #2990, 1.447518239883292201 ) ;
#529 = ORIENTED_EDGE ( 'NONE', *, *, #1517, .T. ) ;
#530 = CARTESIAN_POINT ( 'NONE',  ( 0.7644888956925917078, -0.8088890057084839880, -0.1587879453398192975 ) ) ;
#531 = CARTESIAN_POINT ( 'NONE',  ( 653.2920366104506229, 807.9066408058002935, 1308.838704168650793 ) ) ;
#532 = CARTESIAN_POINT ( 'NONE',  ( 0.1636149652515447861, -0.1891761046620421549, -1.099999999999996758 ) ) ;
#533 = CARTESIAN_POINT ( 'NONE',  ( -0.1386054794087837327, -1.008043543349839810, -0.1325120764567587761 ) ) ;
#534 = VECTOR ( 'NONE', #1834, 1000.000000000000227 ) ;
#535 = CARTESIAN_POINT ( 'NONE',  ( -22.90013928550543554, -33.64466763093365387, 1.000000000000000888 ) ) ;
#536 = ORIENTED_EDGE ( 'NONE', *, *, #1156, .F. ) ;
#537 = ADVANCED_FACE ( 'NONE', ( #633 ), #3404, .F. ) ;
#538 = AXIS2_PLACEMENT_3D ( 'NONE', #4046, #5499, #2727 ) ;
#539 = FACE_BOUND ( 'NONE', #8369, .T. ) ;
#540 =( NAMED_UNIT ( * ) SI_UNIT ( $, .STERADIAN. ) SOLID_ANGLE_UNIT ( ) );
#541 = VERTEX_POINT ( 'NONE', #7847 ) ;
#542 = CARTESIAN_POINT ( 'NONE',  ( 648.9384943672207555, 815.5234354026697474, 1305.440260698891052 ) ) ;
#543 = ADVANCED_FACE ( 'NONE', ( #3117 ), #3028, .T. ) ;
#544 = EDGE_LOOP ( 'NONE', ( #7253, #5820, #4881, #4829 ) ) ;
#545 = CARTESIAN_POINT ( 'NONE',  ( -10.75000000000003730, 34.89999999999999858, -5.299999999999989164 ) ) ;
#546 = DIRECTION ( 'NONE',  ( 0.1610798504274744969, 0.3465180766741772223, 0.9241095737650873998 ) ) ;
#547 = DIRECTION ( 'NONE',  ( -0.1610798504276418630, -0.3465180766742010920, -0.9241095737650493191 ) ) ;
#548 = AXIS2_PLACEMENT_3D ( 'NONE', #3603, #4372, #7146 ) ;
#549 = CARTESIAN_POINT ( 'NONE',  ( 0.2262728214071849098, -0.1063043286627096684, -1.099999999999996758 ) ) ;
#550 = ADVANCED_FACE ( 'NONE', ( #251 ), #1628, .T. ) ;
#551 = ORIENTED_EDGE ( 'NONE', *, *, #5683, .T. ) ;
#552 = CARTESIAN_POINT ( 'NONE',  ( -61.20236144145427204, -1.505287146606623772, 1.000000000000000888 ) ) ;
#553 = CARTESIAN_POINT ( 'NONE',  ( 0.6001394430945397040, -0.1607247088689922609, -0.007003500707418452986 ) ) ;
#554 = ORIENTED_EDGE ( 'NONE', *, *, #6425, .F. ) ;
#555 = DIRECTION ( 'NONE',  ( -1.000000000000000000, 0.000000000000000000, 0.000000000000000000 ) ) ;
#556 = STYLED_ITEM ( 'NONE', ( #2409 ), #1357 ) ;
#557 = CARTESIAN_POINT ( 'NONE',  ( 0.2178001925594863497, -0.1228491913547874459, -1.099999999999996758 ) ) ;
#558 = VERTEX_POINT ( 'NONE', #8479 ) ;
#559 = EDGE_LOOP ( 'NONE', ( #3589, #1730, #3146, #864, #7970, #693, #7738, #8197, #5582, #8815, #6703, #2502, #5150 ) ) ;
#560 = CARTESIAN_POINT ( 'NONE',  ( -0.04680233716243542563, -0.2457807441468562448, -1.099999999999996758 ) ) ;
#561 = EDGE_CURVE ( 'NONE', #8942, #6709, #8434, .T. ) ;
#562 = EDGE_CURVE ( 'NONE', #6858, #906, #721, .T. ) ;
#563 = DIRECTION ( 'NONE',  ( 1.000000000000000000, 0.000000000000000000, 0.000000000000000000 ) ) ;
#564 = DIRECTION ( 'NONE',  ( -3.428155301009279818E-32, 8.955574241400646717E-33, 1.000000000000000000 ) ) ;
#565 = ORIENTED_EDGE ( 'NONE', *, *, #3283, .T. ) ;
#566 = DIRECTION ( 'NONE',  ( -0.4999999999999998890, -0.8660254037844387076, 0.000000000000000000 ) ) ;
#567 = ORIENTED_EDGE ( 'NONE', *, *, #2880, .F. ) ;
#568 = DIRECTION ( 'NONE',  ( -3.466673899897024536E-32, -4.006689065479319709E-18, 1.000000000000000000 ) ) ;
#569 = CARTESIAN_POINT ( 'NONE',  ( 646.9906385140265002, 852.4144023577400731, 1290.362579881721786 ) ) ;
#570 = CLOSED_SHELL ( 'NONE', ( #7221, #2833, #2495, #4606, #7998, #976, #4615, #8013, #2150, #4242, #8176, #4583, #5898, #4111, #1610, #7258, #861, #6909, #7697, #284, #2188, #4088, #7993, #3783, #1766, #2974, #1182, #2639, #5171, #8204, #4262, #6243, #3841 ) ) ;
#571 = PLANE ( 'NONE',  #6018 ) ;
#572 = EDGE_CURVE ( 'NONE', #2540, #4516, #5040, .T. ) ;
#573 = EDGE_LOOP ( 'NONE', ( #1636, #4236, #6737, #8927 ) ) ;
#574 = CARTESIAN_POINT ( 'NONE',  ( -10.75000000000003730, 32.50000000000000000, 6.999999999999999112 ) ) ;
#575 = CARTESIAN_POINT ( 'NONE',  ( 646.9785861225755070, 827.2216608971669984, 1296.579899217520278 ) ) ;
#576 = ORIENTED_EDGE ( 'NONE', *, *, #3656, .T. ) ;
#577 = CARTESIAN_POINT ( 'NONE',  ( 0.3830732459089020159, -0.4802727190503786048, -0.005503671348411343089 ) ) ;
#578 = DIRECTION ( 'NONE',  ( 1.000000000000000000, -1.020425574104004246E-16, -0.000000000000000000 ) ) ;
#579 =( REPRESENTATION_RELATIONSHIP ('NONE','NONE', #74, #7519 ) REPRESENTATION_RELATIONSHIP_WITH_TRANSFORMATION ( #2797 )SHAPE_REPRESENTATION_RELATIONSHIP( ) );
#580 = EDGE_CURVE ( 'NONE', #264, #5061, #5755, .T. ) ;
#581 = CARTESIAN_POINT ( 'NONE',  ( 1.154700538379252350, 2.000000000000001776, 1.599999999999997202 ) ) ;
#582 = ORIENTED_EDGE ( 'NONE', *, *, #4195, .F. ) ;
#583 = VECTOR ( 'NONE', #6330, 1000.000000000000000 ) ;
#584 = CARTESIAN_POINT ( 'NONE',  ( 0.1499964551165064441, -0.5803670807907196361, -5.595407092523485559E-05 ) ) ;
#585 = CARTESIAN_POINT ( 'NONE',  ( -38.65036860342180347, 17.41549637398182071, 52.39473502807132377 ) ) ;
#586 = VERTEX_POINT ( 'NONE', #5028 ) ;
#587 = DIRECTION ( 'NONE',  ( 1.000000000000000000, -1.110223024625150131E-16, -3.312599504346026509E-32 ) ) ;
#588 = CARTESIAN_POINT ( 'NONE',  ( 99.99999999999995737, -3.469446951953614189E-15, -1.459999999999995968 ) ) ;
#589 = ORIENTED_EDGE ( 'NONE', *, *, #4319, .F. ) ;
#590 = CARTESIAN_POINT ( 'NONE',  ( 0.1745366508429588293, -0.1789887077793261838, -1.099999999999996758 ) ) ;
#591 = EDGE_CURVE ( 'NONE', #7617, #5205, #1577, .T. ) ;
#592 = AXIS2_PLACEMENT_3D ( 'NONE', #291, #3209, #8838 ) ;
#593 = CARTESIAN_POINT ( 'NONE',  ( 648.1417840103285926, 824.0091601380680686, 1302.397198372500497 ) ) ;
#594 = ADVANCED_FACE ( 'NONE', ( #4345 ), #2259, .F. ) ;
#595 = FACE_OUTER_BOUND ( 'NONE', #3745, .T. ) ;
#596 = AXIS2_PLACEMENT_3D ( 'NONE', #4039, #1185, #1870 ) ;
#597 = EDGE_LOOP ( 'NONE', ( #5146, #8646 ) ) ;
#598 = CARTESIAN_POINT ( 'NONE',  ( 0.1290932872244562879, 0.2141022683312954200, -1.099999999999996758 ) ) ;
#599 = EDGE_LOOP ( 'NONE', ( #4239, #3364, #7417, #2110 ) ) ;
#600 = CARTESIAN_POINT ( 'NONE',  ( -19.50000000000003197, 52.49999999999999289, 0.000000000000000000 ) ) ;
#601 = CARTESIAN_POINT ( 'NONE',  ( 0.1903814225755126599, 0.3066914228453260227, -0.01690487344975510897 ) ) ;
#602 = VERTEX_POINT ( 'NONE', #7119 ) ;
#603 = AXIS2_PLACEMENT_3D ( 'NONE', #6973, #1443, #798 ) ;
#604 = ORIENTED_EDGE ( 'NONE', *, *, #3797, .T. ) ;
#605 = DIRECTION ( 'NONE',  ( 0.000000000000000000, -1.000000000000000000, 3.469446951953613696E-16 ) ) ;
#606 = EDGE_CURVE ( 'NONE', #586, #6115, #3751, .T. ) ;
#607 = DIRECTION ( 'NONE',  ( 0.000000000000000000, -1.000000000000000000, -1.342203514768850498E-16 ) ) ;
#608 = CARTESIAN_POINT ( 'NONE',  ( -0.3042526831175326740, -0.1827359650515281153, -0.01634740505108284170 ) ) ;
#609 = DIRECTION ( 'NONE',  ( -0.08803429357919508036, 0.9376491420330606008, -0.3362499808158768699 ) ) ;
#610 = EDGE_CURVE ( 'NONE', #3091, #5093, #1861, .T. ) ;
#611 = ORIENTED_EDGE ( 'NONE', *, *, #5315, .T. ) ;
#612 = CARTESIAN_POINT ( 'NONE',  ( -2.170837012152995626, -1.110223024625156540E-13, 0.000000000000000000 ) ) ;
#613 = AXIS2_PLACEMENT_3D ( 'NONE', #7274, #6632, #3861 ) ;
#614 = ORIENTED_EDGE ( 'NONE', *, *, #6554, .F. ) ;
#615 = CARTESIAN_POINT ( 'NONE',  ( -40.03389286725685281, 43.15131540114300890, -4.000000000000003553 ) ) ;
#616 = EDGE_CURVE ( 'NONE', #620, #1143, #6206, .T. ) ;
#617 = LINE ( 'NONE', #2659, #447 ) ;
#618 = CARTESIAN_POINT ( 'NONE',  ( -2.309401076758463400, -1.110223024625156540E-13, 0.1199999999999951106 ) ) ;
#619 = ADVANCED_FACE ( 'NONE', ( #1675 ), #5845, .T. ) ;
#620 = VERTEX_POINT ( 'NONE', #6396 ) ;
#621 =( NAMED_UNIT ( * ) PLANE_ANGLE_UNIT ( ) SI_UNIT ( $, .RADIAN. ) );
#622 = EDGE_CURVE ( 'NONE', #4456, #8418, #3389, .T. ) ;
#623 = CARTESIAN_POINT ( 'NONE',  ( 0.5526930897733013381, 0.1585560838101986447, -0.04247548585020529538 ) ) ;
#624 = ORIENTED_EDGE ( 'NONE', *, *, #4238, .F. ) ;
#625 = EDGE_CURVE ( 'NONE', #366, #8545, #7304, .T. ) ;
#626 = CARTESIAN_POINT ( 'NONE',  ( 0.2550229861376374085, -0.3652138575121477437, -0.005503671348411343089 ) ) ;
#627 = ADVANCED_FACE ( 'NONE', ( #1534 ), #4986, .T. ) ;
#628 = DIRECTION ( 'NONE',  ( -1.942890293094020494E-16, -1.000000000000000000, 0.000000000000000000 ) ) ;
#629 = VERTEX_POINT ( 'NONE', #8916 ) ;
#630 = CARTESIAN_POINT ( 'NONE',  ( 0.08031120315046824665, -0.2369572611374964888, -1.099999999999996758 ) ) ;
#631 = SHAPE_REPRESENTATION_RELATIONSHIP ( 'NONE' , 'NONE' ,  #4729, #8113 ) ;
#632 = VERTEX_POINT ( 'NONE', #7301 ) ;
#633 = FACE_OUTER_BOUND ( 'NONE', #1836, .T. ) ;
#634 = CARTESIAN_POINT ( 'NONE',  ( 0.8344834358427893894, -0.8593723072788522765, -0.1855944456733704673 ) ) ;
#635 = EDGE_LOOP ( 'NONE', ( #244, #3438, #2175, #582 ) ) ;
#636 = CARTESIAN_POINT ( 'NONE',  ( 0.4676193942497949840, -0.3984207509933335167, -0.005503680371526931125 ) ) ;
#637 = CARTESIAN_POINT ( 'NONE',  ( -0.2549160713666911993, 0.1699148359111946061, -0.5500000000000018208 ) ) ;
#638 = DIRECTION ( 'NONE',  ( 0.7457612074416313241, 7.285838599102576978E-16, 0.6662133453145471229 ) ) ;
#639 = AXIS2_PLACEMENT_3D ( 'NONE', #134, #3598, #8544 ) ;
#640 = CARTESIAN_POINT ( 'NONE',  ( 0.2343715281923203220, -0.08778266593795214234, -1.099999999999996758 ) ) ;
#641 = EDGE_CURVE ( 'NONE', #302, #4653, #5263, .T. ) ;
#642 = EDGE_LOOP ( 'NONE', ( #8787, #1283, #790, #7594 ) ) ;
#643 = CARTESIAN_POINT ( 'NONE',  ( 1.198003443398251822, 0.004408623404811295998, -0.1855446138864791372 ) ) ;
#644 = LINE ( 'NONE', #6053, #237 ) ;
#645 = DIRECTION ( 'NONE',  ( -0.5023995340230817952, 0.5152146723878706647, -0.6943691738330910468 ) ) ;
#646 = CIRCLE ( 'NONE', #4113, 2.999999999999995559 ) ;
#647 = ORIENTED_EDGE ( 'NONE', *, *, #3001, .T. ) ;
#648 = AXIS2_PLACEMENT_3D ( 'NONE', #2273, #2953, #8448 ) ;
#649 = CARTESIAN_POINT ( 'NONE',  ( 647.2864350959250714, 825.6707453280815798, 1290.687509529321687 ) ) ;
#650 = DIRECTION ( 'NONE',  ( -0.000000000000000000, -0.000000000000000000, 1.000000000000000000 ) ) ;
#651 = ORIENTED_EDGE ( 'NONE', *, *, #2593, .F. ) ;
#652 = ORIENTED_EDGE ( 'NONE', *, *, #982, .T. ) ;
#653 = CIRCLE ( 'NONE', #6739, 4.249999999999929834 ) ;
#654 = ADVANCED_FACE ( 'NONE', ( #6833 ), #8962, .T. ) ;
#655 = AXIS2_PLACEMENT_3D ( 'NONE', #4095, #691, #1422 ) ;
#656 = CARTESIAN_POINT ( 'NONE',  ( -70.77019035178879847, -28.94224419921709313, 4.741119044777156510 ) ) ;
#657 = CARTESIAN_POINT ( 'NONE',  ( 646.8307471942673601, 828.7962864055925820, 1296.015223398740545 ) ) ;
#658 = CARTESIAN_POINT ( 'NONE',  ( 644.9203750550367431, 826.4223029724586240, 1302.845106668170729 ) ) ;
#659 = FACE_OUTER_BOUND ( 'NONE', #4353, .T. ) ;
#660 = ORIENTED_EDGE ( 'NONE', *, *, #4727, .T. ) ;
#661 = DIRECTION ( 'NONE',  ( 0.7457612074416304360, -6.112251534928495471E-16, 0.6662133453145483442 ) ) ;
#662 = ORIENTED_EDGE ( 'NONE', *, *, #4435, .F. ) ;
#663 = CARTESIAN_POINT ( 'NONE',  ( 646.9345689757865330, 827.6904854681829420, 1296.411774227111209 ) ) ;
#664 = AXIS2_PLACEMENT_3D ( 'NONE', #2765, #6134, #8264 ) ;
#665 = CARTESIAN_POINT ( 'NONE',  ( 31.99999999999996447, 32.50000000000000000, 11.99999999999999645 ) ) ;
#666 = ADVANCED_FACE ( 'NONE', ( #4788 ), #8282, .T. ) ;
#667 = CARTESIAN_POINT ( 'NONE',  ( 0.3567429195963006117, -0.4547376047717823222, -0.04291518781664321186 ) ) ;
#668 = CARTESIAN_POINT ( 'NONE',  ( -76.88665920154704736, -20.19710534951443748, 5.433012701892218743 ) ) ;
#669 = ORIENTED_EDGE ( 'NONE', *, *, #6864, .F. ) ;
#670 = DIRECTION ( 'NONE',  ( -1.110223024625150131E-16, -1.000000000000000000, -4.006689065479291976E-18 ) ) ;
#671 = CARTESIAN_POINT ( 'NONE',  ( 0.7751541619682066342, -0.1548799145081597994, -0.08017913447821665984 ) ) ;
#672 = AXIS2_PLACEMENT_3D ( 'NONE', #1593, #1642, #4267 ) ;
#673 = CARTESIAN_POINT ( 'NONE',  ( -46.00000000000004263, 37.69999999999999574, 8.000000000000000000 ) ) ;
#674 = ORIENTED_EDGE ( 'NONE', *, *, #4100, .T. ) ;
#675 = CARTESIAN_POINT ( 'NONE',  ( 2.275759744361847196E-16, 2.006872931984000186, -0.6181764442694248629 ) ) ;
#676 = AXIS2_PLACEMENT_3D ( 'NONE', #2675, #2497, #6042 ) ;
#677 = ADVANCED_FACE ( 'NONE', ( #6149 ), #6876, .F. ) ;
#678 = CARTESIAN_POINT ( 'NONE',  ( 647.4300545488722491, 813.2364262909976560, 1296.929873008691175 ) ) ;
#679 = EDGE_CURVE ( 'NONE', #3648, #1248, #8660, .T. ) ;
#680 = ORIENTED_EDGE ( 'NONE', *, *, #7501, .T. ) ;
#681 = LINE ( 'NONE', #2679, #1046 ) ;
#682 = DIRECTION ( 'NONE',  ( 0.000000000000000000, 0.000000000000000000, -1.000000000000000000 ) ) ;
#683 = DIRECTION ( 'NONE',  ( -0.08803429357919297094, 0.9376491420330588245, -0.3362499808158819214 ) ) ;
#684 = CARTESIAN_POINT ( 'NONE',  ( 0.2454279539717552083, -0.04899927627652345130, -1.099999999999996758 ) ) ;
#685 = ORIENTED_EDGE ( 'NONE', *, *, #3179, .T. ) ;
#686 = CARTESIAN_POINT ( 'NONE',  ( -0.4676193942497811062, 0.3984207509933612723, -0.005503680371526931125 ) ) ;
#687 = CARTESIAN_POINT ( 'NONE',  ( -8.000000000000028422, 55.99999999999999289, -11.41619848709565765 ) ) ;
#688 = CARTESIAN_POINT ( 'NONE',  ( 0.1517857706098135750, 0.3372265239102584244, -0.006944503301090088065 ) ) ;
#689 = EDGE_LOOP ( 'NONE', ( #3707, #3314, #8773, #2290 ) ) ;
#690 = CIRCLE ( 'NONE', #6494, 0.2000000000000567157 ) ;
#691 = DIRECTION ( 'NONE',  ( 0.08803429357919559384, -0.9376491420330599347, 0.3362499808158784242 ) ) ;
#692 = CARTESIAN_POINT ( 'NONE',  ( 0.1486651026652036911, 0.3752565386578912143, -0.02101515076464848322 ) ) ;
#693 = ORIENTED_EDGE ( 'NONE', *, *, #2089, .T. ) ;
#694 = ORIENTED_EDGE ( 'NONE', *, *, #8482, .F. ) ;
#695 = EDGE_CURVE ( 'NONE', #1355, #6518, #3161, .T. ) ;
#696 = ORIENTED_EDGE ( 'NONE', *, *, #4253, .T. ) ;
#697 = CARTESIAN_POINT ( 'NONE',  ( -40.07580913867494843, 32.65528912557490315, -3.999999999999996447 ) ) ;
#698 = CARTESIAN_POINT ( 'NONE',  ( -0.3016086154114042128, 0.1906298137914069768, -0.01652189738496345761 ) ) ;
#699 = CARTESIAN_POINT ( 'NONE',  ( -70.28654868376129627, -12.33139992842450994, 0.000000000000000000 ) ) ;
#700 = CARTESIAN_POINT ( 'NONE',  ( -0.5121705176911413027, 0.4549329960284398955, -0.06017499044308634998 ) ) ;
#701 =( REPRESENTATION_RELATIONSHIP ('NONE','NONE', #74, #3795 ) REPRESENTATION_RELATIONSHIP_WITH_TRANSFORMATION ( #2257 )SHAPE_REPRESENTATION_RELATIONSHIP( ) );
#702 = ORIENTED_EDGE ( 'NONE', *, *, #4783, .F. ) ;
#703 = EDGE_CURVE ( 'NONE', #3022, #1224, #4101, .T. ) ;
#704 = EDGE_LOOP ( 'NONE', ( #5248, #1068, #4316, #4083, #1345, #6837 ) ) ;
#705 = CARTESIAN_POINT ( 'NONE',  ( 0.3411484343694287658, 0.1602735806468663649, -0.01840781869357627221 ) ) ;
#706 = ADVANCED_FACE ( 'NONE', ( #5935 ), #3892, .F. ) ;
#707 = DIRECTION ( 'NONE',  ( 0.2204660187212197087, -0.3108485172154972775, -0.9245366049725352031 ) ) ;
#708 = CIRCLE ( 'NONE', #2014, 6.696152422706798113 ) ;
#709 = EDGE_CURVE ( 'NONE', #2324, #1971, #4620, .T. ) ;
#710 = DIRECTION ( 'NONE',  ( 0.6501551545066180937, 0.3098309877324748607, 0.6937600695551702223 ) ) ;
#711 = B_SPLINE_CURVE_WITH_KNOTS ( 'NONE', 3,
 ( #37, #8229, #8955, #7039, #2815, #2138, #2009 ),
 .UNSPECIFIED., .F., .F.,
 ( 4, 1, 1, 1, 4 ),
 ( 0.000000000000000000, 0.2500000000000000000, 0.5000000000000000000, 0.7500000000000000000, 1.000000000000000000 ),
 .UNSPECIFIED. ) ;
#712 = CARTESIAN_POINT ( 'NONE',  ( 0.5866459541988811033, 0.1581619466798903362, -0.04728740090051736927 ) ) ;
#713 = EDGE_LOOP ( 'NONE', ( #6650, #8451 ) ) ;
#714 = CARTESIAN_POINT ( 'NONE',  ( 0.3127276490602487469, -0.1711618745323800761, -0.01649216283553661677 ) ) ;
#715 = FACE_OUTER_BOUND ( 'NONE', #1016, .T. ) ;
#716 = DIRECTION ( 'NONE',  ( 0.6427876096865430267, 0.7660444431189750158, 0.000000000000000000 ) ) ;
#717 = ORIENTED_EDGE ( 'NONE', *, *, #6395, .T. ) ;
#718 = CARTESIAN_POINT ( 'NONE',  ( 652.8846779174026551, 764.3161535200088110, 1319.138417858001276 ) ) ;
#719 = DIRECTION ( 'NONE',  ( -0.000000000000000000, -0.000000000000000000, -1.000000000000000000 ) ) ;
#720 = FACE_OUTER_BOUND ( 'NONE', #3550, .T. ) ;
#721 =( BOUNDED_CURVE ( )  B_SPLINE_CURVE ( 3, ( #8566, #7259, #7799, #2303 ),
 .UNSPECIFIED., .F., .F. ) 
 B_SPLINE_CURVE_WITH_KNOTS ( ( 4, 4 ),
 ( 4.708515415746080457, 4.712388980384679904 ),
 .UNSPECIFIED. ) 
 CURVE ( )  GEOMETRIC_REPRESENTATION_ITEM ( )  RATIONAL_B_SPLINE_CURVE ( ( 1.000000000000000000, 0.9999987496251400154, 0.9999987496251400154, 1.000000000000000000 ) ) 
 REPRESENTATION_ITEM ( '' )  );
#722 = CARTESIAN_POINT ( 'NONE',  ( -0.1479319505106011234, 0.5031457576207889471, -0.03537726885283351552 ) ) ;
#723 = CONICAL_SURFACE ( 'NONE', #5796, 6.406354617262889128, 0.7853981633974539411 ) ;
#724 = EDGE_CURVE ( 'NONE', #196, #4401, #5981, .T. ) ;
#725 = CARTESIAN_POINT ( 'NONE',  ( 54.03290200691138523, -0.4496430414070579085, 1.000000000000000888 ) ) ;
#726 = CARTESIAN_POINT ( 'NONE',  ( 0.2291401384215546733, 0.1002011349464787537, -1.099999999999996758 ) ) ;
#727 = EDGE_LOOP ( 'NONE', ( #3914, #4942, #7471, #3724, #6274, #7017 ) ) ;
#728 = FACE_OUTER_BOUND ( 'NONE', #5269, .T. ) ;
#729 = CARTESIAN_POINT ( 'NONE',  ( 648.0776489007266719, 825.2799792174628237, 1302.240257125011112 ) ) ;
#730 = DIRECTION ( 'NONE',  ( -0.1610798504275244292, -0.3465180766736425388, -0.9241095737652793574 ) ) ;
#731 = ORIENTED_EDGE ( 'NONE', *, *, #2568, .T. ) ;
#732 = CARTESIAN_POINT ( 'NONE',  ( 657.6193373974853102, 771.7643418746440602, 1322.906373516111671 ) ) ;
#733 = FACE_OUTER_BOUND ( 'NONE', #4775, .T. ) ;
#734 = ORIENTED_EDGE ( 'NONE', *, *, #6092, .F. ) ;
#735 = PRODUCT_DEFINITION ( 'UNKNOWN', '', #4931, #6616 ) ;
#736 = AXIS2_PLACEMENT_3D ( 'NONE', #5386, #1805, #7347 ) ;
#737 = EDGE_CURVE ( 'NONE', #1364, #3575, #3938, .T. ) ;
#738 = ORIENTED_EDGE ( 'NONE', *, *, #5412, .F. ) ;
#739 = CARTESIAN_POINT ( 'NONE',  ( -0.1806809365879763485, -0.3093287324397592242, -0.006944503301090088065 ) ) ;
#740 = DIRECTION ( 'NONE',  ( 0.000000000000000000, 0.000000000000000000, -1.000000000000000000 ) ) ;
#741 = DIRECTION ( 'NONE',  ( -0.08803429357919534404, 0.9376491420330603788, -0.3362499808158775916 ) ) ;
#742 = AXIS2_PLACEMENT_3D ( 'NONE', #1273, #3908, #546 ) ;
#743 = FACE_OUTER_BOUND ( 'NONE', #7734, .T. ) ;
#744 = CARTESIAN_POINT ( 'NONE',  ( -1.154700538379252350, 1.999999999999890754, 0.1199999999999951106 ) ) ;
#745 = ORIENTED_EDGE ( 'NONE', *, *, #1430, .F. ) ;
#746 = ADVANCED_FACE ( 'NONE', ( #5511, #4831, #7603, #4147 ), #7983, .F. ) ;
#747 = ORIENTED_EDGE ( 'NONE', *, *, #4305, .T. ) ;
#748 = LINE ( 'NONE', #2788, #583 ) ;
#749 = DIRECTION ( 'NONE',  ( 0.9848077530122070211, -0.1736481776669360211, 0.000000000000000000 ) ) ;
#750 = ADVANCED_FACE ( 'NONE', ( #2105, #6370, #4919 ), #1557, .T. ) ;
#751 = AXIS2_PLACEMENT_3D ( 'NONE', #6813, #72, #6132 ) ;
#752 = CARTESIAN_POINT ( 'NONE',  ( 0.5235231821733775659, 0.4686894778919349358, -0.06318560573937138936 ) ) ;
#753 = FACE_BOUND ( 'NONE', #3187, .T. ) ;
#754 = ORIENTED_EDGE ( 'NONE', *, *, #8588, .T. ) ;
#755 = CARTESIAN_POINT ( 'NONE',  ( 0.000000000000000000, 0.000000000000000000, 1.599999999999997202 ) ) ;
#756 = EDGE_CURVE ( 'NONE', #3412, #4964, #5767, .T. ) ;
#757 = AXIS2_PLACEMENT_3D ( 'NONE', #1354, #6251, #3396 ) ;
#758 = CARTESIAN_POINT ( 'NONE',  ( 1.026809936952318258, -0.1473164162843562386, -0.1378998664337561797 ) ) ;
#759 = CARTESIAN_POINT ( 'NONE',  ( 31.99999999999996447, 0.000000000000000000, 0.000000000000000000 ) ) ;
#760 = DIRECTION ( 'NONE',  ( 0.3271652908783274638, 0.9449671277057735130, 3.786189457816111883E-18 ) ) ;
#761 = ORIENTED_EDGE ( 'NONE', *, *, #2805, .T. ) ;
#762 = CARTESIAN_POINT ( 'NONE',  ( 0.1700863687544434955, -0.1832752439041712700, -1.099999999999996758 ) ) ;
#763 = EDGE_CURVE ( 'NONE', #3933, #7786, #3150, .T. ) ;
#764 = DIRECTION ( 'NONE',  ( 3.469446951953616654E-16, 1.000000000000000000, 5.290906601729265582E-16 ) ) ;
#765 = FACE_OUTER_BOUND ( 'NONE', #6354, .T. ) ;
#766 = CARTESIAN_POINT ( 'NONE',  ( 652.9419002082286170, 763.7066815776864814, 1319.356980345531156 ) ) ;
#767 = CARTESIAN_POINT ( 'NONE',  ( 31.99999999999995737, 61.00000000000000000, -16.00000000000000000 ) ) ;
#768 = CARTESIAN_POINT ( 'NONE',  ( 0.2005467581562697665, 0.1494605406868049213, -1.099999999999996758 ) ) ;
#769 = AXIS2_PLACEMENT_3D ( 'NONE', #3711, #7756, #3668 ) ;
#770 = VERTEX_POINT ( 'NONE', #2281 ) ;
#771 = CARTESIAN_POINT ( 'NONE',  ( 646.4895014291713551, 829.8416359970157146, 1302.526884330060739 ) ) ;
#772 = EDGE_CURVE ( 'NONE', #1143, #620, #7931, .T. ) ;
#773 = CARTESIAN_POINT ( 'NONE',  ( -0.3551947582060309694, 0.4533658226648417666, -0.04261325564149322925 ) ) ;
#774 = CARTESIAN_POINT ( 'NONE',  ( 0.1157214820161206470, 0.2216396306715245901, -1.099999999999996758 ) ) ;
#775 = EDGE_LOOP ( 'NONE', ( #2968, #4853, #6182, #6467 ) ) ;
#776 = LINE ( 'NONE', #6315, #508 ) ;
#777 = DIRECTION ( 'NONE',  ( -0.1736481776669352439, -0.9848077530122071321, 0.000000000000000000 ) ) ;
#778 = VECTOR ( 'NONE', #4617, 1000.000000000000000 ) ;
#779 = ORIENTED_EDGE ( 'NONE', *, *, #7620, .F. ) ;
#780 = FACE_OUTER_BOUND ( 'NONE', #5418, .T. ) ;
#781 = ORIENTED_EDGE ( 'NONE', *, *, #5168, .F. ) ;
#782 = LINE ( 'NONE', #1340, #7103 ) ;
#783 = DIRECTION ( 'NONE',  ( 0.1227878039689753731, 0.6963642403200150932, 0.7071067811865507924 ) ) ;
#784 = DIRECTION ( 'NONE',  ( 1.000000000000000000, 0.000000000000000000, 0.000000000000000000 ) ) ;
#785 = ORIENTED_EDGE ( 'NONE', *, *, #1962, .T. ) ;
#786 = DIRECTION ( 'NONE',  ( -0.000000000000000000, -1.000000000000000000, -0.000000000000000000 ) ) ;
#787 = CYLINDRICAL_SURFACE ( 'NONE', #6249, 6.050000000000035350 ) ;
#788 = ADVANCED_FACE ( 'NONE', ( #7646 ), #7145, .F. ) ;
#789 = ORIENTED_EDGE ( 'NONE', *, *, #5550, .T. ) ;
#790 = ORIENTED_EDGE ( 'NONE', *, *, #3832, .T. ) ;
#791 = DIRECTION ( 'NONE',  ( 0.000000000000000000, -1.342203514768850498E-16, 1.000000000000000000 ) ) ;
#792 = VECTOR ( 'NONE', #6158, 999.9999999999998863 ) ;
#793 = AXIS2_PLACEMENT_3D ( 'NONE', #4825, #2056, #4141 ) ;
#794 = LINE ( 'NONE', #2113, #7749 ) ;
#795 = CARTESIAN_POINT ( 'NONE',  ( 0.4731990752731863870, 0.4077539903824486944, -0.05003158142742301917 ) ) ;
#796 = LINE ( 'NONE', #2294, #7142 ) ;
#797 = ORIENTED_EDGE ( 'NONE', *, *, #6108, .F. ) ;
#798 = DIRECTION ( 'NONE',  ( 0.4999999999999998890, 0.8660254037844387076, 0.000000000000000000 ) ) ;
#799 = AXIS2_PLACEMENT_3D ( 'NONE', #3451, #638, #8394 ) ;
#800 = CARTESIAN_POINT ( 'NONE',  ( 0.6374035731522346149, -0.1574764388634768419, -0.05528342994830163365 ) ) ;
#801 = FACE_OUTER_BOUND ( 'NONE', #3817, .T. ) ;
#802 = SHAPE_DEFINITION_REPRESENTATION ( #5656, #4729 ) ;
#803 = ORIENTED_EDGE ( 'NONE', *, *, #5469, .F. ) ;
#804 = CARTESIAN_POINT ( 'NONE',  ( -0.02697841726614913505, -0.2485400671959486774, -1.099999999999996758 ) ) ;
#805 = VECTOR ( 'NONE', #3340, 999.9999999999998863 ) ;
#806 = CARTESIAN_POINT ( 'NONE',  ( -8.000000000000028422, 55.99999999999999289, 3.999999999999996447 ) ) ;
#807 = LINE ( 'NONE', #5757, #3370 ) ;
#808 = FACE_OUTER_BOUND ( 'NONE', #495, .T. ) ;
#809 = CARTESIAN_POINT ( 'NONE',  ( 647.1963038600141545, 811.5501955865987611, 1295.411613601671888 ) ) ;
#810 = EDGE_CURVE ( 'NONE', #967, #6638, #4877, .T. ) ;
#811 = AXIS2_PLACEMENT_3D ( 'NONE', #8662, #5218, #7800 ) ;
#812 = DIRECTION ( 'NONE',  ( 0.08803429357919559384, -0.9376491420330599347, 0.3362499808158784242 ) ) ;
#813 = ORIENTED_EDGE ( 'NONE', *, *, #3176, .F. ) ;
#814 = PLANE ( 'NONE',  #3719 ) ;
#815 = EDGE_CURVE ( 'NONE', #6996, #1882, #2191, .T. ) ;
#816 = CARTESIAN_POINT ( 'NONE',  ( 647.2221193841409104, 824.6277995224759252, 1297.510082799391284 ) ) ;
#817 = CARTESIAN_POINT ( 'NONE',  ( 2.170837012152995626, 0.000000000000000000, 0.000000000000000000 ) ) ;
#818 = ORIENTED_EDGE ( 'NONE', *, *, #2200, .T. ) ;
#819 = CARTESIAN_POINT ( 'NONE',  ( -10.75000000000003730, 34.89999999999999858, -3.500000000000003109 ) ) ;
#820 = PLANE ( 'NONE',  #8476 ) ;
#821 = DIRECTION ( 'NONE',  ( -0.08803429357919785592, 0.9376491420330600457, -0.3362499808158775361 ) ) ;
#822 = DIRECTION ( 'NONE',  ( 0.000000000000000000, -1.000000000000000000, 0.000000000000000000 ) ) ;
#823 = EDGE_LOOP ( 'NONE', ( #3769, #5461, #6491, #3720 ) ) ;
#824 = AXIS2_PLACEMENT_3D ( 'NONE', #875, #6418, #7049 ) ;
#825 = EDGE_CURVE ( 'NONE', #3111, #4644, #4885, .T. ) ;
#826 = EDGE_LOOP ( 'NONE', ( #1380, #1695, #7899, #6227 ) ) ;
#827 = CARTESIAN_POINT ( 'NONE',  ( 0.1903814225755473544, -0.3066914228452150004, -0.01690487344975510897 ) ) ;
#828 = VECTOR ( 'NONE', #6777, 1000.000000000000000 ) ;
#829 = CARTESIAN_POINT ( 'NONE',  ( 647.3978385787877414, 813.1671226756627675, 1296.745051093930897 ) ) ;
#830 = CARTESIAN_POINT ( 'NONE',  ( 66.49534884672320345, 0.3601997724940186885, 0.000000000000000000 ) ) ;
#831 = EDGE_LOOP ( 'NONE', ( #4706, #8200, #3679, #5880 ) ) ;
#832 = CARTESIAN_POINT ( 'NONE',  ( 644.5743322418867365, 852.8292564920473069, 1287.396769684811034 ) ) ;
#833 = DIRECTION ( 'NONE',  ( 0.000000000000000000, -0.000000000000000000, -1.000000000000000000 ) ) ;
#834 = ORIENTED_EDGE ( 'NONE', *, *, #77, .T. ) ;
#835 = ORIENTED_EDGE ( 'NONE', *, *, #2223, .T. ) ;
#836 = VECTOR ( 'NONE', #1081, 1000.000000000000114 ) ;
#837 = B_SPLINE_CURVE_WITH_KNOTS ( 'NONE', 3,
 ( #7530, #1307, #5391, #6799, #7657, #3351, #1399, #6847, #4159, #623, #712, #4889, #1441, #3569, #5699, #7790, #7062, #5747, #4933, #7108, #4384 ),
 .UNSPECIFIED., .F., .F.,
 ( 4, 2, 2, 1, 2, 2, 2, 1, 1, 2, 2, 4 ),
 ( 0.000000000000000000, 0.1249999999999993061, 0.1874999999999989453, 0.2187499999999989453, 0.2343749999999987788, 0.2499999999999986122, 0.3749999999999973910, 0.4374999999999965583, 0.4687499999999963363, 0.4843749999999963918, 0.4999999999999963918, 1.000000000000000000 ),
 .UNSPECIFIED. ) ;
#838 = DIRECTION ( 'NONE',  ( -0.1610798504277229926, -0.3465180766742036456, -0.9241095737650342201 ) ) ;
#839 = CARTESIAN_POINT ( 'NONE',  ( 651.6257875192196707, 777.7245362510817586, 1314.330043132330502 ) ) ;
#840 = B_SPLINE_SURFACE_WITH_KNOTS ( 'NONE', 3, 1, ( 
 ( #6217, #7539 ),
 ( #4209, #5660 ),
 ( #5531, #2758 ),
 ( #2165, #6980 ),
 ( #4944, #7626 ),
 ( #1406, #6938 ),
 ( #7710, #804 ) ),
 .UNSPECIFIED., .F., .F., .F.,
 ( 4, 1, 1, 1, 4 ),
 ( 2, 2 ),
 ( 0.000000000000000000, 0.2500000000000000000, 0.5000000000000000000, 0.7500000000000000000, 1.000000000000000000 ),
 ( 0.1622884611741705063, 1.000000000000000000 ),
 .UNSPECIFIED. ) ;
#841 = DIRECTION ( 'NONE',  ( 0.6501551545066180937, 0.3098309877324748607, 0.6937600695551702223 ) ) ;
#842 = ORIENTED_EDGE ( 'NONE', *, *, #8917, .F. ) ;
#843 = VECTOR ( 'NONE', #8092, 1000.000000000000000 ) ;
#844 = CARTESIAN_POINT ( 'NONE',  ( -46.00000000000004263, 37.69999999999999574, -8.000000000000000000 ) ) ;
#845 = AXIS2_PLACEMENT_3D ( 'NONE', #3973, #6743, #520 ) ;
#846 = CARTESIAN_POINT ( 'NONE',  ( -0.5682418086883911368, 0.5911863046947352096, -0.5500000000000018208 ) ) ;
#847 = CARTESIAN_POINT ( 'NONE',  ( -61.72391769877106782, -24.00808527487737010, 0.8602267050572833806 ) ) ;
#848 = APPLICATION_PROTOCOL_DEFINITION ( 'draft international standard', 'automotive_design', 1998, #7380 ) ;
#849 = EDGE_LOOP ( 'NONE', ( #4327, #43 ) ) ;
#850 = CARTESIAN_POINT ( 'NONE',  ( -45.00000000000004263, 37.69999999999999574, 28.50000000000001066 ) ) ;
#851 = CARTESIAN_POINT ( 'NONE',  ( -40.47905613487440490, 10.34360167969249034, 0.000000000000000000 ) ) ;
#852 = CYLINDRICAL_SURFACE ( 'NONE', #11, 4.758500000000008612 ) ;
#853 = AXIS2_PLACEMENT_3D ( 'NONE', #2783, #2921, #4234 ) ;
#854 = CARTESIAN_POINT ( 'NONE',  ( 54.03290200691138523, -0.4496430414070579085, 0.000000000000000000 ) ) ;
#855 = CYLINDRICAL_SURFACE ( 'NONE', #8788, 4.770000000000037765 ) ;
#856 = EDGE_CURVE ( 'NONE', #1514, #5693, #2127, .T. ) ;
#857 = CARTESIAN_POINT ( 'NONE',  ( 0.3567663325527575813, 0.2667127089853726929, -0.005503671348411343089 ) ) ;
#858 = AXIS2_PLACEMENT_3D ( 'NONE', #7871, #916, #1651 ) ;
#859 = ORIENTED_EDGE ( 'NONE', *, *, #7577, .F. ) ;
#860 = CARTESIAN_POINT ( 'NONE',  ( -266.3373459811442672, 55.99999999999999289, -3.999999999999996447 ) ) ;
#861 = ADVANCED_FACE ( 'NONE', ( #6278 ), #181, .F. ) ;
#862 = VECTOR ( 'NONE', #3500, 1000.000000000000114 ) ;
#863 = AXIS2_PLACEMENT_3D ( 'NONE', #938, #2936, #760 ) ;
#864 = ORIENTED_EDGE ( 'NONE', *, *, #4238, .T. ) ;
#865 = DIRECTION ( 'NONE',  ( 0.000000000000000000, -1.000000000000000000, 0.000000000000000000 ) ) ;
#866 = DIRECTION ( 'NONE',  ( 1.334402673828313339E-16, 1.000000000000000000, 0.000000000000000000 ) ) ;
#867 = LINE ( 'NONE', #3637, #7023 ) ;
#868 = VERTEX_POINT ( 'NONE', #7002 ) ;
#869 = DIRECTION ( 'NONE',  ( 0.000000000000000000, 0.000000000000000000, -1.000000000000000000 ) ) ;
#870 = ORIENTED_EDGE ( 'NONE', *, *, #3984, .F. ) ;
#871 = EDGE_CURVE ( 'NONE', #5514, #6314, #3556, .T. ) ;
#872 = DIRECTION ( 'NONE',  ( -3.428155301009279818E-32, 8.955574241400646717E-33, 1.000000000000000000 ) ) ;
#873 = VECTOR ( 'NONE', #6595, 1000.000000000000114 ) ;
#874 = ORIENTED_EDGE ( 'NONE', *, *, #4563, .T. ) ;
#875 = CARTESIAN_POINT ( 'NONE',  ( 2.105131328310489547, 73.00821050377537347, 4.499999999999990230 ) ) ;
#876 = CARTESIAN_POINT ( 'NONE',  ( -46.04645567546446472, 42.69978418236399165, -8.000000000000000000 ) ) ;
#877 = VERTEX_POINT ( 'NONE', #5594 ) ;
#878 = FACE_OUTER_BOUND ( 'NONE', #6768, .T. ) ;
#879 = FACE_OUTER_BOUND ( 'NONE', #7325, .T. ) ;
#880 = ORIENTED_EDGE ( 'NONE', *, *, #7585, .F. ) ;
#881 = CIRCLE ( 'NONE', #4067, 7.500000000000017764 ) ;
#882 = ORIENTED_EDGE ( 'NONE', *, *, #2746, .F. ) ;
#883 = EDGE_CURVE ( 'NONE', #5782, #1037, #92, .T. ) ;
#884 = DIRECTION ( 'NONE',  ( 1.000000000000000000, -1.942890293094020494E-16, 0.000000000000000000 ) ) ;
#885 = CIRCLE ( 'NONE', #5969, 1.024999999999998135 ) ;
#886 = CARTESIAN_POINT ( 'NONE',  ( 0.6049458684991005919, 0.5680800947694235603, -0.08834831416673553928 ) ) ;
#887 = DIRECTION ( 'NONE',  ( -0.000000000000000000, -1.000000000000000000, -0.000000000000000000 ) ) ;
#888 = EDGE_CURVE ( 'NONE', #2951, #3784, #7058, .T. ) ;
#889 = ORIENTED_EDGE ( 'NONE', *, *, #6193, .T. ) ;
#890 = CARTESIAN_POINT ( 'NONE',  ( -10.75000000000003730, 44.00000000000001421, -6.999999999999999112 ) ) ;
#891 = DIRECTION ( 'NONE',  ( -0.000000000000000000, -1.000000000000000000, -0.000000000000000000 ) ) ;
#892 = CARTESIAN_POINT ( 'NONE',  ( 651.6257875192196707, 777.7245362510817586, 1314.330043132330502 ) ) ;
#893 = APPLICATION_PROTOCOL_DEFINITION ( 'draft international standard', 'automotive_design', 1998, #8587 ) ;
#894 = EDGE_LOOP ( 'NONE', ( #6471, #8763 ) ) ;
#895 = DIRECTION ( 'NONE',  ( -0.000000000000000000, -0.000000000000000000, -1.000000000000000000 ) ) ;
#896 = CARTESIAN_POINT ( 'NONE',  ( 656.8753388929933408, 765.5811590534678999, 1323.554228766331562 ) ) ;
#897 = EDGE_CURVE ( 'NONE', #8741, #5951, #46, .T. ) ;
#898 = PRODUCT_DEFINITION ( 'UNKNOWN', '', #8125, #6795 ) ;
#899 = DIRECTION ( 'NONE',  ( 0.08803429357919559384, -0.9376491420330599347, 0.3362499808158784242 ) ) ;
#900 = ORIENTED_EDGE ( 'NONE', *, *, #6753, .F. ) ;
#901 = FACE_OUTER_BOUND ( 'NONE', #1647, .T. ) ;
#902 = LINE ( 'NONE', #5760, #1242 ) ;
#903 = CIRCLE ( 'NONE', #1918, 8.000000000000129674 ) ;
#904 = ORIENTED_EDGE ( 'NONE', *, *, #695, .F. ) ;
#905 = FACE_OUTER_BOUND ( 'NONE', #3429, .T. ) ;
#906 = VERTEX_POINT ( 'NONE', #5553 ) ;
#907 = CARTESIAN_POINT ( 'NONE',  ( -0.9216951846615377697, 0.1510491802180516929, -0.1119492937477222089 ) ) ;
#908 = PLANE ( 'NONE',  #6352 ) ;
#909 = ORIENTED_EDGE ( 'NONE', *, *, #5528, .T. ) ;
#910 = DIRECTION ( 'NONE',  ( 0.6501551545066180937, 0.3098309877324748607, 0.6937600695551702223 ) ) ;
#911 = LINE ( 'NONE', #6995, #6740 ) ;
#912 = VERTEX_POINT ( 'NONE', #8323 ) ;
#913 = CARTESIAN_POINT ( 'NONE',  ( 2.309401076758504701, 0.000000000000000000, 1.599999999999997202 ) ) ;
#914 = ORIENTED_EDGE ( 'NONE', *, *, #5575, .T. ) ;
#915 = DIRECTION ( 'NONE',  ( -0.07953050092208255317, 0.3298668251559821463, 0.9406714501272989137 ) ) ;
#916 = DIRECTION ( 'NONE',  ( -1.000000000000000000, 1.020425574104004246E-16, -0.000000000000000000 ) ) ;
#917 = LINE ( 'NONE', #4418, #534 ) ;
#918 = FACE_OUTER_BOUND ( 'NONE', #5099, .T. ) ;
#919 = CIRCLE ( 'NONE', #639, 48.99999999999995026 ) ;
#920 = ORIENTED_EDGE ( 'NONE', *, *, #4679, .F. ) ;
#921 = CARTESIAN_POINT ( 'NONE',  ( -0.08031120315046824665, 0.2369572611375103666, -1.099999999999996758 ) ) ;
#922 = LINE ( 'NONE', #3014, #2186 ) ;
#923 = ORIENTED_EDGE ( 'NONE', *, *, #6062, .T. ) ;
#924 = EDGE_LOOP ( 'NONE', ( #8974, #4022, #8167, #5587 ) ) ;
#925 = EDGE_CURVE ( 'NONE', #5856, #6730, #2822, .T. ) ;
#926 = AXIS2_PLACEMENT_3D ( 'NONE', #7067, #3486, #6296 ) ;
#927 = CARTESIAN_POINT ( 'NONE',  ( -38.57506289896596741, 32.64396273886011812, -7.992098642214042314 ) ) ;
#928 = VECTOR ( 'NONE', #884, 1000.000000000000000 ) ;
#929 = CARTESIAN_POINT ( 'NONE',  ( -19.50000000000003197, 44.00000000000000000, 11.99999999999999645 ) ) ;
#930 = CIRCLE ( 'NONE', #2245, 6.997700000001523257 ) ;
#931 = VERTEX_POINT ( 'NONE', #4509 ) ;
#932 = CARTESIAN_POINT ( 'NONE',  ( 54.03290200691138523, -0.4496430414070579085, 0.000000000000000000 ) ) ;
#933 = LINE ( 'NONE', #5073, #7700 ) ;
#934 = EDGE_CURVE ( 'NONE', #8445, #302, #3692, .T. ) ;
#935 = CIRCLE ( 'NONE', #8779, 1.447518239883254676 ) ;
#936 = DIRECTION ( 'NONE',  ( -1.000000000000000000, 8.673617379884040402E-17, 0.000000000000000000 ) ) ;
#937 = CIRCLE ( 'NONE', #2395, 8.000000000000000000 ) ;
#938 = CARTESIAN_POINT ( 'NONE',  ( -50.15036860342180347, 76.41549637398181005, 57.99473502807131808 ) ) ;
#939 = DIRECTION ( 'NONE',  ( -1.000000000000000000, 0.000000000000000000, 0.000000000000000000 ) ) ;
#940 = DIRECTION ( 'NONE',  ( -0.9945054529214056860, 1.353091730329184356E-16, 0.1046847845180460673 ) ) ;
#941 = LINE ( 'NONE', #2846, #2202 ) ;
#942 = AXIS2_PLACEMENT_3D ( 'NONE', #7853, #6537, #8438 ) ;
#943 = ORIENTED_EDGE ( 'NONE', *, *, #8971, .T. ) ;
#944 = CARTESIAN_POINT ( 'NONE',  ( 648.9384943672200734, 815.5234354026703159, 1305.440260698891052 ) ) ;
#945 = DIRECTION ( 'NONE',  ( 0.08803429357919508036, -0.9376491420330606008, 0.3362499808158768699 ) ) ;
#946 = EDGE_LOOP ( 'NONE', ( #943, #5361, #4922, #7909 ) ) ;
#947 = CARTESIAN_POINT ( 'NONE',  ( -51.70522151952335577, -17.09815470596434750, 8.000000000000000000 ) ) ;
#948 = EDGE_CURVE ( 'NONE', #6165, #6587, #6629, .T. ) ;
#949 = VECTOR ( 'NONE', #2275, 1000.000000000000000 ) ;
#950 = ORIENTED_EDGE ( 'NONE', *, *, #6425, .T. ) ;
#951 = ADVANCED_FACE ( 'NONE', ( #5779 ), #3192, .F. ) ;
#952 = CARTESIAN_POINT ( 'NONE',  ( -0.7837155174655950907, -0.7902750678616755620, -0.1587879453407848585 ) ) ;
#953 = FACE_OUTER_BOUND ( 'NONE', #4183, .T. ) ;
#954 = ORIENTED_EDGE ( 'NONE', *, *, #1352, .T. ) ;
#955 = CARTESIAN_POINT ( 'NONE',  ( -14.21773040215869699, 15.59572001967665678, 1.000000000000000888 ) ) ;
#956 = DIRECTION ( 'NONE',  ( -0.7559289460184556164, 6.938893903907227392E-16, 0.6546536707079757544 ) ) ;
#957 = EDGE_LOOP ( 'NONE', ( #2147, #785, #8499, #8729, #1563, #172, #959, #3960, #7000, #835, #7730, #1051, #2517, #4905, #6800, #6359, #4536, #7496 ) ) ;
#958 = CARTESIAN_POINT ( 'NONE',  ( -0.8299852910303093800, -0.8634984783813248743, -0.1855446092705256844 ) ) ;
#959 = ORIENTED_EDGE ( 'NONE', *, *, #249, .T. ) ;
#960 = CARTESIAN_POINT ( 'NONE',  ( 0.1447907369950541256, -0.7310133956163777924, -0.07125134191356315150 ) ) ;
#961 = CARTESIAN_POINT ( 'NONE',  ( -1.577210584358113010E-11, -1.197708322671492409, -0.1855446119988987674 ) ) ;
#962 = VECTOR ( 'NONE', #220, 1000.000000000000000 ) ;
#963 = DIRECTION ( 'NONE',  ( 0.000000000000000000, 0.000000000000000000, 1.000000000000000000 ) ) ;
#964 =( LENGTH_UNIT ( ) NAMED_UNIT ( * ) SI_UNIT ( .MILLI., .METRE. ) );
#965 = DIRECTION ( 'NONE',  ( 0.1610798504276342025, 0.3465180766741942087, 0.9241095737650530939 ) ) ;
#966 = CARTESIAN_POINT ( 'NONE',  ( 0.1924284163752898458, -0.1597770853568047933, -1.099999999999996758 ) ) ;
#967 = VERTEX_POINT ( 'NONE', #8687 ) ;
#968 = VECTOR ( 'NONE', #1639, 1000.000000000000227 ) ;
#969 = CARTESIAN_POINT ( 'NONE',  ( -0.09981119836033336412, 0.2292131310710904257, -1.099999999999996758 ) ) ;
#970 = DIRECTION ( 'NONE',  ( 0.000000000000000000, 0.000000000000000000, 1.000000000000000000 ) ) ;
#971 = AXIS2_PLACEMENT_3D ( 'NONE', #5009, #6239, #5055 ) ;
#972 = ORIENTED_EDGE ( 'NONE', *, *, #64, .F. ) ;
#973 = ORIENTED_EDGE ( 'NONE', *, *, #3827, .T. ) ;
#974 = EDGE_CURVE ( 'NONE', #3911, #1299, #2464, .T. ) ;
#975 = DIRECTION ( 'NONE',  ( 1.000000000000000000, 0.000000000000000000, 0.000000000000000000 ) ) ;
#976 = ADVANCED_FACE ( 'NONE', ( #3777, #1056 ), #5243, .T. ) ;
#977 = AXIS2_PLACEMENT_3D ( 'NONE', #7329, #8104, #1878 ) ;
#978 = CARTESIAN_POINT ( 'NONE',  ( -0.09213865896844780634, 0.2325189102972136101, -1.099999999999996758 ) ) ;
#979 = EDGE_LOOP ( 'NONE', ( #4555, #6569 ) ) ;
#980 = DIRECTION ( 'NONE',  ( 1.000000000000000000, 2.775557561562894802E-16, 0.000000000000000000 ) ) ;
#981 = EDGE_CURVE ( 'NONE', #1137, #5097, #7787, .T. ) ;
#982 = EDGE_CURVE ( 'NONE', #6587, #6165, #1990, .T. ) ;
#983 = CARTESIAN_POINT ( 'NONE',  ( -2.000000000000029310, 1.040834085586084257E-14, 11.99999999999999645 ) ) ;
#984 = UNCERTAINTY_MEASURE_WITH_UNIT (LENGTH_MEASURE( 1.000000000000000082E-05 ), #8938, 'distance_accuracy_value', 'NONE');
#985 = CARTESIAN_POINT ( 'NONE',  ( 647.2168549253789251, 766.8070460709240024, 1311.806212403231712 ) ) ;
#986 = DIRECTION ( 'NONE',  ( -0.08803429357919534404, 0.9376491420330603788, -0.3362499808158775916 ) ) ;
#987 = CARTESIAN_POINT ( 'NONE',  ( 0.4846489891238379144, 0.5674829656601391159, -0.07143181335585062353 ) ) ;
#988 = CARTESIAN_POINT ( 'NONE',  ( 647.3796365224012561, 825.5393349393500557, 1290.296664124151448 ) ) ;
#989 = CARTESIAN_POINT ( 'NONE',  ( 647.4249786759255585, 822.4671546968691018, 1298.284910769251837 ) ) ;
#990 = ORIENTED_EDGE ( 'NONE', *, *, #4515, .T. ) ;
#991 = DIRECTION ( 'NONE',  ( -0.000000000000000000, -1.000000000000000000, -0.000000000000000000 ) ) ;
#992 = CARTESIAN_POINT ( 'NONE',  ( 99.99999999999995737, 32.50000000000000000, 11.99999999999999645 ) ) ;
#993 = CONICAL_SURFACE ( 'NONE', #6517, 48.99999999999995026, 0.7853981633974415066 ) ;
#994 = ORIENTED_EDGE ( 'NONE', *, *, #2270, .F. ) ;
#995 = DIRECTION ( 'NONE',  ( -0.6123724356957958026, 0.3535533905932750631, 0.7071067811865457964 ) ) ;
#996 = ORIENTED_EDGE ( 'NONE', *, *, #6283, .T. ) ;
#997 = CARTESIAN_POINT ( 'NONE',  ( -0.7837672174406439263, 0.1546867465896827887, -0.08190030170778675456 ) ) ;
#998 = AXIS2_PLACEMENT_3D ( 'NONE', #2195, #7148, #4513 ) ;
#999 = LINE ( 'NONE', #4082, #1873 ) ;
#1000 = EDGE_CURVE ( 'NONE', #7580, #3467, #917, .T. ) ;
#1001 = ORIENTED_EDGE ( 'NONE', *, *, #2402, .F. ) ;
#1002 = LINE ( 'NONE', #6456, #5325 ) ;
#1003 = CARTESIAN_POINT ( 'NONE',  ( -62.38691150317350775, -13.84439587356610346, 8.000000000000000000 ) ) ;
#1004 = ORIENTED_EDGE ( 'NONE', *, *, #2000, .T. ) ;
#1005 = DIRECTION ( 'NONE',  ( 0.4999999999999997224, -0.8660254037844387076, 0.000000000000000000 ) ) ;
#1006 = ORIENTED_EDGE ( 'NONE', *, *, #1277, .T. ) ;
#1007 = CARTESIAN_POINT ( 'NONE',  ( 0.000000000000000000, 0.000000000000000000, -0.5000000000000004441 ) ) ;
#1008 = DIRECTION ( 'NONE',  ( -0.1610798504276397536, -0.3465180766742045337, -0.9241095737650482089 ) ) ;
#1009 = VERTEX_POINT ( 'NONE', #7872 ) ;
#1010 = DIRECTION ( 'NONE',  ( -0.1736481776669391297, -0.9848077530122064660, 1.971276677246353030E-16 ) ) ;
#1011 = EDGE_CURVE ( 'NONE', #3697, #1750, #5827, .T. ) ;
#1012 = CARTESIAN_POINT ( 'NONE',  ( 648.9847587118442789, 805.8540105120729322, 1304.242543707851382 ) ) ;
#1013 = VERTEX_POINT ( 'NONE', #4601 ) ;
#1014 = CARTESIAN_POINT ( 'NONE',  ( -0.1310298908849191757, 0.2129133684582035224, -1.099999999999996758 ) ) ;
#1015 = CARTESIAN_POINT ( 'NONE',  ( 0.8331427073512559511, 0.8607284425207611944, -0.1856071169090214856 ) ) ;
#1016 = EDGE_LOOP ( 'NONE', ( #3223, #4961, #2422, #3039 ) ) ;
#1017 = VERTEX_POINT ( 'NONE', #1101 ) ;
#1018 = AXIS2_PLACEMENT_3D ( 'NONE', #3162, #1719, #6526 ) ;
#1019 = LINE ( 'NONE', #333, #2388 ) ;
#1020 = ADVANCED_FACE ( 'NONE', ( #5152 ), #1706, .T. ) ;
#1021 = AXIS2_PLACEMENT_3D ( 'NONE', #3188, #4548, #7187 ) ;
#1022 = PLANE ( 'NONE',  #518 ) ;
#1023 = EDGE_LOOP ( 'NONE', ( #1100, #1348 ) ) ;
#1024 = DIRECTION ( 'NONE',  ( -0.9714137623811296418, -0.1555226214722664202, -0.1793544436776871032 ) ) ;
#1025 = CARTESIAN_POINT ( 'NONE',  ( -0.2291401384216032455, 0.1002011349465342649, -1.099999999999996758 ) ) ;
#1026 = ADVANCED_FACE ( 'NONE', ( #7963 ), #417, .T. ) ;
#1027 = VECTOR ( 'NONE', #491, 1000.000000000000227 ) ;
#1028 = B_SPLINE_SURFACE_WITH_KNOTS ( 'NONE', 3, 1, ( 
 ( #4616, #5258 ),
 ( #5345, #6614 ),
 ( #3208, #4662 ),
 ( #5929, #7481 ) ),
 .UNSPECIFIED., .F., .F., .F.,
 ( 4, 4 ),
 ( 2, 2 ),
 ( 0.000000000000000000, 1.000000000000000000 ),
 ( 0.06867691751865770411, 1.000000000000000000 ),
 .UNSPECIFIED. ) ;
#1029 = DIRECTION ( 'NONE',  ( 0.000000000000000000, 0.000000000000000000, 1.000000000000000000 ) ) ;
#1030 = DIRECTION ( 'NONE',  ( 0.1610798504276883536, 0.3465180766742017582, 0.9241095737650408815 ) ) ;
#1031 = CARTESIAN_POINT ( 'NONE',  ( 0.4959640202008462895, 0.5773864690981593828, -0.07433204396389220259 ) ) ;
#1032 = DIRECTION ( 'NONE',  ( -0.9999715213305175876, 0.007546954877966125831, -2.618375959789103066E-18 ) ) ;
#1033 = TOROIDAL_SURFACE ( 'NONE', #596, 4.649999999999999467, 0.2000000000000000111 ) ;
#1034 = ORIENTED_EDGE ( 'NONE', *, *, #1621, .T. ) ;
#1035 = CARTESIAN_POINT ( 'NONE',  ( 0.01396355356802353453, 1.197647262876175400, -0.1855446090419238248 ) ) ;
#1036 = DIRECTION ( 'NONE',  ( 0.08803429357919508036, -0.9376491420330606008, 0.3362499808158768699 ) ) ;
#1037 = VERTEX_POINT ( 'NONE', #2510 ) ;
#1038 = ADVANCED_FACE ( 'NONE', ( #231 ), #3010, .T. ) ;
#1039 = EDGE_CURVE ( 'NONE', #2740, #8741, #2420, .T. ) ;
#1040 = CARTESIAN_POINT ( 'NONE',  ( -0.3483020042699035423, -0.4472577711104813170, -0.04129309890168714192 ) ) ;
#1041 = ORIENTED_EDGE ( 'NONE', *, *, #1203, .F. ) ;
#1042 = CARTESIAN_POINT ( 'NONE',  ( 51.70361120621098650, 41.90602661479733371, 11.99999999999999645 ) ) ;
#1043 =( LENGTH_UNIT ( ) NAMED_UNIT ( * ) SI_UNIT ( .MILLI., .METRE. ) );
#1044 = APPLICATION_CONTEXT ( 'automotive_design' ) ;
#1045 = ORIENTED_EDGE ( 'NONE', *, *, #6017, .F. ) ;
#1046 = VECTOR ( 'NONE', #1957, 1000.000000000000000 ) ;
#1047 = DIRECTION ( 'NONE',  ( 0.000000000000000000, 0.000000000000000000, 1.000000000000000000 ) ) ;
#1048 = LINE ( 'NONE', #5862, #7900 ) ;
#1049 = VERTEX_POINT ( 'NONE', #324 ) ;
#1050 = DIRECTION ( 'NONE',  ( -0.08803429357919390075, 0.9376491420330598237, -0.3362499808158793124 ) ) ;
#1051 = ORIENTED_EDGE ( 'NONE', *, *, #695, .T. ) ;
#1052 = FACE_OUTER_BOUND ( 'NONE', #2210, .T. ) ;
#1053 = VECTOR ( 'NONE', #5651, 1000.000000000000000 ) ;
#1054 = EDGE_CURVE ( 'NONE', #1686, #8361, #5186, .T. ) ;
#1055 = DIRECTION ( 'NONE',  ( -0.000000000000000000, -0.000000000000000000, 1.000000000000000000 ) ) ;
#1056 = FACE_OUTER_BOUND ( 'NONE', #4266, .T. ) ;
#1057 = DIRECTION ( 'NONE',  ( 0.000000000000000000, -1.000000000000000000, 1.734723475976806848E-16 ) ) ;
#1058 = ORIENTED_EDGE ( 'NONE', *, *, #7161, .T. ) ;
#1059 = CARTESIAN_POINT ( 'NONE',  ( -0.1018936698160069487, 0.2283036096132479154, -1.099999999999996758 ) ) ;
#1060 = CARTESIAN_POINT ( 'NONE',  ( 648.1292530245600574, 814.9659615606049101, 1300.974910615781482 ) ) ;
#1061 = ORIENTED_EDGE ( 'NONE', *, *, #7013, .T. ) ;
#1062 = ORIENTED_EDGE ( 'NONE', *, *, #2219, .F. ) ;
#1063 = CARTESIAN_POINT ( 'NONE',  ( 651.6257875192196707, 777.7245362510817586, 1314.330043132330502 ) ) ;
#1064 = AXIS2_PLACEMENT_3D ( 'NONE', #1386, #607, #3381 ) ;
#1065 = EDGE_CURVE ( 'NONE', #7225, #216, #3735, .T. ) ;
#1066 =( NAMED_UNIT ( * ) PLANE_ANGLE_UNIT ( ) SI_UNIT ( $, .RADIAN. ) );
#1067 = DIRECTION ( 'NONE',  ( 0.08803429357919559384, -0.9376491420330599347, 0.3362499808158784242 ) ) ;
#1068 = ORIENTED_EDGE ( 'NONE', *, *, #6200, .F. ) ;
#1069 = DIRECTION ( 'NONE',  ( 0.000000000000000000, -0.000000000000000000, 1.000000000000000000 ) ) ;
#1070 = TOROIDAL_SURFACE ( 'NONE', #4252, -0.006438522443797140872, 4.000000000000000000 ) ;
#1071 = CARTESIAN_POINT ( 'NONE',  ( -1.115666229750844618, 0.1604777820536917865, -0.007003500707411514092 ) ) ;
#1072 = UNCERTAINTY_MEASURE_WITH_UNIT (LENGTH_MEASURE( 1.000000000000000082E-05 ), #8811, 'distance_accuracy_value', 'NONE');
#1073 = PLANE ( 'NONE',  #5715 ) ;
#1074 = ITEM_DEFINED_TRANSFORMATION ( 'NONE', 'NONE', #8701,  #4639 ) ;
#1075 = DIRECTION ( 'NONE',  ( -1.000000000000000000, 1.942890293094020494E-16, 0.000000000000000000 ) ) ;
#1076 = AXIS2_PLACEMENT_3D ( 'NONE', #4259, #2312, #5621 ) ;
#1077 = CARTESIAN_POINT ( 'NONE',  ( 648.8957514928194996, 816.6148678284588414, 1305.372286022541630 ) ) ;
#1078 = SURFACE_STYLE_FILL_AREA ( #348 ) ;
#1079 = CARTESIAN_POINT ( 'NONE',  ( 0.000000000000000000, 0.000000000000000000, -1.599999999999997202 ) ) ;
#1080 = CARTESIAN_POINT ( 'NONE',  ( 99.99999999999995737, 4.499999999999997335, -229.4623459811442387 ) ) ;
#1081 = DIRECTION ( 'NONE',  ( 0.5023995340230817952, -0.5152146723878706647, -0.6943691738330910468 ) ) ;
#1082 = VECTOR ( 'NONE', #749, 1000.000000000000114 ) ;
#1083 = ORIENTED_EDGE ( 'NONE', *, *, #6090, .T. ) ;
#1084 = AXIS2_PLACEMENT_3D ( 'NONE', #5202, #5831, #8062 ) ;
#1085 = CARTESIAN_POINT ( 'NONE',  ( -0.2343715281923064442, -0.08778266593793826456, -1.099999999999996758 ) ) ;
#1086 = VERTEX_POINT ( 'NONE', #2375 ) ;
#1087 = CYLINDRICAL_SURFACE ( 'NONE', #4154, 3.499999999999996003 ) ;
#1088 = CARTESIAN_POINT ( 'NONE',  ( 644.6408661729221876, 829.3993389984137821, 1301.777512979071616 ) ) ;
#1089 = VERTEX_POINT ( 'NONE', #4463 ) ;
#1090 = DIRECTION ( 'NONE',  ( 0.000000000000000000, -0.000000000000000000, -1.000000000000000000 ) ) ;
#1091 = EDGE_CURVE ( 'NONE', #6430, #1550, #644, .T. ) ;
#1092 = DIRECTION ( 'NONE',  ( -3.466673899897024536E-32, -4.006689065479319709E-18, 1.000000000000000000 ) ) ;
#1093 = ORIENTED_EDGE ( 'NONE', *, *, #275, .T. ) ;
#1094 = LINE ( 'NONE', #8857, #8642 ) ;
#1095 = ORIENTED_EDGE ( 'NONE', *, *, #7781, .F. ) ;
#1096 = FACE_BOUND ( 'NONE', #2193, .T. ) ;
#1097 = TOROIDAL_SURFACE ( 'NONE', #664, 4.649999999999999467, 0.2000000000000000111 ) ;
#1098 = EDGE_CURVE ( 'NONE', #4284, #1863, #2642, .T. ) ;
#1099 = CARTESIAN_POINT ( 'NONE',  ( 648.1292530245600574, 814.9659615606049101, 1300.974910615781482 ) ) ;
#1100 = ORIENTED_EDGE ( 'NONE', *, *, #6997, .T. ) ;
#1101 = CARTESIAN_POINT ( 'NONE',  ( -19.50000000000003197, 44.00000000000000000, -11.99999999999999645 ) ) ;
#1102 = DIRECTION ( 'NONE',  ( 0.7546841976764149251, -0.1575399805934497577, -0.6368931749454702640 ) ) ;
#1103 = VERTEX_POINT ( 'NONE', #552 ) ;
#1104 = CARTESIAN_POINT ( 'NONE',  ( -72.85769912250749769, -15.39557770090045707, 6.999999999999999112 ) ) ;
#1105 = CARTESIAN_POINT ( 'NONE',  ( 0.06467663019618707931, 0.2444480182556457160, -1.099999999999996758 ) ) ;
#1106 = ORIENTED_EDGE ( 'NONE', *, *, #1853, .F. ) ;
#1107 = EDGE_CURVE ( 'NONE', #5782, #6234, #2845, .T. ) ;
#1108 = ORIENTED_EDGE ( 'NONE', *, *, #981, .T. ) ;
#1109 = AXIS2_PLACEMENT_3D ( 'NONE', #4531, #5080, #7302 ) ;
#1110 = DIRECTION ( 'NONE',  ( 0.000000000000000000, 1.000000000000000000, 0.000000000000000000 ) ) ;
#1111 = VECTOR ( 'NONE', #6310, 1000.000000000000000 ) ;
#1112 = DIRECTION ( 'NONE',  ( 0.1610798504276501064, 0.3465180766741981500, 0.9241095737650489861 ) ) ;
#1113 = CARTESIAN_POINT ( 'NONE',  ( -35.11273792266771210, -41.84573156515784120, 8.000000000000000000 ) ) ;
#1114 = CARTESIAN_POINT ( 'NONE',  ( -40.00000000000003553, 0.000000000000000000, 0.000000000000000000 ) ) ;
#1115 = VERTEX_POINT ( 'NONE', #2726 ) ;
#1116 = EDGE_CURVE ( 'NONE', #906, #5737, #8905, .T. ) ;
#1117 = LINE ( 'NONE', #2657, #7693 ) ;
#1118 = DIRECTION ( 'NONE',  ( 0.000000000000000000, 0.000000000000000000, 1.000000000000000000 ) ) ;
#1119 = CARTESIAN_POINT ( 'NONE',  ( -2.309401076758463400, -1.110223024625156540E-13, 1.480000000000002203 ) ) ;
#1120 = DIRECTION ( 'NONE',  ( 0.000000000000000000, 0.000000000000000000, 1.000000000000000000 ) ) ;
#1121 = VECTOR ( 'NONE', #8688, 1000.000000000000227 ) ;
#1122 = EDGE_LOOP ( 'NONE', ( #652, #7118 ) ) ;
#1123 = DIRECTION ( 'NONE',  ( 0.000000000000000000, 1.000000000000000000, -3.469446951953613696E-16 ) ) ;
#1124 = CARTESIAN_POINT ( 'NONE',  ( 0.1700863687544434955, -0.1832752439041712700, -1.099999999999996758 ) ) ;
#1125 = CARTESIAN_POINT ( 'NONE',  ( 0.1253354148190791162, -0.2163262287919742732, -1.099999999999996758 ) ) ;
#1126 = AXIS2_PLACEMENT_3D ( 'NONE', #204, #8524, #7889 ) ;
#1127 = ORIENTED_EDGE ( 'NONE', *, *, #5683, .F. ) ;
#1128 = CARTESIAN_POINT ( 'NONE',  ( 647.7041183332720493, 822.7699913684247122, 1290.940516255549710 ) ) ;
#1129 = VERTEX_POINT ( 'NONE', #6823 ) ;
#1130 = LINE ( 'NONE', #402, #446 ) ;
#1131 = SURFACE_STYLE_FILL_AREA ( #7455 ) ;
#1132 = ORIENTED_EDGE ( 'NONE', *, *, #5315, .F. ) ;
#1133 = CARTESIAN_POINT ( 'NONE',  ( 54.03290200691138523, -0.4496430414070579085, 8.000000000000000000 ) ) ;
#1134 = EDGE_CURVE ( 'NONE', #2696, #5534, #1450, .T. ) ;
#1135 = CARTESIAN_POINT ( 'NONE',  ( 647.3802317200710377, 813.3546525040699180, 1296.677801097771408 ) ) ;
#1136 = DIRECTION ( 'NONE',  ( 0.9831174577638042145, -0.1244294391572492026, 0.1341543100725695881 ) ) ;
#1137 = VERTEX_POINT ( 'NONE', #8271 ) ;
#1138 = CARTESIAN_POINT ( 'NONE',  ( -19.50000000000003197, 32.50000000000000000, 11.99999999999999645 ) ) ;
#1139 = AXIS2_PLACEMENT_3D ( 'NONE', #4988, #7070, #4254 ) ;
#1140 = CARTESIAN_POINT ( 'NONE',  ( -19.50000000000003197, 30.50000000000000000, 3.999999999999996447 ) ) ;
#1141 = CIRCLE ( 'NONE', #3899, 1.000000000000005773 ) ;
#1142 = EDGE_CURVE ( 'NONE', #7810, #2654, #4647, .T. ) ;
#1143 = VERTEX_POINT ( 'NONE', #5413 ) ;
#1144 =( NAMED_UNIT ( * ) PLANE_ANGLE_UNIT ( ) SI_UNIT ( $, .RADIAN. ) );
#1145 = CYLINDRICAL_SURFACE ( 'NONE', #977, 6.474999999999954348 ) ;
#1146 = EDGE_LOOP ( 'NONE', ( #4176, #8599, #662, #8727, #2674, #1661 ) ) ;
#1147 = CARTESIAN_POINT ( 'NONE',  ( -0.1732444538684180246, -0.1802397270410371899, -1.099999999999996758 ) ) ;
#1148 = CARTESIAN_POINT ( 'NONE',  ( 0.02697841726616995173, 0.2485400671961152108, -1.099999999999996758 ) ) ;
#1149 = ADVANCED_FACE ( 'NONE', ( #467 ), #3477, .F. ) ;
#1150 = ORIENTED_EDGE ( 'NONE', *, *, #8971, .F. ) ;
#1151 = VECTOR ( 'NONE', #4187, 1000.000000000000000 ) ;
#1152 = LINE ( 'NONE', #1244, #7678 ) ;
#1153 = DIRECTION ( 'NONE',  ( -0.08803429357919559384, 0.9376491420330599347, -0.3362499808158784242 ) ) ;
#1154 = FACE_OUTER_BOUND ( 'NONE', #5860, .T. ) ;
#1155 = AXIS2_PLACEMENT_3D ( 'NONE', #6865, #8781, #6138 ) ;
#1156 = EDGE_CURVE ( 'NONE', #8834, #1966, #3759, .T. ) ;
#1157 = DIRECTION ( 'NONE',  ( 0.6501551545066585058, 0.3098309877324724182, 0.6937600695551335850 ) ) ;
#1158 = EDGE_LOOP ( 'NONE', ( #5748, #8240, #7894, #3688 ) ) ;
#1159 = CARTESIAN_POINT ( 'NONE',  ( -39.45405613487440633, 10.34360167969249034, 0.000000000000000000 ) ) ;
#1160 = CARTESIAN_POINT ( 'NONE',  ( -38.54184393689688903, 43.26336523637861831, -7.995595375063419219 ) ) ;
#1161 = APPLICATION_CONTEXT ( 'automotive_design' ) ;
#1162 = UNCERTAINTY_MEASURE_WITH_UNIT (LENGTH_MEASURE( 1.000000000000000082E-05 ), #3776, 'distance_accuracy_value', 'NONE');
#1163 = LINE ( 'NONE', #3980, #8056 ) ;
#1164 = VECTOR ( 'NONE', #2297, 1000.000000000000114 ) ;
#1165 = B_SPLINE_CURVE_WITH_KNOTS ( 'NONE', 3,
 ( #7279, #3818, #367, #8098, #7414, #1872, #1187, #3957, #6048, #4641, #6725, #503, #3279, #8819, #2596, #8508 ),
 .UNSPECIFIED., .F., .F.,
 ( 4, 3, 3, 3, 3, 4 ),
 ( 0.000000000000000000, 1.346867703773822048E-05, 2.693358225293470036E-05, 4.053474381635659976E-05, 5.402775808679580129E-05, 6.318244024763970050E-05 ),
 .UNSPECIFIED. ) ;
#1166 = CARTESIAN_POINT ( 'NONE',  ( -0.3127276490602973191, 0.1711618745325049762, -0.01649216283553661677 ) ) ;
#1167 = ORIENTED_EDGE ( 'NONE', *, *, #815, .T. ) ;
#1168 = CARTESIAN_POINT ( 'NONE',  ( 0.4311896858126170184, -0.3571062120051446409, -0.04028158175582421952 ) ) ;
#1169 = DIRECTION ( 'NONE',  ( -3.428155301009279818E-32, 8.955574241400646717E-33, 1.000000000000000000 ) ) ;
#1170 = CARTESIAN_POINT ( 'NONE',  ( -40.47905613487440490, 10.34360167969249034, 8.000000000000000000 ) ) ;
#1171 = CARTESIAN_POINT ( 'NONE',  ( -0.1443606385482372190, -0.7544116507109790426, -0.07569731556398004435 ) ) ;
#1172 = AXIS2_PLACEMENT_3D ( 'NONE', #7830, #4375, #2196 ) ;
#1173 = ADVANCED_BREP_SHAPE_REPRESENTATION ( '', ( #7392, #4639 ), #3035 ) ;
#1174 = MANIFOLD_SOLID_BREP ( 'Imported1', #7973 ) ;
#1175 = CARTESIAN_POINT ( 'NONE',  ( 651.2324618732260433, 781.9138293039386554, 1312.827722439541958 ) ) ;
#1176 = ORIENTED_EDGE ( 'NONE', *, *, #3528, .F. ) ;
#1177 = DIRECTION ( 'NONE',  ( 0.9714137623810692457, 0.1555226214723447464, 0.1793544436779453688 ) ) ;
#1178 = EDGE_LOOP ( 'NONE', ( #404, #1739, #8647, #5196 ) ) ;
#1179 = LINE ( 'NONE', #4677, #8278 ) ;
#1180 = AXIS2_PLACEMENT_3D ( 'NONE', #6814, #7586, #3321 ) ;
#1181 = CARTESIAN_POINT ( 'NONE',  ( 0.8318206948259090350, -0.8619643246102620671, -0.1855975253287969751 ) ) ;
#1182 = ADVANCED_FACE ( 'NONE', ( #3917 ), #7507, .T. ) ;
#1183 = EDGE_LOOP ( 'NONE', ( #4809, #1001, #4925, #7105, #3122, #1176, #2911, #1693 ) ) ;
#1184 = DIRECTION ( 'NONE',  ( 0.000000000000000000, -1.000000000000000000, 0.000000000000000000 ) ) ;
#1185 = DIRECTION ( 'NONE',  ( -0.08803429357919559384, 0.9376491420330599347, -0.3362499808158784242 ) ) ;
#1186 = PLANE ( 'NONE',  #2252 ) ;
#1187 = CARTESIAN_POINT ( 'NONE',  ( 0.3093359896029559963, 0.1752208159566670531, -0.01640479522577176219 ) ) ;
#1188 = CARTESIAN_POINT ( 'NONE',  ( -2.000000000000029310, 61.00000000000000000, -229.4623459811442387 ) ) ;
#1189 = ORIENTED_EDGE ( 'NONE', *, *, #3609, .F. ) ;
#1190 = CIRCLE ( 'NONE', #8579, 3.499999999999960032 ) ;
#1191 = FILL_AREA_STYLE_COLOUR ( '', #126 ) ;
#1192 = CARTESIAN_POINT ( 'NONE',  ( 0.3423596838974043988, -0.1608426329399448296, -0.007003500707418452986 ) ) ;
#1193 = VERTEX_POINT ( 'NONE', #1920 ) ;
#1194 = DIRECTION ( 'NONE',  ( 1.000000000000000000, -1.020425574104004246E-16, 0.000000000000000000 ) ) ;
#1195 = CARTESIAN_POINT ( 'NONE',  ( -10.75000000000003730, 32.50000000000000000, 6.999999999999999112 ) ) ;
#1196 = ORIENTED_EDGE ( 'NONE', *, *, #4783, .T. ) ;
#1197 = VECTOR ( 'NONE', #4430, 1000.000000000000227 ) ;
#1198 = CARTESIAN_POINT ( 'NONE',  ( -0.8299852910303093800, -0.8634984783813248743, -0.1855446092705256844 ) ) ;
#1199 = CARTESIAN_POINT ( 'NONE',  ( -1.115666220151530164, -0.1604777808238838643, -0.007003512763968655630 ) ) ;
#1200 = FACE_OUTER_BOUND ( 'NONE', #4498, .T. ) ;
#1201 = VERTEX_POINT ( 'NONE', #4687 ) ;
#1202 = DIRECTION ( 'NONE',  ( 0.9848077530122070211, -0.1736481776669360211, 0.000000000000000000 ) ) ;
#1203 = EDGE_CURVE ( 'NONE', #1259, #8120, #3765, .T. ) ;
#1204 = ORIENTED_EDGE ( 'NONE', *, *, #6878, .T. ) ;
#1205 = PLANE ( 'NONE',  #4204 ) ;
#1206 = LINE ( 'NONE', #1253, #8757 ) ;
#1207 = AXIS2_PLACEMENT_3D ( 'NONE', #2125, #69, #2799 ) ;
#1208 = CARTESIAN_POINT ( 'NONE',  ( 646.0680341024915379, 827.1555233125394579, 1291.639564566960189 ) ) ;
#1209 = EDGE_LOOP ( 'NONE', ( #8300, #4453, #1587, #4332 ) ) ;
#1210 = CARTESIAN_POINT ( 'NONE',  ( 0.3182622357771636157, -0.2216041501616756171, -0.01937295131113476315 ) ) ;
#1211 = PRESENTATION_LAYER_ASSIGNMENT (  '', '', ( #2081 ) ) ;
#1212 = CARTESIAN_POINT ( 'NONE',  ( -1.196357065066815162, -0.1396785649192822110, -0.1790072184736021810 ) ) ;
#1213 = DIRECTION ( 'NONE',  ( -0.08803429357919545506, 0.9376491420330602677, -0.3362499808158776471 ) ) ;
#1214 = CARTESIAN_POINT ( 'NONE',  ( 0.1106175492958175188, -0.2242159673607885262, -1.099999999999996758 ) ) ;
#1215 = EDGE_CURVE ( 'NONE', #4957, #1964, #7463, .T. ) ;
#1216 = MANIFOLD_SOLID_BREP ( 'NONE', #4488 ) ;
#1217 = CARTESIAN_POINT ( 'NONE',  ( -0.1924284163752759680, -0.1597770853568325489, -1.099999999999996758 ) ) ;
#1218 = ORIENTED_EDGE ( 'NONE', *, *, #1255, .T. ) ;
#1219 = AXIS2_PLACEMENT_3D ( 'NONE', #4164, #7213, #295 ) ;
#1220 = DIRECTION ( 'NONE',  ( -0.6501551545066193150, -0.3098309877324880168, -0.6937600695551632279 ) ) ;
#1221 = DIRECTION ( 'NONE',  ( 0.000000000000000000, 0.000000000000000000, 1.000000000000000000 ) ) ;
#1222 = EDGE_LOOP ( 'NONE', ( #3488, #3349, #6993, #1218 ) ) ;
#1223 = PLANE ( 'NONE',  #8716 ) ;
#1224 = VERTEX_POINT ( 'NONE', #1374 ) ;
#1225 = B_SPLINE_CURVE_WITH_KNOTS ( 'NONE', 3,
 ( #2261, #4301, #5127, #3579, #6347, #7028, #4392 ),
 .UNSPECIFIED., .F., .F.,
 ( 4, 1, 1, 1, 4 ),
 ( 0.000000000000000000, 0.2500000000000000000, 0.5000000000000000000, 0.7500000000000000000, 1.000000000000000000 ),
 .UNSPECIFIED. ) ;
#1226 = CYLINDRICAL_SURFACE ( 'NONE', #6264, 1.700000000000010614 ) ;
#1227 = CARTESIAN_POINT ( 'NONE',  ( 644.4204001542009337, 829.7101875156283768, 1302.702049584051338 ) ) ;
#1228 = CARTESIAN_POINT ( 'NONE',  ( -46.00000000000004263, 37.69999999999999574, 16.00000000000000000 ) ) ;
#1229 = CONICAL_SURFACE ( 'NONE', #7609, 6.406354617263320783, 0.7853981633974433940 ) ;
#1230 = AXIS2_PLACEMENT_3D ( 'NONE', #1195, #3463, #5503 ) ;
#1231 = EDGE_CURVE ( 'NONE', #2091, #6545, #8554, .T. ) ;
#1232 = ADVANCED_FACE ( 'NONE', ( #4821 ), #723, .T. ) ;
#1233 = DIRECTION ( 'NONE',  ( 0.000000000000000000, -0.000000000000000000, -1.000000000000000000 ) ) ;
#1234 = EDGE_LOOP ( 'NONE', ( #6338, #1424, #7199, #6187 ) ) ;
#1235 = AXIS2_PLACEMENT_3D ( 'NONE', #4650, #1194, #6098 ) ;
#1236 = CARTESIAN_POINT ( 'NONE',  ( -5.055563173821026268, 9.969247618609081485, 1.000000000000000888 ) ) ;
#1237 = CARTESIAN_POINT ( 'NONE',  ( 0.2454279539717552083, -0.04899927627652345130, -1.099999999999996758 ) ) ;
#1238 = VERTEX_POINT ( 'NONE', #687 ) ;
#1239 = LINE ( 'NONE', #4006, #58 ) ;
#1240 = CARTESIAN_POINT ( 'NONE',  ( 0.1464123318280047270, 0.3606189843292790242, -0.01955658776666588730 ) ) ;
#1241 = ORIENTED_EDGE ( 'NONE', *, *, #3702, .F. ) ;
#1242 = VECTOR ( 'NONE', #3987, 1000.000000000000000 ) ;
#1243 = EDGE_CURVE ( 'NONE', #4361, #5042, #2025, .T. ) ;
#1244 = CARTESIAN_POINT ( 'NONE',  ( -38.49999999999938183, 32.69999999999999574, -7.999999999999992895 ) ) ;
#1245 = CIRCLE ( 'NONE', #2554, 6.497700000000087073 ) ;
#1246 = DIRECTION ( 'NONE',  ( -0.6501551545066162063, -0.3098309877324738060, -0.6937600695551724428 ) ) ;
#1247 = DIRECTION ( 'NONE',  ( 1.000000000000000000, 2.832201593431524685E-16, 0.000000000000000000 ) ) ;
#1248 = VERTEX_POINT ( 'NONE', #7676 ) ;
#1249 = DIRECTION ( 'NONE',  ( 0.08803429357919508036, -0.9376491420330606008, 0.3362499808158768699 ) ) ;
#1250 = ADVANCED_FACE ( 'NONE', ( #1543 ), #4310, .F. ) ;
#1251 = ORIENTED_EDGE ( 'NONE', *, *, #2514, .T. ) ;
#1252 = FACE_OUTER_BOUND ( 'NONE', #826, .T. ) ;
#1253 = CARTESIAN_POINT ( 'NONE',  ( -2.000000000000029310, 1.040834085586084257E-14, -11.99999999999999645 ) ) ;
#1254 = LINE ( 'NONE', #8926, #502 ) ;
#1255 = EDGE_CURVE ( 'NONE', #2954, #5078, #4178, .T. ) ;
#1256 = VERTEX_POINT ( 'NONE', #6229 ) ;
#1257 = CARTESIAN_POINT ( 'NONE',  ( 0.7050596147724845775, -0.7584541024696586087, -0.1374213291859464336 ) ) ;
#1258 = DIRECTION ( 'NONE',  ( 0.000000000000000000, 0.000000000000000000, 1.000000000000000000 ) ) ;
#1259 = VERTEX_POINT ( 'NONE', #8987 ) ;
#1260 = CARTESIAN_POINT ( 'NONE',  ( 649.2282717786506510, 825.9816319379516472, 1291.046035475141480 ) ) ;
#1261 = EDGE_CURVE ( 'NONE', #7330, #4730, #3922, .T. ) ;
#1262 = CARTESIAN_POINT ( 'NONE',  ( -10.75000000000003730, 32.50000000000000000, -6.999999999999999112 ) ) ;
#1263 = LINE ( 'NONE', #5992, #1027 ) ;
#1264 = ORIENTED_EDGE ( 'NONE', *, *, #1985, .T. ) ;
#1265 = PRESENTATION_LAYER_ASSIGNMENT (  '', '', ( #3441 ) ) ;
#1266 = LINE ( 'NONE', #6807, #4701 ) ;
#1267 = DIRECTION ( 'NONE',  ( 0.8459853476653714788, 0.5332061435650390369, 2.136391225068429042E-18 ) ) ;
#1268 = ORIENTED_EDGE ( 'NONE', *, *, #135, .T. ) ;
#1269 = CYLINDRICAL_SURFACE ( 'NONE', #2044, 1.000000000000005773 ) ;
#1270 =( NAMED_UNIT ( * ) PLANE_ANGLE_UNIT ( ) SI_UNIT ( $, .RADIAN. ) );
#1271 = ORIENTED_EDGE ( 'NONE', *, *, #1660, .F. ) ;
#1272 = CARTESIAN_POINT ( 'NONE',  ( -9.050000000000030909, 34.89999999999999858, 6.999999999999999112 ) ) ;
#1273 = CARTESIAN_POINT ( 'NONE',  ( 647.3149358089524412, 823.6392161244104955, 1297.864598293230529 ) ) ;
#1274 = CARTESIAN_POINT ( 'NONE',  ( -46.04645567546446472, 42.69978418236399165, -4.000000000000003553 ) ) ;
#1275 = CIRCLE ( 'NONE', #2858, 7.500000000000080824 ) ;
#1276 = B_SPLINE_CURVE_WITH_KNOTS ( 'NONE', 3,
 ( #2368, #6460, #5098, #8541, #268, #3004, #7185 ),
 .UNSPECIFIED., .F., .F.,
 ( 4, 1, 1, 1, 4 ),
 ( 0.000000000000000000, 0.2500000000000000000, 0.5000000000000000000, 0.7500000000000000000, 1.000000000000000000 ),
 .UNSPECIFIED. ) ;
#1277 = EDGE_CURVE ( 'NONE', #4446, #1550, #7102, .T. ) ;
#1278 = DIRECTION ( 'NONE',  ( 0.7906026614797350138, -0.6123295123225398484, 0.000000000000000000 ) ) ;
#1279 = VERTEX_POINT ( 'NONE', #125 ) ;
#1280 = EDGE_CURVE ( 'NONE', #8040, #1596, #5368, .T. ) ;
#1281 = CARTESIAN_POINT ( 'NONE',  ( 647.4073718172098779, 822.6546845252759113, 1298.217660773081207 ) ) ;
#1282 = CARTESIAN_POINT ( 'NONE',  ( 0.1909196776042065835, 0.3075585148039072791, -0.006944503301090088065 ) ) ;
#1283 = ORIENTED_EDGE ( 'NONE', *, *, #6819, .F. ) ;
#1284 = CARTESIAN_POINT ( 'NONE',  ( -0.2262728214071849098, 0.1063043286627235462, -1.099999999999996758 ) ) ;
#1285 = AXIS2_PLACEMENT_3D ( 'NONE', #8346, #1448, #2082 ) ;
#1286 = CARTESIAN_POINT ( 'NONE',  ( 0.1485256213327480757, 0.4370642968282619223, -0.02746302993780716170 ) ) ;
#1287 = VERTEX_POINT ( 'NONE', #1088 ) ;
#1288 = ADVANCED_FACE ( 'NONE', ( #360 ), #5041, .F. ) ;
#1289 = CIRCLE ( 'NONE', #413, 3.000000000000002665 ) ;
#1290 = VERTEX_POINT ( 'NONE', #1589 ) ;
#1291 = ADVANCED_FACE ( 'NONE', ( #953 ), #403, .F. ) ;
#1292 = CARTESIAN_POINT ( 'NONE',  ( 31.99999999999995737, 0.000000000000000000, 11.99999999999999645 ) ) ;
#1293 = CARTESIAN_POINT ( 'NONE',  ( -7.000000000000033751, 52.49999999999999289, 0.000000000000000000 ) ) ;
#1294 = PRODUCT_RELATED_PRODUCT_CATEGORY ( 'part', '', ( #2905 ) ) ;
#1295 = VECTOR ( 'NONE', #8325, 1000.000000000000114 ) ;
#1296 = DIRECTION ( 'NONE',  ( -0.08803429357919534404, 0.9376491420330603788, -0.3362499808158775916 ) ) ;
#1297 = VERTEX_POINT ( 'NONE', #1735 ) ;
#1298 = DIRECTION ( 'NONE',  ( -0.08803429357919559384, 0.9376491420330599347, -0.3362499808158784242 ) ) ;
#1299 = VERTEX_POINT ( 'NONE', #1689 ) ;
#1300 = PLANE ( 'NONE',  #5515 ) ;
#1301 = DIRECTION ( 'NONE',  ( 0.000000000000000000, 0.000000000000000000, -1.000000000000000000 ) ) ;
#1302 = VECTOR ( 'NONE', #2373, 1000.000000000000114 ) ;
#1303 = DIRECTION ( 'NONE',  ( 0.000000000000000000, -1.000000000000000000, 0.000000000000000000 ) ) ;
#1304 = PRESENTATION_LAYER_ASSIGNMENT (  '', '', ( #6236 ) ) ;
#1305 = AXIS2_PLACEMENT_3D ( 'NONE', #7495, #3359, #1316 ) ;
#1306 = ORIENTED_EDGE ( 'NONE', *, *, #1507, .T. ) ;
#1307 = CARTESIAN_POINT ( 'NONE',  ( 0.3697459945502565293, 0.1601148979850975373, -0.02089345989055069880 ) ) ;
#1308 = ORIENTED_EDGE ( 'NONE', *, *, #2635, .T. ) ;
#1309 = CARTESIAN_POINT ( 'NONE',  ( -0.02697841726614913505, -0.2485400671959486774, -1.099999999999996758 ) ) ;
#1310 = EDGE_CURVE ( 'NONE', #6038, #3505, #8262, .T. ) ;
#1311 = SHAPE_REPRESENTATION ( 'RS_2484551_M2_Hex_Nut_SIMPLIFIED', ( #4639 ), #3909 ) ;
#1312 = DIRECTION ( 'NONE',  ( 1.360567432138672328E-16, 1.000000000000000000, -0.000000000000000000 ) ) ;
#1313 = ORIENTED_EDGE ( 'NONE', *, *, #3233, .F. ) ;
#1314 = VECTOR ( 'NONE', #6202, 1000.000000000000000 ) ;
#1315 = CARTESIAN_POINT ( 'NONE',  ( 66.50201929804504175, -2.639792811676672457, 8.000000000000000000 ) ) ;
#1316 = DIRECTION ( 'NONE',  ( 1.000000000000000000, 0.000000000000000000, 0.000000000000000000 ) ) ;
#1317 = ORIENTED_EDGE ( 'NONE', *, *, #2854, .T. ) ;
#1318 = CARTESIAN_POINT ( 'NONE',  ( 0.1745362930464441908, -0.1789883408561676603, -1.099999999999996758 ) ) ;
#1319 = CARTESIAN_POINT ( 'NONE',  ( 0.8356288615557274646, -0.8581423011431166259, -0.1855680528382377958 ) ) ;
#1320 = EDGE_LOOP ( 'NONE', ( #7379, #3128, #2414, #2644 ) ) ;
#1321 = CARTESIAN_POINT ( 'NONE',  ( 0.8001704537938456596, -0.7935384845752235794, -0.005503680371526931125 ) ) ;
#1322 = VECTOR ( 'NONE', #1954, 1000.000000000000000 ) ;
#1323 = AXIS2_PLACEMENT_3D ( 'NONE', #7149, #2826, #4970 ) ;
#1324 = DIRECTION ( 'NONE',  ( -0.08803429357919508036, 0.9376491420330606008, -0.3362499808158768699 ) ) ;
#1325 = PLANE ( 'NONE',  #6610 ) ;
#1326 = ADVANCED_FACE ( 'NONE', ( #8537 ), #6544, .F. ) ;
#1327 = DIRECTION ( 'NONE',  ( 0.000000000000000000, 0.000000000000000000, 1.000000000000000000 ) ) ;
#1328 = VECTOR ( 'NONE', #5130, 1000.000000000000000 ) ;
#1329 = ORIENTED_EDGE ( 'NONE', *, *, #7959, .F. ) ;
#1330 = MANIFOLD_SOLID_BREP ( 'Split3', #6374 ) ;
#1331 =( LENGTH_UNIT ( ) NAMED_UNIT ( * ) SI_UNIT ( .MILLI., .METRE. ) );
#1332 = DIRECTION ( 'NONE',  ( 0.08803429357920031229, -0.9376491420330851367, 0.3362499808158067593 ) ) ;
#1333 = ORIENTED_EDGE ( 'NONE', *, *, #1352, .F. ) ;
#1334 = CARTESIAN_POINT ( 'NONE',  ( -46.04645567546442209, 42.69978418236399165, 16.00000000000000000 ) ) ;
#1335 = CARTESIAN_POINT ( 'NONE',  ( 0.3018085676027085218, -0.2011711265037102736, 0.000000000000000000 ) ) ;
#1336 = VERTEX_POINT ( 'NONE', #8675 ) ;
#1337 = AXIS2_PLACEMENT_3D ( 'NONE', #3261, #8804, #2581 ) ;
#1338 = ADVANCED_FACE ( 'NONE', ( #5859 ), #908, .F. ) ;
#1339 = ORIENTED_EDGE ( 'NONE', *, *, #2912, .T. ) ;
#1340 = CARTESIAN_POINT ( 'NONE',  ( 69.62140237615136584, 0.8126188716606752571, 0.000000000000000000 ) ) ;
#1341 = CARTESIAN_POINT ( 'NONE',  ( -0.3367352305484877517, 0.1601883907489526360, -0.01801974172283005160 ) ) ;
#1342 = CARTESIAN_POINT ( 'NONE',  ( 0.1292490986361805039, -1.190714019399768953, -0.1855446092705256844 ) ) ;
#1343 = CARTESIAN_POINT ( 'NONE',  ( -0.3853576542245858993, 0.3019004209960324259, -0.03081179600336771823 ) ) ;
#1344 =( REPRESENTATION_RELATIONSHIP ('NONE','NONE', #74, #4729 ) REPRESENTATION_RELATIONSHIP_WITH_TRANSFORMATION ( #1074 )SHAPE_REPRESENTATION_RELATIONSHIP( ) );
#1345 = ORIENTED_EDGE ( 'NONE', *, *, #5752, .F. ) ;
#1346 = CARTESIAN_POINT ( 'NONE',  ( 647.2140778579004063, 824.7134494422277839, 1297.479367916201909 ) ) ;
#1347 = VECTOR ( 'NONE', #499, 1000.000000000000114 ) ;
#1348 = ORIENTED_EDGE ( 'NONE', *, *, #3552, .T. ) ;
#1349 = CARTESIAN_POINT ( 'NONE',  ( 1.189627661050858487, -0.1388928851893955763, -0.1855446092705256844 ) ) ;
#1350 = DIRECTION ( 'NONE',  ( 0.000000000000000000, 0.000000000000000000, -1.000000000000000000 ) ) ;
#1351 = EDGE_CURVE ( 'NONE', #1559, #8719, #5949, .T. ) ;
#1352 = EDGE_CURVE ( 'NONE', #4844, #7923, #8242, .T. ) ;
#1353 = DIRECTION ( 'NONE',  ( -1.000000000000000000, 0.000000000000000000, 0.000000000000000000 ) ) ;
#1354 = CARTESIAN_POINT ( 'NONE',  ( 648.1292530245591479, 814.9659615606046827, 1300.974910615781937 ) ) ;
#1355 = VERTEX_POINT ( 'NONE', #1780 ) ;
#1356 = CARTESIAN_POINT ( 'NONE',  ( 0.3322420148249294325, -0.1608602758836064073, -0.01766331607802595904 ) ) ;
#1357 = MANIFOLD_SOLID_BREP ( 'CBORE for M3 Pan Head Machine Screw2', #5641 ) ;
#1358 = CARTESIAN_POINT ( 'NONE',  ( 0.2097430909580172420, 0.1360788281502822716, -1.099999999999996758 ) ) ;
#1359 = CARTESIAN_POINT ( 'NONE',  ( 0.1499947506097484839, -1.149594342683676995, -5.595407092523485559E-05 ) ) ;
#1360 = EDGE_LOOP ( 'NONE', ( #3194, #8277, #7590, #5118 ) ) ;
#1361 = DIRECTION ( 'NONE',  ( -1.000000000000000000, -0.000000000000000000, -0.000000000000000000 ) ) ;
#1362 = VECTOR ( 'NONE', #464, 1000.000000000000000 ) ;
#1363 = CARTESIAN_POINT ( 'NONE',  ( 0.1903814225755126599, 0.3066914228453260227, -0.01690487344975510897 ) ) ;
#1364 = VERTEX_POINT ( 'NONE', #6811 ) ;
#1365 = CARTESIAN_POINT ( 'NONE',  ( 0.9110182133289651540, -0.9252421240849295625, -0.005503680371526931125 ) ) ;
#1366 = CARTESIAN_POINT ( 'NONE',  ( -11.50000000000001776, 59.00000000000000000, 3.999999999999996447 ) ) ;
#1367 = CARTESIAN_POINT ( 'NONE',  ( 0.1740862074524548997, -0.1794279471131199344, -1.099999999999996758 ) ) ;
#1368 = EDGE_CURVE ( 'NONE', #8626, #558, #999, .T. ) ;
#1369 = AXIS2_PLACEMENT_3D ( 'NONE', #3845, #4388, #7981 ) ;
#1370 = FACE_OUTER_BOUND ( 'NONE', #4768, .T. ) ;
#1371 = EDGE_LOOP ( 'NONE', ( #6437, #7839, #7644, #6329, #8402 ) ) ;
#1372 = CARTESIAN_POINT ( 'NONE',  ( -48.00000000000004263, 37.69999999999999574, 28.50000000000001066 ) ) ;
#1373 = EDGE_CURVE ( 'NONE', #5205, #1950, #1997, .T. ) ;
#1374 = CARTESIAN_POINT ( 'NONE',  ( 0.02697841726616995173, 0.2485400671961152108, -1.099999999999996758 ) ) ;
#1375 = PLANE ( 'NONE',  #7510 ) ;
#1376 = AXIS2_PLACEMENT_3D ( 'NONE', #618, #6707, #3937 ) ;
#1377 = ORIENTED_EDGE ( 'NONE', *, *, #8912, .T. ) ;
#1378 = DIRECTION ( 'NONE',  ( 0.2204660187209547262, -0.3108485172154358822, -0.9245366049726189139 ) ) ;
#1379 = DIRECTION ( 'NONE',  ( 1.000000000000000000, -1.020425574104004246E-16, 0.000000000000000000 ) ) ;
#1380 = ORIENTED_EDGE ( 'NONE', *, *, #7385, .F. ) ;
#1381 = EDGE_CURVE ( 'NONE', #2324, #6377, #4767, .T. ) ;
#1382 = AXIS2_PLACEMENT_3D ( 'NONE', #1063, #8696, #2474 ) ;
#1383 = VECTOR ( 'NONE', #4269, 1000.000000000000000 ) ;
#1384 = ORIENTED_EDGE ( 'NONE', *, *, #1975, .F. ) ;
#1385 = DIRECTION ( 'NONE',  ( -0.6501551545064337967, -0.3098309877325178818, -0.6937600695553236552 ) ) ;
#1386 = CARTESIAN_POINT ( 'NONE',  ( 99.99999999999995737, 1.199999999999996181, 0.000000000000000000 ) ) ;
#1387 = CARTESIAN_POINT ( 'NONE',  ( -0.02697841726616995173, 0.2485400671960458219, -1.099999999999996758 ) ) ;
#1388 = CIRCLE ( 'NONE', #3850, 4.758499999999910912 ) ;
#1389 = CARTESIAN_POINT ( 'NONE',  ( -0.7312302920925154437, 0.7230133619979326465, -0.1320186572509452483 ) ) ;
#1390 = ORIENTED_EDGE ( 'NONE', *, *, #622, .F. ) ;
#1391 = MANIFOLD_SOLID_BREP ( 'Imported2', #8697 ) ;
#1392 = ORIENTED_EDGE ( 'NONE', *, *, #3580, .T. ) ;
#1393 = CARTESIAN_POINT ( 'NONE',  ( 0.1487573096867131350, -0.3497776589994093799, -0.01871341753044992659 ) ) ;
#1394 = VECTOR ( 'NONE', #3430, 1000.000000000000114 ) ;
#1395 = CARTESIAN_POINT ( 'NONE',  ( -0.2249545328356916674, 0.1091103562088635570, -1.099999999999996758 ) ) ;
#1396 = EDGE_CURVE ( 'NONE', #1797, #4476, #107, .T. ) ;
#1397 = CARTESIAN_POINT ( 'NONE',  ( 0.7352310087112374770, 0.7292441633401063328, -0.1374213291859430475 ) ) ;
#1398 = EDGE_CURVE ( 'NONE', #5427, #2611, #2590, .T. ) ;
#1399 = CARTESIAN_POINT ( 'NONE',  ( 0.5195060326065110701, 0.1589431722041057260, -0.03792402862011580444 ) ) ;
#1400 = ORIENTED_EDGE ( 'NONE', *, *, #249, .F. ) ;
#1401 = CARTESIAN_POINT ( 'NONE',  ( 0.3003672735761575563, -0.2002104289819117700, -0.01690487344975510897 ) ) ;
#1402 = CARTESIAN_POINT ( 'NONE',  ( -63.64255635432972014, -23.76525047424265935, 1.122040431466415855 ) ) ;
#1403 = VECTOR ( 'NONE', #2272, 1000.000000000000000 ) ;
#1404 = LINE ( 'NONE', #6343, #8612 ) ;
#1405 = ORIENTED_EDGE ( 'NONE', *, *, #8135, .F. ) ;
#1406 = CARTESIAN_POINT ( 'NONE',  ( -0.1084470364371911688, -1.200297652328832676, -0.1785173072915841042 ) ) ;
#1407 = VECTOR ( 'NONE', #2853, 1000.000000000000000 ) ;
#1408 = FACE_BOUND ( 'NONE', #4404, .T. ) ;
#1409 = ORIENTED_EDGE ( 'NONE', *, *, #8318, .T. ) ;
#1410 = VECTOR ( 'NONE', #8456, 1000.000000000000000 ) ;
#1411 = CARTESIAN_POINT ( 'NONE',  ( 0.2080235751308404102, -0.1386585453183181160, -1.099999999999996758 ) ) ;
#1412 = CARTESIAN_POINT ( 'NONE',  ( -0.1481791854663954966, 0.4777979090799665540, -0.03219359972759132382 ) ) ;
#1413 = DIRECTION ( 'NONE',  ( 0.3504734962904449969, 0.9174364348610840603, 0.1883579475024483585 ) ) ;
#1414 = CARTESIAN_POINT ( 'NONE',  ( -42.64668146724019948, 20.60851112569134358, 0.000000000000000000 ) ) ;
#1415 = VERTEX_POINT ( 'NONE', #8852 ) ;
#1416 = CARTESIAN_POINT ( 'NONE',  ( -0.1745366508429518904, 0.1789887077794094505, -1.099999999999996758 ) ) ;
#1417 = ADVANCED_FACE ( 'NONE', ( #3905 ), #2632, .T. ) ;
#1418 = DIRECTION ( 'NONE',  ( 1.000000000000000000, -1.110223024625150131E-16, 3.422190715366935101E-32 ) ) ;
#1419 = CARTESIAN_POINT ( 'NONE',  ( 0.08031120315048906333, 0.2369572611376075111, -1.099999999999996758 ) ) ;
#1420 = VERTEX_POINT ( 'NONE', #2676 ) ;
#1421 = CONICAL_SURFACE ( 'NONE', #2971, 6.406354617262656426, 0.7853981633974433940 ) ;
#1422 = DIRECTION ( 'NONE',  ( 0.1610798504276419185, 0.3465180766741957075, 0.9241095737650513176 ) ) ;
#1423 = DIRECTION ( 'NONE',  ( 0.1736481776669350774, 0.9848077530122072432, 0.000000000000000000 ) ) ;
#1424 = ORIENTED_EDGE ( 'NONE', *, *, #8807, .F. ) ;
#1425 = ADVANCED_FACE ( 'NONE', ( #5403 ), #6130, .T. ) ;
#1426 = ORIENTED_EDGE ( 'NONE', *, *, #8884, .F. ) ;
#1427 = ORIENTED_EDGE ( 'NONE', *, *, #3378, .F. ) ;
#1428 = CARTESIAN_POINT ( 'NONE',  ( 646.7171871591177705, 827.0732177337805524, 1303.694337241934591 ) ) ;
#1429 = DIRECTION ( 'NONE',  ( -3.020171088909226572E-16, 2.534224446796043777E-16, 1.000000000000000000 ) ) ;
#1430 = EDGE_CURVE ( 'NONE', #1009, #931, #3597, .T. ) ;
#1431 = CARTESIAN_POINT ( 'NONE',  ( 646.9345689757865330, 827.6904854681829420, 1296.411774227111209 ) ) ;
#1432 = CARTESIAN_POINT ( 'NONE',  ( -0.4311896858126703647, 0.3571062120052554967, -0.04028158175584077572 ) ) ;
#1433 = CARTESIAN_POINT ( 'NONE',  ( -19.50000000000003197, 55.99999999999999289, 0.000000000000000000 ) ) ;
#1434 = ORIENTED_EDGE ( 'NONE', *, *, #772, .F. ) ;
#1435 = EDGE_LOOP ( 'NONE', ( #3989, #8115, #3374, #4449, #15 ) ) ;
#1436 = DIRECTION ( 'NONE',  ( 0.08803429357919470566, -0.9376491420330607118, 0.3362499808158766479 ) ) ;
#1437 = EDGE_CURVE ( 'NONE', #5097, #1137, #2010, .T. ) ;
#1438 = FACE_OUTER_BOUND ( 'NONE', #4502, .T. ) ;
#1439 = COLOUR_RGB ( '',0.7921568627450980005, 0.8196078431372548767, 0.9333333333333333481 ) ;
#1440 = PLANE ( 'NONE',  #2298 ) ;
#1441 = CARTESIAN_POINT ( 'NONE',  ( 0.6729754304993766922, 0.1569114017856785281, -0.06122988177154016498 ) ) ;
#1442 = ORIENTED_EDGE ( 'NONE', *, *, #4785, .T. ) ;
#1443 = DIRECTION ( 'NONE',  ( -0.6123724356957941373, 0.3535533905932734533, 0.7071067811865480168 ) ) ;
#1444 = CARTESIAN_POINT ( 'NONE',  ( 0.2550229851528765246, 0.3652138562333512306, -0.005503680371533870019 ) ) ;
#1445 = CARTESIAN_POINT ( 'NONE',  ( 651.5682126223447312, 828.4323283726057525, 1297.267294923452027 ) ) ;
#1446 = ORIENTED_EDGE ( 'NONE', *, *, #3160, .F. ) ;
#1447 = CARTESIAN_POINT ( 'NONE',  ( 0.1732456016586558789, -0.1802409041089386710, -1.099999999999996758 ) ) ;
#1448 = DIRECTION ( 'NONE',  ( 0.08803429357919559384, -0.9376491420330599347, 0.3362499808158784242 ) ) ;
#1449 = DIRECTION ( 'NONE',  ( 0.000000000000000000, 0.000000000000000000, -1.000000000000000000 ) ) ;
#1450 = CIRCLE ( 'NONE', #3915, 4.758500000000008612 ) ;
#1451 = DIRECTION ( 'NONE',  ( -1.110223024625150131E-16, -1.000000000000000000, 0.000000000000000000 ) ) ;
#1452 = CARTESIAN_POINT ( 'NONE',  ( -10.75000000000003730, 34.89999999999999858, -10.49999999999999467 ) ) ;
#1453 = APPLICATION_CONTEXT ( 'automotive_design' ) ;
#1454 = EDGE_LOOP ( 'NONE', ( #4283, #8021, #7719, #8676 ) ) ;
#1455 = ADVANCED_FACE ( 'NONE', ( #7757 ), #5661, .T. ) ;
#1456 = LINE ( 'NONE', #3499, #8506 ) ;
#1457 = AXIS2_PLACEMENT_3D ( 'NONE', #2161, #7575, #670 ) ;
#1458 = CARTESIAN_POINT ( 'NONE',  ( -0.3624841498977454113, 0.4598241857532826549, -0.04403718785016640103 ) ) ;
#1459 = CARTESIAN_POINT ( 'NONE',  ( 0.1018936698160208265, 0.2283036096132895487, -1.099999999999996758 ) ) ;
#1460 = ORIENTED_EDGE ( 'NONE', *, *, #8671, .T. ) ;
#1461 = DIRECTION ( 'NONE',  ( -1.110223024625150254E-16, -1.000000000000000000, 0.000000000000000000 ) ) ;
#1462 = DIRECTION ( 'NONE',  ( 0.000000000000000000, 0.000000000000000000, -1.000000000000000000 ) ) ;
#1463 = VERTEX_POINT ( 'NONE', #8435 ) ;
#1464 = VECTOR ( 'NONE', #4572, 1000.000000000000000 ) ;
#1465 = ORIENTED_EDGE ( 'NONE', *, *, #4920, .T. ) ;
#1466 = DIRECTION ( 'NONE',  ( 0.1736481776669449306, 0.9848077530122054668, 0.000000000000000000 ) ) ;
#1467 = CARTESIAN_POINT ( 'NONE',  ( 45.58031608298559689, 43.99999999999999289, -229.4623459811442387 ) ) ;
#1468 = LINE ( 'NONE', #2146, #5197 ) ;
#1469 = EDGE_LOOP ( 'NONE', ( #3158, #2820, #1641, #8949, #472, #754, #4373, #7456, #8259, #89, #1917, #6412, #5046 ) ) ;
#1470 = VECTOR ( 'NONE', #1644, 1000.000000000000000 ) ;
#1471 = CARTESIAN_POINT ( 'NONE',  ( -0.4243588610912965575, 0.3488736432008728849, -0.03879293470143042877 ) ) ;
#1472 = DIRECTION ( 'NONE',  ( 0.000000000000000000, -1.000000000000000000, 1.734723475976807094E-16 ) ) ;
#1473 = EDGE_LOOP ( 'NONE', ( #5487, #1409, #2221 ) ) ;
#1474 = ORIENTED_EDGE ( 'NONE', *, *, #8354, .F. ) ;
#1475 = CARTESIAN_POINT ( 'NONE',  ( 1.586925035823583130E-11, 1.197708322671714454, -0.1855446119989057063 ) ) ;
#1476 = DIRECTION ( 'NONE',  ( 1.000000000000000000, 3.469446951953618626E-16, 0.000000000000000000 ) ) ;
#1477 = AXIS2_PLACEMENT_3D ( 'NONE', #6667, #7444, #3075 ) ;
#1478 = EDGE_CURVE ( 'NONE', #480, #770, #4764, .T. ) ;
#1479 = CARTESIAN_POINT ( 'NONE',  ( 0.3361678189371652969, 0.2430105688722259683, -0.02184249401795050616 ) ) ;
#1480 = DIRECTION ( 'NONE',  ( 0.1610798504276640952, 0.3465180766742032570, 0.9241095737650447672 ) ) ;
#1481 = VERTEX_POINT ( 'NONE', #5616 ) ;
#1482 = CARTESIAN_POINT ( 'NONE',  ( 0.3070879410360244366, -0.1782955347914283450, -0.01636661352631685329 ) ) ;
#1483 = ADVANCED_FACE ( 'NONE', ( #1408, #4852 ), #3534, .F. ) ;
#1484 = AXIS2_PLACEMENT_3D ( 'NONE', #2340, #7882, #841 ) ;
#1485 = CARTESIAN_POINT ( 'NONE',  ( -8.881784197001252816E-17, -0.8000000000000047073, -11.59999999999999964 ) ) ;
#1486 = LINE ( 'NONE', #2888, #7164 ) ;
#1487 = DIRECTION ( 'NONE',  ( 1.000000000000000000, 0.000000000000000000, 0.000000000000000000 ) ) ;
#1488 = EDGE_LOOP ( 'NONE', ( #8088, #1150, #175, #4835 ) ) ;
#1489 = DIRECTION ( 'NONE',  ( -0.9714137623810662481, -0.1555226214723453571, -0.1793544436779609674 ) ) ;
#1490 = DIRECTION ( 'NONE',  ( 0.000000000000000000, 0.000000000000000000, 1.000000000000000000 ) ) ;
#1491 = DIRECTION ( 'NONE',  ( -8.673617379884040402E-17, -1.000000000000000000, 0.000000000000000000 ) ) ;
#1492 = ADVANCED_FACE ( 'NONE', ( #4299 ), #6301, .F. ) ;
#1493 = DIRECTION ( 'NONE',  ( 0.8660254037844389297, 0.4999999999999995004, 0.000000000000000000 ) ) ;
#1494 = CARTESIAN_POINT ( 'NONE',  ( 0.1745366508429588293, -0.1789887077793261838, -1.099999999999996758 ) ) ;
#1495 = CARTESIAN_POINT ( 'NONE',  ( 0.1776728161206678203, 0.1759305495812601983, -1.099999999999996758 ) ) ;
#1496 = ORIENTED_EDGE ( 'NONE', *, *, #6679, .F. ) ;
#1497 = CARTESIAN_POINT ( 'NONE',  ( 643.1258184176432451, 852.0420277579627282, 1285.875085151351186 ) ) ;
#1498 = CARTESIAN_POINT ( 'NONE',  ( -0.5163857477813902364, 0.5952425843236497371, -0.07968162166079380271 ) ) ;
#1499 = EDGE_LOOP ( 'NONE', ( #900, #4063, #3809, #2054 ) ) ;
#1500 = CARTESIAN_POINT ( 'NONE',  ( -19.50000000000003197, 0.000000000000000000, 11.99999999999999645 ) ) ;
#1501 = CARTESIAN_POINT ( 'NONE',  ( 99.99999999999995737, 52.99999999999999289, -11.99999999999999645 ) ) ;
#1502 = FACE_OUTER_BOUND ( 'NONE', #7201, .T. ) ;
#1503 = CARTESIAN_POINT ( 'NONE',  ( 99.99999999999995737, 4.499999999999997335, -16.00000000000000000 ) ) ;
#1504 = CIRCLE ( 'NONE', #6582, 1.024999999999998135 ) ;
#1505 = ORIENTED_EDGE ( 'NONE', *, *, #5001, .F. ) ;
#1506 = EDGE_CURVE ( 'NONE', #1420, #4957, #5056, .T. ) ;
#1507 = EDGE_CURVE ( 'NONE', #6309, #3510, #2126, .T. ) ;
#1508 = CARTESIAN_POINT ( 'NONE',  ( 640.3723986260959009, 824.0939733649677237, 1296.056174335270498 ) ) ;
#1509 = ORIENTED_EDGE ( 'NONE', *, *, #3324, .T. ) ;
#1511 = AXIS2_PLACEMENT_3D ( 'NONE', #8128, #6214, #1220 ) ;
#1510 = CARTESIAN_POINT ( 'NONE',  ( -0.1290932872244077156, -0.2141022683312121533, -1.099999999999996758 ) ) ;
#1512 = CARTESIAN_POINT ( 'NONE',  ( -0.1318513288452935472, 0.2124034535541940993, -1.099999999999996758 ) ) ;
#1513 = DIRECTION ( 'NONE',  ( 0.6501551545067822957, 0.3098309877324444406, 0.6937600695550298902 ) ) ;
#1514 = VERTEX_POINT ( 'NONE', #678 ) ;
#1515 = DIRECTION ( 'NONE',  ( -0.6427876096865414723, -0.7660444431189762371, 6.656013887802296742E-31 ) ) ;
#1516 = DIRECTION ( 'NONE',  ( 0.1610798504277783927, 0.3465180766741859930, 0.9241095737650311115 ) ) ;
#1517 = EDGE_CURVE ( 'NONE', #6675, #6171, #7712, .T. ) ;
#1518 = ORIENTED_EDGE ( 'NONE', *, *, #2746, .T. ) ;
#1519 = ORIENTED_EDGE ( 'NONE', *, *, #6200, .T. ) ;
#1520 = AXIS2_PLACEMENT_3D ( 'NONE', #3347, #5984, #2024 ) ;
#1521 = AXIS2_PLACEMENT_3D ( 'NONE', #1060, #3829, #6648 ) ;
#1522 = CARTESIAN_POINT ( 'NONE',  ( -76.44973805115233745, 25.14730477521020902, 4.749999999999997335 ) ) ;
#1523 = EDGE_CURVE ( 'NONE', #770, #2069, #7381, .T. ) ;
#1524 = CARTESIAN_POINT ( 'NONE',  ( 0.3003672735761298007, 0.2002104289819950367, -0.01690487344975510897 ) ) ;
#1525 = CARTESIAN_POINT ( 'NONE',  ( 99.99999999999995737, 1.199999999999996181, -1.460000000000003073 ) ) ;
#1526 = ORIENTED_EDGE ( 'NONE', *, *, #1536, .T. ) ;
#1527 = DIRECTION ( 'NONE',  ( -0.9848077530122071321, 0.1736481776669361321, 0.000000000000000000 ) ) ;
#1528 = VECTOR ( 'NONE', #3034, 1000.000000000000000 ) ;
#1529 = CARTESIAN_POINT ( 'NONE',  ( 0.7837672174404048953, -0.1546867465896637484, -0.08190030170773741902 ) ) ;
#1530 = EDGE_CURVE ( 'NONE', #2776, #1013, #6939, .T. ) ;
#1531 = PRODUCT_DEFINITION_SHAPE ( 'NONE', 'NONE',  #8998 ) ;
#1532 = DIRECTION ( 'NONE',  ( -0.1736481776669371035, -0.9848077530122067991, 0.000000000000000000 ) ) ;
#1533 = ORIENTED_EDGE ( 'NONE', *, *, #1373, .F. ) ;
#1534 = FACE_OUTER_BOUND ( 'NONE', #8187, .T. ) ;
#1535 = CARTESIAN_POINT ( 'NONE',  ( 647.3149358089509633, 823.6392161244106092, 1297.864598293230529 ) ) ;
#1536 = EDGE_CURVE ( 'NONE', #8597, #6631, #4945, .T. ) ;
#1537 = DIRECTION ( 'NONE',  ( 0.7546841976764091520, -0.1575399805934525332, -0.6368931749454765923 ) ) ;
#1538 = DIRECTION ( 'NONE',  ( 0.9714137623810650268, 0.1555226214723564315, 0.1793544436779578588 ) ) ;
#1539 = CARTESIAN_POINT ( 'NONE',  ( -8.000000000000028422, 55.99999999999999289, -3.999999999999996447 ) ) ;
#1540 = CARTESIAN_POINT ( 'NONE',  ( 1.373412784074247384, 0.1603503939776873555, -0.007003512763968655630 ) ) ;
#1541 = ORIENTED_EDGE ( 'NONE', *, *, #8284, .F. ) ;
#1542 = DIRECTION ( 'NONE',  ( 0.9848077530122070211, -0.1736481776669358545, 0.000000000000000000 ) ) ;
#1543 = FACE_OUTER_BOUND ( 'NONE', #831, .T. ) ;
#1544 = ORIENTED_EDGE ( 'NONE', *, *, #7176, .T. ) ;
#1545 = FACE_BOUND ( 'NONE', #8458, .T. ) ;
#1546 = CARTESIAN_POINT ( 'NONE',  ( -2.000000000000029310, 52.49999999999999289, 0.000000000000000000 ) ) ;
#1547 = DIRECTION ( 'NONE',  ( -0.9917433769864263393, -0.07447790734350753783, -0.1043940396827850170 ) ) ;
#1548 = EDGE_LOOP ( 'NONE', ( #4792, #1196, #3207, #6863 ) ) ;
#1549 = DIRECTION ( 'NONE',  ( 0.000000000000000000, 0.000000000000000000, 1.000000000000000000 ) ) ;
#1550 = VERTEX_POINT ( 'NONE', #8257 ) ;
#1551 = EDGE_CURVE ( 'NONE', #8953, #8441, #4731, .T. ) ;
#1552 = AXIS2_PLACEMENT_3D ( 'NONE', #3, #1429, #8411 ) ;
#1553 = CARTESIAN_POINT ( 'NONE',  ( -0.09328736242355389896, -1.194617578033657646, -0.1855446092705187455 ) ) ;
#1554 = ORIENTED_EDGE ( 'NONE', *, *, #8839, .F. ) ;
#1555 = CIRCLE ( 'NONE', #6637, 3.000000000000002665 ) ;
#1556 = EDGE_CURVE ( 'NONE', #7179, #7167, #3490, .T. ) ;
#1557 = PLANE ( 'NONE',  #4741 ) ;
#1558 = LINE ( 'NONE', #273, #5914 ) ;
#1559 = VERTEX_POINT ( 'NONE', #3446 ) ;
#1560 = DIRECTION ( 'NONE',  ( -0.000000000000000000, -0.000000000000000000, 1.000000000000000000 ) ) ;
#1561 = DIRECTION ( 'NONE',  ( -0.08803429357919559384, 0.9376491420330599347, -0.3362499808158784242 ) ) ;
#1562 = ORIENTED_EDGE ( 'NONE', *, *, #8249, .F. ) ;
#1563 = ORIENTED_EDGE ( 'NONE', *, *, #7896, .T. ) ;
#1564 = AXIS2_PLACEMENT_3D ( 'NONE', #5595, #47, #784 ) ;
#1565 = ADVANCED_FACE ( 'NONE', ( #3577 ), #4811, .T. ) ;
#1566 = DIRECTION ( 'NONE',  ( 0.07765672251501583301, -0.7154165806567361896, -0.6943691738330911578 ) ) ;
#1567 = EDGE_CURVE ( 'NONE', #2787, #317, #8269, .T. ) ;
#1568 = LINE ( 'NONE', #6931, #3747 ) ;
#1569 = B_SPLINE_SURFACE_WITH_KNOTS ( 'NONE', 3, 1, ( 
 ( #1800, #6427 ),
 ( #5164, #7250 ),
 ( #5209, #1712 ),
 ( #3020, #3658 ),
 ( #1665, #8559 ),
 ( #334, #1758 ),
 ( #8513, #4429 ) ),
 .UNSPECIFIED., .F., .F., .F.,
 ( 4, 1, 1, 1, 4 ),
 ( 2, 2 ),
 ( 0.000000000000000000, 0.2500000000000000000, 0.5000000000000000000, 0.7500000000000000000, 1.000000000000000000 ),
 ( 0.1622884611741705063, 1.000000000000000000 ),
 .UNSPECIFIED. ) ;
#1570 = DIRECTION ( 'NONE',  ( 0.1610798504276672594, 0.3465180766741923768, 0.9241095737650480979 ) ) ;
#1571 = ORIENTED_EDGE ( 'NONE', *, *, #8163, .F. ) ;
#1572 = CARTESIAN_POINT ( 'NONE',  ( -0.5866459542001878358, -0.1581619466799164819, -0.04728740090070424062 ) ) ;
#1573 = MECHANICAL_DESIGN_GEOMETRIC_PRESENTATION_REPRESENTATION (  '', ( #7669 ), #2733 ) ;
#1574 = CARTESIAN_POINT ( 'NONE',  ( 649.6234647995794376, 822.9770348388919956, 1291.511037436167271 ) ) ;
#1575 = CARTESIAN_POINT ( 'NONE',  ( 54.03290200691138523, -0.4496430414070579085, 1.000000000000000888 ) ) ;
#1576 = EDGE_LOOP ( 'NONE', ( #5448, #1427, #747, #5382 ) ) ;
#1577 = LINE ( 'NONE', #4298, #7370 ) ;
#1578 = CARTESIAN_POINT ( 'NONE',  ( 102.1784920396515162, 2.812736557524782910, 11.99999999999999645 ) ) ;
#1579 = LINE ( 'NONE', #8391, #5396 ) ;
#1580 = AXIS2_PLACEMENT_3D ( 'NONE', #3605, #786, #4103 ) ;
#1581 = ORIENTED_EDGE ( 'NONE', *, *, #1203, .T. ) ;
#1582 = CARTESIAN_POINT ( 'NONE',  ( 648.1292530245600574, 814.9659615606049101, 1300.974910615781482 ) ) ;
#1583 = CARTESIAN_POINT ( 'NONE',  ( 653.7762482075894468, 828.3099615454434570, 1297.834967808041483 ) ) ;
#1584 = AXIS2_PLACEMENT_3D ( 'NONE', #5870, #2841, #5658 ) ;
#1585 = ORIENTED_EDGE ( 'NONE', *, *, #2880, .T. ) ;
#1586 = FACE_OUTER_BOUND ( 'NONE', #1360, .T. ) ;
#1587 = ORIENTED_EDGE ( 'NONE', *, *, #6819, .T. ) ;
#1588 = FACE_OUTER_BOUND ( 'NONE', #469, .T. ) ;
#1589 = CARTESIAN_POINT ( 'NONE',  ( -0.2080235751307571435, -0.1386585453182764827, -1.099999999999996758 ) ) ;
#1590 = AXIS2_PLACEMENT_3D ( 'NONE', #4359, #6499, #6453 ) ;
#1591 =( GEOMETRIC_REPRESENTATION_CONTEXT ( 3 ) GLOBAL_UNCERTAINTY_ASSIGNED_CONTEXT ( ( #7887 ) ) GLOBAL_UNIT_ASSIGNED_CONTEXT ( ( #202, #2982, #6978 ) ) REPRESENTATION_CONTEXT ( 'NONE', 'WORKASPACE' ) );
#1592 = ORIENTED_EDGE ( 'NONE', *, *, #1231, .T. ) ;
#1593 = CARTESIAN_POINT ( 'NONE',  ( 647.3149358089509633, 823.6392161244106092, 1297.864598293230529 ) ) ;
#1594 = EDGE_CURVE ( 'NONE', #87, #3911, #1768, .T. ) ;
#1595 = CARTESIAN_POINT ( 'NONE',  ( 0.1636149652514684583, 0.1891761046621392994, -1.099999999999996758 ) ) ;
#1596 = VERTEX_POINT ( 'NONE', #2939 ) ;
#1597 = CARTESIAN_POINT ( 'NONE',  ( -0.8337372251598779149, -0.8601347094739364429, -0.1856031583492151471 ) ) ;
#1598 = ORIENTED_EDGE ( 'NONE', *, *, #883, .T. ) ;
#1599 = EDGE_CURVE ( 'NONE', #7047, #8853, #4099, .T. ) ;
#1600 = CARTESIAN_POINT ( 'NONE',  ( 646.9785861225755070, 827.2216608971669984, 1296.579899217520278 ) ) ;
#1601 = VECTOR ( 'NONE', #4883, 1000.000000000000000 ) ;
#1602 = B_SPLINE_CURVE_WITH_KNOTS ( 'NONE', 3,
 ( #2536, #6849, #2621, #7490, #4581, #8759, #7532 ),
 .UNSPECIFIED., .F., .F.,
 ( 4, 1, 1, 1, 4 ),
 ( 0.000000000000000000, 0.2500000000000000000, 0.5000000000000000000, 0.7500000000000000000, 1.000000000000000000 ),
 .UNSPECIFIED. ) ;
#1603 = ORIENTED_EDGE ( 'NONE', *, *, #3026, .T. ) ;
#1604 = DIRECTION ( 'NONE',  ( -1.000000000000000000, -0.000000000000000000, -0.000000000000000000 ) ) ;
#1605 = DIRECTION ( 'NONE',  ( 1.000000000000000000, 0.000000000000000000, 0.000000000000000000 ) ) ;
#1606 = ORIENTED_EDGE ( 'NONE', *, *, #7486, .F. ) ;
#1607 = DIRECTION ( 'NONE',  ( 1.000000000000000000, -1.020425574104004246E-16, -0.000000000000000000 ) ) ;
#1608 = DIRECTION ( 'NONE',  ( 0.000000000000000000, 0.000000000000000000, 1.000000000000000000 ) ) ;
#1609 = ORIENTED_EDGE ( 'NONE', *, *, #6108, .T. ) ;
#1610 = ADVANCED_FACE ( 'NONE', ( #347 ), #5709, .T. ) ;
#1611 = AXIS2_PLACEMENT_3D ( 'NONE', #4329, #8371, #6375 ) ;
#1612 = ORIENTED_EDGE ( 'NONE', *, *, #2514, .F. ) ;
#1613 = PRODUCT_DEFINITION_SHAPE ( 'NONE', 'NONE',  #735 ) ;
#1614 = CARTESIAN_POINT ( 'NONE',  ( 1.196357065066953940, 0.1396785649193793555, -0.1790072184736021810 ) ) ;
#1615 = CIRCLE ( 'NONE', #155, 7.499999999999990230 ) ;
#1616 = VECTOR ( 'NONE', #6172, 1000.000000000000000 ) ;
#1617 = FILL_AREA_STYLE ('',( #3790 ) ) ;
#1618 = CARTESIAN_POINT ( 'NONE',  ( -7.000000000000032863, 58.99999999999999289, 0.000000000000000000 ) ) ;
#1619 = ORIENTED_EDGE ( 'NONE', *, *, #8362, .T. ) ;
#1620 = DIRECTION ( 'NONE',  ( -0.1736481776669371035, -0.9848077530122067991, 0.000000000000000000 ) ) ;
#1621 = EDGE_CURVE ( 'NONE', #7087, #1415, #7984, .T. ) ;
#1622 = EDGE_CURVE ( 'NONE', #216, #967, #2265, .T. ) ;
#1623 = FACE_OUTER_BOUND ( 'NONE', #6102, .T. ) ;
#1624 = CARTESIAN_POINT ( 'NONE',  ( -77.99999999999987210, -21.52393324585229095, 2.999999999999988898 ) ) ;
#1625 = VECTOR ( 'NONE', #8246, 1000.000000000000114 ) ;
#1626 = APPLICATION_PROTOCOL_DEFINITION ( 'draft international standard', 'automotive_design', 1998, #1926 ) ;
#1627 = ORIENTED_EDGE ( 'NONE', *, *, #6947, .T. ) ;
#1628 = PLANE ( 'NONE',  #31 ) ;
#1629 = LINE ( 'NONE', #6531, #7349 ) ;
#1630 = DIRECTION ( 'NONE',  ( -1.000000000000000000, -0.000000000000000000, -0.000000000000000000 ) ) ;
#1631 = VERTEX_POINT ( 'NONE', #162 ) ;
#1632 =( REPRESENTATION_RELATIONSHIP ('NONE','NONE', #74, #1311 ) REPRESENTATION_RELATIONSHIP_WITH_TRANSFORMATION ( #3891 )SHAPE_REPRESENTATION_RELATIONSHIP( ) );
#1633 = CARTESIAN_POINT ( 'NONE',  ( -0.9137831317018590971, -0.9415847874556237951, -0.07554460927052669694 ) ) ;
#1634 = CARTESIAN_POINT ( 'NONE',  ( 651.8477215044594004, 825.4552923466507082, 1298.334888612540681 ) ) ;
#1635 = CIRCLE ( 'NONE', #3079, 2.999999999999995559 ) ;
#1636 = ORIENTED_EDGE ( 'NONE', *, *, #2227, .T. ) ;
#1637 = DIRECTION ( 'NONE',  ( -0.000000000000000000, -0.000000000000000000, -1.000000000000000000 ) ) ;
#1638 = ORIENTED_EDGE ( 'NONE', *, *, #3142, .F. ) ;
#1639 = DIRECTION ( 'NONE',  ( -0.1736481776669352162, -0.9848077530122071321, 0.000000000000000000 ) ) ;
#1640 = DIRECTION ( 'NONE',  ( 0.000000000000000000, 0.000000000000000000, -1.000000000000000000 ) ) ;
#1641 = ORIENTED_EDGE ( 'NONE', *, *, #8557, .T. ) ;
#1642 = DIRECTION ( 'NONE',  ( 0.08803429357919559384, -0.9376491420330599347, 0.3362499808158784242 ) ) ;
#1643 = EDGE_CURVE ( 'NONE', #6414, #7810, #8935, .T. ) ;
#1644 = DIRECTION ( 'NONE',  ( 0.000000000000000000, 0.000000000000000000, -1.000000000000000000 ) ) ;
#1645 = ORIENTED_EDGE ( 'NONE', *, *, #7236, .F. ) ;
#1646 = CARTESIAN_POINT ( 'NONE',  ( -0.2262728214071849098, -0.1063043286626957906, -1.099999999999996758 ) ) ;
#1647 = EDGE_LOOP ( 'NONE', ( #7351, #4260, #5154, #6798 ) ) ;
#1648 = DIRECTION ( 'NONE',  ( 0.000000000000000000, -1.000000000000000000, 0.000000000000000000 ) ) ;
#1649 = CARTESIAN_POINT ( 'NONE',  ( -1.221245327087672293E-16, -1.100000000000006306, -1.700000000000000178 ) ) ;
#1650 = EDGE_CURVE ( 'NONE', #8387, #6177, #6185, .T. ) ;
#1651 = DIRECTION ( 'NONE',  ( 1.807003620809174385E-16, 1.000000000000000000, 0.000000000000000000 ) ) ;
#1652 = CARTESIAN_POINT ( 'NONE',  ( 646.8307471942673601, 828.7962864055925820, 1296.015223398740545 ) ) ;
#1653 = CARTESIAN_POINT ( 'NONE',  ( -48.00000000000004263, 37.69999999999999574, -7.999999999999986677 ) ) ;
#1654 = AXIS2_PLACEMENT_3D ( 'NONE', #436, #8879, #5982 ) ;
#1655 = ORIENTED_EDGE ( 'NONE', *, *, #6878, .F. ) ;
#1656 = DIRECTION ( 'NONE',  ( -0.3673406315924540588, 0.2832101451022377425, 0.8859192254897884089 ) ) ;
#1657 = CARTESIAN_POINT ( 'NONE',  ( -1.373412784074247384, -0.1603503939776040887, -0.007003512763968655630 ) ) ;
#1658 = EDGE_CURVE ( 'NONE', #8120, #5693, #8077, .T. ) ;
#1659 = ORIENTED_EDGE ( 'NONE', *, *, #4916, .F. ) ;
#1660 = EDGE_CURVE ( 'NONE', #4721, #6377, #7120, .T. ) ;
#1661 = ORIENTED_EDGE ( 'NONE', *, *, #4872, .F. ) ;
#1662 =( BOUNDED_CURVE ( )  B_SPLINE_CURVE ( 3, ( #2935, #4984, #5703, #66 ),
 .UNSPECIFIED., .F., .F. ) 
 B_SPLINE_CURVE_WITH_KNOTS ( ( 4, 4 ),
 ( 4.712388980384700332, 4.716262545023304220 ),
 .UNSPECIFIED. ) 
 CURVE ( )  GEOMETRIC_REPRESENTATION_ITEM ( )  RATIONAL_B_SPLINE_CURVE ( ( 1.000000000000000000, 0.9999987496251400154, 0.9999987496251400154, 1.000000000000000000 ) ) 
 REPRESENTATION_ITEM ( '' )  );
#1663 = VECTOR ( 'NONE', #8432, 1000.000000000000000 ) ;
#1664 = CARTESIAN_POINT ( 'NONE',  ( 646.7690103112850011, 826.8645999710603292, 1303.594478019150756 ) ) ;
#1665 = CARTESIAN_POINT ( 'NONE',  ( 0.06514436560309255775, 1.203816949547034554, -0.1785173072915910431 ) ) ;
#1666 = AXIS2_PLACEMENT_3D ( 'NONE', #8422, #4840, #7654 ) ;
#1667 = CARTESIAN_POINT ( 'NONE',  ( -0.1310298908849191757, 0.2129133684582035224, -1.099999999999996758 ) ) ;
#1668 = VECTOR ( 'NONE', #650, 1000.000000000000000 ) ;
#1669 = VERTEX_POINT ( 'NONE', #896 ) ;
#1670 = CARTESIAN_POINT ( 'NONE',  ( -0.1776728161207025147, 0.1759305495812879538, -1.099999999999996758 ) ) ;
#1671 = DIRECTION ( 'NONE',  ( -0.08803429357919466403, 0.9376491420330606008, -0.3362499808158769254 ) ) ;
#1672 = EDGE_CURVE ( 'NONE', #271, #7703, #5891, .T. ) ;
#1673 = CARTESIAN_POINT ( 'NONE',  ( -8.000000000000035527, 52.99999999999999289, -3.999999999999996447 ) ) ;
#1674 = VECTOR ( 'NONE', #5675, 1000.000000000000227 ) ;
#1675 = FACE_OUTER_BOUND ( 'NONE', #2626, .T. ) ;
#1676 = CARTESIAN_POINT ( 'NONE',  ( 646.5827028556481082, 829.7102256082840768, 1302.136038924900959 ) ) ;
#1677 = CARTESIAN_POINT ( 'NONE',  ( 0.2483133094921333162, 0.02899138370390796915, -1.099999999999996758 ) ) ;
#1678 = CARTESIAN_POINT ( 'NONE',  ( -46.00000000000004263, 32.69999999999999574, -3.999999999999996447 ) ) ;
#1679 = AXIS2_PLACEMENT_3D ( 'NONE', #304, #5804, #4397 ) ;
#1680 = ORIENTED_EDGE ( 'NONE', *, *, #4169, .T. ) ;
#1681 = FACE_BOUND ( 'NONE', #7186, .T. ) ;
#1682 = LINE ( 'NONE', #992, #6899 ) ;
#1683 = ORIENTED_EDGE ( 'NONE', *, *, #1599, .T. ) ;
#1684 = CARTESIAN_POINT ( 'NONE',  ( -0.4589442440192658679, -0.5449503446895095360, -0.06504171769645546164 ) ) ;
#1685 = VECTOR ( 'NONE', #6838, 1000.000000000000114 ) ;
#1686 = VERTEX_POINT ( 'NONE', #3669 ) ;
#1687 = CARTESIAN_POINT ( 'NONE',  ( -0.6049458685007361725, -0.5680800947711991400, -0.08834831416724579778 ) ) ;
#1688 = EDGE_CURVE ( 'NONE', #8216, #5807, #4484, .T. ) ;
#1689 = CARTESIAN_POINT ( 'NONE',  ( -77.09503701474744730, -21.37887465312914159, 3.499999999999989342 ) ) ;
#1690 = ORIENTED_EDGE ( 'NONE', *, *, #8884, .T. ) ;
#1691 = CARTESIAN_POINT ( 'NONE',  ( -10.75000000000003730, 32.50000000000000000, -3.500000000000003109 ) ) ;
#1692 = CARTESIAN_POINT ( 'NONE',  ( 31.99999999999996447, 32.50000000000000000, 22.83861770582906559 ) ) ;
#1693 = ORIENTED_EDGE ( 'NONE', *, *, #1594, .F. ) ;
#1694 = CARTESIAN_POINT ( 'NONE',  ( 0.1292490986362013206, 1.190714019399852219, -0.1855446092705256844 ) ) ;
#1695 = ORIENTED_EDGE ( 'NONE', *, *, #1478, .T. ) ;
#1696 = CARTESIAN_POINT ( 'NONE',  ( -40.47905613487440490, 10.34360167969249034, 0.000000000000000000 ) ) ;
#1697 = DIRECTION ( 'NONE',  ( -0.4999999999999998890, -0.8660254037844387076, -0.000000000000000000 ) ) ;
#1698 = EDGE_CURVE ( 'NONE', #1796, #2915, #206, .T. ) ;
#1699 = AXIS2_PLACEMENT_3D ( 'NONE', #7026, #719, #6900 ) ;
#1700 = CARTESIAN_POINT ( 'NONE',  ( 0.8144676551341891724, -0.09509173854879704457, -0.5500000000000018208 ) ) ;
#1701 = CARTESIAN_POINT ( 'NONE',  ( 51.70361120621099360, 41.90602661479733371, -229.4623459811442387 ) ) ;
#1702 = DIRECTION ( 'NONE',  ( 0.08803429357919534404, -0.9376491420330603788, 0.3362499808158775916 ) ) ;
#1703 = VERTEX_POINT ( 'NONE', #1676 ) ;
#1704 = CARTESIAN_POINT ( 'NONE',  ( 0.2846881726100217169, -0.1337482110281840164, -0.5500000000000018208 ) ) ;
#1705 = DIRECTION ( 'NONE',  ( -0.06849616735364713604, 0.3310633807090139769, 0.9411191810878044572 ) ) ;
#1706 = CONICAL_SURFACE ( 'NONE', #4300, 48.99999999999994316, 0.7853981633974415066 ) ;
#1707 = EDGE_LOOP ( 'NONE', ( #4754, #2160, #3403, #8093 ) ) ;
#1708 = EDGE_CURVE ( 'NONE', #6165, #8510, #1629, .T. ) ;
#1709 = EDGE_LOOP ( 'NONE', ( #5900, #8003, #8621, #7133, #6646, #6472 ) ) ;
#1710 = EDGE_CURVE ( 'NONE', #8418, #238, #298, .T. ) ;
#1711 = DIRECTION ( 'NONE',  ( -1.110223024625150254E-16, -1.000000000000000000, 0.000000000000000000 ) ) ;
#1712 = CARTESIAN_POINT ( 'NONE',  ( -0.01351552776397701994, 0.2497563872751046299, -1.099999999999996758 ) ) ;
#1713 = VECTOR ( 'NONE', #5467, 1000.000000000000000 ) ;
#1714 = CARTESIAN_POINT ( 'NONE',  ( 0.2097430909580172420, 0.1360788281502822716, -1.099999999999996758 ) ) ;
#1715 = ORIENTED_EDGE ( 'NONE', *, *, #2301, .T. ) ;
#1716 = CARTESIAN_POINT ( 'NONE',  ( -0.2005467581562489499, 0.1494605406868187991, -1.099999999999996758 ) ) ;
#1717 = EDGE_CURVE ( 'NONE', #1971, #212, #7165, .T. ) ;
#1718 = B_SPLINE_CURVE_WITH_KNOTS ( 'NONE', 3,
 ( #5493, #8096, #3366, #8817 ),
 .UNSPECIFIED., .F., .F.,
 ( 4, 4 ),
 ( 0.000000000000000000, 1.000000000000000000 ),
 .UNSPECIFIED. ) ;
#1719 = DIRECTION ( 'NONE',  ( 3.428155301009279818E-32, -8.955574241400646717E-33, -1.000000000000000000 ) ) ;
#1720 = DIRECTION ( 'NONE',  ( 0.1610798504275527676, 0.3465180766741822183, 0.9241095737650719677 ) ) ;
#1721 = CARTESIAN_POINT ( 'NONE',  ( 648.2216890328166983, 813.9814299614696438, 1301.327973095631251 ) ) ;
#1722 = DIRECTION ( 'NONE',  ( 0.000000000000000000, 0.000000000000000000, 1.000000000000000000 ) ) ;
#1723 =( NAMED_UNIT ( * ) SI_UNIT ( $, .STERADIAN. ) SOLID_ANGLE_UNIT ( ) );
#1724 = CARTESIAN_POINT ( 'NONE',  ( -0.2497184969373483776, 0.01452837954024621681, -1.099999999999996758 ) ) ;
#1725 = ORIENTED_EDGE ( 'NONE', *, *, #5453, .F. ) ;
#1726 = CARTESIAN_POINT ( 'NONE',  ( -0.1447907369950658385, 0.7310133956162955249, -0.07125134191354762225 ) ) ;
#1727 = CARTESIAN_POINT ( 'NONE',  ( 32.04776646736709722, -2.716401473161503155, 0.000000000000000000 ) ) ;
#1728 = AXIS2_PLACEMENT_3D ( 'NONE', #7431, #3931, #8792 ) ;
#1729 = EDGE_CURVE ( 'NONE', #2322, #1826, #229, .T. ) ;
#1730 = ORIENTED_EDGE ( 'NONE', *, *, #1000, .T. ) ;
#1731 = DIRECTION ( 'NONE',  ( 0.08803429357919534404, -0.9376491420330603788, 0.3362499808158775916 ) ) ;
#1732 = ORIENTED_EDGE ( 'NONE', *, *, #8813, .F. ) ;
#1733 = CARTESIAN_POINT ( 'NONE',  ( -0.6485707590218301455, -0.6216657913967295057, -0.1035491317092915586 ) ) ;
#1734 = CIRCLE ( 'NONE', #6661, 1.000000000000005773 ) ;
#1735 = CARTESIAN_POINT ( 'NONE',  ( -19.50000000000003197, 55.99999999999999289, 11.41619848709565765 ) ) ;
#1736 = VERTEX_POINT ( 'NONE', #1077 ) ;
#1737 = DIRECTION ( 'NONE',  ( 5.368886524706374076E-13, 0.3375605785106995382, 0.9413038063428417201 ) ) ;
#1738 = LINE ( 'NONE', #1692, #4951 ) ;
#1739 = ORIENTED_EDGE ( 'NONE', *, *, #7699, .F. ) ;
#1740 = LINE ( 'NONE', #913, #4143 ) ;
#1741 = EDGE_LOOP ( 'NONE', ( #4504, #8766 ) ) ;
#1742 = CARTESIAN_POINT ( 'NONE',  ( 646.9906385140265002, 852.4144023577400731, 1290.362579881721786 ) ) ;
#1743 = EDGE_CURVE ( 'NONE', #8361, #1686, #4592, .T. ) ;
#1744 = FACE_OUTER_BOUND ( 'NONE', #8478, .T. ) ;
#1745 = VERTEX_POINT ( 'NONE', #1812 ) ;
#1746 = VECTOR ( 'NONE', #3424, 1000.000000000000227 ) ;
#1747 =( NAMED_UNIT ( * ) PLANE_ANGLE_UNIT ( ) SI_UNIT ( $, .RADIAN. ) );
#1748 = DIRECTION ( 'NONE',  ( -0.000000000000000000, -0.000000000000000000, 1.000000000000000000 ) ) ;
#1749 = CARTESIAN_POINT ( 'NONE',  ( 652.9419002082286170, 763.7066815776864814, 1319.356980345531156 ) ) ;
#1750 = VERTEX_POINT ( 'NONE', #3167 ) ;
#1751 = CARTESIAN_POINT ( 'NONE',  ( -19.50000000000003197, 52.99999999999999289, 11.99999999999999645 ) ) ;
#1752 = CARTESIAN_POINT ( 'NONE',  ( 0.09963426738922434578, 0.2324024803750153190, -1.099999999999996758 ) ) ;
#1753 = EDGE_LOOP ( 'NONE', ( #8863, #8486, #6791, #4344 ) ) ;
#1754 = VERTEX_POINT ( 'NONE', #5936 ) ;
#1755 = AXIS2_PLACEMENT_3D ( 'NONE', #3793, #7792, #6570 ) ;
#1756 = CARTESIAN_POINT ( 'NONE',  ( 652.9463019229077645, 763.6597991205849212, 1319.373792844571653 ) ) ;
#1757 = CIRCLE ( 'NONE', #2477, 6.050000000000063771 ) ;
#1758 = CARTESIAN_POINT ( 'NONE',  ( 0.02249955031904948832, 0.2490262372640827948, -1.099999999999996758 ) ) ;
#1759 = DIRECTION ( 'NONE',  ( -0.1610798504276418630, -0.3465180766742010920, -0.9241095737650493191 ) ) ;
#1760 = EDGE_LOOP ( 'NONE', ( #6461, #1108 ) ) ;
#1761 = CARTESIAN_POINT ( 'NONE',  ( -76.20663060241875542, 26.52603562942729098, 4.749999999999997335 ) ) ;
#1762 = DIRECTION ( 'NONE',  ( 0.6501551545066581728, 0.3098309877324578743, 0.6937600695551403573 ) ) ;
#1763 = AXIS2_PLACEMENT_3D ( 'NONE', #1366, #4302, #2129 ) ;
#1764 = PRODUCT_DEFINITION_SHAPE ( 'NONE', 'NONE',  #9002 ) ;
#1765 = CARTESIAN_POINT ( 'NONE',  ( 63.84810126582274137, 32.50000000000000000, -229.4623459811442387 ) ) ;
#1766 = ADVANCED_FACE ( 'NONE', ( #6620, #8711 ), #5264, .F. ) ;
#1767 = CARTESIAN_POINT ( 'NONE',  ( -0.3070879410359203532, 0.1782955347915393673, -0.01636661352631685329 ) ) ;
#1768 = LINE ( 'NONE', #6440, #6911 ) ;
#1769 = CARTESIAN_POINT ( 'NONE',  ( 652.8890796320814616, 764.2692710629069097, 1319.155230357041546 ) ) ;
#1770 = CARTESIAN_POINT ( 'NONE',  ( -10.75000000000003730, 34.89999999999999858, 6.999999999999999112 ) ) ;
#1771 = AXIS2_PLACEMENT_3D ( 'NONE', #3571, #6934, #7064 ) ;
#1772 = CARTESIAN_POINT ( 'NONE',  ( 0.006981643378513313625, 1.197708322671658943, -0.1855446119989057063 ) ) ;
#1773 = EDGE_CURVE ( 'NONE', #4738, #2563, #7083, .T. ) ;
#1774 = CARTESIAN_POINT ( 'NONE',  ( -0.1292490986361596872, -1.190714019399824464, -0.1855446092705256844 ) ) ;
#1775 = ORIENTED_EDGE ( 'NONE', *, *, #296, .T. ) ;
#1776 = CARTESIAN_POINT ( 'NONE',  ( 648.0657365494295163, 761.3829491696940295, 1314.153779823861669 ) ) ;
#1777 = VERTEX_POINT ( 'NONE', #3636 ) ;
#1778 = CARTESIAN_POINT ( 'NONE',  ( -0.6908223704826241818, 0.1566275145009132230, -0.06421357153798040729 ) ) ;
#1779 = EDGE_CURVE ( 'NONE', #1966, #4844, #3680, .T. ) ;
#1780 = CARTESIAN_POINT ( 'NONE',  ( -0.3411484343693940713, 0.1602735806468524871, -0.01840781869357627221 ) ) ;
#1781 = EDGE_LOOP ( 'NONE', ( #4823, #1819 ) ) ;
#1782 = DIRECTION ( 'NONE',  ( 0.9830072456193881258, 0.02719023690005346883, -0.1815418576447404286 ) ) ;
#1783 = CARTESIAN_POINT ( 'NONE',  ( 0.1318513288453074250, 0.2124034535542218549, -1.099999999999996758 ) ) ;
#1784 = ORIENTED_EDGE ( 'NONE', *, *, #7821, .F. ) ;
#1785 = DIRECTION ( 'NONE',  ( 0.000000000000000000, 0.000000000000000000, 1.000000000000000000 ) ) ;
#1786 = ORIENTED_EDGE ( 'NONE', *, *, #4643, .F. ) ;
#1787 = CARTESIAN_POINT ( 'NONE',  ( 0.1452811088473911216, -0.7038464916340394506, -0.06624258524231711742 ) ) ;
#1788 = DIRECTION ( 'NONE',  ( -3.466673899897024536E-32, -4.006689065479319709E-18, 1.000000000000000000 ) ) ;
#1789 = ORIENTED_EDGE ( 'NONE', *, *, #2386, .F. ) ;
#1790 = CARTESIAN_POINT ( 'NONE',  ( 99.99999999999995737, 0.000000000000000000, -11.99999999999999645 ) ) ;
#1791 = EDGE_CURVE ( 'NONE', #586, #1984, #1002, .T. ) ;
#1792 = FACE_OUTER_BOUND ( 'NONE', #1, .T. ) ;
#1793 = ORIENTED_EDGE ( 'NONE', *, *, #2362, .F. ) ;
#1794 = LINE ( 'NONE', #2603, #6803 ) ;
#1795 = LINE ( 'NONE', #5919, #3402 ) ;
#1796 = VERTEX_POINT ( 'NONE', #2412 ) ;
#1797 = VERTEX_POINT ( 'NONE', #5140 ) ;
#1798 = DIRECTION ( 'NONE',  ( -0.5416752204196936260, 0.4545194776720408725, 0.7071067811865556774 ) ) ;
#1799 = CARTESIAN_POINT ( 'NONE',  ( -0.3276173297638296233, -0.1621197163423626630, -0.01732536583499283411 ) ) ;
#1800 = CARTESIAN_POINT ( 'NONE',  ( -0.1300350166469135815, 1.197954329803116558, -0.1785173072915910431 ) ) ;
#1801 = DIRECTION ( 'NONE',  ( 0.1736481776669358545, 0.9848077530122071321, 0.000000000000000000 ) ) ;
#1802 = ORIENTED_EDGE ( 'NONE', *, *, #2839, .T. ) ;
#1803 = DIRECTION ( 'NONE',  ( 0.1697160110324396898, 0.9625073278662623633, -0.2116036847575771263 ) ) ;
#1804 = AXIS2_PLACEMENT_3D ( 'NONE', #6050, #2598, #6906 ) ;
#1805 = DIRECTION ( 'NONE',  ( 0.7457612074416304360, -6.112251534928495471E-16, 0.6662133453145483442 ) ) ;
#1806 = DIRECTION ( 'NONE',  ( 0.5023995340230814621, 0.5152146723878707757, -0.6943691738330912688 ) ) ;
#1807 = EDGE_CURVE ( 'NONE', #8626, #8105, #7135, .T. ) ;
#1808 = CARTESIAN_POINT ( 'NONE',  ( 644.6774808132377075, 803.8013802183447751, 1299.646383247051062 ) ) ;
#1809 = AXIS2_PLACEMENT_3D ( 'NONE', #7494, #8215, #2627 ) ;
#1810 = ORIENTED_EDGE ( 'NONE', *, *, #4990, .F. ) ;
#1811 = AXIS2_PLACEMENT_3D ( 'NONE', #4315, #5629, #7137 ) ;
#1812 = CARTESIAN_POINT ( 'NONE',  ( 53.85925382924440186, -1.434450794419270370, 8.000000000000000000 ) ) ;
#1813 = FACE_OUTER_BOUND ( 'NONE', #1209, .T. ) ;
#1814 = FACE_BOUND ( 'NONE', #4836, .T. ) ;
#1815 = DIRECTION ( 'NONE',  ( -0.9714137623810650268, -0.1555226214723551825, -0.1793544436779587470 ) ) ;
#1816 = CARTESIAN_POINT ( 'NONE',  ( -0.1460810879383911132, -0.6573063964314258545, -0.05799264771449677558 ) ) ;
#1817 = EDGE_CURVE ( 'NONE', #5829, #6748, #3043, .T. ) ;
#1818 = CIRCLE ( 'NONE', #8192, 6.997699999999717591 ) ;
#1819 = ORIENTED_EDGE ( 'NONE', *, *, #2698, .T. ) ;
#1820 = VECTOR ( 'NONE', #420, 1000.000000000000000 ) ;
#1821 = FACE_OUTER_BOUND ( 'NONE', #3271, .T. ) ;
#1822 = ORIENTED_EDGE ( 'NONE', *, *, #6248, .F. ) ;
#1823 = EDGE_CURVE ( 'NONE', #8692, #5516, #5777, .T. ) ;
#1824 = DIRECTION ( 'NONE',  ( 0.2204660187207542754, -0.3108485172153678255, -0.9245366049726896351 ) ) ;
#1825 =( NAMED_UNIT ( * ) PLANE_ANGLE_UNIT ( ) SI_UNIT ( $, .RADIAN. ) );
#1826 = VERTEX_POINT ( 'NONE', #2952 ) ;
#1827 = DIRECTION ( 'NONE',  ( 0.08803429357882522344, -0.9376491420335743010, 0.3362499808145408275 ) ) ;
#1828 = CARTESIAN_POINT ( 'NONE',  ( 0.000000000000000000, 0.000000000000000000, -1.599999999999997202 ) ) ;
#1829 = DIRECTION ( 'NONE',  ( 1.000000000000000000, 0.000000000000000000, 0.000000000000000000 ) ) ;
#1830 = ORIENTED_EDGE ( 'NONE', *, *, #3535, .T. ) ;
#1831 = CARTESIAN_POINT ( 'NONE',  ( 0.1426464690653374834, -0.8460157761029285517, -0.09307510259140133746 ) ) ;
#1832 = DIRECTION ( 'NONE',  ( 0.6427876096865414723, 0.7660444431189761261, 0.000000000000000000 ) ) ;
#1833 = EDGE_LOOP ( 'NONE', ( #4047, #4985, #2870, #3640 ) ) ;
#1834 = DIRECTION ( 'NONE',  ( -0.9848077530122070211, 0.1736481776669358545, 0.000000000000000000 ) ) ;
#1835 = CARTESIAN_POINT ( 'NONE',  ( 0.4282873383180535454, -0.1608037750112506492, -0.007003500707418452986 ) ) ;
#1836 = EDGE_LOOP ( 'NONE', ( #331, #2873, #2074, #6031 ) ) ;
#1837 = EDGE_CURVE ( 'NONE', #5608, #8777, #4405, .T. ) ;
#1838 = CARTESIAN_POINT ( 'NONE',  ( -0.2343715281922995053, 0.08778266593799377571, -1.099999999999996758 ) ) ;
#1839 = DIRECTION ( 'NONE',  ( 0.9848077530122070211, -0.1736481776669358268, 0.000000000000000000 ) ) ;
#1840 = ORIENTED_EDGE ( 'NONE', *, *, #4497, .F. ) ;
#1841 = VERTEX_POINT ( 'NONE', #819 ) ;
#1842 = AXIS2_PLACEMENT_3D ( 'NONE', #2907, #2225, #4362 ) ;
#1843 = ADVANCED_FACE ( 'NONE', ( #5724 ), #7863, .T. ) ;
#1844 = CARTESIAN_POINT ( 'NONE',  ( -0.06371178680807110251, -0.2419577080546297942, -1.099999999999996758 ) ) ;
#1845 = CARTESIAN_POINT ( 'NONE',  ( -0.3012137072747611555, -0.1911833901365733723, -0.01651591231734139686 ) ) ;
#1846 = AXIS2_PLACEMENT_3D ( 'NONE', #372, #7283, #3144 ) ;
#1847 = DIRECTION ( 'NONE',  ( 0.6501551545066217574, 0.3098309877324726402, 0.6937600695551677799 ) ) ;
#1848 = CARTESIAN_POINT ( 'NONE',  ( 0.2178001925594724719, 0.1228491913548290793, -1.099999999999996758 ) ) ;
#1849 = ORIENTED_EDGE ( 'NONE', *, *, #1773, .T. ) ;
#1850 = CARTESIAN_POINT ( 'NONE',  ( 2.309401076758504701, 0.000000000000000000, 1.480000000000002203 ) ) ;
#1851 = EDGE_CURVE ( 'NONE', #8695, #2670, #8627, .T. ) ;
#1852 = LINE ( 'NONE', #6070, #778 ) ;
#1853 = EDGE_CURVE ( 'NONE', #3197, #541, #4313, .T. ) ;
#1854 = DIRECTION ( 'NONE',  ( 0.000000000000000000, 0.000000000000000000, -1.000000000000000000 ) ) ;
#1855 = CARTESIAN_POINT ( 'NONE',  ( 646.4445285004128436, 829.6339435419864685, 1302.950625887762499 ) ) ;
#1856 = ORIENTED_EDGE ( 'NONE', *, *, #1948, .T. ) ;
#1857 = CARTESIAN_POINT ( 'NONE',  ( 0.4142299287692231546, -0.3366659086271212020, -0.03661865866006102505 ) ) ;
#1858 = CARTESIAN_POINT ( 'NONE',  ( -1.203127165031694812, -0.06999676957497591445, -0.1790072184736021810 ) ) ;
#1859 = CARTESIAN_POINT ( 'NONE',  ( 0.1732444538684388413, -0.1802397270410371899, -1.099999999999996758 ) ) ;
#1860 = CARTESIAN_POINT ( 'NONE',  ( 647.2140778579004063, 824.7134494422277839, 1297.479367916201909 ) ) ;
#1861 = CIRCLE ( 'NONE', #1126, 4.799999999999999822 ) ;
#1862 = CARTESIAN_POINT ( 'NONE',  ( 0.3270615133173435107, 0.1628319165238312216, 0.000000000000000000 ) ) ;
#1863 = VERTEX_POINT ( 'NONE', #7815 ) ;
#1864 = CARTESIAN_POINT ( 'NONE',  ( -0.3980640444347351425, -0.4913361850483037307, -0.05116557227242437417 ) ) ;
#1865 = ORIENTED_EDGE ( 'NONE', *, *, #4772, .F. ) ;
#1866 = DIRECTION ( 'NONE',  ( 0.000000000000000000, -0.000000000000000000, 1.000000000000000000 ) ) ;
#1867 = CARTESIAN_POINT ( 'NONE',  ( 32.04776646736709722, -2.716401473161503155, 0.000000000000000000 ) ) ;
#1868 = VERTEX_POINT ( 'NONE', #8446 ) ;
#1869 = CARTESIAN_POINT ( 'NONE',  ( -42.00000000000003553, 37.69999999999999574, 4.000000000000003553 ) ) ;
#1870 = DIRECTION ( 'NONE',  ( 0.1610798504276574616, 0.3465180766741983165, 0.9241095737650476538 ) ) ;
#1871 = LINE ( 'NONE', #8138, #5738 ) ;
#1872 = CARTESIAN_POINT ( 'NONE',  ( 0.3065205894456912716, 0.1787171575373391885, -0.01633878687899020798 ) ) ;
#1873 = VECTOR ( 'NONE', #1955, 1000.000000000000000 ) ;
#1874 = DIRECTION ( 'NONE',  ( 0.000000000000000000, 0.000000000000000000, 1.000000000000000000 ) ) ;
#1875 = AXIS2_PLACEMENT_3D ( 'NONE', #5299, #4610, #6151 ) ;
#1876 = VERTEX_POINT ( 'NONE', #8539 ) ;
#1877 = ADVANCED_FACE ( 'NONE', ( #2320 ), #5188, .T. ) ;
#1878 = DIRECTION ( 'NONE',  ( -0.1610798504276505505, -0.3465180766741933205, -0.9241095737650506514 ) ) ;
#1879 = VERTEX_POINT ( 'NONE', #7181 ) ;
#1880 = CARTESIAN_POINT ( 'NONE',  ( -0.2475313329836706377, 0.03568906935942639524, -1.099999999999996758 ) ) ;
#1881 = CARTESIAN_POINT ( 'NONE',  ( 0.1453976602423990017, 0.6985439289782082728, -0.06506076610207917055 ) ) ;
#1882 = VERTEX_POINT ( 'NONE', #955 ) ;
#1883 = DIRECTION ( 'NONE',  ( 0.000000000000000000, -0.000000000000000000, -1.000000000000000000 ) ) ;
#1884 = CARTESIAN_POINT ( 'NONE',  ( -0.3195238154590218649, -0.1662289047898168892, -0.01683112434156669446 ) ) ;
#1885 = EDGE_CURVE ( 'NONE', #6603, #123, #3290, .T. ) ;
#1886 = DIRECTION ( 'NONE',  ( 0.1610798504276309273, 0.3465180766742105289, 0.9241095737650476538 ) ) ;
#1887 = STYLED_ITEM ( 'NONE', ( #8823 ), #1174 ) ;
#1888 = ORIENTED_EDGE ( 'NONE', *, *, #2061, .T. ) ;
#1889 = CARTESIAN_POINT ( 'NONE',  ( 99.99999999999995737, 43.99999999999998579, 11.99999999999999645 ) ) ;
#1890 = ORIENTED_EDGE ( 'NONE', *, *, #2177, .T. ) ;
#1891 = FACE_OUTER_BOUND ( 'NONE', #6689, .T. ) ;
#1892 = LINE ( 'NONE', #4663, #8036 ) ;
#1893 = UNCERTAINTY_MEASURE_WITH_UNIT (LENGTH_MEASURE( 1.000000000000000082E-05 ), #3225, 'distance_accuracy_value', 'NONE');
#1894 = LINE ( 'NONE', #484, #8913 ) ;
#1895 = CIRCLE ( 'NONE', #3925, 5.000000000000004441 ) ;
#1896 = EDGE_LOOP ( 'NONE', ( #8583, #524, #2923, #6083 ) ) ;
#1897 = CARTESIAN_POINT ( 'NONE',  ( 0.5298068793700524415, -0.4763458490094538700, -0.06504171769655256452 ) ) ;
#1898 = DIRECTION ( 'NONE',  ( 0.000000000000000000, 0.000000000000000000, -1.000000000000000000 ) ) ;
#1899 = ADVANCED_FACE ( 'NONE', ( #2365 ), #6360, .F. ) ;
#1900 = CARTESIAN_POINT ( 'NONE',  ( 0.1428897158718897553, -0.2052802584941448849, -1.099999999999996758 ) ) ;
#1901 = EDGE_CURVE ( 'NONE', #1841, #6927, #7906, .T. ) ;
#1902 = CARTESIAN_POINT ( 'NONE',  ( -0.1552116540267714506, -0.3237706888158317642, -0.01671332141990068340 ) ) ;
#1903 = TOROIDAL_SURFACE ( 'NONE', #2624, 6.000000000000000000, 0.05000000000000000278 ) ;
#1904 = CARTESIAN_POINT ( 'NONE',  ( 0.3132217520767088814, 0.1716433664881722443, 0.000000000000000000 ) ) ;
#1905 = ORIENTED_EDGE ( 'NONE', *, *, #1039, .F. ) ;
#1906 = CARTESIAN_POINT ( 'NONE',  ( 0.1157214820161275859, -0.2216396306714829567, -1.099999999999996758 ) ) ;
#1907 =( NAMED_UNIT ( * ) SI_UNIT ( $, .STERADIAN. ) SOLID_ANGLE_UNIT ( ) );
#1908 = ORIENTED_EDGE ( 'NONE', *, *, #8731, .F. ) ;
#1909 = DIRECTION ( 'NONE',  ( 0.000000000000000000, 0.000000000000000000, -1.000000000000000000 ) ) ;
#1910 = VECTOR ( 'NONE', #8137, 1000.000000000000000 ) ;
#1911 = ORIENTED_EDGE ( 'NONE', *, *, #474, .T. ) ;
#1912 = ADVANCED_FACE ( 'NONE', ( #7768, #1545 ), #6546, .F. ) ;
#1913 = PLANE ( 'NONE',  #4820 ) ;
#1914 = CARTESIAN_POINT ( 'NONE',  ( 66.49534884672320345, 0.3601997724940186885, 3.250000000000002665 ) ) ;
#1915 = CARTESIAN_POINT ( 'NONE',  ( -10.75000000000003730, 34.89999999999999858, -8.700000000000009948 ) ) ;
#1916 = CARTESIAN_POINT ( 'NONE',  ( 0.2475313329836498211, -0.03568906935939863967, -1.099999999999996758 ) ) ;
#1917 = ORIENTED_EDGE ( 'NONE', *, *, #3452, .T. ) ;
#1918 = AXIS2_PLACEMENT_3D ( 'NONE', #207, #5081, #163 ) ;
#1919 = EDGE_CURVE ( 'NONE', #3137, #3182, #528, .T. ) ;
#1920 = CARTESIAN_POINT ( 'NONE',  ( -5.229211351487967896, 8.984439865596840491, 0.000000000000000000 ) ) ;
#1921 = CARTESIAN_POINT ( 'NONE',  ( 1.115666229750816862, -0.1604777820536779087, -0.007003500707418452986 ) ) ;
#1922 = ORIENTED_EDGE ( 'NONE', *, *, #3984, .T. ) ;
#1923 = CARTESIAN_POINT ( 'NONE',  ( -46.00000000000004263, 32.69999999999999574, 4.000000000000003553 ) ) ;
#1924 = CARTESIAN_POINT ( 'NONE',  ( 0.1417433499154227838, 0.8957934251329324749, -0.1054826004443282783 ) ) ;
#1925 = ORIENTED_EDGE ( 'NONE', *, *, #5798, .T. ) ;
#1926 = APPLICATION_CONTEXT ( 'automotive_design' ) ;
#1927 = AXIS2_PLACEMENT_3D ( 'NONE', #6478, #7702, #1480 ) ;
#1928 = ADVANCED_FACE ( 'NONE', ( #8770 ), #2592, .F. ) ;
#1929 = CARTESIAN_POINT ( 'NONE',  ( -57.85574731217378286, -22.76208077456165313, 8.000000000000000000 ) ) ;
#1930 = ADVANCED_FACE ( 'NONE', ( #4590 ), #6044, .F. ) ;
#1931 = CARTESIAN_POINT ( 'NONE',  ( -0.3156746041269517522, -0.1686110475077745585, -0.01661801707954213558 ) ) ;
#1932 = EDGE_CURVE ( 'NONE', #1745, #7099, #2549, .T. ) ;
#1933 = CARTESIAN_POINT ( 'NONE',  ( 1.586925035823583130E-11, 1.197708322671714454, -0.1855446119989057063 ) ) ;
#1934 = ORIENTED_EDGE ( 'NONE', *, *, #3580, .F. ) ;
#1935 = CARTESIAN_POINT ( 'NONE',  ( -28.73285931129493420, 44.00000000000000000, 16.00000000000000000 ) ) ;
#1936 = VERTEX_POINT ( 'NONE', #5276 ) ;
#1937 = FACE_OUTER_BOUND ( 'NONE', #153, .T. ) ;
#1938 = FACE_BOUND ( 'NONE', #5566, .T. ) ;
#1939 = CARTESIAN_POINT ( 'NONE',  ( -0.1636149652514962138, -0.1891761046620143993, -1.099999999999996758 ) ) ;
#1940 = ORIENTED_EDGE ( 'NONE', *, *, #2509, .T. ) ;
#1941 = CARTESIAN_POINT ( 'NONE',  ( 0.3853576542242483360, -0.3019004209954438411, -0.03081179600328946833 ) ) ;
#1942 = DIRECTION ( 'NONE',  ( 0.1610798504276574616, 0.3465180766741983165, 0.9241095737650476538 ) ) ;
#1943 = ADVANCED_FACE ( 'NONE', ( #5362 ), #3228, .F. ) ;
#1944 = ORIENTED_EDGE ( 'NONE', *, *, #4975, .T. ) ;
#1945 = CARTESIAN_POINT ( 'NONE',  ( 63.84810126582274137, 32.50000000000000000, -229.4623459811442387 ) ) ;
#1946 = DIRECTION ( 'NONE',  ( -0.000000000000000000, -1.000000000000000000, -0.000000000000000000 ) ) ;
#1947 = SHAPE_REPRESENTATION ( 'Fibre Arm', ( #4639 ), #3035 ) ;
#1948 = EDGE_CURVE ( 'NONE', #7679, #8365, #5952, .T. ) ;
#1949 = DIRECTION ( 'NONE',  ( 0.08803429357919559384, -0.9376491420330599347, 0.3362499808158784242 ) ) ;
#1950 = VERTEX_POINT ( 'NONE', #405 ) ;
#1951 = VECTOR ( 'NONE', #5855, 1000.000000000000000 ) ;
#1952 = CARTESIAN_POINT ( 'NONE',  ( 646.8307471942673601, 828.7962864055925820, 1296.015223398740545 ) ) ;
#1953 = ORIENTED_EDGE ( 'NONE', *, *, #3030, .T. ) ;
#1954 = DIRECTION ( 'NONE',  ( 0.000000000000000000, 0.000000000000000000, -1.000000000000000000 ) ) ;
#1955 = DIRECTION ( 'NONE',  ( 0.000000000000000000, 1.000000000000000000, 0.000000000000000000 ) ) ;
#1956 = ORIENTED_EDGE ( 'NONE', *, *, #7711, .F. ) ;
#1957 = DIRECTION ( 'NONE',  ( 0.9020338606978972606, 0.4316652802281492618, 0.000000000000000000 ) ) ;
#1958 = CARTESIAN_POINT ( 'NONE',  ( 645.8083062281124285, 781.8094323434531816, 1306.426212710171967 ) ) ;
#1959 = DIRECTION ( 'NONE',  ( 0.000000000000000000, 0.000000000000000000, 1.000000000000000000 ) ) ;
#1960 = VECTOR ( 'NONE', #3749, 1000.000000000000000 ) ;
#1961 = VECTOR ( 'NONE', #821, 1000.000000000000114 ) ;
#1962 = EDGE_CURVE ( 'NONE', #2069, #6131, #8291, .T. ) ;
#1963 = LINE ( 'NONE', #2767, #7320 ) ;
#1964 = VERTEX_POINT ( 'NONE', #1869 ) ;
#1965 = LINE ( 'NONE', #3285, #4893 ) ;
#1966 = VERTEX_POINT ( 'NONE', #458 ) ;
#1967 = LINE ( 'NONE', #6693, #1820 ) ;
#1968 = CYLINDRICAL_SURFACE ( 'NONE', #1230, 1.700000000000009726 ) ;
#1969 = ORIENTED_EDGE ( 'NONE', *, *, #6340, .T. ) ;
#1970 = VECTOR ( 'NONE', #1785, 1000.000000000000000 ) ;
#1971 = VERTEX_POINT ( 'NONE', #4636 ) ;
#1972 = FACE_OUTER_BOUND ( 'NONE', #3531, .T. ) ;
#1973 = AXIS2_PLACEMENT_3D ( 'NONE', #7772, #1549, #1829 ) ;
#1974 = CARTESIAN_POINT ( 'NONE',  ( -76.88665920154704736, -20.19710534951443748, 4.499999999999990230 ) ) ;
#1975 = EDGE_CURVE ( 'NONE', #7786, #3933, #2641, .T. ) ;
#1976 = DIRECTION ( 'NONE',  ( 0.000000000000000000, 0.000000000000000000, 1.000000000000000000 ) ) ;
#1977 = ORIENTED_EDGE ( 'NONE', *, *, #8244, .T. ) ;
#1978 = CARTESIAN_POINT ( 'NONE',  ( 644.5251290454243644, 853.3533174354330413, 1287.208836401181316 ) ) ;
#1979 = ORIENTED_EDGE ( 'NONE', *, *, #1039, .T. ) ;
#1980 = AXIS2_PLACEMENT_3D ( 'NONE', #4577, #3848, #391 ) ;
#1981 = CARTESIAN_POINT ( 'NONE',  ( 69.62140237615136584, 0.8126188716606752571, 0.000000000000000000 ) ) ;
#1982 = LINE ( 'NONE', #526, #1464 ) ;
#1983 = CARTESIAN_POINT ( 'NONE',  ( -45.00000000000004263, 37.69999999999999574, 28.50000000000001066 ) ) ;
#1984 = VERTEX_POINT ( 'NONE', #4682 ) ;
#1985 = EDGE_CURVE ( 'NONE', #6299, #1089, #3954, .T. ) ;
#1986 = DIRECTION ( 'NONE',  ( -0.08803429357919545506, 0.9376491420330602677, -0.3362499808158776471 ) ) ;
#1987 = LINE ( 'NONE', #8973, #1625 ) ;
#1988 = ORIENTED_EDGE ( 'NONE', *, *, #8581, .T. ) ;
#1989 = CARTESIAN_POINT ( 'NONE',  ( 0.1534636753231233275, -0.1975001589623048837, -1.099999999999996758 ) ) ;
#1990 = CIRCLE ( 'NONE', #5468, 4.770000000000048423 ) ;
#1991 = PLANE ( 'NONE',  #4947 ) ;
#1992 = ORIENTED_EDGE ( 'NONE', *, *, #3114, .F. ) ;
#1993 = FACE_OUTER_BOUND ( 'NONE', #1158, .T. ) ;
#1994 = DIRECTION ( 'NONE',  ( 0.3362499808158824210, 0.9391562494720969712, 0.07015332835171166070 ) ) ;
#1995 = EDGE_LOOP ( 'NONE', ( #7867, #5684, #442, #3015 ) ) ;
#1996 = DIRECTION ( 'NONE',  ( 0.08803429357919695386, -0.9376491420330607118, 0.3362499808158757597 ) ) ;
#1997 = LINE ( 'NONE', #1867, #2868 ) ;
#1998 = EDGE_LOOP ( 'NONE', ( #7321, #1390, #3282, #1822 ) ) ;
#1999 = CARTESIAN_POINT ( 'NONE',  ( 0.2005467581562697665, -0.1494605406868049213, -1.099999999999996758 ) ) ;
#2000 = EDGE_CURVE ( 'NONE', #3563, #366, #7717, .T. ) ;
#2001 = DIRECTION ( 'NONE',  ( 0.08803429357919506648, -0.9376491420330604898, 0.3362499808158768144 ) ) ;
#2002 = CARTESIAN_POINT ( 'NONE',  ( 99.99999999999995737, 61.00000000000000000, 16.00000000000000000 ) ) ;
#2003 = CIRCLE ( 'NONE', #7794, 1.700000000000008837 ) ;
#2004 = CARTESIAN_POINT ( 'NONE',  ( 0.2483133094921610717, -0.02899138370379694685, -1.099999999999996758 ) ) ;
#2005 = ORIENTED_EDGE ( 'NONE', *, *, #8495, .F. ) ;
#2006 = DIRECTION ( 'NONE',  ( 0.1227878039689733886, 0.6963642403200146491, 0.7071067811865516806 ) ) ;
#2007 = CARTESIAN_POINT ( 'NONE',  ( 650.2040789530767597, 779.9269582012144610, 1306.961684868001385 ) ) ;
#2008 = ORIENTED_EDGE ( 'NONE', *, *, #2114, .F. ) ;
#2009 = CARTESIAN_POINT ( 'NONE',  ( 0.02697841726621852398, -0.2485400671959903107, -1.099999999999996758 ) ) ;
#2010 = CIRCLE ( 'NONE', #8683, 1.590000000000005631 ) ;
#2011 = CARTESIAN_POINT ( 'NONE',  ( 0.1424708982285479431, 0.8611891789380070605, -0.09770998997718681467 ) ) ;
#2012 = VERTEX_POINT ( 'NONE', #7457 ) ;
#2013 = ADVANCED_FACE ( 'NONE', ( #8677 ), #1913, .F. ) ;
#2014 = AXIS2_PLACEMENT_3D ( 'NONE', #2571, #1296, #6836 ) ;
#2015 = CARTESIAN_POINT ( 'NONE',  ( 651.0095474641658484, 784.2880802453124716, 1311.976293266620814 ) ) ;
#2016 = DIRECTION ( 'NONE',  ( -0.7660444431189762371, 0.6427876096865415834, 0.000000000000000000 ) ) ;
#2017 = DIRECTION ( 'NONE',  ( 0.5000000000000005551, 0.8660254037844382635, 0.000000000000000000 ) ) ;
#2018 = CARTESIAN_POINT ( 'NONE',  ( 31.99999999999995737, 1.199999999999999734, 16.00000000000000000 ) ) ;
#2019 = ORIENTED_EDGE ( 'NONE', *, *, #8398, .T. ) ;
#2020 = LINE ( 'NONE', #1889, #7627 ) ;
#2021 = ORIENTED_EDGE ( 'NONE', *, *, #3234, .F. ) ;
#2022 = CARTESIAN_POINT ( 'NONE',  ( 31.99999999999995737, 1.199999999999996181, 0.000000000000000000 ) ) ;
#2023 = CARTESIAN_POINT ( 'NONE',  ( -0.02094412931359646013, -1.197525171500596342, -0.1855446076148709045 ) ) ;
#2024 = DIRECTION ( 'NONE',  ( 0.000000000000000000, 0.000000000000000000, -1.000000000000000000 ) ) ;
#2025 = CIRCLE ( 'NONE', #5942, 4.999999999999997335 ) ;
#2026 = ADVANCED_FACE ( 'NONE', ( #8816 ), #1226, .F. ) ;
#2027 =( NAMED_UNIT ( * ) SI_UNIT ( $, .STERADIAN. ) SOLID_ANGLE_UNIT ( ) );
#2028 = CARTESIAN_POINT ( 'NONE',  ( -77.21296809598231903, -22.04769505010484210, 0.000000000000000000 ) ) ;
#2029 = VERTEX_POINT ( 'NONE', #4543 ) ;
#2030 = CARTESIAN_POINT ( 'NONE',  ( 1.154700538379252350, -2.000000000000001776, 0.1199999999999951106 ) ) ;
#2031 = PRODUCT_DEFINITION_FORMATION_WITH_SPECIFIED_SOURCE ( 'ANY', '', #4518, .NOT_KNOWN. ) ;
#2032 = LINE ( 'NONE', #3266, #3930 ) ;
#2033 = EDGE_CURVE ( 'NONE', #5879, #511, #8001, .T. ) ;
#2034 = AXIS2_PLACEMENT_3D ( 'NONE', #2612, #5385, #8029 ) ;
#2035 = CARTESIAN_POINT ( 'NONE',  ( 0.1499941158109655004, -1.309319013277132626, -5.595407092523485559E-05 ) ) ;
#2036 = B_SPLINE_CURVE_WITH_KNOTS ( 'NONE', 3,
 ( #6585, #952, #170, #3721, #1733, #7270, #1687, #6452, #217, #4356, #5766, #3763, #6498, #310, #260, #6542, #3040, #3083, #8535, #5811, #5185, #8674 ),
 .UNSPECIFIED., .F., .F.,
 ( 4, 2, 2, 1, 1, 2, 2, 2, 1, 1, 2, 2, 4 ),
 ( 0.000000000000000000, 0.2499999999999967248, 0.3749999999999953371, 0.4374999999999945044, 0.4687499999999941713, 0.4843749999999942268, 0.4999999999999942268, 0.6249999999999960032, 0.6874999999999968914, 0.7187499999999973355, 0.7343749999999974465, 0.7499999999999975575, 1.000000000000000000 ),
 .UNSPECIFIED. ) ;
#2037 =( NAMED_UNIT ( * ) PLANE_ANGLE_UNIT ( ) SI_UNIT ( $, .RADIAN. ) );
#2038 = ORIENTED_EDGE ( 'NONE', *, *, #4167, .T. ) ;
#2039 = FACE_OUTER_BOUND ( 'NONE', #6538, .T. ) ;
#2040 = DIRECTION ( 'NONE',  ( -1.110223024625150131E-16, -1.000000000000000000, 0.000000000000000000 ) ) ;
#2041 = EDGE_CURVE ( 'NONE', #8028, #8850, #2634, .T. ) ;
#2042 = VERTEX_POINT ( 'NONE', #545 ) ;
#2043 = CARTESIAN_POINT ( 'NONE',  ( 0.1776728161206678203, 0.1759305495812601983, -1.099999999999996758 ) ) ;
#2044 = AXIS2_PLACEMENT_3D ( 'NONE', #8814, #2589, #5359 ) ;
#2045 = VECTOR ( 'NONE', #7297, 1000.000000000000000 ) ;
#2046 = CARTESIAN_POINT ( 'NONE',  ( -0.2262728214071849098, -0.1063043286626957906, -1.099999999999996758 ) ) ;
#2047 = DIRECTION ( 'NONE',  ( 0.000000000000000000, 1.000000000000000000, 0.000000000000000000 ) ) ;
#2048 = CARTESIAN_POINT ( 'NONE',  ( 644.7753588282182591, 826.7622787424955959, 1303.335663487710008 ) ) ;
#2049 = ADVANCED_FACE ( 'NONE', ( #3319 ), #8454, .F. ) ;
#2050 = CIRCLE ( 'NONE', #5526, 4.770000000000037765 ) ;
#2051 = VERTEX_POINT ( 'NONE', #3365 ) ;
#2052 = CARTESIAN_POINT ( 'NONE',  ( -0.8001704537938594264, 0.7935384845752929683, -0.005503680371526931125 ) ) ;
#2053 = CARTESIAN_POINT ( 'NONE',  ( -0.8361759912694153307, -0.8575050536983180871, -0.1855446092705256844 ) ) ;
#2054 = ORIENTED_EDGE ( 'NONE', *, *, #1885, .F. ) ;
#2055 = DIRECTION ( 'NONE',  ( -3.428155301009279818E-32, 8.955574241400646717E-33, 1.000000000000000000 ) ) ;
#2056 = DIRECTION ( 'NONE',  ( -0.6123295123225398484, -0.7906026614797350138, 0.000000000000000000 ) ) ;
#2057 = ORIENTED_EDGE ( 'NONE', *, *, #7447, .F. ) ;
#2058 = ORIENTED_EDGE ( 'NONE', *, *, #1919, .T. ) ;
#2059 = ADVANCED_FACE ( 'NONE', ( #7630 ), #6902, .F. ) ;
#2060 = AXIS2_PLACEMENT_3D ( 'NONE', #7500, #8943, #8898 ) ;
#2061 = EDGE_CURVE ( 'NONE', #6414, #3807, #8876, .T. ) ;
#2062 = ORIENTED_EDGE ( 'NONE', *, *, #4787, .F. ) ;
#2063 = FACE_OUTER_BOUND ( 'NONE', #1023, .T. ) ;
#2064 = DIRECTION ( 'NONE',  ( 0.000000000000000000, 1.000000000000000000, -3.469446951953613696E-16 ) ) ;
#2065 = CARTESIAN_POINT ( 'NONE',  ( 6.938893903907228378E-15, 0.2501218099538182749, -1.099999999999996758 ) ) ;
#2066 = DIRECTION ( 'NONE',  ( 0.7457612074416304360, -6.112251534928495471E-16, 0.6662133453145483442 ) ) ;
#2067 = VERTEX_POINT ( 'NONE', #2718 ) ;
#2068 = AXIS2_PLACEMENT_3D ( 'NONE', #4533, #2442, #1123 ) ;
#2069 = VERTEX_POINT ( 'NONE', #4084 ) ;
#2070 = CARTESIAN_POINT ( 'NONE',  ( 0.1903814225755473544, -0.3066914228452150004, -0.01690487344975510897 ) ) ;
#2071 = DIRECTION ( 'NONE',  ( -0.08803429357919559384, 0.9376491420330599347, -0.3362499808158784242 ) ) ;
#2072 = CARTESIAN_POINT ( 'NONE',  ( 648.9737737827149431, 805.9710104782867575, 1304.200586397141251 ) ) ;
#2073 = CARTESIAN_POINT ( 'NONE',  ( -0.1924284163752759680, -0.1597770853568325489, -1.099999999999996758 ) ) ;
#2074 = ORIENTED_EDGE ( 'NONE', *, *, #5120, .T. ) ;
#2075 = CARTESIAN_POINT ( 'NONE',  ( 0.3411484343694357046, -0.1602735806466998314, -0.01840781869357627221 ) ) ;
#2076 = EDGE_CURVE ( 'NONE', #3516, #8850, #8256, .T. ) ;
#2077 = CARTESIAN_POINT ( 'NONE',  ( 0.4702115877874604721, -0.1595067201361088094, -0.03078576335704544600 ) ) ;
#2078 = CARTESIAN_POINT ( 'NONE',  ( -1.154700538379224817, -2.000000000000112799, 0.1199999999999951106 ) ) ;
#2079 = ORIENTED_EDGE ( 'NONE', *, *, #2970, .F. ) ;
#2080 = CARTESIAN_POINT ( 'NONE',  ( 99.99999999999995737, 4.499999999999997335, 11.99999999999999645 ) ) ;
#2081 = STYLED_ITEM ( 'NONE', ( #4962 ), #7392 ) ;
#2082 = DIRECTION ( 'NONE',  ( -0.1610798504276400589, -0.3465180766742037566, -0.9241095737650486530 ) ) ;
#2083 = VERTEX_POINT ( 'NONE', #7584 ) ;
#2084 = DIRECTION ( 'NONE',  ( 0.6501551545064641058, 0.3098309877325213790, 0.6937600695552936791 ) ) ;
#2085 = EDGE_CURVE ( 'NONE', #4644, #1103, #2761, .T. ) ;
#2086 = CARTESIAN_POINT ( 'NONE',  ( -0.1486425605960645935, 0.4218374829272245607, -0.02580586772920882843 ) ) ;
#2087 = DIRECTION ( 'NONE',  ( 0.4999999999999997224, -0.8660254037844387076, 0.000000000000000000 ) ) ;
#2088 = AXIS2_PLACEMENT_3D ( 'NONE', #1952, #4121, #3358 ) ;
#2089 = EDGE_CURVE ( 'NONE', #8853, #5608, #681, .T. ) ;
#2090 = DIRECTION ( 'NONE',  ( 0.1736481776669358545, 0.9848077530122071321, 0.000000000000000000 ) ) ;
#2091 = VERTEX_POINT ( 'NONE', #4211 ) ;
#2092 = CARTESIAN_POINT ( 'NONE',  ( -0.1776728161207025147, 0.1759305495812879538, -1.099999999999996758 ) ) ;
#2093 = CARTESIAN_POINT ( 'NONE',  ( -0.6003431631375918398, 0.6683565456565502272, -0.1035491317088973739 ) ) ;
#2094 = CARTESIAN_POINT ( 'NONE',  ( 0.1310298908849538702, 0.2129133684583284225, -1.099999999999996758 ) ) ;
#2095 = AXIS2_PLACEMENT_3D ( 'NONE', #8610, #6572, #7160 ) ;
#2096 = VERTEX_POINT ( 'NONE', #3536 ) ;
#2097 = VECTOR ( 'NONE', #84, 1000.000000000000114 ) ;
#2098 = CARTESIAN_POINT ( 'NONE',  ( -51.00000000000002842, 37.69999999999999574, -3.999999999999996447 ) ) ;
#2099 = CARTESIAN_POINT ( 'NONE',  ( 99.99999999999995737, 1.199999999999999734, 1.460000000000003073 ) ) ;
#2100 = ORIENTED_EDGE ( 'NONE', *, *, #2541, .T. ) ;
#2101 = AXIS2_PLACEMENT_3D ( 'NONE', #2015, #4693, #8066 ) ;
#2102 = VECTOR ( 'NONE', #4824, 1000.000000000000000 ) ;
#2103 = VERTEX_POINT ( 'NONE', #3448 ) ;
#2104 = CARTESIAN_POINT ( 'NONE',  ( -46.00000000000004263, 37.69999999999998863, 8.000000000000000000 ) ) ;
#2105 = FACE_BOUND ( 'NONE', #2199, .T. ) ;
#2106 = CARTESIAN_POINT ( 'NONE',  ( 0.02249955031904948832, 0.2490262372640827948, -1.099999999999996758 ) ) ;
#2107 = AXIS2_PLACEMENT_3D ( 'NONE', #5236, #1959, #5279 ) ;
#2108 = CARTESIAN_POINT ( 'NONE',  ( -0.3182622357774713695, 0.2216041501620422682, -0.01937295131117712163 ) ) ;
#2109 = VERTEX_POINT ( 'NONE', #7668 ) ;
#2110 = ORIENTED_EDGE ( 'NONE', *, *, #7784, .T. ) ;
#2111 = CARTESIAN_POINT ( 'NONE',  ( 0.1537055390955233969, -0.3196799447225213697, -0.01627847478369306294 ) ) ;
#2112 = VECTOR ( 'NONE', #1005, 1000.000000000000114 ) ;
#2113 = CARTESIAN_POINT ( 'NONE',  ( -0.08848920863309406304, 0.8152114204031529754, -0.5500000000000018208 ) ) ;
#2114 = EDGE_CURVE ( 'NONE', #5592, #6191, #1190, .T. ) ;
#2115 = CARTESIAN_POINT ( 'NONE',  ( 0.3822432991156725079, 0.2981354626704894040, -0.02928441174449836551 ) ) ;
#2116 = CARTESIAN_POINT ( 'NONE',  ( -26.03138600932633295, 16.25718898737822826, 4.749999999999997335 ) ) ;
#2117 = ORIENTED_EDGE ( 'NONE', *, *, #8628, .F. ) ;
#2118 = CARTESIAN_POINT ( 'NONE',  ( 99.99999999999995737, 0.000000000000000000, 1.460000000000003073 ) ) ;
#2119 = ADVANCED_FACE ( 'NONE', ( #4854, #720 ), #3491, .F. ) ;
#2120 = CARTESIAN_POINT ( 'NONE',  ( 0.1428897158718758775, 0.2052802584941726405, -1.099999999999996758 ) ) ;
#2121 = VECTOR ( 'NONE', #8567, 1000.000000000000000 ) ;
#2122 = LINE ( 'NONE', #4940, #7744 ) ;
#2123 = DIRECTION ( 'NONE',  ( 0.000000000000000000, 0.000000000000000000, 1.000000000000000000 ) ) ;
#2124 = VERTEX_POINT ( 'NONE', #2802 ) ;
#2125 = CARTESIAN_POINT ( 'NONE',  ( -1.154700538379224817, -2.000000000000112799, 1.599999999999997202 ) ) ;
#2126 = LINE ( 'NONE', #5532, #6215 ) ;
#2127 = CIRCLE ( 'NONE', #4452, 0.2000000000000952127 ) ;
#2128 = CARTESIAN_POINT ( 'NONE',  ( 0.1776728161206955758, -0.1759305495812324427, -1.099999999999996758 ) ) ;
#2129 = DIRECTION ( 'NONE',  ( 1.000000000000000000, 0.000000000000000000, 0.000000000000000000 ) ) ;
#2130 = LINE ( 'NONE', #4771, #8339 ) ;
#2131 = LINE ( 'NONE', #7077, #8049 ) ;
#2132 = EDGE_LOOP ( 'NONE', ( #5367, #3660, #3143, #5317 ) ) ;
#2133 = LINE ( 'NONE', #80, #3189 ) ;
#2134 = CARTESIAN_POINT ( 'NONE',  ( -0.3711955948622001067, 0.4675409719303185718, -0.04575659269829675940 ) ) ;
#2135 = CARTESIAN_POINT ( 'NONE',  ( 0.04680233716249787568, 0.2457807441469256338, -1.099999999999996758 ) ) ;
#2136 = VERTEX_POINT ( 'NONE', #5574 ) ;
#2137 = COLOUR_RGB ( '',0.7921568627450980005, 0.8196078431372548767, 0.9333333333333333481 ) ;
#2138 = CARTESIAN_POINT ( 'NONE',  ( 0.02249955031903561053, -0.2490262372640689170, -1.099999999999996758 ) ) ;
#2139 = PLANE ( 'NONE',  #6884 ) ;
#2140 = VERTEX_POINT ( 'NONE', #8347 ) ;
#2141 = EDGE_CURVE ( 'NONE', #2124, #1193, #6982, .T. ) ;
#2142 = ORIENTED_EDGE ( 'NONE', *, *, #8244, .F. ) ;
#2143 = DIRECTION ( 'NONE',  ( -0.08803429357919545506, 0.9376491420330602677, -0.3362499808158776471 ) ) ;
#2144 = DIRECTION ( 'NONE',  ( -1.000000000000000000, -0.000000000000000000, -0.000000000000000000 ) ) ;
#2145 = PRESENTATION_LAYER_ASSIGNMENT (  '', '', ( #556 ) ) ;
#2146 = CARTESIAN_POINT ( 'NONE',  ( -0.08848920863309406304, -0.8152114204030003197, -0.5500000000000018208 ) ) ;
#2147 = ORIENTED_EDGE ( 'NONE', *, *, #6758, .T. ) ;
#2148 = CARTESIAN_POINT ( 'NONE',  ( -0.4142299287693969601, 0.3366659086274620405, -0.03661865866011011772 ) ) ;
#2149 = DIRECTION ( 'NONE',  ( -0.1610798504276505505, -0.3465180766741933205, -0.9241095737650506514 ) ) ;
#2150 = ADVANCED_FACE ( 'NONE', ( #765 ), #6302, .T. ) ;
#2151 = VERTEX_POINT ( 'NONE', #5407 ) ;
#2152 = CIRCLE ( 'NONE', #110, 8.000000000000058620 ) ;
#2153 = EDGE_LOOP ( 'NONE', ( #8939, #313, #3387, #5719 ) ) ;
#2154 = FACE_OUTER_BOUND ( 'NONE', #7538, .T. ) ;
#2155 = CARTESIAN_POINT ( 'NONE',  ( -0.3018085676027015829, 0.1957547294766381896, 0.000000000000000000 ) ) ;
#2156 = VECTOR ( 'NONE', #8016, 1000.000000000000114 ) ;
#2157 = EDGE_CURVE ( 'NONE', #868, #8227, #1225, .T. ) ;
#2158 = FACE_OUTER_BOUND ( 'NONE', #5133, .T. ) ;
#2159 = DIRECTION ( 'NONE',  ( -0.08803429357919545506, 0.9376491420330602677, -0.3362499808158776471 ) ) ;
#2160 = ORIENTED_EDGE ( 'NONE', *, *, #6146, .F. ) ;
#2161 = CARTESIAN_POINT ( 'NONE',  ( 0.000000000000000000, 0.8000000000000090372, -11.59999999999999964 ) ) ;
#2162 = CARTESIAN_POINT ( 'NONE',  ( 0.5834875688678901051, -0.1581944964215383220, -0.04691991568293214093 ) ) ;
#2163 = DIRECTION ( 'NONE',  ( 1.000000000000000000, -1.942890293094020494E-16, 0.000000000000000000 ) ) ;
#2164 = ORIENTED_EDGE ( 'NONE', *, *, #8753, .T. ) ;
#2165 = CARTESIAN_POINT ( 'NONE',  ( 3.469446951953614189E-14, -1.205578273928933797, -0.1785173072915841042 ) ) ;
#2166 = ADVANCED_FACE ( 'NONE', ( #7166 ), #852, .T. ) ;
#2167 = CARTESIAN_POINT ( 'NONE',  ( 2.105131328310489547, 73.00821050377537347, 4.499999999999990230 ) ) ;
#2168 = ADVANCED_FACE ( 'NONE', ( #7893 ), #7849, .T. ) ;
#2169 = CARTESIAN_POINT ( 'NONE',  ( -19.50000000000003197, 61.00000000000000000, 0.000000000000000000 ) ) ;
#2170 = CARTESIAN_POINT ( 'NONE',  ( 649.6009470797979475, 822.8732348823967868, 1291.722930564731996 ) ) ;
#2171 = PRODUCT_DEFINITION_FORMATION_WITH_SPECIFIED_SOURCE ( 'ANY', '', #2410, .NOT_KNOWN. ) ;
#2172 = DIRECTION ( 'NONE',  ( 2.334869823772500133E-16, 1.000000000000000000, 0.000000000000000000 ) ) ;
#2173 = VECTOR ( 'NONE', #1620, 1000.000000000000114 ) ;
#2174 = CARTESIAN_POINT ( 'NONE',  ( -0.1903814225755473544, -0.3066914228452288782, -0.01690487344975510897 ) ) ;
#2175 = ORIENTED_EDGE ( 'NONE', *, *, #2854, .F. ) ;
#2176 = CARTESIAN_POINT ( 'NONE',  ( -0.02697841726616995173, 0.2485400671960458219, -1.099999999999996758 ) ) ;
#2177 = EDGE_CURVE ( 'NONE', #1037, #5741, #7434, .T. ) ;
#2178 = AXIS2_PLACEMENT_3D ( 'NONE', #8543, #4927, #9 ) ;
#2179 = CARTESIAN_POINT ( 'NONE',  ( -0.1903814225755542933, 0.3066914228452427560, -0.01690487344975510897 ) ) ;
#2180 = CARTESIAN_POINT ( 'NONE',  ( 0.2497184969373553165, 0.01452837954024621681, -1.099999999999996758 ) ) ;
#2181 = VERTEX_POINT ( 'NONE', #1678 ) ;
#2182 = CARTESIAN_POINT ( 'NONE',  ( -42.00000000000003553, 37.69999999999999574, 8.000000000000000000 ) ) ;
#2183 = FACE_BOUND ( 'NONE', #7024, .T. ) ;
#2184 = DIRECTION ( 'NONE',  ( -0.9830072456193904573, -0.02719023690005820115, 0.1815418576447273835 ) ) ;
#2185 = ORIENTED_EDGE ( 'NONE', *, *, #7373, .F. ) ;
#2186 = VECTOR ( 'NONE', #5598, 1000.000000000000000 ) ;
#2187 = CARTESIAN_POINT ( 'NONE',  ( -46.00000000000002842, 32.69999999999999574, -7.999999999999992895 ) ) ;
#2188 = ADVANCED_FACE ( 'NONE', ( #4441, #5617 ), #7217, .F. ) ;
#2189 = EDGE_LOOP ( 'NONE', ( #3076, #8890, #5504, #1400 ) ) ;
#2190 = CARTESIAN_POINT ( 'NONE',  ( -0.1310298908849122368, -0.2129133684581618891, -1.099999999999996758 ) ) ;
#2191 = LINE ( 'NONE', #4231, #3722 ) ;
#2192 = FACE_OUTER_BOUND ( 'NONE', #2276, .T. ) ;
#2193 = EDGE_LOOP ( 'NONE', ( #1786, #219 ) ) ;
#2194 = VECTOR ( 'NONE', #6683, 1000.000000000000000 ) ;
#2195 = CARTESIAN_POINT ( 'NONE',  ( 0.000000000000000000, 0.000000000000000000, -11.40000000000000036 ) ) ;
#2196 = DIRECTION ( 'NONE',  ( -1.110223024625150131E-16, -1.000000000000000000, -4.006689065479319709E-18 ) ) ;
#2197 = ORIENTED_EDGE ( 'NONE', *, *, #6872, .F. ) ;
#2198 = EDGE_CURVE ( 'NONE', #5807, #5571, #903, .T. ) ;
#2199 = EDGE_LOOP ( 'NONE', ( #4559, #2416 ) ) ;
#2200 = EDGE_CURVE ( 'NONE', #1876, #4738, #1579, .T. ) ;
#2201 = CARTESIAN_POINT ( 'NONE',  ( 53.85925382924440186, -1.434450794419367403, 1.000000000000000888 ) ) ;
#2202 = VECTOR ( 'NONE', #7801, 1000.000000000000000 ) ;
#2203 = CARTESIAN_POINT ( 'NONE',  ( 0.6191837004426923308, 0.5855404100351627728, -0.09320693467526129650 ) ) ;
#2204 = FACE_OUTER_BOUND ( 'NONE', #7295, .T. ) ;
#2205 = ORIENTED_EDGE ( 'NONE', *, *, #1817, .F. ) ;
#2206 = CARTESIAN_POINT ( 'NONE',  ( 0.3238460612508542447, -0.1636315703889557049, -0.01707447055793176460 ) ) ;
#2207 = CARTESIAN_POINT ( 'NONE',  ( 0.1732444538684943525, 0.1802397270410927010, -1.099999999999996758 ) ) ;
#2208 = CARTESIAN_POINT ( 'NONE',  ( -51.00000000000002842, 37.69999999999999574, 4.000000000000003553 ) ) ;
#2209 = PRODUCT_CONTEXT ( 'NONE', #226, 'mechanical' ) ;
#2210 = EDGE_LOOP ( 'NONE', ( #4233, #5920, #5730, #5728, #3886, #2496 ) ) ;
#2211 = DIRECTION ( 'NONE',  ( -0.1736481776669358545, -0.9848077530122071321, 0.000000000000000000 ) ) ;
#2212 = EDGE_CURVE ( 'NONE', #1013, #2957, #941, .T. ) ;
#2213 = DIRECTION ( 'NONE',  ( 0.1610798504276475807, 0.3465180766741972063, 0.9241095737650496522 ) ) ;
#2214 = LINE ( 'NONE', #4989, #7862 ) ;
#2215 = CARTESIAN_POINT ( 'NONE',  ( 0.8247860988423172390, -1.428571428571431934, -0.4514285714285679041 ) ) ;
#2216 = ADVANCED_FACE ( 'NONE', ( #3031 ), #6490, .F. ) ;
#2217 = DIRECTION ( 'NONE',  ( -0.7559289460184550613, 2.428612866367529932E-15, -0.6546536707079763096 ) ) ;
#2218 = B_SPLINE_SURFACE_WITH_KNOTS ( 'NONE', 3, 1, ( 
 ( #6054, #4648 ),
 ( #3145, #8144 ),
 ( #1921, #1237 ),
 ( #8014, #6602 ),
 ( #553, #373 ),
 ( #1835, #7420 ),
 ( #1192, #3329 ) ),
 .UNSPECIFIED., .F., .F., .F.,
 ( 4, 1, 1, 1, 4 ),
 ( 2, 2 ),
 ( 0.000000000000000000, 0.2500000000000000000, 0.5000000000000000000, 0.7500000000000000000, 1.000000000000000000 ),
 ( 0.006366818824922969994, 1.000000000000000000 ),
 .UNSPECIFIED. ) ;
#2219 = EDGE_CURVE ( 'NONE', #3423, #4710, #5801, .T. ) ;
#2220 = CARTESIAN_POINT ( 'NONE',  ( -0.2349266935775185250, -0.3465614452017405922, -0.02248601727114636975 ) ) ;
#2221 = ORIENTED_EDGE ( 'NONE', *, *, #8732, .F. ) ;
#2222 = LINE ( 'NONE', #1372, #8258 ) ;
#2223 = EDGE_CURVE ( 'NONE', #160, #6658, #5764, .T. ) ;
#2224 = ORIENTED_EDGE ( 'NONE', *, *, #6641, .F. ) ;
#2225 = DIRECTION ( 'NONE',  ( -0.1736481776669360488, -0.9848077530122071321, 0.000000000000000000 ) ) ;
#2226 = DIRECTION ( 'NONE',  ( -0.1610798504276505505, -0.3465180766741933205, -0.9241095737650506514 ) ) ;
#2227 = EDGE_CURVE ( 'NONE', #6314, #1086, #807, .T. ) ;
#2228 = CARTESIAN_POINT ( 'NONE',  ( -2.000000000000029310, 61.00000000000000000, -229.4623459811442387 ) ) ;
#2229 = ORIENTED_EDGE ( 'NONE', *, *, #6596, .F. ) ;
#2230 = CARTESIAN_POINT ( 'NONE',  ( -0.8361759912694153307, -0.8575050536983180871, -0.1855446092705256844 ) ) ;
#2231 = ORIENTED_EDGE ( 'NONE', *, *, #8140, .F. ) ;
#2232 = EDGE_CURVE ( 'NONE', #2915, #2776, #2214, .T. ) ;
#2233 = EDGE_CURVE ( 'NONE', #3807, #1669, #8023, .T. ) ;
#2234 = CARTESIAN_POINT ( 'NONE',  ( -45.00000000000004263, 37.69999999999999574, -7.999999999999986677 ) ) ;
#2235 = EDGE_LOOP ( 'NONE', ( #3682, #6716, #2411, #2313, #6591 ) ) ;
#2236 = AXIS2_PLACEMENT_3D ( 'NONE', #7707, #4248, #2796 ) ;
#2237 = DIRECTION ( 'NONE',  ( -1.000000000000000000, 1.360567432138672328E-16, 0.000000000000000000 ) ) ;
#2238 = CARTESIAN_POINT ( 'NONE',  ( -0.8299852910303162634, 0.8634984783813248743, -0.1855446092705256844 ) ) ;
#2239 = VERTEX_POINT ( 'NONE', #2352 ) ;
#2240 = CARTESIAN_POINT ( 'NONE',  ( -0.3003672735761228618, 0.2002104289820644256, -0.01690487344975510897 ) ) ;
#2241 = LINE ( 'NONE', #744, #5961 ) ;
#2242 = ORIENTED_EDGE ( 'NONE', *, *, #3916, .T. ) ;
#2243 = ORIENTED_EDGE ( 'NONE', *, *, #7811, .F. ) ;
#2244 = VECTOR ( 'NONE', #4427, 1000.000000000000114 ) ;
#2245 = AXIS2_PLACEMENT_3D ( 'NONE', #5547, #38, #7727 ) ;
#2246 = DIRECTION ( 'NONE',  ( 1.000000000000000000, 2.775557561562894802E-16, 0.000000000000000000 ) ) ;
#2247 = EDGE_CURVE ( 'NONE', #2578, #1703, #6711, .T. ) ;
#2248 = CARTESIAN_POINT ( 'NONE',  ( -10.75000000000003730, 32.50000000000000000, -8.700000000000009948 ) ) ;
#2249 = DIRECTION ( 'NONE',  ( 0.000000000000000000, 0.000000000000000000, 1.000000000000000000 ) ) ;
#2250 = ORIENTED_EDGE ( 'NONE', *, *, #7726, .T. ) ;
#2251 = CARTESIAN_POINT ( 'NONE',  ( -0.4019806289744901617, -0.1600205684163401865, -0.02400447558187168359 ) ) ;
#2252 = AXIS2_PLACEMENT_3D ( 'NONE', #2503, #6724, #4684 ) ;
#2253 = DIRECTION ( 'NONE',  ( 0.08803429357919534404, -0.9376491420330603788, 0.3362499808158775916 ) ) ;
#2254 = B_SPLINE_CURVE_WITH_KNOTS ( 'NONE', 3,
 ( #6877, #3427, #5512, #6196, #8283, #4832, #7604, #3097, #2421, #2238 ),
 .UNSPECIFIED., .F., .F.,
 ( 4, 3, 3, 4 ),
 ( 1.533293416683375149E-19, 2.520687103428664926E-06, 5.041377495044110003E-06, 8.629767795653319170E-06 ),
 .UNSPECIFIED. ) ;
#2255 = CARTESIAN_POINT ( 'NONE',  ( 648.9837469903626470, 762.4571675936139172, 1314.975857440661230 ) ) ;
#2256 = EDGE_CURVE ( 'NONE', #317, #8280, #3801, .T. ) ;
#2257 = ITEM_DEFINED_TRANSFORMATION ( 'NONE', 'NONE', #1305,  #4639 ) ;
#2258 = EDGE_LOOP ( 'NONE', ( #6507, #3357, #424, #4862 ) ) ;
#2259 = CYLINDRICAL_SURFACE ( 'NONE', #5769, 3.000000000000002665 ) ;
#2260 = CARTESIAN_POINT ( 'NONE',  ( 648.1292530245600574, 814.9659615606049101, 1300.974910615781482 ) ) ;
#2261 = CARTESIAN_POINT ( 'NONE',  ( -0.2080235751308057157, 0.1386585453183458716, -1.099999999999996758 ) ) ;
#2262 = ORIENTED_EDGE ( 'NONE', *, *, #4035, .F. ) ;
#2263 = CARTESIAN_POINT ( 'NONE',  ( -0.1485815127909013711, 0.3562853282985404269, -0.01929353751941388292 ) ) ;
#2264 = DIRECTION ( 'NONE',  ( 1.000000000000000000, 0.000000000000000000, 0.000000000000000000 ) ) ;
#2265 = CIRCLE ( 'NONE', #4289, 10.00000000000000178 ) ;
#2266 = LINE ( 'NONE', #2992, #2960 ) ;
#2267 = AXIS2_PLACEMENT_3D ( 'NONE', #6129, #8130, #8893 ) ;
#2268 = ORIENTED_EDGE ( 'NONE', *, *, #4226, .T. ) ;
#2269 = CARTESIAN_POINT ( 'NONE',  ( -78.75622071727816831, -22.42516200246289060, 4.705882352941177516 ) ) ;
#2270 = EDGE_CURVE ( 'NONE', #6748, #8105, #4668, .T. ) ;
#2271 = EDGE_LOOP ( 'NONE', ( #6559, #1384 ) ) ;
#2272 = DIRECTION ( 'NONE',  ( -0.000000000000000000, -0.000000000000000000, -1.000000000000000000 ) ) ;
#2273 = CARTESIAN_POINT ( 'NONE',  ( -46.00000000000004263, 37.69999999999999574, 16.00000000000000000 ) ) ;
#2274 = ORIENTED_EDGE ( 'NONE', *, *, #2301, .F. ) ;
#2275 = DIRECTION ( 'NONE',  ( -0.000000000000000000, -0.000000000000000000, 1.000000000000000000 ) ) ;
#2276 = EDGE_LOOP ( 'NONE', ( #5509, #2647, #3152, #164 ) ) ;
#2277 =( NAMED_UNIT ( * ) SI_UNIT ( $, .STERADIAN. ) SOLID_ANGLE_UNIT ( ) );
#2278 = ORIENTED_EDGE ( 'NONE', *, *, #5369, .F. ) ;
#2279 =( NAMED_UNIT ( * ) SI_UNIT ( $, .STERADIAN. ) SOLID_ANGLE_UNIT ( ) );
#2280 = VECTOR ( 'NONE', #2465, 1000.000000000000000 ) ;
#2281 = CARTESIAN_POINT ( 'NONE',  ( 2.345483871976866702E-17, -2.006872931984000186, -0.6181764442694248629 ) ) ;
#2282 = FACE_OUTER_BOUND ( 'NONE', #4442, .T. ) ;
#2283 = VERTEX_POINT ( 'NONE', #4579 ) ;
#2284 = ADVANCED_FACE ( 'NONE', ( #8664 ), #7261, .F. ) ;
#2285 = CARTESIAN_POINT ( 'NONE',  ( -0.03432284125395174135, 0.2477428479100707293, -1.099999999999996758 ) ) ;
#2286 = CARTESIAN_POINT ( 'NONE',  ( -0.2130846182839471470, -0.1308578476732491502, -1.099999999999996758 ) ) ;
#2287 = EDGE_CURVE ( 'NONE', #4170, #4291, #6416, .T. ) ;
#2288 = ORIENTED_EDGE ( 'NONE', *, *, #7811, .T. ) ;
#2289 = AXIS2_PLACEMENT_3D ( 'NONE', #5079, #4438, #2348 ) ;
#2290 = ORIENTED_EDGE ( 'NONE', *, *, #77, .F. ) ;
#2291 = VECTOR ( 'NONE', #325, 1000.000000000000000 ) ;
#2292 = CARTESIAN_POINT ( 'NONE',  ( 1.203127165031771195, -0.06999676957503142560, -0.1790072184736021810 ) ) ;
#2293 = CARTESIAN_POINT ( 'NONE',  ( 31.99999999999995737, 4.499999999999997335, -16.00000000000000000 ) ) ;
#2294 = CARTESIAN_POINT ( 'NONE',  ( 0.000000000000000000, -1.880000000000006555, 0.000000000000000000 ) ) ;
#2295 = ORIENTED_EDGE ( 'NONE', *, *, #4253, .F. ) ;
#2296 = VECTOR ( 'NONE', #4125, 1000.000000000000000 ) ;
#2297 = DIRECTION ( 'NONE',  ( -0.4999999999999997224, 0.8660254037844387076, 0.000000000000000000 ) ) ;
#2298 = AXIS2_PLACEMENT_3D ( 'NONE', #839, #7701, #710 ) ;
#2299 = PLANE ( 'NONE',  #4657 ) ;
#2300 = PLANE ( 'NONE',  #4996 ) ;
#2301 = EDGE_CURVE ( 'NONE', #2136, #4208, #3170, .T. ) ;
#2302 = EDGE_LOOP ( 'NONE', ( #3267, #4508, #384, #7480, #8749, #1603 ) ) ;
#2303 = CARTESIAN_POINT ( 'NONE',  ( 69.44977210575977722, -0.1607447605068562657, 0.01162066485537599503 ) ) ;
#2304 = CARTESIAN_POINT ( 'NONE',  ( 0.4381135729647123722, 0.5266300098288924092, -0.06017499044319681023 ) ) ;
#2305 = DIRECTION ( 'NONE',  ( 0.7559289460184572818, 1.929012505286209883E-15, -0.6546536707079737560 ) ) ;
#2306 = ORIENTED_EDGE ( 'NONE', *, *, #451, .T. ) ;
#2307 = CARTESIAN_POINT ( 'NONE',  ( -0.9115085063132952747, -0.9437869286386124656, -0.07554460927052669694 ) ) ;
#2308 = LINE ( 'NONE', #1634, #8488 ) ;
#2309 = EDGE_CURVE ( 'NONE', #1143, #2012, #5895, .T. ) ;
#2310 = VECTOR ( 'NONE', #7561, 1000.000000000000114 ) ;
#2311 = VERTEX_POINT ( 'NONE', #300 ) ;
#2312 = DIRECTION ( 'NONE',  ( -0.6123724356957971349, -0.3535533905932748411, 0.7071067811865446862 ) ) ;
#2313 = ORIENTED_EDGE ( 'NONE', *, *, #7400, .F. ) ;
#2314 = EDGE_CURVE ( 'NONE', #6638, #7225, #5113, .T. ) ;
#2315 = CARTESIAN_POINT ( 'NONE',  ( -1.189627661050809859, 0.1388928851896176209, -0.1855446092705256844 ) ) ;
#2316 = EDGE_CURVE ( 'NONE', #2051, #3082, #4228, .T. ) ;
#2317 = SURFACE_STYLE_FILL_AREA ( #4496 ) ;
#2318 = VECTOR ( 'NONE', #5334, 1000.000000000000000 ) ;
#2319 = ORIENTED_EDGE ( 'NONE', *, *, #8946, .F. ) ;
#2320 = FACE_OUTER_BOUND ( 'NONE', #1995, .T. ) ;
#2321 = FACE_OUTER_BOUND ( 'NONE', #3151, .T. ) ;
#2322 = VERTEX_POINT ( 'NONE', #8037 ) ;
#2323 = DIRECTION ( 'NONE',  ( 1.000000000000000000, 0.000000000000000000, 0.000000000000000000 ) ) ;
#2324 = VERTEX_POINT ( 'NONE', #5848 ) ;
#2325 = DIRECTION ( 'NONE',  ( 0.9714137623810678024, 0.1555226214723467171, 0.1793544436779513640 ) ) ;
#2326 = CARTESIAN_POINT ( 'NONE',  ( -0.006981643378471680261, -1.197708322671436898, -0.1855446119989057063 ) ) ;
#2327 = LINE ( 'NONE', #3821, #5222 ) ;
#2328 = CARTESIAN_POINT ( 'NONE',  ( 1.154700538379252350, 2.000000000000001776, 1.599999999999997202 ) ) ;
#2329 = CARTESIAN_POINT ( 'NONE',  ( 0.2055940580920900818, -0.1423034473982676129, -1.099999999999996758 ) ) ;
#2330 = ORIENTED_EDGE ( 'NONE', *, *, #4550, .T. ) ;
#2331 = LINE ( 'NONE', #8690, #7090 ) ;
#2332 = DIRECTION ( 'NONE',  ( -0.000000000000000000, 1.734723475976807094E-16, 1.000000000000000000 ) ) ;
#2333 = ORIENTED_EDGE ( 'NONE', *, *, #2635, .F. ) ;
#2334 = AXIS2_PLACEMENT_3D ( 'NONE', #581, #628, #5441 ) ;
#2335 = EDGE_LOOP ( 'NONE', ( #8859, #8869, #8224, #5599 ) ) ;
#2336 = EDGE_CURVE ( 'NONE', #6855, #6535, #3894, .T. ) ;
#2337 = CARTESIAN_POINT ( 'NONE',  ( 0.2488749066003881349, -0.02418126363622208341, -1.099999999999996758 ) ) ;
#2338 = CONICAL_SURFACE ( 'NONE', #4368, 6.406354617264258700, 0.7853981633974433940 ) ;
#2339 = DIRECTION ( 'NONE',  ( -1.000000000000000000, 0.000000000000000000, 0.000000000000000000 ) ) ;
#2340 = CARTESIAN_POINT ( 'NONE',  ( 651.0095474641658484, 784.2880802453124716, 1311.976293266620814 ) ) ;
#2341 = ORIENTED_EDGE ( 'NONE', *, *, #7430, .F. ) ;
#2342 = CARTESIAN_POINT ( 'NONE',  ( 648.9803554804175292, 761.7698300954182287, 1315.141856420281783 ) ) ;
#2343 = PRODUCT_DEFINITION ( 'UNKNOWN', '', #2171, #247 ) ;
#2344 = DIRECTION ( 'NONE',  ( 0.000000000000000000, 0.000000000000000000, 1.000000000000000000 ) ) ;
#2345 = CARTESIAN_POINT ( 'NONE',  ( 646.2266977551624905, 827.4968436180649860, 1292.549812497121366 ) ) ;
#2346 = ADVANCED_FACE ( 'NONE', ( #1814, #6577 ), #7354, .T. ) ;
#2347 = AXIS2_PLACEMENT_3D ( 'NONE', #8134, #7410, #8094 ) ;
#2348 = DIRECTION ( 'NONE',  ( -0.1610798504276586829, -0.3465180766744864749, -0.9241095737649392960 ) ) ;
#2349 = CARTESIAN_POINT ( 'NONE',  ( -22.90013928550547107, -33.64466763093366808, 8.000000000000000000 ) ) ;
#2350 = DIRECTION ( 'NONE',  ( -0.000000000000000000, 1.734723475976807094E-16, 1.000000000000000000 ) ) ;
#2351 = B_SPLINE_CURVE_WITH_KNOTS ( 'NONE', 3,
 ( #3880, #8153, #1845, #8025, #608, #2521, #8698, #8831, #1931, #1884, #2652, #1799, #6742, #3337, #5973, #5298 ),
 .UNSPECIFIED., .F., .F.,
 ( 4, 3, 3, 3, 3, 4 ),
 ( 0.000000000000000000, 1.346867703773805954E-05, 2.693358225293475118E-05, 4.053474381635575272E-05, 5.402775808679440538E-05, 6.318244024764001221E-05 ),
 .UNSPECIFIED. ) ;
#2352 = CARTESIAN_POINT ( 'NONE',  ( 31.99999999999995737, 0.000000000000000000, -1.459999999999995968 ) ) ;
#2353 = EDGE_LOOP ( 'NONE', ( #6918, #4680, #1465, #222 ) ) ;
#2354 = CARTESIAN_POINT ( 'NONE',  ( 649.3502444784473937, 776.6401277940179853, 1311.901882888882028 ) ) ;
#2355 = CARTESIAN_POINT ( 'NONE',  ( -57.70522151952334866, -17.09815470596434750, 0.000000000000000000 ) ) ;
#2356 = CIRCLE ( 'NONE', #7440, 7.449999999999659117 ) ;
#2357 = ADVANCED_FACE ( 'NONE', ( #443 ), #3600, .F. ) ;
#2358 = EDGE_LOOP ( 'NONE', ( #923, #7553, #972, #7123 ) ) ;
#2359 = PLANE ( 'NONE',  #5429 ) ;
#2360 = EDGE_LOOP ( 'NONE', ( #4880, #7312, #4458, #8142 ) ) ;
#2361 = DIRECTION ( 'NONE',  ( -1.000000000000000000, 0.000000000000000000, 0.000000000000000000 ) ) ;
#2362 = EDGE_CURVE ( 'NONE', #8719, #3546, #8803, .T. ) ;
#2363 = SURFACE_STYLE_USAGE ( .BOTH. , #8577 ) ;
#2364 = ORIENTED_EDGE ( 'NONE', *, *, #2556, .T. ) ;
#2365 = FACE_OUTER_BOUND ( 'NONE', #133, .T. ) ;
#2366 = CARTESIAN_POINT ( 'NONE',  ( -46.04645567546446472, 42.69978418236399165, 8.000000000000000000 ) ) ;
#2367 = EDGE_LOOP ( 'NONE', ( #7633, #4765, #2504, #2724, #4115, #4971 ) ) ;
#2368 = CARTESIAN_POINT ( 'NONE',  ( -0.2483133094921124995, 0.02899138370392184694, -1.099999999999996758 ) ) ;
#2369 = ORIENTED_EDGE ( 'NONE', *, *, #6319, .T. ) ;
#2370 = CARTESIAN_POINT ( 'NONE',  ( -45.00000000000004263, 37.69999999999999574, 8.000000000000000000 ) ) ;
#2371 = EDGE_CURVE ( 'NONE', #7078, #5524, #3219, .T. ) ;
#2372 = CARTESIAN_POINT ( 'NONE',  ( -60.43631699833522219, -2.148074756293167020, 0.000000000000000000 ) ) ;
#2373 = DIRECTION ( 'NONE',  ( -0.7660444431189754599, 0.6427876096865423605, 0.000000000000000000 ) ) ;
#2374 = DIRECTION ( 'NONE',  ( 1.000000000000000000, 0.000000000000000000, 0.000000000000000000 ) ) ;
#2375 = CARTESIAN_POINT ( 'NONE',  ( -8.000000000000028422, 55.99999999999999289, -3.999999999999996447 ) ) ;
#2376 = LINE ( 'NONE', #2918, #2291 ) ;
#2377 = MECHANICAL_DESIGN_GEOMETRIC_PRESENTATION_REPRESENTATION (  '', ( #2081 ), #3244 ) ;
#2378 = ORIENTED_EDGE ( 'NONE', *, *, #7027, .T. ) ;
#2379 = EDGE_CURVE ( 'NONE', #5193, #6115, #3985, .T. ) ;
#2380 = CARTESIAN_POINT ( 'NONE',  ( -10.75000000000003730, 32.50000000000000000, 8.700000000000009948 ) ) ;
#2381 = CARTESIAN_POINT ( 'NONE',  ( -0.2483133094921124995, -0.02899138370389409136, -1.099999999999996758 ) ) ;
#2382 = EDGE_LOOP ( 'NONE', ( #8055, #1264, #2079, #8406 ) ) ;
#2383 = ORIENTED_EDGE ( 'NONE', *, *, #925, .T. ) ;
#2384 = VECTOR ( 'NONE', #4307, 1000.000000000000114 ) ;
#2385 = FACE_OUTER_BOUND ( 'NONE', #5549, .T. ) ;
#2386 = EDGE_CURVE ( 'NONE', #3831, #7130, #1987, .T. ) ;
#2387 = CARTESIAN_POINT ( 'NONE',  ( -1.154700538379224817, -2.000000000000112799, 0.1199999999999951106 ) ) ;
#2388 = VECTOR ( 'NONE', #4380, 1000.000000000000114 ) ;
#2389 = CARTESIAN_POINT ( 'NONE',  ( 0.2262728214072334820, 0.1063043286628068129, -1.099999999999996758 ) ) ;
#2390 = VECTOR ( 'NONE', #3971, 1000.000000000000114 ) ;
#2391 = ORIENTED_EDGE ( 'NONE', *, *, #6775, .T. ) ;
#2392 = CARTESIAN_POINT ( 'NONE',  ( -0.3697459945504206758, -0.1601148979850970100, -0.02089345989056499986 ) ) ;
#2393 = LINE ( 'NONE', #3709, #5090 ) ;
#2394 = PLANE ( 'NONE',  #4705 ) ;
#2395 = AXIS2_PLACEMENT_3D ( 'NONE', #3461, #5950, #4181 ) ;
#2396 = DIRECTION ( 'NONE',  ( 0.9848077530122070211, -0.1736481776669358268, 0.000000000000000000 ) ) ;
#2397 = CARTESIAN_POINT ( 'NONE',  ( 0.8299852910303440190, 0.8634984783813665077, -0.1855446092705256844 ) ) ;
#2398 = CARTESIAN_POINT ( 'NONE',  ( 0.5682418086884466479, 0.5911863046946796985, -0.5500000000000018208 ) ) ;
#2399 = AXIS2_PLACEMENT_3D ( 'NONE', #7125, #4992, #166 ) ;
#2400 = ORIENTED_EDGE ( 'NONE', *, *, #4526, .T. ) ;
#2401 = CARTESIAN_POINT ( 'NONE',  ( -0.9089847619943025592, -0.9456877939120339471, -0.07554460927052669694 ) ) ;
#2402 = EDGE_CURVE ( 'NONE', #1256, #1879, #8208, .T. ) ;
#2403 = CARTESIAN_POINT ( 'NONE',  ( 646.9345689757865330, 827.6904854681829420, 1296.411774227111209 ) ) ;
#2404 = VERTEX_POINT ( 'NONE', #3480 ) ;
#2405 = DIRECTION ( 'NONE',  ( 0.08803429357919534404, -0.9376491420330603788, 0.3362499808158775916 ) ) ;
#2406 = AXIS2_PLACEMENT_3D ( 'NONE', #8114, #1298, #4015 ) ;
#2407 = ORIENTED_EDGE ( 'NONE', *, *, #2970, .T. ) ;
#2408 = CYLINDRICAL_SURFACE ( 'NONE', #234, 2.999999999999995559 ) ;
#2409 = PRESENTATION_STYLE_ASSIGNMENT (( #2363 ) ) ;
#2410 = PRODUCT ( '9087646', '9087646', '', ( #7845 ) ) ;
#2411 = ORIENTED_EDGE ( 'NONE', *, *, #2476, .F. ) ;
#2412 = CARTESIAN_POINT ( 'NONE',  ( -2.309401076758463400, -1.110223024625156540E-13, 1.480000000000002203 ) ) ;
#2413 = CARTESIAN_POINT ( 'NONE',  ( -266.3373459811442672, 61.00000000000000000, -3.999999999999996447 ) ) ;
#2414 = ORIENTED_EDGE ( 'NONE', *, *, #1660, .T. ) ;
#2415 = FACE_OUTER_BOUND ( 'NONE', #5158, .T. ) ;
#2416 = ORIENTED_EDGE ( 'NONE', *, *, #1280, .T. ) ;
#2417 = CARTESIAN_POINT ( 'NONE',  ( 0.1471401283354853151, -0.5800618841730670328, -0.04580466453894011664 ) ) ;
#2418 = CARTESIAN_POINT ( 'NONE',  ( 69.44773203368573888, -0.1721849730995650418, 8.000000000000000000 ) ) ;
#2419 = ORIENTED_EDGE ( 'NONE', *, *, #1255, .F. ) ;
#2420 = LINE ( 'NONE', #2328, #8222 ) ;
#2421 = CARTESIAN_POINT ( 'NONE',  ( -0.8309168231346240052, 0.8627496783803895175, -0.1855779694352535647 ) ) ;
#2422 = ORIENTED_EDGE ( 'NONE', *, *, #2256, .F. ) ;
#2423 = DIRECTION ( 'NONE',  ( -0.000000000000000000, -1.000000000000000000, -0.000000000000000000 ) ) ;
#2424 = CARTESIAN_POINT ( 'NONE',  ( 0.1318513288453074250, 0.2124034535542218549, -1.099999999999996758 ) ) ;
#2425 = VECTOR ( 'NONE', #1010, 1000.000000000000227 ) ;
#2426 = ORIENTED_EDGE ( 'NONE', *, *, #7547, .T. ) ;
#2427 = ORIENTED_EDGE ( 'NONE', *, *, #7665, .F. ) ;
#2428 = EDGE_CURVE ( 'NONE', #7435, #87, #2665, .T. ) ;
#2429 = CIRCLE ( 'NONE', #4306, 1.590000000000014291 ) ;
#2430 = LINE ( 'NONE', #927, #2244 ) ;
#2431 = EDGE_CURVE ( 'NONE', #4090, #1736, #5836, .T. ) ;
#2432 = FACE_OUTER_BOUND ( 'NONE', #1741, .T. ) ;
#2433 = EDGE_LOOP ( 'NONE', ( #5187, #2058 ) ) ;
#2434 = CARTESIAN_POINT ( 'NONE',  ( 646.6157373332645193, 821.9096808548034687, 1293.819560686141131 ) ) ;
#2435 = CARTESIAN_POINT ( 'NONE',  ( -0.1745366508429518904, 0.1789887077794094505, -1.099999999999996758 ) ) ;
#2436 = ADVANCED_FACE ( 'NONE', ( #4802 ), #3227, .F. ) ;
#2437 = APPLICATION_CONTEXT ( 'automotive_design' ) ;
#2438 = CARTESIAN_POINT ( 'NONE',  ( -0.2262728214071849098, 0.1063043286627235462, -1.099999999999996758 ) ) ;
#2439 = CARTESIAN_POINT ( 'NONE',  ( -0.3238460612508056724, 0.1636315703890667272, -0.01707447055793176460 ) ) ;
#2440 = DIRECTION ( 'NONE',  ( -0.08803429357919534404, 0.9376491420330603788, -0.3362499808158775916 ) ) ;
#2441 = CARTESIAN_POINT ( 'NONE',  ( 648.1468598832751695, 814.7784317321976459, 1301.042160611941199 ) ) ;
#2442 = DIRECTION ( 'NONE',  ( 0.000000000000000000, -3.469446951953613696E-16, -1.000000000000000000 ) ) ;
#2443 = ORIENTED_EDGE ( 'NONE', *, *, #6633, .F. ) ;
#2444 = PLANE ( 'NONE',  #150 ) ;
#2445 = CARTESIAN_POINT ( 'NONE',  ( 0.03432284125395868024, -0.2477428479100013403, -1.099999999999996758 ) ) ;
#2446 = VERTEX_POINT ( 'NONE', #6891 ) ;
#2447 = B_SPLINE_CURVE_WITH_KNOTS ( 'NONE', 3,
 ( #4622, #530, #1257, #5480, #3940, #7396, #6846, #3305, #8245, #4801, #2663, #486, #6710, #4755, #4112, #7529, #6116, #667, #8842, #4023, #3435, #8756 ),
 .UNSPECIFIED., .F., .F.,
 ( 4, 2, 2, 1, 1, 2, 2, 2, 1, 1, 2, 2, 4 ),
 ( 0.000000000000000000, 0.2500000000000033862, 0.3750000000000049405, 0.4375000000000054956, 0.4687500000000055511, 0.4843750000000054401, 0.5000000000000053291, 0.6250000000000038858, 0.6875000000000033307, 0.7187500000000029976, 0.7343750000000028866, 0.7500000000000026645, 1.000000000000000000 ),
 .UNSPECIFIED. ) ;
#2448 = CARTESIAN_POINT ( 'NONE',  ( -0.4959640202000800135, -0.5773864690976803216, -0.07433204396372380951 ) ) ;
#2449 = VERTEX_POINT ( 'NONE', #668 ) ;
#2450 = FACE_OUTER_BOUND ( 'NONE', #5190, .T. ) ;
#2451 = CIRCLE ( 'NONE', #7533, 6.497700000000158127 ) ;
#2452 = VERTEX_POINT ( 'NONE', #6075 ) ;
#2453 = DIRECTION ( 'NONE',  ( -0.000000000000000000, -1.000000000000000000, -0.000000000000000000 ) ) ;
#2454 = LINE ( 'NONE', #3136, #1470 ) ;
#2455 = EDGE_LOOP ( 'NONE', ( #2742, #5082, #7831, #6962 ) ) ;
#2456 = DIRECTION ( 'NONE',  ( 1.000000000000000000, 0.000000000000000000, -0.000000000000000000 ) ) ;
#2457 = VERTEX_POINT ( 'NONE', #2116 ) ;
#2458 = CARTESIAN_POINT ( 'NONE',  ( 31.99999999999995737, 4.499999999999997335, -11.99999999999999645 ) ) ;
#2459 = CIRCLE ( 'NONE', #4051, 49.99999999999993605 ) ;
#2460 = CARTESIAN_POINT ( 'NONE',  ( 2.775557561562891351E-14, 1.879999999999909521, 1.599999999999997202 ) ) ;
#2461 = LINE ( 'NONE', #6598, #1302 ) ;
#2462 = AXIS2_PLACEMENT_3D ( 'NONE', #2997, #5138, #5230 ) ;
#2463 = AXIS2_PLACEMENT_3D ( 'NONE', #6127, #6764, #2628 ) ;
#2464 = LINE ( 'NONE', #5286, #2425 ) ;
#2465 = DIRECTION ( 'NONE',  ( 0.000000000000000000, -1.000000000000000000, 0.000000000000000000 ) ) ;
#2466 = ORIENTED_EDGE ( 'NONE', *, *, #5568, .F. ) ;
#2467 = FACE_OUTER_BOUND ( 'NONE', #4071, .T. ) ;
#2468 = CARTESIAN_POINT ( 'NONE',  ( 0.8312807866713428639, 0.8624281052503901535, -0.1855846815800171745 ) ) ;
#2469 = ORIENTED_EDGE ( 'NONE', *, *, #6212, .T. ) ;
#2470 = VERTEX_POINT ( 'NONE', #531 ) ;
#2471 = PRODUCT_DEFINITION_FORMATION_WITH_SPECIFIED_SOURCE ( 'ANY', '', #5092, .NOT_KNOWN. ) ;
#2472 = EDGE_CURVE ( 'NONE', #1049, #2083, #6209, .T. ) ;
#2473 = VECTOR ( 'NONE', #5867, 1000.000000000000000 ) ;
#2474 = DIRECTION ( 'NONE',  ( -0.6501551545066217574, -0.3098309877324726402, -0.6937600695551677799 ) ) ;
#2475 = FACE_OUTER_BOUND ( 'NONE', #3400, .T. ) ;
#2476 = EDGE_CURVE ( 'NONE', #4911, #8692, #5115, .T. ) ;
#2477 = AXIS2_PLACEMENT_3D ( 'NONE', #156, #2253, #5024 ) ;
#2478 = CARTESIAN_POINT ( 'NONE',  ( -2.000000000000029310, 52.99999999999999289, -3.999999999999996447 ) ) ;
#2479 = FACE_OUTER_BOUND ( 'NONE', #6219, .T. ) ;
#2480 = VERTEX_POINT ( 'NONE', #3306 ) ;
#2481 = FACE_OUTER_BOUND ( 'NONE', #8505, .T. ) ;
#2482 = ADVANCED_FACE ( 'NONE', ( #2706, #4709 ), #2749, .T. ) ;
#2483 = CARTESIAN_POINT ( 'NONE',  ( -8.000000000000028422, 55.99999999999999289, 11.41619848709565765 ) ) ;
#2484 = CIRCLE ( 'NONE', #8423, 49.99999999999994316 ) ;
#2485 = B_SPLINE_SURFACE_WITH_KNOTS ( 'NONE', 3, 1, ( 
 ( #6147, #6786 ),
 ( #8789, #5297 ),
 ( #3243, #560 ),
 ( #4655, #1844 ),
 ( #7427, #8915 ),
 ( #4607, #3336 ),
 ( #2566, #3969 ),
 ( #6741, #517 ),
 ( #3291, #8830 ),
 ( #2606, #6103 ),
 ( #138, #3468 ),
 ( #4146, #5593 ),
 ( #2735, #5685 ),
 ( #739, #1510 ),
 ( #8366, #2190 ),
 ( #6922, #5636 ) ),
 .UNSPECIFIED., .F., .F., .F.,
 ( 4, 1, 1, 1, 2, 1, 1, 1, 1, 1, 1, 1, 4 ),
 ( 2, 2 ),
 ( 0.000000000000000000, 0.1981379646100794867, 0.3962759292201590289, 0.5944138938302380160, 0.7925518584403180578, 0.8184828761352780369, 0.8444138938302380160, 0.8703449115251989943, 0.8962759292201589734, 0.9222069469151189525, 0.9481379646100790426, 0.9740689823050400209, 1.000000000000000000 ),
 ( 0.006313184819172370024, 1.000000000000000000 ),
 .UNSPECIFIED. ) ;
#2486 = CARTESIAN_POINT ( 'NONE',  ( 648.0982443071540047, 761.3984407190798720, 1314.188467827341583 ) ) ;
#2487 = CARTESIAN_POINT ( 'NONE',  ( 32.04776646736709722, -2.716401473161503155, 0.000000000000000000 ) ) ;
#2488 = DIRECTION ( 'NONE',  ( 0.6501551545066581728, 0.3098309877324578743, 0.6937600695551403573 ) ) ;
#2489 = DIRECTION ( 'NONE',  ( 0.000000000000000000, 0.000000000000000000, -1.000000000000000000 ) ) ;
#2490 = CIRCLE ( 'NONE', #1771, 6.696152422706870055 ) ;
#2491 = LINE ( 'NONE', #3171, #5387 ) ;
#2492 = CARTESIAN_POINT ( 'NONE',  ( -0.1444502648817816148, -0.7494417106516217952, -0.07474267641873597046 ) ) ;
#2493 = ORIENTED_EDGE ( 'NONE', *, *, #2831, .F. ) ;
#2494 = DIRECTION ( 'NONE',  ( -0.6501551545066147630, -0.3098309877324576522, -0.6937600695551809915 ) ) ;
#2495 = ADVANCED_FACE ( 'NONE', ( #8883 ), #8843, .T. ) ;
#2496 = ORIENTED_EDGE ( 'NONE', *, *, #7113, .F. ) ;
#2497 = DIRECTION ( 'NONE',  ( 0.000000000000000000, 0.000000000000000000, 1.000000000000000000 ) ) ;
#2498 = ORIENTED_EDGE ( 'NONE', *, *, #4493, .T. ) ;
#2499 = AXIS2_PLACEMENT_3D ( 'NONE', #6588, #8046, #1184 ) ;
#2500 = DIRECTION ( 'NONE',  ( 1.000000000000000000, 0.000000000000000000, 0.000000000000000000 ) ) ;
#2501 = CARTESIAN_POINT ( 'NONE',  ( 644.6717258940286683, 827.1796507297854077, 1303.535117497470992 ) ) ;
#2502 = ORIENTED_EDGE ( 'NONE', *, *, #6254, .T. ) ;
#2503 = CARTESIAN_POINT ( 'NONE',  ( -77.99999999999987210, -21.52393324585229095, 0.000000000000000000 ) ) ;
#2504 = ORIENTED_EDGE ( 'NONE', *, *, #2805, .F. ) ;
#2505 = CARTESIAN_POINT ( 'NONE',  ( 0.1479319505105927690, -0.5031457576205339288, -0.03537726885280044475 ) ) ;
#2506 = EDGE_CURVE ( 'NONE', #1290, #602, #7126, .T. ) ;
#2507 = CARTESIAN_POINT ( 'NONE',  ( -77.99999999999987210, -21.52393324585229095, 1.000000000000000888 ) ) ;
#2508 = EDGE_LOOP ( 'NONE', ( #8065, #3242, #3226, #7055 ) ) ;
#2509 = EDGE_CURVE ( 'NONE', #6594, #7223, #837, .T. ) ;
#2510 = CARTESIAN_POINT ( 'NONE',  ( -0.7834936490538902953, 0.000000000000000000, 5.777789833161697049E-30 ) ) ;
#2511 = CARTESIAN_POINT ( 'NONE',  ( 648.1026678975373443, 761.3515522976531429, 1314.205257967252010 ) ) ;
#2512 = VERTEX_POINT ( 'NONE', #3706 ) ;
#2513 = LINE ( 'NONE', #5291, #6025 ) ;
#2514 = EDGE_CURVE ( 'NONE', #5482, #1559, #195, .T. ) ;
#2515 = CARTESIAN_POINT ( 'NONE',  ( 0.3431035238127891351, -0.1611920933936583644, 0.000000000000000000 ) ) ;
#2516 = PRODUCT_RELATED_PRODUCT_CATEGORY ( 'part', '', ( #2410 ) ) ;
#2517 = ORIENTED_EDGE ( 'NONE', *, *, #4637, .T. ) ;
#2518 = ORIENTED_EDGE ( 'NONE', *, *, #3114, .T. ) ;
#2520 = VECTOR ( 'NONE', #7324, 1000.000000000000000 ) ;
#2519 = DIRECTION ( 'NONE',  ( 0.000000000000000000, -1.000000000000000000, 0.000000000000000000 ) ) ;
#2521 = CARTESIAN_POINT ( 'NONE',  ( -0.3065205894456496383, -0.1787171575372975552, -0.01633878687899020798 ) ) ;
#2522 = CARTESIAN_POINT ( 'NONE',  ( -0.05425946477563559078, 1.196478639085230000, -0.1855446116177938976 ) ) ;
#2523 = CARTESIAN_POINT ( 'NONE',  ( 0.2222148463932802076, 0.1146708022529419058, -1.099999999999996758 ) ) ;
#2524 = VERTEX_POINT ( 'NONE', #1618 ) ;
#2525 = DIRECTION ( 'NONE',  ( 0.08803429357919559384, -0.9376491420330599347, 0.3362499808158784242 ) ) ;
#2526 = VECTOR ( 'NONE', #8622, 1000.000000000000000 ) ;
#2527 = CARTESIAN_POINT ( 'NONE',  ( -10.75000000000003730, 34.89999999999999858, 6.999999999999999112 ) ) ;
#2528 = PRODUCT_DEFINITION_CONTEXT ( 'detailed design', #8587, 'design' ) ;
#2529 = CARTESIAN_POINT ( 'NONE',  ( -49.70522151952334156, -17.09815470596434750, 0.000000000000000000 ) ) ;
#2530 = CARTESIAN_POINT ( 'NONE',  ( 646.4670103914257879, 829.7378387813906784, 1302.738778562286825 ) ) ;
#2531 = VECTOR ( 'NONE', #5162, 1000.000000000000000 ) ;
#2532 = ORIENTED_EDGE ( 'NONE', *, *, #5492, .T. ) ;
#2533 = AXIS2_PLACEMENT_3D ( 'NONE', #8404, #5676, #2909 ) ;
#2534 = CARTESIAN_POINT ( 'NONE',  ( 0.3732468309288458630, -0.2873470331758520291, -0.02855458994758933861 ) ) ;
#2535 = DIRECTION ( 'NONE',  ( 0.6501551545060543225, 0.3098309877321446804, 0.6937600695558459041 ) ) ;
#2536 = CARTESIAN_POINT ( 'NONE',  ( 0.2080235751308404102, -0.1386585453183181160, -1.099999999999996758 ) ) ;
#2537 = CARTESIAN_POINT ( 'NONE',  ( -0.1484526392520591487, -0.4461748084014845461, -0.02848600086195501868 ) ) ;
#2538 = CIRCLE ( 'NONE', #7613, 5.999999999999554134 ) ;
#2539 = CARTESIAN_POINT ( 'NONE',  ( 45.54621957690117284, 43.99999999999999289, 11.99999999999999645 ) ) ;
#2540 = VERTEX_POINT ( 'NONE', #8469 ) ;
#2541 = EDGE_CURVE ( 'NONE', #123, #6603, #4681, .T. ) ;
#2542 = AXIS2_PLACEMENT_3D ( 'NONE', #1334, #6188, #7638 ) ;
#2543 = CARTESIAN_POINT ( 'NONE',  ( -0.5035735315654640276, -0.5840434451141073291, -0.07630245999697073123 ) ) ;
#2544 = ORIENTED_EDGE ( 'NONE', *, *, #3294, .T. ) ;
#2545 = CARTESIAN_POINT ( 'NONE',  ( -58.07025870089195507, -22.86473448054506008, 0.05413064095970837597 ) ) ;
#2546 = VECTOR ( 'NONE', #4000, 1000.000000000000114 ) ;
#2547 = DIRECTION ( 'NONE',  ( 0.000000000000000000, 0.000000000000000000, 1.000000000000000000 ) ) ;
#2548 = ORIENTED_EDGE ( 'NONE', *, *, #7805, .T. ) ;
#2549 = LINE ( 'NONE', #1133, #1347 ) ;
#2550 = CARTESIAN_POINT ( 'NONE',  ( 99.99999999999995737, 43.99999999999998579, -11.99999999999999645 ) ) ;
#2551 = LINE ( 'NONE', #5327, #3421 ) ;
#2552 = VERTEX_POINT ( 'NONE', #3523 ) ;
#2553 = LINE ( 'NONE', #6508, #7550 ) ;
#2554 = AXIS2_PLACEMENT_3D ( 'NONE', #1346, #1249, #3386 ) ;
#2555 = CARTESIAN_POINT ( 'NONE',  ( -39.45405613487440633, 10.34360167969249034, 8.000000000000000000 ) ) ;
#2556 = EDGE_CURVE ( 'NONE', #1259, #1514, #17, .T. ) ;
#2557 = EDGE_LOOP ( 'NONE', ( #3963, #2967, #7452, #5673 ) ) ;
#2558 = CARTESIAN_POINT ( 'NONE',  ( -42.00000000000003553, 37.69999999999999574, 28.50000000000001066 ) ) ;
#2559 = DIRECTION ( 'NONE',  ( 0.7660444431189759040, -0.6427876096865420275, 0.000000000000000000 ) ) ;
#2560 = ORIENTED_EDGE ( 'NONE', *, *, #4637, .F. ) ;
#2561 = PLANE ( 'NONE',  #4335 ) ;
#2562 = CARTESIAN_POINT ( 'NONE',  ( 0.1443606385482510690, 0.7544116507111459091, -0.07569731556401212980 ) ) ;
#2563 = VERTEX_POINT ( 'NONE', #929 ) ;
#2564 = APPLICATION_CONTEXT ( 'automotive_design' ) ;
#2565 = VECTOR ( 'NONE', #4898, 1000.000000000000227 ) ;
#2566 = CARTESIAN_POINT ( 'NONE',  ( -0.1496831488193919868, -0.3379615761806148422, -0.006944503301090088065 ) ) ;
#2567 = EDGE_CURVE ( 'NONE', #1287, #6778, #2930, .T. ) ;
#2568 = EDGE_CURVE ( 'NONE', #7051, #5048, #3659, .T. ) ;
#2569 = DIRECTION ( 'NONE',  ( -0.000000000000000000, -0.000000000000000000, -1.000000000000000000 ) ) ;
#2570 = VECTOR ( 'NONE', #2962, 1000.000000000000000 ) ;
#2571 = CARTESIAN_POINT ( 'NONE',  ( 648.9847587118442789, 805.8540105120729322, 1304.242543707851382 ) ) ;
#2572 = CARTESIAN_POINT ( 'NONE',  ( 26.99999999999996803, 52.49999999999999289, 4.799999999999999822 ) ) ;
#2573 = EDGE_LOOP ( 'NONE', ( #5425, #4431, #2678, #2779 ) ) ;
#2574 = FACE_OUTER_BOUND ( 'NONE', #1435, .T. ) ;
#2575 = DIRECTION ( 'NONE',  ( -1.020425574104004122E-16, -1.000000000000000000, 0.000000000000000000 ) ) ;
#2576 = FACE_OUTER_BOUND ( 'NONE', #4468, .T. ) ;
#2577 = CIRCLE ( 'NONE', #3153, 0.05000000000006021850 ) ;
#2578 = VERTEX_POINT ( 'NONE', #4244 ) ;
#2579 = CARTESIAN_POINT ( 'NONE',  ( 0.4572627022193764823, -0.3885240701957947684, -0.04612237365616174423 ) ) ;
#2580 = CARTESIAN_POINT ( 'NONE',  ( -5.055563173821026268, 9.969247618609081485, 8.000000000000000000 ) ) ;
#2581 = DIRECTION ( 'NONE',  ( -1.110223024625150131E-16, -1.000000000000000000, 0.000000000000000000 ) ) ;
#2582 = CARTESIAN_POINT ( 'NONE',  ( -0.1477605397721536984, -0.5199270688298860410, -0.03756269373563130703 ) ) ;
#2583 =( BOUNDED_CURVE ( )  B_SPLINE_CURVE ( 3, ( #2780, #2916, #7001, #6957 ),
 .UNSPECIFIED., .F., .F. ) 
 B_SPLINE_CURVE_WITH_KNOTS ( ( 4, 4 ),
 ( 3.713827555278045089, 4.286062456966324596 ),
 .UNSPECIFIED. ) 
 CURVE ( )  GEOMETRIC_REPRESENTATION_ITEM ( )  RATIONAL_B_SPLINE_CURVE ( ( 1.000000000000000000, 0.9728979159523618581, 0.9728979159523618581, 1.000000000000000000 ) ) 
 REPRESENTATION_ITEM ( '' )  );
#2584 = EDGE_CURVE ( 'NONE', #511, #1631, #60, .T. ) ;
#2585 = CARTESIAN_POINT ( 'NONE',  ( -0.3567663325527506424, -0.2667127089853310595, -0.005503671348411343089 ) ) ;
#2586 = ORIENTED_EDGE ( 'NONE', *, *, #3019, .T. ) ;
#2587 = CARTESIAN_POINT ( 'NONE',  ( 0.04680233716247012010, -0.2457807441468562448, -1.099999999999996758 ) ) ;
#2588 = ORIENTED_EDGE ( 'NONE', *, *, #2336, .F. ) ;
#2589 = DIRECTION ( 'NONE',  ( -3.466673899897024536E-32, -4.006689065479319709E-18, 1.000000000000000000 ) ) ;
#2590 = LINE ( 'NONE', #3317, #5206 ) ;
#2591 = ORIENTED_EDGE ( 'NONE', *, *, #2661, .T. ) ;
#2592 = CYLINDRICAL_SURFACE ( 'NONE', #613, 39.99999999999995026 ) ;
#2593 = EDGE_CURVE ( 'NONE', #1336, #7922, #1635, .T. ) ;
#2594 = LINE ( 'NONE', #637, #6696 ) ;
#2595 = CARTESIAN_POINT ( 'NONE',  ( 99.99999999999995737, 4.499999999999997335, 0.000000000000000000 ) ) ;
#2596 = CARTESIAN_POINT ( 'NONE',  ( 0.3380861960194173066, 0.1602144689939327682, -0.01813853945091536968 ) ) ;
#2597 = EDGE_CURVE ( 'NONE', #2109, #8734, #796, .T. ) ;
#2598 = DIRECTION ( 'NONE',  ( -0.08803429357919545506, 0.9376491420330602677, -0.3362499808158776471 ) ) ;
#2599 = EDGE_CURVE ( 'NONE', #6625, #3554, #322, .T. ) ;
#2600 = ORIENTED_EDGE ( 'NONE', *, *, #1142, .F. ) ;
#2601 = CARTESIAN_POINT ( 'NONE',  ( -0.1318513288452935472, 0.2124034535541940993, -1.099999999999996758 ) ) ;
#2602 = ORIENTED_EDGE ( 'NONE', *, *, #6386, .T. ) ;
#2603 = CARTESIAN_POINT ( 'NONE',  ( 31.99999999999995737, -3.469446951953614189E-15, -1.459999999999995968 ) ) ;
#2604 = CARTESIAN_POINT ( 'NONE',  ( 0.1386054794087778208, 1.008043543351014648, -0.1325120764570671683 ) ) ;
#2605 = ORIENTED_EDGE ( 'NONE', *, *, #1116, .F. ) ;
#2606 = CARTESIAN_POINT ( 'NONE',  ( -0.1581256944498329875, -0.3238667511487464123, -0.006944503301090088065 ) ) ;
#2607 = DIRECTION ( 'NONE',  ( -0.9999715213305175876, 0.007546954877966125831, -1.309187979894551726E-18 ) ) ;
#2608 = EDGE_CURVE ( 'NONE', #2906, #6927, #3805, .T. ) ;
#2609 = ORIENTED_EDGE ( 'NONE', *, *, #5533, .T. ) ;
#2610 = CARTESIAN_POINT ( 'NONE',  ( -0.2080235751307571435, -0.1386585453182764827, -1.099999999999996758 ) ) ;
#2611 = VERTEX_POINT ( 'NONE', #1525 ) ;
#2612 = CARTESIAN_POINT ( 'NONE',  ( 99.99999999999995737, 1.199999999999999734, 0.000000000000000000 ) ) ;
#2613 = DIRECTION ( 'NONE',  ( 0.9917433769864263393, 0.07447790734350753783, -0.1043940396827851003 ) ) ;
#2614 = UNCERTAINTY_MEASURE_WITH_UNIT (LENGTH_MEASURE( 1.000000000000000082E-05 ), #7045, 'distance_accuracy_value', 'NONE');
#2615 = CARTESIAN_POINT ( 'NONE',  ( -0.5751466249784633611, -0.6528582023691970049, -0.005503680371533870019 ) ) ;
#2616 = VECTOR ( 'NONE', #791, 1000.000000000000000 ) ;
#2617 = ORIENTED_EDGE ( 'NONE', *, *, #6753, .T. ) ;
#2618 = PLANE ( 'NONE',  #242 ) ;
#2619 = ADVANCED_FACE ( 'NONE', ( #753, #6337 ), #6429, .T. ) ;
#2620 = DIRECTION ( 'NONE',  ( -0.08803429357919559384, 0.9376491420330599347, -0.3362499808158784242 ) ) ;
#2621 = CARTESIAN_POINT ( 'NONE',  ( 0.2130846182839540859, -0.1308578476732213947, -1.099999999999996758 ) ) ;
#2622 = CARTESIAN_POINT ( 'NONE',  ( 0.02697841726621852398, -0.2485400671959903107, -1.099999999999996758 ) ) ;
#2623 = PRODUCT_RELATED_PRODUCT_CATEGORY ( 'part', '', ( #293 ) ) ;
#2624 = AXIS2_PLACEMENT_3D ( 'NONE', #5430, #8924, #3390 ) ;
#2625 = FACE_OUTER_BOUND ( 'NONE', #2132, .T. ) ;
#2626 = EDGE_LOOP ( 'NONE', ( #3949, #4686, #6880, #1377 ) ) ;
#2627 = DIRECTION ( 'NONE',  ( 0.9714137623810678024, 0.1555226214723467171, 0.1793544436779513640 ) ) ;
#2628 = DIRECTION ( 'NONE',  ( 0.9645595482355391326, 0.2638652646856961548, 0.000000000000000000 ) ) ;
#2629 = VERTEX_POINT ( 'NONE', #2975 ) ;
#2630 = CARTESIAN_POINT ( 'NONE',  ( -0.5618511322434884825, 0.1584500896405290626, -0.04377340042965870148 ) ) ;
#2631 = VECTOR ( 'NONE', #991, 1000.000000000000000 ) ;
#2632 = PLANE ( 'NONE',  #7235 ) ;
#2633 = ORIENTED_EDGE ( 'NONE', *, *, #2371, .T. ) ;
#2634 = LINE ( 'NONE', #7316, #4091 ) ;
#2635 = EDGE_CURVE ( 'NONE', #4090, #5534, #7155, .T. ) ;
#2636 = CYLINDRICAL_SURFACE ( 'NONE', #8723, 6.997699999999990261 ) ;
#2637 = CARTESIAN_POINT ( 'NONE',  ( -19.50000000000003197, 52.49999999999999289, 4.799999999999999822 ) ) ;
#2638 = CARTESIAN_POINT ( 'NONE',  ( 647.4832872275565023, 825.1220531433375527, 1290.097044330667586 ) ) ;
#2639 = ADVANCED_FACE ( 'NONE', ( #4290, #2204 ), #5792, .T. ) ;
#2640 = EDGE_LOOP ( 'NONE', ( #1562, #651 ) ) ;
#2641 = CIRCLE ( 'NONE', #2499, 1.024999999999998135 ) ;
#2642 = LINE ( 'NONE', #1236, #6483 ) ;
#2643 = CARTESIAN_POINT ( 'NONE',  ( -76.88665920154704736, -20.19710534951443748, 3.499999999999989342 ) ) ;
#2644 = ORIENTED_EDGE ( 'NONE', *, *, #1381, .F. ) ;
#2645 = CARTESIAN_POINT ( 'NONE',  ( -0.1355729733231170187, -0.2100932097153784817, -1.099999999999996758 ) ) ;
#2646 = FACE_OUTER_BOUND ( 'NONE', #7817, .T. ) ;
#2647 = ORIENTED_EDGE ( 'NONE', *, *, #296, .F. ) ;
#2648 = AXIS2_PLACEMENT_3D ( 'NONE', #7976, #1067, #1759 ) ;
#2649 = EDGE_CURVE ( 'NONE', #141, #3412, #5501, .T. ) ;
#2650 = DIRECTION ( 'NONE',  ( 5.368886524706513421E-13, -0.3375605785106315926, -0.9413038063428660340 ) ) ;
#2651 = ADVANCED_FACE ( 'NONE', ( #8652 ), #8027, .T. ) ;
#2652 = CARTESIAN_POINT ( 'NONE',  ( -0.3233427874217639775, -0.1638654761633717705, -0.01704255743487786967 ) ) ;
#2653 = CARTESIAN_POINT ( 'NONE',  ( -0.07930401860237884515, 1.195342909303315215, -0.1855446189087534004 ) ) ;
#2654 = VERTEX_POINT ( 'NONE', #5301 ) ;
#2655 = DIRECTION ( 'NONE',  ( 1.000000000000000000, -1.360567432138672328E-16, 0.000000000000000000 ) ) ;
#2656 = EDGE_LOOP ( 'NONE', ( #2865, #7739, #4867, #994 ) ) ;
#2657 = CARTESIAN_POINT ( 'NONE',  ( -77.15101911381606214, -21.69636491380169829, 2.896593981637670012 ) ) ;
#2658 = VECTOR ( 'NONE', #3212, 1000.000000000000227 ) ;
#2659 = CARTESIAN_POINT ( 'NONE',  ( -55.32150568668554769, -10.05399444193674796, 8.000000000000000000 ) ) ;
#2660 = DIRECTION ( 'NONE',  ( -0.000000000000000000, -0.000000000000000000, -1.000000000000000000 ) ) ;
#2661 = EDGE_CURVE ( 'NONE', #602, #8426, #383, .T. ) ;
#2662 = ORIENTED_EDGE ( 'NONE', *, *, #4679, .T. ) ;
#2663 = CARTESIAN_POINT ( 'NONE',  ( 0.5151500219187813423, -0.5941628205847510058, -0.07935066120124666111 ) ) ;
#2664 = AXIS2_PLACEMENT_3D ( 'NONE', #2507, #5283, #1832 ) ;
#2665 = LINE ( 'NONE', #4114, #8881 ) ;
#2666 = ORIENTED_EDGE ( 'NONE', *, *, #3835, .F. ) ;
#2667 = CARTESIAN_POINT ( 'NONE',  ( -61.20236144145427204, -1.505287146606623772, 4.499999999999990230 ) ) ;
#2668 = CARTESIAN_POINT ( 'NONE',  ( 0.1318513288453351806, -0.2124034535540830770, -1.099999999999996758 ) ) ;
#2669 = DIRECTION ( 'NONE',  ( -0.1610798504276440557, -0.3465180766741882135, -0.9241095737650537600 ) ) ;
#2670 = VERTEX_POINT ( 'NONE', #4475 ) ;
#2671 = VECTOR ( 'NONE', #3573, 1000.000000000000000 ) ;
#2672 = CARTESIAN_POINT ( 'NONE',  ( 0.1106175492958175188, -0.2242159673607885262, -1.099999999999996758 ) ) ;
#2673 = SHAPE_REPRESENTATION_RELATIONSHIP ( 'NONE' , 'NONE' ,  #1311, #415 ) ;
#2674 = ORIENTED_EDGE ( 'NONE', *, *, #1396, .F. ) ;
#2675 = CARTESIAN_POINT ( 'NONE',  ( -54.70522151952335577, -17.09815470596434750, 0.000000000000000000 ) ) ;
#2676 = CARTESIAN_POINT ( 'NONE',  ( -48.00000000000004263, 37.69999999999999574, 8.000000000000000000 ) ) ;
#2677 = ADVANCED_FACE ( 'NONE', ( #8702, #2432 ), #3791, .F. ) ;
#2678 = ORIENTED_EDGE ( 'NONE', *, *, #8211, .T. ) ;
#2679 = CARTESIAN_POINT ( 'NONE',  ( -71.43931494495727463, -29.26245153023027257, 8.000000000000000000 ) ) ;
#2680 = PLANE ( 'NONE',  #7122 ) ;
#2681 = CARTESIAN_POINT ( 'NONE',  ( 0.000000000000000000, -1.880000000000006555, 1.599999999999997202 ) ) ;
#2682 = VECTOR ( 'NONE', #7153, 1000.000000000000114 ) ;
#2683 = CARTESIAN_POINT ( 'NONE',  ( 0.2291401384215546733, 0.1002011349464787537, -1.099999999999996758 ) ) ;
#2684 = ORIENTED_EDGE ( 'NONE', *, *, #1523, .F. ) ;
#2685 = SURFACE_STYLE_FILL_AREA ( #4045 ) ;
#2686 = DIRECTION ( 'NONE',  ( -0.9830072456193896802, -0.02719023690005679256, 0.1815418576447314913 ) ) ;
#2687 = VERTEX_POINT ( 'NONE', #3205 ) ;
#2688 = DIRECTION ( 'NONE',  ( -0.08803429357919979881, 0.9376491420330601567, -0.3362499808158766479 ) ) ;
#2689 = CARTESIAN_POINT ( 'NONE',  ( 0.2130846182839540859, -0.1308578476732213947, -1.099999999999996758 ) ) ;
#2690 = ORIENTED_EDGE ( 'NONE', *, *, #6633, .T. ) ;
#2691 = B_SPLINE_CURVE_WITH_KNOTS ( 'NONE', 3,
 ( #1342, #8368, #8412, #7687, #3513, #2694, #8324 ),
 .UNSPECIFIED., .F., .F.,
 ( 4, 3, 4 ),
 ( 3.252606517456515228E-19, 7.521087705009580422E-05, 0.0001294821963864420118 ),
 .UNSPECIFIED. ) ;
#2692 = FACE_OUTER_BOUND ( 'NONE', #5645, .T. ) ;
#2693 = CARTESIAN_POINT ( 'NONE',  ( -0.3411484343693940713, 0.1602735806468524871, -0.01840781869357627221 ) ) ;
#2694 = CARTESIAN_POINT ( 'NONE',  ( 0.01809113237665610496, -1.197708322671811487, -0.1855446119989057063 ) ) ;
#2695 = DIRECTION ( 'NONE',  ( 0.08803429357919559384, -0.9376491420330599347, 0.3362499808158784242 ) ) ;
#2696 = VERTEX_POINT ( 'NONE', #6523 ) ;
#2697 = FACE_OUTER_BOUND ( 'NONE', #1760, .T. ) ;
#2698 = EDGE_CURVE ( 'NONE', #4297, #3900, #2356, .T. ) ;
#2699 = ORIENTED_EDGE ( 'NONE', *, *, #4497, .T. ) ;
#2700 = VECTOR ( 'NONE', #4454, 1000.000000000000000 ) ;
#2701 = CARTESIAN_POINT ( 'NONE',  ( -77.09503701474744730, -21.37887465312914159, 4.499999999999990230 ) ) ;
#2702 = DIRECTION ( 'NONE',  ( 1.000000000000000000, 0.000000000000000000, -0.000000000000000000 ) ) ;
#2703 = ADVANCED_FACE ( 'NONE', ( #2479 ), #7207, .F. ) ;
#2704 = DIRECTION ( 'NONE',  ( -0.000000000000000000, -0.000000000000000000, -1.000000000000000000 ) ) ;
#2705 = CARTESIAN_POINT ( 'NONE',  ( -2.000000000000028866, 58.99999999999999289, 0.000000000000000000 ) ) ;
#2706 = FACE_OUTER_BOUND ( 'NONE', #2302, .T. ) ;
#2707 = ORIENTED_EDGE ( 'NONE', *, *, #1398, .T. ) ;
#2708 = DIRECTION ( 'NONE',  ( 1.000000000000000000, 0.000000000000000000, 0.000000000000000000 ) ) ;
#2709 = VECTOR ( 'NONE', #7241, 1000.000000000000114 ) ;
#2710 = EDGE_CURVE ( 'NONE', #2096, #3091, #3744, .T. ) ;
#2711 = DIRECTION ( 'NONE',  ( 0.000000000000000000, -1.734723475976807094E-16, -1.000000000000000000 ) ) ;
#2712 = VECTOR ( 'NONE', #6575, 1000.000000000000000 ) ;
#2713 = DIRECTION ( 'NONE',  ( -0.3779644730092261429, 0.6546536707079813056, 0.6546536707079736450 ) ) ;
#2714 = VERTEX_POINT ( 'NONE', #3157 ) ;
#2715 = DIRECTION ( 'NONE',  ( 0.000000000000000000, 0.000000000000000000, -1.000000000000000000 ) ) ;
#2716 = DIRECTION ( 'NONE',  ( 0.5000000000000004441, 0.8660254037844384856, 0.000000000000000000 ) ) ;
#2717 = ORIENTED_EDGE ( 'NONE', *, *, #1901, .F. ) ;
#2718 = CARTESIAN_POINT ( 'NONE',  ( 640.9021226540770613, 823.7029101046865662, 1296.313976547511629 ) ) ;
#2719 = LINE ( 'NONE', #8261, #5664 ) ;
#2720 = FACE_OUTER_BOUND ( 'NONE', #2875, .T. ) ;
#2721 = VECTOR ( 'NONE', #4921, 1000.000000000000114 ) ;
#2722 = ADVANCED_FACE ( 'NONE', ( #7342 ), #1022, .T. ) ;
#2723 = LINE ( 'NONE', #3325, #5865 ) ;
#2724 = ORIENTED_EDGE ( 'NONE', *, *, #3452, .F. ) ;
#2725 = DIRECTION ( 'NONE',  ( -0.000000000000000000, -0.000000000000000000, -1.000000000000000000 ) ) ;
#2726 = CARTESIAN_POINT ( 'NONE',  ( -10.75000000000003730, 44.00000000000001421, -8.700000000000008171 ) ) ;
#2727 = DIRECTION ( 'NONE',  ( 0.08803429357940195654, -0.9376491420326944493, 0.3362499808168438742 ) ) ;
#2728 = ORIENTED_EDGE ( 'NONE', *, *, #4144, .T. ) ;
#2729 = CARTESIAN_POINT ( 'NONE',  ( 646.5522227171775285, 821.9984530313578261, 1293.488939461451309 ) ) ;
#2730 = MECHANICAL_DESIGN_GEOMETRIC_PRESENTATION_REPRESENTATION (  '', ( #2747 ), #5780 ) ;
#2731 = CARTESIAN_POINT ( 'NONE',  ( 0.3270615133173296329, -0.1628319165236785659, 0.000000000000000000 ) ) ;
#2732 = EDGE_LOOP ( 'NONE', ( #4736, #7404, #8050, #669, #859, #8108, #8931, #5473, #8637, #4666 ) ) ;
#2733 =( GEOMETRIC_REPRESENTATION_CONTEXT ( 3 ) GLOBAL_UNCERTAINTY_ASSIGNED_CONTEXT ( ( #7256 ) ) GLOBAL_UNIT_ASSIGNED_CONTEXT ( ( #7293, #1066, #8651 ) ) REPRESENTATION_CONTEXT ( 'NONE', 'WORKASPACE' ) );
#2734 = VERTEX_POINT ( 'NONE', #287 ) ;
#2735 = CARTESIAN_POINT ( 'NONE',  ( -0.1702761374360733937, -0.3113574006036456954, -0.006944503301090088065 ) ) ;
#2736 = DIRECTION ( 'NONE',  ( -0.07765672251501583301, 0.7154165806567361896, -0.6943691738330911578 ) ) ;
#2737 = CARTESIAN_POINT ( 'NONE',  ( -55.77868286791937180, 4.024966982363320511, 0.000000000000000000 ) ) ;
#2738 = CONICAL_SURFACE ( 'NONE', #3326, 6.406354617262763895, 0.7853981633974433940 ) ;
#2739 = LINE ( 'NONE', #6326, #7969 ) ;
#2740 = VERTEX_POINT ( 'NONE', #5976 ) ;
#2741 = EDGE_CURVE ( 'NONE', #8841, #3516, #3654, .T. ) ;
#2742 = ORIENTED_EDGE ( 'NONE', *, *, #3414, .T. ) ;
#2743 = DIRECTION ( 'NONE',  ( 1.110223024625149884E-16, 1.000000000000000000, 0.000000000000000000 ) ) ;
#2744 = PRODUCT_DEFINITION_FORMATION_WITH_SPECIFIED_SOURCE ( 'ANY', '', #293, .NOT_KNOWN. ) ;
#2745 = CARTESIAN_POINT ( 'NONE',  ( 642.3009253292285621, 826.9486425637596767, 1295.556253530770164 ) ) ;
#2746 = EDGE_CURVE ( 'NONE', #7559, #3467, #6700, .T. ) ;
#2747 = STYLED_ITEM ( 'NONE', ( #5770 ), #1330 ) ;
#2748 = CARTESIAN_POINT ( 'NONE',  ( 0.8361759912693944585, -0.8575050536982903315, -0.1855446092705256844 ) ) ;
#2749 = PLANE ( 'NONE',  #6708 ) ;
#2750 = ORIENTED_EDGE ( 'NONE', *, *, #3294, .F. ) ;
#2751 = CARTESIAN_POINT ( 'NONE',  ( 0.3016086154113695184, -0.1906298137913098323, -0.01652189738496345761 ) ) ;
#2752 = EDGE_CURVE ( 'NONE', #5016, #8216, #4001, .T. ) ;
#2753 = CARTESIAN_POINT ( 'NONE',  ( 0.7291199881951355710, -0.1559000146690619482, -0.07110469472185439177 ) ) ;
#2754 = CIRCLE ( 'NONE', #6963, 6.497700000000817155 ) ;
#2755 = CARTESIAN_POINT ( 'NONE',  ( 0.02697841726621852398, -0.2485400671959903107, -1.099999999999996758 ) ) ;
#2756 =( NAMED_UNIT ( * ) PLANE_ANGLE_UNIT ( ) SI_UNIT ( $, .RADIAN. ) );
#2757 = ORIENTED_EDGE ( 'NONE', *, *, #4100, .F. ) ;
#2758 = CARTESIAN_POINT ( 'NONE',  ( 0.01351552776401171441, -0.2497563872749519742, -1.099999999999996758 ) ) ;
#2759 = DIRECTION ( 'NONE',  ( -1.000000000000000000, 1.110223024625150131E-16, -3.422190715366935101E-32 ) ) ;
#2760 = ORIENTED_EDGE ( 'NONE', *, *, #4367, .T. ) ;
#2761 = LINE ( 'NONE', #4127, #8439 ) ;
#2762 = VECTOR ( 'NONE', #7360, 1000.000000000000114 ) ;
#2763 = VECTOR ( 'NONE', #7748, 1000.000000000000114 ) ;
#2764 = DIRECTION ( 'NONE',  ( 0.1736481776669358823, 0.9848077530122070211, 0.000000000000000000 ) ) ;
#2765 = CARTESIAN_POINT ( 'NONE',  ( 648.2216890328166983, 813.9814299614696438, 1301.327973095631251 ) ) ;
#2766 = ADVANCED_FACE ( 'NONE', ( #4522 ), #6199, .F. ) ;
#2767 = CARTESIAN_POINT ( 'NONE',  ( 99.99999999999995737, 43.99999999999998579, -11.99999999999999645 ) ) ;
#2768 = AXIS2_PLACEMENT_3D ( 'NONE', #5906, #7183, #316 ) ;
#2769 = VERTEX_POINT ( 'NONE', #6790 ) ;
#2770 = CARTESIAN_POINT ( 'NONE',  ( -0.1924284163752551513, 0.1597770853568464267, -1.099999999999996758 ) ) ;
#2771 = CARTESIAN_POINT ( 'NONE',  ( -0.7050596147745860076, 0.7584541024715285573, -0.1374213291867015796 ) ) ;
#2772 = CARTESIAN_POINT ( 'NONE',  ( 0.1496831488193850479, 0.3379615761806287200, -0.006944503301090088065 ) ) ;
#2773 = EDGE_LOOP ( 'NONE', ( #3923, #7008, #2728, #2306 ) ) ;
#2774 = LINE ( 'NONE', #2729, #8780 ) ;
#2775 = CARTESIAN_POINT ( 'NONE',  ( -10.75000000000003730, 32.50000000000000000, -6.999999999999999112 ) ) ;
#2776 = VERTEX_POINT ( 'NONE', #612 ) ;
#2777 = ORIENTED_EDGE ( 'NONE', *, *, #7946, .F. ) ;
#2778 = EDGE_CURVE ( 'NONE', #8445, #5344, #6363, .T. ) ;
#2779 = ORIENTED_EDGE ( 'NONE', *, *, #5812, .F. ) ;
#2780 = CARTESIAN_POINT ( 'NONE',  ( -63.64255635432972014, -23.76525047424265935, 6.877959568533577261 ) ) ;
#2781 = CARTESIAN_POINT ( 'NONE',  ( 652.8846779174020867, 764.3161535200088110, 1319.138417857990362 ) ) ;
#2782 = DIRECTION ( 'NONE',  ( 1.000000000000000000, -8.673617379884040402E-17, 0.000000000000000000 ) ) ;
#2783 = CARTESIAN_POINT ( 'NONE',  ( -7.000000000000033751, 52.49999999999999289, 0.000000000000000000 ) ) ;
#2784 = EDGE_CURVE ( 'NONE', #2067, #6913, #1245, .T. ) ;
#2785 = ORIENTED_EDGE ( 'NONE', *, *, #7418, .T. ) ;
#2786 = AXIS2_PLACEMENT_3D ( 'NONE', #4337, #887, #5070 ) ;
#2787 = VERTEX_POINT ( 'NONE', #8875 ) ;
#2788 = CARTESIAN_POINT ( 'NONE',  ( 1.154700538379252350, 2.000000000000001776, 0.1199999999999951106 ) ) ;
#2789 = DIRECTION ( 'NONE',  ( 0.1054859255419170749, 0.04955792051542515925, -0.9931851448882790256 ) ) ;
#2790 = ADVANCED_BREP_SHAPE_REPRESENTATION ( '', ( #1216, #4639 ), #5364 ) ;
#2791 = CARTESIAN_POINT ( 'NONE',  ( 657.7899578239813536, 765.9680399791917580, 1324.542305362750767 ) ) ;
#2792 = CARTESIAN_POINT ( 'NONE',  ( -0.2055940580920345706, -0.1423034473981982240, -1.099999999999996758 ) ) ;
#2793 = ORIENTED_EDGE ( 'NONE', *, *, #8152, .T. ) ;
#2794 = CARTESIAN_POINT ( 'NONE',  ( 53.85925382924440186, -1.434450794419367403, 1.000000000000000888 ) ) ;
#2795 = PLANE ( 'NONE',  #4800 ) ;
#2796 = DIRECTION ( 'NONE',  ( 0.000000000000000000, 0.000000000000000000, 1.000000000000000000 ) ) ;
#2797 = ITEM_DEFINED_TRANSFORMATION ( 'NONE', 'NONE', #7251,  #4639 ) ;
#2798 = ORIENTED_EDGE ( 'NONE', *, *, #8307, .T. ) ;
#2799 = DIRECTION ( 'NONE',  ( -1.000000000000000000, 1.942890293094020494E-16, 0.000000000000000000 ) ) ;
#2800 = VECTOR ( 'NONE', #8117, 1000.000000000000000 ) ;
#2801 = CARTESIAN_POINT ( 'NONE',  ( 0.3116212298043347095, 0.4147569172264404247, -0.03461362789764818593 ) ) ;
#2802 = CARTESIAN_POINT ( 'NONE',  ( -5.229211351487967896, 8.984439865596840491, 1.000000000000000888 ) ) ;
#2803 = DIRECTION ( 'NONE',  ( 0.6501551545066212023, 0.3098309877324741390, 0.6937600695551675578 ) ) ;
#2804 = DIRECTION ( 'NONE',  ( 1.000000000000000000, -2.334869823772503585E-16, 3.373122925974755498E-32 ) ) ;
#2805 = EDGE_CURVE ( 'NONE', #5793, #364, #6153, .T. ) ;
#2806 = VECTOR ( 'NONE', #4041, 1000.000000000000227 ) ;
#2807 = CARTESIAN_POINT ( 'NONE',  ( 0.2406817437717867492, 0.06861390558454694144, -1.099999999999996758 ) ) ;
#2808 = ORIENTED_EDGE ( 'NONE', *, *, #7150, .F. ) ;
#2809 = FACE_OUTER_BOUND ( 'NONE', #3622, .T. ) ;
#2810 = CARTESIAN_POINT ( 'NONE',  ( -0.5151500219186879725, 0.5941628205846870570, -0.07935066120122467870 ) ) ;
#2811 = CARTESIAN_POINT ( 'NONE',  ( 0.1806809365880526763, 0.3093287324398563687, -0.006944503301090088065 ) ) ;
#2812 = VECTOR ( 'NONE', #707, 999.9999999999998863 ) ;
#2813 = VERTEX_POINT ( 'NONE', #7433 ) ;
#2814 = CIRCLE ( 'NONE', #5872, 3.000000000000002665 ) ;
#2815 = CARTESIAN_POINT ( 'NONE',  ( 0.01351552776401171441, -0.2497563872749519742, -1.099999999999996758 ) ) ;
#2816 = DIRECTION ( 'NONE',  ( 0.7147638640827020939, 0.08345099778861010675, -0.6943691738330913799 ) ) ;
#2817 = ORIENTED_EDGE ( 'NONE', *, *, #1551, .F. ) ;
#2818 = ADVANCED_FACE ( 'NONE', ( #4744 ), #7196, .F. ) ;
#2819 = CIRCLE ( 'NONE', #5161, 6.499999999999999112 ) ;
#2820 = ORIENTED_EDGE ( 'NONE', *, *, #3897, .T. ) ;
#2821 = CARTESIAN_POINT ( 'NONE',  ( 99.99999999999995737, 1.199999999999999734, 16.00000000000000000 ) ) ;
#2822 = LINE ( 'NONE', #8367, #6772 ) ;
#2823 = LINE ( 'NONE', #699, #4312 ) ;
#2824 = ORIENTED_EDGE ( 'NONE', *, *, #3552, .F. ) ;
#2825 = VECTOR ( 'NONE', #7169, 1000.000000000000000 ) ;
#2826 = DIRECTION ( 'NONE',  ( 0.7546841976764132598, -0.1575399805934505348, -0.6368931749454720403 ) ) ;
#2827 = ORIENTED_EDGE ( 'NONE', *, *, #7210, .T. ) ;
#2828 = ORIENTED_EDGE ( 'NONE', *, *, #2831, .T. ) ;
#2829 = DIRECTION ( 'NONE',  ( 9.676231232676149156E-18, 0.08715574274766231533, -0.9961946980917452121 ) ) ;
#2830 = PRODUCT_DEFINITION_SHAPE ( 'NONE', 'NONE',  #8995 ) ;
#2831 = EDGE_CURVE ( 'NONE', #7489, #8000, #4061, .T. ) ;
#2832 = VECTOR ( 'NONE', #1202, 1000.000000000000114 ) ;
#2833 = ADVANCED_FACE ( 'NONE', ( #2697 ), #5472, .T. ) ;
#2834 = CARTESIAN_POINT ( 'NONE',  ( -0.3132217520766325536, 0.1716433664880612220, 0.000000000000000000 ) ) ;
#2835 = CARTESIAN_POINT ( 'NONE',  ( 0.6485707590189569993, 0.6216657913934998669, -0.1035491317082974233 ) ) ;
#2836 = CARTESIAN_POINT ( 'NONE',  ( 651.2148550145109311, 782.1013591323456922, 1312.760472443371327 ) ) ;
#2837 = ORIENTED_EDGE ( 'NONE', *, *, #1351, .F. ) ;
#2838 = DIRECTION ( 'NONE',  ( 0.000000000000000000, 0.000000000000000000, 1.000000000000000000 ) ) ;
#2839 = EDGE_CURVE ( 'NONE', #2687, #967, #2020, .T. ) ;
#2840 = CARTESIAN_POINT ( 'NONE',  ( -54.70522151952335577, -17.09815470596434750, 0.000000000000000000 ) ) ;
#2841 = DIRECTION ( 'NONE',  ( 0.000000000000000000, 0.000000000000000000, 1.000000000000000000 ) ) ;
#2842 = ORIENTED_EDGE ( 'NONE', *, *, #86, .F. ) ;
#2843 = LINE ( 'NONE', #2080, #5960 ) ;
#2844 = DIRECTION ( 'NONE',  ( -1.110223024625148282E-16, -1.000000000000000000, 0.000000000000000000 ) ) ;
#2845 = CIRCLE ( 'NONE', #8986, 0.7834936490538917386 ) ;
#2846 = CARTESIAN_POINT ( 'NONE',  ( 2.775557561562891351E-14, 1.879999999999909521, 0.000000000000000000 ) ) ;
#2847 = CARTESIAN_POINT ( 'NONE',  ( -0.1452811088474272871, 0.7038464916337073829, -0.06624258524225712375 ) ) ;
#2848 = DIRECTION ( 'NONE',  ( -1.373830901348303425E-16, -0.7071067811865489050, 0.7071067811865461294 ) ) ;
#2849 = EDGE_CURVE ( 'NONE', #1355, #8227, #4793, .T. ) ;
#2850 = CIRCLE ( 'NONE', #5475, 3.499999999999996891 ) ;
#2851 = CARTESIAN_POINT ( 'NONE',  ( 0.3013393296245892028, 0.2008583549565207127, -0.005503671348411343089 ) ) ;
#2852 = ORIENTED_EDGE ( 'NONE', *, *, #6005, .T. ) ;
#2853 = DIRECTION ( 'NONE',  ( -0.08481502208364284645, 0.05653362882484318924, -0.9947916167926055264 ) ) ;
#2854 = EDGE_CURVE ( 'NONE', #8892, #6119, #4105, .T. ) ;
#2855 = DIRECTION ( 'NONE',  ( 1.110223024625150008E-16, 1.000000000000000000, 0.000000000000000000 ) ) ;
#2856 = DIRECTION ( 'NONE',  ( -0.6501551545067745241, -0.3098309877324546546, -0.6937600695550325547 ) ) ;
#2857 = ORIENTED_EDGE ( 'NONE', *, *, #2584, .F. ) ;
#2858 = AXIS2_PLACEMENT_3D ( 'NONE', #1749, #1702, #8548 ) ;
#2859 = DIRECTION ( 'NONE',  ( -0.08803429357918997333, 0.9376491420330609339, -0.3362499808158769254 ) ) ;
#2860 = FACE_OUTER_BOUND ( 'NONE', #5556, .T. ) ;
#2861 = DIRECTION ( 'NONE',  ( -1.000000000000000000, -0.000000000000000000, -0.000000000000000000 ) ) ;
#2862 = ORIENTED_EDGE ( 'NONE', *, *, #2041, .F. ) ;
#2863 = EDGE_CURVE ( 'NONE', #2687, #6748, #7728, .T. ) ;
#2864 = CARTESIAN_POINT ( 'NONE',  ( -72.85769912250746927, -15.39557770090046951, 1.000000000000000888 ) ) ;
#2865 = ORIENTED_EDGE ( 'NONE', *, *, #2863, .F. ) ;
#2866 = DIRECTION ( 'NONE',  ( 0.000000000000000000, 0.000000000000000000, 1.000000000000000000 ) ) ;
#2867 = CARTESIAN_POINT ( 'NONE',  ( -10.75000000000003730, 32.50000000000000000, 6.999999999999999112 ) ) ;
#2868 = VECTOR ( 'NONE', #4588, 1000.000000000000000 ) ;
#2869 = DIRECTION ( 'NONE',  ( 0.8660254037844383745, -0.5000000000000006661, 0.000000000000000000 ) ) ;
#2870 = ORIENTED_EDGE ( 'NONE', *, *, #158, .T. ) ;
#2871 = CARTESIAN_POINT ( 'NONE',  ( -77.99999999999987210, -21.52393324585229095, 3.499999999999989342 ) ) ;
#2872 = FACE_OUTER_BOUND ( 'NONE', #2189, .T. ) ;
#2873 = ORIENTED_EDGE ( 'NONE', *, *, #7547, .F. ) ;
#2874 = VECTOR ( 'NONE', #4888, 1000.000000000000000 ) ;
#2875 = EDGE_LOOP ( 'NONE', ( #3699, #5166, #5374, #745 ) ) ;
#2876 = DIRECTION ( 'NONE',  ( 0.9714137623810650268, 0.1555226214723551825, 0.1793544436779587470 ) ) ;
#2877 = EDGE_CURVE ( 'NONE', #5733, #4389, #2910, .T. ) ;
#2878 = CARTESIAN_POINT ( 'NONE',  ( -0.3270615133173365718, 0.1628319165236924437, 0.000000000000000000 ) ) ;
#2879 = AXIS2_PLACEMENT_3D ( 'NONE', #1828, #406, #3184 ) ;
#2880 = EDGE_CURVE ( 'NONE', #7559, #511, #85, .T. ) ;
#2881 = CARTESIAN_POINT ( 'NONE',  ( -5.055563173821026268, 9.969247618609081485, 1.000000000000000888 ) ) ;
#2882 = DIRECTION ( 'NONE',  ( -0.08803429357919534404, 0.9376491420330603788, -0.3362499808158775916 ) ) ;
#2883 = ORIENTED_EDGE ( 'NONE', *, *, #1530, .F. ) ;
#2884 = DIRECTION ( 'NONE',  ( 1.000000000000000000, 0.000000000000000000, 0.000000000000000000 ) ) ;
#2885 = CARTESIAN_POINT ( 'NONE',  ( 0.5751466249785119889, 0.6528582023692525160, -0.005503680371533870019 ) ) ;
#2886 = MECHANICAL_DESIGN_GEOMETRIC_PRESENTATION_REPRESENTATION (  '', ( #6236 ), #6378 ) ;
#2887 = AXIS2_PLACEMENT_3D ( 'NONE', #3601, #6369, #1385 ) ;
#2888 = CARTESIAN_POINT ( 'NONE',  ( 99.99999999999995737, 1.199999999999999734, -16.00000000000000000 ) ) ;
#2889 = APPLICATION_PROTOCOL_DEFINITION ( 'draft international standard', 'automotive_design', 1998, #1161 ) ;
#2890 = ORIENTED_EDGE ( 'NONE', *, *, #5643, .F. ) ;
#2891 = EDGE_CURVE ( 'NONE', #212, #8433, #5383, .T. ) ;
#2892 = CARTESIAN_POINT ( 'NONE',  ( 31.99999999999995737, 4.499999999999997335, 0.000000000000000000 ) ) ;
#2893 = CARTESIAN_POINT ( 'NONE',  ( 0.2751129562950656582, 0.3823537309246314297, -0.02855458994759019209 ) ) ;
#2894 = CARTESIAN_POINT ( 'NONE',  ( -1.197600239036138214, -0.03138898871760109621, -0.1855446026580997998 ) ) ;
#2895 = CARTESIAN_POINT ( 'NONE',  ( -2.309401076758463400, -1.110223024625156540E-13, 1.599999999999997202 ) ) ;
#2896 = DIRECTION ( 'NONE',  ( 0.000000000000000000, 0.000000000000000000, 1.000000000000000000 ) ) ;
#2897 = CIRCLE ( 'NONE', #4938, 4.735000000000018083 ) ;
#2898 = B_SPLINE_CURVE_WITH_KNOTS ( 'NONE', 3,
 ( #2075, #4935, #1356, #6893, #2206, #7704, #4292, #714, #3439, #1482, #7018, #8975, #2751, #4845, #7619, #1401 ),
 .UNSPECIFIED., .F., .F.,
 ( 4, 3, 3, 3, 3, 4 ),
 ( 5.431588454656210582E-20, 1.329315843456861898E-05, 2.657793136295590140E-05, 4.007999731927895345E-05, 5.358079590394099813E-05, 6.318300728962770410E-05 ),
 .UNSPECIFIED. ) ;
#2899 = CARTESIAN_POINT ( 'NONE',  ( 1.115666220151454002, 0.1604777808240087644, -0.007003512763968655630 ) ) ;
#2900 = EDGE_LOOP ( 'NONE', ( #6497, #41 ) ) ;
#2901 = FACE_OUTER_BOUND ( 'NONE', #3717, .T. ) ;
#2902 = TOROIDAL_SURFACE ( 'NONE', #1172, 1.100000000000000089, 0.1000000000000000056 ) ;
#2903 = DIRECTION ( 'NONE',  ( -0.000000000000000000, -1.000000000000000000, -0.000000000000000000 ) ) ;
#2904 = SURFACE_SIDE_STYLE ('',( #1078 ) ) ;
#2905 = PRODUCT ( 'Fibre Arm', 'Fibre Arm', '', ( #6393 ) ) ;
#2906 = VERTEX_POINT ( 'NONE', #8405 ) ;
#2907 = CARTESIAN_POINT ( 'NONE',  ( -76.44973805115233745, 25.14730477521020902, 3.250000000000002665 ) ) ;
#2908 = LINE ( 'NONE', #5000, #1674 ) ;
#2909 = DIRECTION ( 'NONE',  ( -0.1610798504275682552, -0.3465180766741867702, -0.9241095737650674158 ) ) ;
#2910 = LINE ( 'NONE', #1503, #5169 ) ;
#2911 = ORIENTED_EDGE ( 'NONE', *, *, #974, .F. ) ;
#2912 = EDGE_CURVE ( 'NONE', #6946, #8545, #8068, .T. ) ;
#2913 = CIRCLE ( 'NONE', #3936, 1.000000000000005773 ) ;
#2914 = DIRECTION ( 'NONE',  ( 0.000000000000000000, 0.000000000000000000, -1.000000000000000000 ) ) ;
#2915 = VERTEX_POINT ( 'NONE', #3297 ) ;
#2916 = CARTESIAN_POINT ( 'NONE',  ( -61.72391769877108914, -24.00808527487737365, 7.139773294942708404 ) ) ;
#2917 = CARTESIAN_POINT ( 'NONE',  ( -0.7834936490538917386, 0.000000000000000000, 1.599999999999997202 ) ) ;
#2918 = CARTESIAN_POINT ( 'NONE',  ( 53.85925382924440186, -1.434450794419367403, 1.000000000000000888 ) ) ;
#2919 = ORIENTED_EDGE ( 'NONE', *, *, #6944, .T. ) ;
#2920 = AXIS2_PLACEMENT_3D ( 'NONE', #844, #6339, #108 ) ;
#2921 = DIRECTION ( 'NONE',  ( 1.000000000000000000, -1.020425574104004246E-16, -0.000000000000000000 ) ) ;
#2922 = CARTESIAN_POINT ( 'NONE',  ( 651.2148550145109311, 782.1013591323456922, 1312.760472443371327 ) ) ;
#2923 = ORIENTED_EDGE ( 'NONE', *, *, #3881, .T. ) ;
#2924 = ORIENTED_EDGE ( 'NONE', *, *, #1729, .F. ) ;
#2925 =( BOUNDED_CURVE ( )  B_SPLINE_CURVE ( 3, ( #6256, #5613, #847, #5026 ),
 .UNSPECIFIED., .F., .F. ) 
 B_SPLINE_CURVE_WITH_KNOTS ( ( 4, 4 ),
 ( 5.138715503803052087, 5.710950405491333370 ),
 .UNSPECIFIED. ) 
 CURVE ( )  GEOMETRIC_REPRESENTATION_ITEM ( )  RATIONAL_B_SPLINE_CURVE ( ( 1.000000000000000000, 0.9728979159523617470, 0.9728979159523617470, 1.000000000000000000 ) ) 
 REPRESENTATION_ITEM ( '' )  );
#2926 = ADVANCED_FACE ( 'NONE', ( #6066 ), #7075, .F. ) ;
#2927 = LINE ( 'NONE', #6967, #194 ) ;
#2928 = AXIS2_PLACEMENT_3D ( 'NONE', #3625, #3713, #5663 ) ;
#2929 = CARTESIAN_POINT ( 'NONE',  ( 0.6693774770082904224, 0.6473567728406595112, -0.1112760821224659802 ) ) ;
#2930 = LINE ( 'NONE', #5607, #1053 ) ;
#2931 = ORIENTED_EDGE ( 'NONE', *, *, #8495, .T. ) ;
#2932 = LINE ( 'NONE', #5749, #8992 ) ;
#2933 = LINE ( 'NONE', #4983, #2763 ) ;
#2934 = EDGE_CURVE ( 'NONE', #3406, #1686, #8498, .T. ) ;
#2935 = CARTESIAN_POINT ( 'NONE',  ( 69.44977210575977722, -0.1607447605068562657, 7.988379335144624172 ) ) ;
#2936 = DIRECTION ( 'NONE',  ( -3.786189457816111883E-18, -2.695839471912758376E-18, 1.000000000000000000 ) ) ;
#2937 = ORIENTED_EDGE ( 'NONE', *, *, #3750, .T. ) ;
#2938 = DIRECTION ( 'NONE',  ( -0.6501551545066417415, -0.3098309877324648687, -0.6937600695551524588 ) ) ;
#2939 = CARTESIAN_POINT ( 'NONE',  ( -10.75000000000003730, 44.00000000000001421, 5.299999999999990052 ) ) ;
#2940 = CARTESIAN_POINT ( 'NONE',  ( -1.196288096311184823, -0.05830968922687640443, -0.1855446123991133511 ) ) ;
#2941 = ORIENTED_EDGE ( 'NONE', *, *, #5182, .F. ) ;
#2942 = DIRECTION ( 'NONE',  ( -1.000000000000000000, 0.000000000000000000, 0.000000000000000000 ) ) ;
#2943 = PLANE ( 'NONE',  #7032 ) ;
#2944 = B_SPLINE_SURFACE_WITH_KNOTS ( 'NONE', 3, 1, ( 
 ( #8083, #1859 ),
 ( #4026, #1124 ),
 ( #5393, #532 ),
 ( #5438, #1989 ),
 ( #577, #1900 ),
 ( #626, #8210 ),
 ( #4625, #444 ) ),
 .UNSPECIFIED., .F., .F., .F.,
 ( 4, 1, 1, 1, 4 ),
 ( 2, 2 ),
 ( 0.000000000000000000, 0.2500000000000000000, 0.5000000000000000000, 0.7500000000000000000, 1.000000000000000000 ),
 ( 0.005003337589465020260, 1.000000000000000000 ),
 .UNSPECIFIED. ) ;
#2945 = DIRECTION ( 'NONE',  ( -0.9848077530122070211, 0.1736481776669358268, 0.000000000000000000 ) ) ;
#2946 = EDGE_CURVE ( 'NONE', #4139, #2109, #7139, .T. ) ;
#2947 = ORIENTED_EDGE ( 'NONE', *, *, #1351, .T. ) ;
#2948 = EDGE_CURVE ( 'NONE', #7865, #1201, #1276, .T. ) ;
#2949 = DIRECTION ( 'NONE',  ( 0.000000000000000000, 1.000000000000000000, 0.000000000000000000 ) ) ;
#2950 = SURFACE_STYLE_USAGE ( .BOTH. , #8225 ) ;
#2951 = VERTEX_POINT ( 'NONE', #7955 ) ;
#2952 = CARTESIAN_POINT ( 'NONE',  ( 647.5419325026334718, 766.9619615647907267, 1312.153092438011527 ) ) ;
#2953 = DIRECTION ( 'NONE',  ( 0.000000000000000000, 0.000000000000000000, 1.000000000000000000 ) ) ;
#2954 = VERTEX_POINT ( 'NONE', #7088 ) ;
#2955 = FACE_OUTER_BOUND ( 'NONE', #1998, .T. ) ;
#2956 = CIRCLE ( 'NONE', #3970, 3.749999999999969358 ) ;
#2957 = VERTEX_POINT ( 'NONE', #5144 ) ;
#2958 = CARTESIAN_POINT ( 'NONE',  ( 649.5077806607630464, 823.0045959119962617, 1292.113629164231043 ) ) ;
#2959 = ORIENTED_EDGE ( 'NONE', *, *, #6890, .T. ) ;
#2960 = VECTOR ( 'NONE', #1637, 1000.000000000000000 ) ;
#2961 = VECTOR ( 'NONE', #8496, 1000.000000000000114 ) ;
#2962 = DIRECTION ( 'NONE',  ( 0.000000000000000000, 0.000000000000000000, -1.000000000000000000 ) ) ;
#2963 = PLANE ( 'NONE',  #4752 ) ;
#2964 = ORIENTED_EDGE ( 'NONE', *, *, #6671, .T. ) ;
#2965 = CARTESIAN_POINT ( 'NONE',  ( -0.1318513288452935472, 0.2124034535541940993, -1.099999999999996758 ) ) ;
#2966 = CARTESIAN_POINT ( 'NONE',  ( 647.5351167088795137, 824.9133518147726818, 1289.997362610962227 ) ) ;
#2967 = ORIENTED_EDGE ( 'NONE', *, *, #6983, .F. ) ;
#2968 = ORIENTED_EDGE ( 'NONE', *, *, #5579, .F. ) ;
#2969 = CIRCLE ( 'NONE', #4857, 4.249999999999912070 ) ;
#2970 = EDGE_CURVE ( 'NONE', #6168, #1089, #1740, .T. ) ;
#2971 = AXIS2_PLACEMENT_3D ( 'NONE', #3375, #8188, #8106 ) ;
#2972 = DIRECTION ( 'NONE',  ( 0.08803429357919508036, -0.9376491420330606008, 0.3362499808158768699 ) ) ;
#2973 = VECTOR ( 'NONE', #7413, 1000.000000000000000 ) ;
#2974 = ADVANCED_FACE ( 'NONE', ( #3639 ), #223, .T. ) ;
#2975 = CARTESIAN_POINT ( 'NONE',  ( 69.35035320921197410, -0.5611851037494453021, 3.250000000000002665 ) ) ;
#2976 = ORIENTED_EDGE ( 'NONE', *, *, #4493, .F. ) ;
#2977 = AXIS2_PLACEMENT_3D ( 'NONE', #7671, #6180, #1451 ) ;
#2978 = ADVANCED_FACE ( 'NONE', ( #2955 ), #3816, .T. ) ;
#2979 = FACE_OUTER_BOUND ( 'NONE', #1320, .T. ) ;
#2980 = B_SPLINE_SURFACE_WITH_KNOTS ( 'NONE', 3, 1, ( 
 ( #7842, #5122 ),
 ( #7980, #341 ),
 ( #1071, #7255 ),
 ( #246, #5259 ),
 ( #5843, #4340 ),
 ( #7932, #1025 ),
 ( #7886, #4434 ) ),
 .UNSPECIFIED., .F., .F., .F.,
 ( 4, 1, 1, 1, 4 ),
 ( 2, 2 ),
 ( 0.000000000000000000, 0.2500000000000000000, 0.5000000000000000000, 0.7500000000000000000, 1.000000000000000000 ),
 ( 0.006366818824922380188, 1.000000000000000000 ),
 .UNSPECIFIED. ) ;
#2981 = DIRECTION ( 'NONE',  ( -1.000000000000000000, -0.000000000000000000, -0.000000000000000000 ) ) ;
#2982 =( NAMED_UNIT ( * ) PLANE_ANGLE_UNIT ( ) SI_UNIT ( $, .RADIAN. ) );
#2983 = ORIENTED_EDGE ( 'NONE', *, *, #8668, .T. ) ;
#2984 = DIRECTION ( 'NONE',  ( 0.000000000000000000, 0.000000000000000000, -1.000000000000000000 ) ) ;
#2985 = CARTESIAN_POINT ( 'NONE',  ( -2.309401076758463400, -1.110223024625156540E-13, 1.599999999999997202 ) ) ;
#2986 = CARTESIAN_POINT ( 'NONE',  ( -1.189627661050809859, 0.1388928851896176209, -0.1855446092705256844 ) ) ;
#2987 = EDGE_LOOP ( 'NONE', ( #565, #7599, #6003, #717, #4050, #6806 ) ) ;
#2988 = CARTESIAN_POINT ( 'NONE',  ( 0.8144676551341476500, 0.09509173854889418909, -0.5500000000000018208 ) ) ;
#2989 = DIRECTION ( 'NONE',  ( -0.9999975280568982328, -0.002223483773949266277, -0.000000000000000000 ) ) ;
#2990 = AXIS2_PLACEMENT_3D ( 'NONE', #4499, #6000, #1737 ) ;
#2991 = ORIENTED_EDGE ( 'NONE', *, *, #3179, .F. ) ;
#2992 = CARTESIAN_POINT ( 'NONE',  ( -40.00000000000003553, 43.15386068643125128, 16.00000000000000000 ) ) ;
#2993 = AXIS2_PLACEMENT_3D ( 'NONE', #8490, #5229, #2361 ) ;
#2994 = ORIENTED_EDGE ( 'NONE', *, *, #1885, .T. ) ;
#2995 = DIRECTION ( 'NONE',  ( 0.000000000000000000, 0.000000000000000000, 1.000000000000000000 ) ) ;
#2996 = AXIS2_PLACEMENT_3D ( 'NONE', #3096, #6557, #7193 ) ;
#2997 = CARTESIAN_POINT ( 'NONE',  ( -34.40776631797477592, 28.87154402704684841, 8.000000000000000000 ) ) ;
#2998 = EDGE_CURVE ( 'NONE', #8822, #4014, #7570, .T. ) ;
#2999 = ORIENTED_EDGE ( 'NONE', *, *, #7343, .T. ) ;
#3000 = CARTESIAN_POINT ( 'NONE',  ( 649.4251134529978344, 825.4329904535669584, 1290.455713979871689 ) ) ;
#3001 = EDGE_CURVE ( 'NONE', #8836, #8015, #318, .T. ) ;
#3002 = CARTESIAN_POINT ( 'NONE',  ( 656.2107887002189273, 786.7667281471728984, 1317.526373823061476 ) ) ;
#3003 = EDGE_LOOP ( 'NONE', ( #909, #5917, #813, #8528 ) ) ;
#3004 = CARTESIAN_POINT ( 'NONE',  ( -0.2488749066003465016, -0.02418126363629147235, -1.099999999999996758 ) ) ;
#3005 = EDGE_LOOP ( 'NONE', ( #8317, #2602, #4016, #5457, #8133, #6672, #4245, #5032, #1609 ) ) ;
#3006 =( NAMED_UNIT ( * ) PLANE_ANGLE_UNIT ( ) SI_UNIT ( $, .RADIAN. ) );
#3007 = ORIENTED_EDGE ( 'NONE', *, *, #7418, .F. ) ;
#3008 =( LENGTH_UNIT ( ) NAMED_UNIT ( * ) SI_UNIT ( .MILLI., .METRE. ) );
#3009 = VECTOR ( 'NONE', #468, 1000.000000000000000 ) ;
#3010 = PLANE ( 'NONE',  #2996 ) ;
#3011 = DIRECTION ( 'NONE',  ( -0.9714137623810662481, -0.1555226214723453571, -0.1793544436779609674 ) ) ;
#3012 = ORIENTED_EDGE ( 'NONE', *, *, #7313, .T. ) ;
#3013 = CARTESIAN_POINT ( 'NONE',  ( 646.8307471942673601, 828.7962864055925820, 1296.015223398740545 ) ) ;
#3014 = CARTESIAN_POINT ( 'NONE',  ( 54.03290200691138523, -0.4496430414070579085, 1.000000000000000888 ) ) ;
#3015 = ORIENTED_EDGE ( 'NONE', *, *, #4526, .F. ) ;
#3016 = ORIENTED_EDGE ( 'NONE', *, *, #5805, .F. ) ;
#3017 = B_SPLINE_CURVE_WITH_KNOTS ( 'NONE', 3,
 ( #3470, #2106, #7050, #2065, #6150, #4148, #1387 ),
 .UNSPECIFIED., .F., .F.,
 ( 4, 1, 1, 1, 4 ),
 ( 0.000000000000000000, 0.2500000000000000000, 0.5000000000000000000, 0.7500000000000000000, 1.000000000000000000 ),
 .UNSPECIFIED. ) ;
#3018 = CARTESIAN_POINT ( 'NONE',  ( -5.055563173821026268, 9.969247618609081485, 8.000000000000000000 ) ) ;
#3019 = EDGE_CURVE ( 'NONE', #1089, #8741, #7818, .T. ) ;
#3020 = CARTESIAN_POINT ( 'NONE',  ( 6.938893903907228378E-15, 1.205578273928961774, -0.1785173072915841042 ) ) ;
#3021 = CARTESIAN_POINT ( 'NONE',  ( 647.3627545562997057, 813.3170552927505241, 1296.577535209021335 ) ) ;
#3022 = VERTEX_POINT ( 'NONE', #1694 ) ;
#3023 = CARTESIAN_POINT ( 'NONE',  ( -0.1924284163752551513, 0.1597770853568464267, -1.099999999999996758 ) ) ;
#3024 = AXIS2_PLACEMENT_3D ( 'NONE', #574, #4069, #4667 ) ;
#3025 = FACE_OUTER_BOUND ( 'NONE', #775, .T. ) ;
#3026 = EDGE_CURVE ( 'NONE', #2283, #1463, #7910, .T. ) ;
#3027 = FACE_OUTER_BOUND ( 'NONE', #8043, .T. ) ;
#3028 = PLANE ( 'NONE',  #769 ) ;
#3029 = DIRECTION ( 'NONE',  ( 0.000000000000000000, -1.000000000000000000, 0.000000000000000000 ) ) ;
#3030 = EDGE_CURVE ( 'NONE', #2611, #2140, #3770, .T. ) ;
#3031 = FACE_OUTER_BOUND ( 'NONE', #924, .T. ) ;
#3032 = ORIENTED_EDGE ( 'NONE', *, *, #8482, .T. ) ;
#3033 = LINE ( 'NONE', #2354, #1328 ) ;
#3034 = DIRECTION ( 'NONE',  ( -0.9020338606978972606, -0.4316652802281492618, 0.000000000000000000 ) ) ;
#3035 =( GEOMETRIC_REPRESENTATION_CONTEXT ( 3 ) GLOBAL_UNCERTAINTY_ASSIGNED_CONTEXT ( ( #4527 ) ) GLOBAL_UNIT_ASSIGNED_CONTEXT ( ( #4323, #1747, #2279 ) ) REPRESENTATION_CONTEXT ( 'NONE', 'WORKASPACE' ) );
#3036 = EDGE_LOOP ( 'NONE', ( #589, #8630, #4673, #5530 ) ) ;
#3037 = ADVANCED_FACE ( 'NONE', ( #2415 ), #5191, .F. ) ;
#3038 = CARTESIAN_POINT ( 'NONE',  ( -0.8299852910303093800, -0.8634984783813248743, -0.1855446092705256844 ) ) ;
#3039 = ORIENTED_EDGE ( 'NONE', *, *, #1567, .F. ) ;
#3040 = CARTESIAN_POINT ( 'NONE',  ( -0.4478481311516716024, -0.3771804503881755477, -0.04403718785020631354 ) ) ;
#3041 = FILL_AREA_STYLE ('',( #312 ) ) ;
#3042 = EDGE_LOOP ( 'NONE', ( #350, #7466, #6873, #3714 ) ) ;
#3043 = LINE ( 'NONE', #5674, #962 ) ;
#3044 = FACE_OUTER_BOUND ( 'NONE', #573, .T. ) ;
#3045 = ORIENTED_EDGE ( 'NONE', *, *, #3702, .T. ) ;
#3046 = CARTESIAN_POINT ( 'NONE',  ( -0.8353974264365613411, -0.8584118559390174763, -0.1855779694352535647 ) ) ;
#3047 = VERTEX_POINT ( 'NONE', #8048 ) ;
#3048 = CARTESIAN_POINT ( 'NONE',  ( 647.6591454045142200, 822.5622989133947840, 1291.364257813251243 ) ) ;
#3049 = DIRECTION ( 'NONE',  ( -1.000000000000000000, 0.000000000000000000, 0.000000000000000000 ) ) ;
#3050 = AXIS2_PLACEMENT_3D ( 'NONE', #1761, #1069, #980 ) ;
#3051 = ORIENTED_EDGE ( 'NONE', *, *, #7299, .F. ) ;
#3052 = DIRECTION ( 'NONE',  ( 0.6662133453145482331, 0.000000000000000000, -0.7457612074416303249 ) ) ;
#3053 = FACE_OUTER_BOUND ( 'NONE', #3385, .T. ) ;
#3054 = ORIENTED_EDGE ( 'NONE', *, *, #8671, .F. ) ;
#3055 = CARTESIAN_POINT ( 'NONE',  ( -0.1499956107483407797, 0.8649807416831467588, -5.595407092523485559E-05 ) ) ;
#3056 = FACE_OUTER_BOUND ( 'NONE', #3369, .T. ) ;
#3057 = EDGE_LOOP ( 'NONE', ( #2532, #2837, #1612, #5200 ) ) ;
#3058 = VECTOR ( 'NONE', #2702, 1000.000000000000000 ) ;
#3059 = ORIENTED_EDGE ( 'NONE', *, *, #3789, .T. ) ;
#3060 = PRODUCT_DEFINITION_SHAPE ( 'NONE', 'NONE',  #3453 ) ;
#3061 = CARTESIAN_POINT ( 'NONE',  ( 0.2488749066003395627, 0.02418126363633310572, -1.099999999999996758 ) ) ;
#3062 = CIRCLE ( 'NONE', #742, 4.735000000000139764 ) ;
#3063 = EDGE_CURVE ( 'NONE', #2083, #1745, #1094, .T. ) ;
#3064 = DIRECTION ( 'NONE',  ( 0.000000000000000000, -1.000000000000000000, 2.891205793294675861E-16 ) ) ;
#3065 = DIRECTION ( 'NONE',  ( -1.000000000000000000, 0.000000000000000000, 0.000000000000000000 ) ) ;
#3066 = ORIENTED_EDGE ( 'NONE', *, *, #772, .T. ) ;
#3067 = CARTESIAN_POINT ( 'NONE',  ( -0.8785698179697967181, -0.1525839621987477579, -0.1005646927465435880 ) ) ;
#3068 = CARTESIAN_POINT ( 'NONE',  ( -1.154700538379224817, -2.000000000000112799, 1.599999999999997202 ) ) ;
#3069 = DIRECTION ( 'NONE',  ( -8.673617379884040402E-17, -1.000000000000000000, 0.000000000000000000 ) ) ;
#3070 = VECTOR ( 'NONE', #6086, 1000.000000000000000 ) ;
#3071 = ITEM_DEFINED_TRANSFORMATION ( 'NONE', 'NONE', #2463,  #4639 ) ;
#3072 = CARTESIAN_POINT ( 'NONE',  ( 31.99999999999995737, 4.499999999999997335, 0.000000000000000000 ) ) ;
#3073 = CARTESIAN_POINT ( 'NONE',  ( 0.3735170372642506731, 0.4696010592381426596, -0.04612237365637715525 ) ) ;
#3074 = DIRECTION ( 'NONE',  ( -0.08803429357919534404, 0.9376491420330603788, -0.3362499808158775916 ) ) ;
#3075 = DIRECTION ( 'NONE',  ( -0.4999999999999996669, 0.8660254037844388186, 0.000000000000000000 ) ) ;
#3076 = ORIENTED_EDGE ( 'NONE', *, *, #8239, .T. ) ;
#3077 = CARTESIAN_POINT ( 'NONE',  ( 48.99999999999997158, 43.99999999999999289, -229.4623459811442387 ) ) ;
#3078 = CARTESIAN_POINT ( 'NONE',  ( 648.1292530245591479, 814.9659615606046827, 1300.974910615781937 ) ) ;
#3079 = AXIS2_PLACEMENT_3D ( 'NONE', #7016, #2249, #152 ) ;
#3080 = EDGE_LOOP ( 'NONE', ( #7509, #4487, #5245, #5178 ) ) ;
#3081 = FACE_OUTER_BOUND ( 'NONE', #6317, .T. ) ;
#3082 = VERTEX_POINT ( 'NONE', #3956 ) ;
#3083 = CARTESIAN_POINT ( 'NONE',  ( -0.4429500824606323328, -0.3712775569896439309, -0.04291518781669534377 ) ) ;
#3084 =( NAMED_UNIT ( * ) PLANE_ANGLE_UNIT ( ) SI_UNIT ( $, .RADIAN. ) );
#3085 = ORIENTED_EDGE ( 'NONE', *, *, #394, .F. ) ;
#3086 = CARTESIAN_POINT ( 'NONE',  ( -38.50042249286411788, 32.64339941504047715, 7.999955527066872740 ) ) ;
#3087 = EDGE_CURVE ( 'NONE', #6093, #1248, #215, .T. ) ;
#3088 = CARTESIAN_POINT ( 'NONE',  ( 0.1428897158718758775, 0.2052802584941726405, -1.099999999999996758 ) ) ;
#3089 = ORIENTED_EDGE ( 'NONE', *, *, #6223, .F. ) ;
#3090 = CARTESIAN_POINT ( 'NONE',  ( -54.70522151952335577, -17.09815470596434750, 8.000000000000000000 ) ) ;
#3091 = VERTEX_POINT ( 'NONE', #2637 ) ;
#3092 = LINE ( 'NONE', #7957, #3785 ) ;
#3093 = EDGE_CURVE ( 'NONE', #3412, #4730, #4040, .T. ) ;
#3094 = FACE_OUTER_BOUND ( 'NONE', #8538, .T. ) ;
#3095 = ORIENTED_EDGE ( 'NONE', *, *, #3843, .F. ) ;
#3096 = CARTESIAN_POINT ( 'NONE',  ( 69.62140237615136584, 0.8126188716606752571, 0.000000000000000000 ) ) ;
#3097 = CARTESIAN_POINT ( 'NONE',  ( -0.8318206948259299072, 0.8619643246103592116, -0.1855975253288039140 ) ) ;
#3098 = AXIS2_PLACEMENT_3D ( 'NONE', #1649, #5102, #6463 ) ;
#3099 = ORIENTED_EDGE ( 'NONE', *, *, #4305, .F. ) ;
#3100 = CARTESIAN_POINT ( 'NONE',  ( -0.1290932872244215934, 0.2141022683313231756, -1.099999999999996758 ) ) ;
#3101 = CARTESIAN_POINT ( 'NONE',  ( 646.9345689757859645, 827.6904854681815777, 1296.411774227111664 ) ) ;
#3102 = ORIENTED_EDGE ( 'NONE', *, *, #6212, .F. ) ;
#3103 = EDGE_CURVE ( 'NONE', #8850, #8280, #6771, .T. ) ;
#3104 = ORIENTED_EDGE ( 'NONE', *, *, #737, .F. ) ;
#3105 = VECTOR ( 'NONE', #5667, 1000.000000000000114 ) ;
#3106 = DIRECTION ( 'NONE',  ( -3.428155301009279818E-32, 8.955574241400646717E-33, 1.000000000000000000 ) ) ;
#3107 = SURFACE_SIDE_STYLE ('',( #4521 ) ) ;
#3108 = AXIS2_PLACEMENT_3D ( 'NONE', #5477, #8243, #5017 ) ;
#3109 = DIRECTION ( 'NONE',  ( 0.6501551545066391880, 0.3098309877324743611, 0.6937600695551507934 ) ) ;
#3110 = TOROIDAL_SURFACE ( 'NONE', #8193, 1.100000000000000089, 0.1000000000000000056 ) ;
#3111 = VERTEX_POINT ( 'NONE', #5956 ) ;
#3112 = CARTESIAN_POINT ( 'NONE',  ( -0.7006958982547454307, -0.1564292527365853114, -0.06604791436759963053 ) ) ;
#3113 = ADVANCED_FACE ( 'NONE', ( #408 ), #1186, .T. ) ;
#3114 = EDGE_CURVE ( 'NONE', #4361, #3830, #3230, .T. ) ;
#3115 = LINE ( 'NONE', #3068, #3493 ) ;
#3116 = DIRECTION ( 'NONE',  ( 1.000000000000000000, -1.020425574104004246E-16, 0.000000000000000000 ) ) ;
#3117 = FACE_OUTER_BOUND ( 'NONE', #6128, .T. ) ;
#3118 = CARTESIAN_POINT ( 'NONE',  ( 648.9759537657382680, 761.8167125525185384, 1315.125043921241513 ) ) ;
#3119 = DIRECTION ( 'NONE',  ( 0.000000000000000000, -1.000000000000000000, 1.445602896647342072E-15 ) ) ;
#3120 = DIRECTION ( 'NONE',  ( -1.110223024625150254E-16, -1.000000000000000000, 0.000000000000000000 ) ) ;
#3121 = VECTOR ( 'NONE', #2217, 999.9999999999998863 ) ;
#3122 = ORIENTED_EDGE ( 'NONE', *, *, #7536, .F. ) ;
#3123 = CARTESIAN_POINT ( 'NONE',  ( -0.1740862074524826553, -0.1794279471131060566, -1.099999999999996758 ) ) ;
#3124 = CARTESIAN_POINT ( 'NONE',  ( 0.09981119836032642523, -0.2292131310710765479, -1.099999999999996758 ) ) ;
#3125 = ADVANCED_FACE ( 'NONE', ( #8680 ), #4724, .F. ) ;
#3126 = EDGE_LOOP ( 'NONE', ( #5774, #3518, #5293, #738 ) ) ;
#3127 = LINE ( 'NONE', #1776, #4258 ) ;
#3128 = ORIENTED_EDGE ( 'NONE', *, *, #507, .T. ) ;
#3129 = DIRECTION ( 'NONE',  ( 1.000000000000000000, 0.000000000000000000, 0.000000000000000000 ) ) ;
#3130 = DIRECTION ( 'NONE',  ( -0.000000000000000000, -1.000000000000000000, -0.000000000000000000 ) ) ;
#3131 = PRODUCT_DEFINITION_SHAPE ( 'NONE', 'NONE',  #8994 ) ;
#3132 = ORIENTED_EDGE ( 'NONE', *, *, #3551, .T. ) ;
#3133 = CARTESIAN_POINT ( 'NONE',  ( -266.3373459811442672, 55.99999999999999289, -3.999999999999996447 ) ) ;
#3134 = EDGE_CURVE ( 'NONE', #1256, #3762, #1871, .T. ) ;
#3135 = AXIS2_PLACEMENT_3D ( 'NONE', #6346, #7582, #8981 ) ;
#3136 = CARTESIAN_POINT ( 'NONE',  ( 0.7834936490538917386, 9.595029894661264168E-17, 1.599999999999997202 ) ) ;
#3137 = VERTEX_POINT ( 'NONE', #3278 ) ;
#3138 = CARTESIAN_POINT ( 'NONE',  ( 647.4249786759255585, 822.4671546968691018, 1298.284910769251837 ) ) ;
#3139 = ORIENTED_EDGE ( 'NONE', *, *, #2157, .F. ) ;
#3140 = CARTESIAN_POINT ( 'NONE',  ( 99.99999999999995737, 1.199999999999999734, 1.460000000000003073 ) ) ;
#3141 = DIRECTION ( 'NONE',  ( 0.000000000000000000, 0.000000000000000000, -1.000000000000000000 ) ) ;
#3142 = EDGE_CURVE ( 'NONE', #5741, #1037, #4861, .T. ) ;
#3143 = ORIENTED_EDGE ( 'NONE', *, *, #4226, .F. ) ;
#3144 = DIRECTION ( 'NONE',  ( -0.9714137623810441546, -0.1555226214723788303, -0.1793544436780522833 ) ) ;
#3145 = CARTESIAN_POINT ( 'NONE',  ( 1.287498419049418086, -0.1603930383777263380, -0.007003500707418452986 ) ) ;
#3146 = ORIENTED_EDGE ( 'NONE', *, *, #7428, .T. ) ;
#3147 = LINE ( 'NONE', #7782, #6366 ) ;
#3148 = DIRECTION ( 'NONE',  ( 1.000000000000000000, 2.710505431213758620E-16, 0.000000000000000000 ) ) ;
#3149 = EDGE_CURVE ( 'NONE', #558, #5601, #3186, .T. ) ;
#3150 = CIRCLE ( 'NONE', #8656, 1.024999999999998135 ) ;
#3151 = EDGE_LOOP ( 'NONE', ( #842, #3221, #2231, #8665 ) ) ;
#3152 = ORIENTED_EDGE ( 'NONE', *, *, #42, .T. ) ;
#3153 = AXIS2_PLACEMENT_3D ( 'NONE', #4688, #1102, #8185 ) ;
#3154 = CARTESIAN_POINT ( 'NONE',  ( 0.2483133094921333162, 0.02899138370390796915, -1.099999999999996758 ) ) ;
#3155 = CARTESIAN_POINT ( 'NONE',  ( -53.54191701026447703, -7.933163243472026949, 8.000000000000000000 ) ) ;
#3156 = AXIS2_PLACEMENT_3D ( 'NONE', #4626, #5224, #6580 ) ;
#3157 = CARTESIAN_POINT ( 'NONE',  ( -19.50000000000007105, 55.99999999999999289, 3.999999999999996447 ) ) ;
#3158 = ORIENTED_EDGE ( 'NONE', *, *, #3383, .T. ) ;
#3159 = CARTESIAN_POINT ( 'NONE',  ( 640.1809240375616810, 826.1333602488908809, 1295.324830626990661 ) ) ;
#3160 = EDGE_CURVE ( 'NONE', #5534, #2696, #515, .T. ) ;
#3161 = B_SPLINE_CURVE_WITH_KNOTS ( 'NONE', 3,
 ( #2693, #1341, #3166, #3847, #2439, #6663, #7350, #1166, #6619, #1767, #4575, #5309, #698, #8754, #5986, #5892 ),
 .UNSPECIFIED., .F., .F.,
 ( 4, 3, 3, 3, 3, 4 ),
 ( 1.086317690931242116E-19, 1.329315843456920004E-05, 2.657793136295665017E-05, 4.007999731928105409E-05, 5.358079590394249569E-05, 6.318300728962770410E-05 ),
 .UNSPECIFIED. ) ;
#3162 = CARTESIAN_POINT ( 'NONE',  ( 0.000000000000000000, 0.000000000000000000, -1.599999999999997202 ) ) ;
#3163 = UNCERTAINTY_MEASURE_WITH_UNIT (LENGTH_MEASURE( 1.000000000000000082E-05 ), #1043, 'distance_accuracy_value', 'NONE');
#3164 = DIRECTION ( 'NONE',  ( 0.7865843770359564058, 0.5707271346689256619, -0.2357022603955130635 ) ) ;
#3165 = CONTEXT_DEPENDENT_SHAPE_REPRESENTATION ( #49, #5172 ) ;
#3166 = CARTESIAN_POINT ( 'NONE',  ( -0.3322420148248531047, 0.1608602758837313074, -0.01766331607802595904 ) ) ;
#3167 = CARTESIAN_POINT ( 'NONE',  ( 647.5659439780397406, 822.6937093021267629, 1291.755103218411477 ) ) ;
#3168 = ADVANCED_FACE ( 'NONE', ( #3910 ), #460, .F. ) ;
#3169 = DIRECTION ( 'NONE',  ( -0.08803429357919559384, 0.9376491420330599347, -0.3362499808158784242 ) ) ;
#3170 = LINE ( 'NONE', #6033, #4671 ) ;
#3171 = CARTESIAN_POINT ( 'NONE',  ( -76.20663060241875542, 26.52603562942729098, 4.749999999999997335 ) ) ;
#3172 = CARTESIAN_POINT ( 'NONE',  ( -0.1464123318280105834, -0.3606189843292870734, -0.01955658776666684487 ) ) ;
#3173 = VECTOR ( 'NONE', #7743, 1000.000000000000114 ) ;
#3174 = ORIENTED_EDGE ( 'NONE', *, *, #2608, .F. ) ;
#3175 = CARTESIAN_POINT ( 'NONE',  ( 648.9847587118442789, 805.8540105120729322, 1304.242543707851382 ) ) ;
#3176 = EDGE_CURVE ( 'NONE', #6658, #7865, #2551, .T. ) ;
#3177 = VERTEX_POINT ( 'NONE', #6046 ) ;
#3178 = DIRECTION ( 'NONE',  ( 0.9848077530122070211, -0.1736481776669358268, 0.000000000000000000 ) ) ;
#3179 = EDGE_CURVE ( 'NONE', #5733, #5856, #8818, .T. ) ;
#3180 = VECTOR ( 'NONE', #2423, 1000.000000000000000 ) ;
#3181 =( NAMED_UNIT ( * ) SI_UNIT ( $, .STERADIAN. ) SOLID_ANGLE_UNIT ( ) );
#3182 = VERTEX_POINT ( 'NONE', #4546 ) ;
#3183 = DIRECTION ( 'NONE',  ( 0.000000000000000000, -1.000000000000000000, 0.000000000000000000 ) ) ;
#3184 = DIRECTION ( 'NONE',  ( -1.110223024625149884E-16, -1.000000000000000000, 0.000000000000000000 ) ) ;
#3185 = ORIENTED_EDGE ( 'NONE', *, *, #327, .F. ) ;
#3186 = LINE ( 'NONE', #3322, #2546 ) ;
#3187 = EDGE_LOOP ( 'NONE', ( #2931, #7607 ) ) ;
#3188 = CARTESIAN_POINT ( 'NONE',  ( 99.99999999999995737, 4.499999999999997335, 0.000000000000000000 ) ) ;
#3189 = VECTOR ( 'NONE', #1542, 1000.000000000000114 ) ;
#3190 = CARTESIAN_POINT ( 'NONE',  ( 651.2324618732261570, 781.9138293039400196, 1312.827722439541731 ) ) ;
#3191 = ORIENTED_EDGE ( 'NONE', *, *, #4725, .F. ) ;
#3192 = PLANE ( 'NONE',  #3293 ) ;
#3193 = CARTESIAN_POINT ( 'NONE',  ( -0.1355729733231031409, 0.2100932097154756262, -1.099999999999996758 ) ) ;
#3194 = ORIENTED_EDGE ( 'NONE', *, *, #8526, .F. ) ;
#3195 = CARTESIAN_POINT ( 'NONE',  ( -0.1428897158718689386, -0.2052802584941310071, -1.099999999999996758 ) ) ;
#3196 = DIRECTION ( 'NONE',  ( -0.000000000000000000, 1.734723475976807094E-16, 1.000000000000000000 ) ) ;
#3197 = VERTEX_POINT ( 'NONE', #5365 ) ;
#3198 = EDGE_CURVE ( 'NONE', #2734, #6299, #6089, .T. ) ;
#3199 = VERTEX_POINT ( 'NONE', #1915 ) ;
#3200 = CIRCLE ( 'NONE', #7115, 1.930062516220146129 ) ;
#3201 = FACE_OUTER_BOUND ( 'NONE', #6901, .T. ) ;
#3202 = CYLINDRICAL_SURFACE ( 'NONE', #4122, 1.024999999999999911 ) ;
#3203 = VECTOR ( 'NONE', #3220, 1000.000000000000114 ) ;
#3204 = FACE_OUTER_BOUND ( 'NONE', #2557, .T. ) ;
#3205 = CARTESIAN_POINT ( 'NONE',  ( -19.50000000000003197, 44.00000000000000000, 11.99999999999999645 ) ) ;
#3206 = ADVANCED_FACE ( 'NONE', ( #6636 ), #7459, .T. ) ;
#3207 = ORIENTED_EDGE ( 'NONE', *, *, #8284, .T. ) ;
#3208 = CARTESIAN_POINT ( 'NONE',  ( 0.9137831317018174637, 0.9415847874557209396, -0.07554460927052669694 ) ) ;
#3209 = DIRECTION ( 'NONE',  ( -0.000000000000000000, -0.000000000000000000, -1.000000000000000000 ) ) ;
#3210 = VECTOR ( 'NONE', #7355, 1000.000000000000000 ) ;
#3211 = DIRECTION ( 'NONE',  ( 1.000000000000000000, 0.000000000000000000, 0.000000000000000000 ) ) ;
#3212 = DIRECTION ( 'NONE',  ( 0.08803429357919695386, -0.9376491420330607118, 0.3362499808158757597 ) ) ;
#3213 = ORIENTED_EDGE ( 'NONE', *, *, #8607, .F. ) ;
#3214 = DIRECTION ( 'NONE',  ( -0.08803429357919534404, 0.9376491420330603788, -0.3362499808158775916 ) ) ;
#3215 = CARTESIAN_POINT ( 'NONE',  ( 654.1250252513810892, 805.3647954939667670, 1310.454494171961642 ) ) ;
#3216 = CARTESIAN_POINT ( 'NONE',  ( -71.43931494495727463, -29.26245153023027257, 8.000000000000000000 ) ) ;
#3217 = CARTESIAN_POINT ( 'NONE',  ( -0.1477322601293243054, -0.5226979765794729227, -0.03793186839462024673 ) ) ;
#3218 = EDGE_CURVE ( 'NONE', #5271, #123, #7632, .T. ) ;
#3219 = CIRCLE ( 'NONE', #4378, 1.700000000000010614 ) ;
#3220 = DIRECTION ( 'NONE',  ( 0.9971920195509303975, 0.07488708930073938175, -2.598167837151283475E-17 ) ) ;
#3221 = ORIENTED_EDGE ( 'NONE', *, *, #5394, .F. ) ;
#3222 = CARTESIAN_POINT ( 'NONE',  ( -0.2483133094921124995, -0.02899138370389409136, -1.099999999999996758 ) ) ;
#3223 = ORIENTED_EDGE ( 'NONE', *, *, #8442, .T. ) ;
#3224 = CARTESIAN_POINT ( 'NONE',  ( 649.2282717786499688, 825.9816319379531251, 1291.046035475141707 ) ) ;
#3225 =( LENGTH_UNIT ( ) NAMED_UNIT ( * ) SI_UNIT ( .MILLI., .METRE. ) );
#3226 = ORIENTED_EDGE ( 'NONE', *, *, #1698, .F. ) ;
#3227 = TOROIDAL_SURFACE ( 'NONE', #8162, 4.649999999999999467, 0.2000000000000000111 ) ;
#3228 = PLANE ( 'NONE',  #4963 ) ;
#3229 = LINE ( 'NONE', #8899, #7425 ) ;
#3230 = LINE ( 'NONE', #1274, #2973 ) ;
#3231 = ORIENTED_EDGE ( 'NONE', *, *, #4478, .F. ) ;
#3232 = CARTESIAN_POINT ( 'NONE',  ( 0.1480329632305441845, -0.4929287071773640894, -0.03408192141426123062 ) ) ;
#3233 = EDGE_CURVE ( 'NONE', #2452, #4389, #6861, .T. ) ;
#3234 = EDGE_CURVE ( 'NONE', #3137, #1137, #6174, .T. ) ;
#3235 = LINE ( 'NONE', #1188, #2520 ) ;
#3236 = ORIENTED_EDGE ( 'NONE', *, *, #7665, .T. ) ;
#3237 = CARTESIAN_POINT ( 'NONE',  ( 69.53457828731788481, 0.3202149951545135709, 0.4999999999999935052 ) ) ;
#3238 = CARTESIAN_POINT ( 'NONE',  ( 99.99999999999995737, 0.000000000000000000, 1.460000000000003073 ) ) ;
#3239 = ORIENTED_EDGE ( 'NONE', *, *, #1098, .T. ) ;
#3240 = PLANE ( 'NONE',  #8392 ) ;
#3241 = CARTESIAN_POINT ( 'NONE',  ( -0.2475313329835665543, -0.03568906935931537294, -1.099999999999996758 ) ) ;
#3242 = ORIENTED_EDGE ( 'NONE', *, *, #6843, .T. ) ;
#3244 =( GEOMETRIC_REPRESENTATION_CONTEXT ( 3 ) GLOBAL_UNCERTAINTY_ASSIGNED_CONTEXT ( ( #2614 ) ) GLOBAL_UNIT_ASSIGNED_CONTEXT ( ( #7045, #3006, #2277 ) ) REPRESENTATION_CONTEXT ( 'NONE', 'WORKASPACE' ) );
#3243 = CARTESIAN_POINT ( 'NONE',  ( -0.1493484940815748008, -1.143934087063008809, -0.006944503301090088065 ) ) ;
#3245 = DIRECTION ( 'NONE',  ( -1.000000000000000000, 0.000000000000000000, 0.000000000000000000 ) ) ;
#3246 = CARTESIAN_POINT ( 'NONE',  ( 646.9345689757852824, 827.6904854681824872, 1296.411774227110755 ) ) ;
#3247 = CARTESIAN_POINT ( 'NONE',  ( 0.000000000000000000, 2.092771362693146564, -1.599999999999997202 ) ) ;
#3248 = ADVANCED_FACE ( 'NONE', ( #6943 ), #4173, .F. ) ;
#3249 = ORIENTED_EDGE ( 'NONE', *, *, #4448, .T. ) ;
#3250 = DIRECTION ( 'NONE',  ( -1.000000000000000000, -2.775557561562894802E-16, 0.000000000000000000 ) ) ;
#3251 = AXIS2_PLACEMENT_3D ( 'NONE', #8858, #8139, #6945 ) ;
#3252 = CARTESIAN_POINT ( 'NONE',  ( 0.000000000000000000, 0.000000000000000000, 8.000000000000000000 ) ) ;
#3253 = PRODUCT_DEFINITION_CONTEXT ( 'detailed design', #8022, 'design' ) ;
#3254 = CARTESIAN_POINT ( 'NONE',  ( 644.6312206988595790, 803.7793349929387432, 1299.597020537320759 ) ) ;
#3255 = ADVANCED_FACE ( 'NONE', ( #2720 ), #6428, .F. ) ;
#3256 = CIRCLE ( 'NONE', #4567, 8.000000000000000000 ) ;
#3257 = ORIENTED_EDGE ( 'NONE', *, *, #888, .T. ) ;
#3258 = CIRCLE ( 'NONE', #1811, 1.589999999999975211 ) ;
#3259 = LINE ( 'NONE', #6032, #4627 ) ;
#3260 = DIRECTION ( 'NONE',  ( -0.2533071340251207837, 0.8255093618994411298, -0.5043508592917800293 ) ) ;
#3261 = CARTESIAN_POINT ( 'NONE',  ( 0.000000000000000000, 0.000000000000000000, -11.59999999999999964 ) ) ;
#3262 = EDGE_CURVE ( 'NONE', #5078, #8416, #7483, .T. ) ;
#3263 = CARTESIAN_POINT ( 'NONE',  ( -0.1424708982284988712, -0.8611891789369232608, -0.09770998997694557708 ) ) ;
#3264 = ADVANCED_FACE ( 'NONE', ( #3495 ), #1097, .F. ) ;
#3265 = AXIS2_PLACEMENT_3D ( 'NONE', #5340, #3926, #3380 ) ;
#3266 = CARTESIAN_POINT ( 'NONE',  ( -2.205478028304452831, -0.06000000000004612755, 1.599999999999997202 ) ) ;
#3267 = ORIENTED_EDGE ( 'NONE', *, *, #5054, .T. ) ;
#3268 = CIRCLE ( 'NONE', #3701, 4.799999999999999822 ) ;
#3269 = CARTESIAN_POINT ( 'NONE',  ( 0.1705593585361736553, -0.3119562969152583909, -5.595407092523485559E-05 ) ) ;
#3270 = SHAPE_REPRESENTATION_RELATIONSHIP ( 'NONE' , 'NONE' ,  #8742, #5838 ) ;
#3271 = EDGE_LOOP ( 'NONE', ( #1317, #1934, #3104, #7944 ) ) ;
#3272 = CARTESIAN_POINT ( 'NONE',  ( 646.1333838053667478, 781.9643478373196785, 1306.773092744951100 ) ) ;
#3273 = AXIS2_PLACEMENT_3D ( 'NONE', #4215, #6985, #3539 ) ;
#3274 = DIRECTION ( 'NONE',  ( 0.000000000000000000, 1.000000000000000000, -1.445602896647342072E-15 ) ) ;
#3275 = ORIENTED_EDGE ( 'NONE', *, *, #6674, .T. ) ;
#3276 = DIRECTION ( 'NONE',  ( 0.000000000000000000, 1.000000000000000000, -7.228014483236707402E-16 ) ) ;
#3277 = DIRECTION ( 'NONE',  ( -1.000000000000000000, -0.000000000000000000, -0.000000000000000000 ) ) ;
#3278 = CARTESIAN_POINT ( 'NONE',  ( 645.3689691370720993, 852.3921877952137720, 1286.264239283660572 ) ) ;
#3279 = CARTESIAN_POINT ( 'NONE',  ( 0.3319985242765388644, 0.1611659215506877629, -0.01765771477023336811 ) ) ;
#3280 = VECTOR ( 'NONE', #8631, 1000.000000000000000 ) ;
#3281 = DIRECTION ( 'NONE',  ( -1.000000000000000000, 0.000000000000000000, 0.000000000000000000 ) ) ;
#3282 = ORIENTED_EDGE ( 'NONE', *, *, #4282, .F. ) ;
#3283 = EDGE_CURVE ( 'NONE', #2957, #4139, #6263, .T. ) ;
#3284 = DIRECTION ( 'NONE',  ( -0.08803429357919559384, 0.9376491420330599347, -0.3362499808158784242 ) ) ;
#3285 = CARTESIAN_POINT ( 'NONE',  ( -40.00000000000003553, 42.69999999999999574, -4.000000000000003553 ) ) ;
#3286 = ORIENTED_EDGE ( 'NONE', *, *, #8984, .T. ) ;
#3287 = DIRECTION ( 'NONE',  ( 0.000000000000000000, 0.000000000000000000, -1.000000000000000000 ) ) ;
#3288 = CARTESIAN_POINT ( 'NONE',  ( 0.1460810879383353800, 0.6573063964328145214, -0.05799264771472801422 ) ) ;
#3289 = ORIENTED_EDGE ( 'NONE', *, *, #856, .F. ) ;
#3290 = CIRCLE ( 'NONE', #4445, 2.241350553234059184 ) ;
#3291 = CARTESIAN_POINT ( 'NONE',  ( -0.1541604993688522329, -0.3269046701283306877, -0.006944503301090088065 ) ) ;
#3292 = FACE_OUTER_BOUND ( 'NONE', #2153, .T. ) ;
#3293 = AXIS2_PLACEMENT_3D ( 'NONE', #1790, #8639, #5915 ) ;
#3294 = EDGE_CURVE ( 'NONE', #4170, #8365, #368, .T. ) ;
#3295 = FACE_OUTER_BOUND ( 'NONE', #2573, .T. ) ;
#3296 = EDGE_LOOP ( 'NONE', ( #8591, #5294 ) ) ;
#3297 = CARTESIAN_POINT ( 'NONE',  ( -2.309401076758463400, -1.110223024625156540E-13, 0.1199999999999951106 ) ) ;
#3298 = EDGE_LOOP ( 'NONE', ( #4576, #2883, #8497, #6284 ) ) ;
#3299 = CARTESIAN_POINT ( 'NONE',  ( 648.2216890328166983, 813.9814299614696438, 1301.327973095631251 ) ) ;
#3300 = FACE_OUTER_BOUND ( 'NONE', #3902, .T. ) ;
#3301 = DIRECTION ( 'NONE',  ( -0.000000000000000000, -0.000000000000000000, 1.000000000000000000 ) ) ;
#3302 = EDGE_CURVE ( 'NONE', #6406, #8692, #5537, .T. ) ;
#3303 = VECTOR ( 'NONE', #127, 1000.000000000000000 ) ;
#3304 = ORIENTED_EDGE ( 'NONE', *, *, #1643, .F. ) ;
#3305 = CARTESIAN_POINT ( 'NONE',  ( 0.5293998170346095877, -0.6066120079609693683, -0.08318012041017153191 ) ) ;
#3306 = CARTESIAN_POINT ( 'NONE',  ( 63.84810126582274137, 32.50000000000000000, -11.99999999999999645 ) ) ;
#3307 = PLANE ( 'NONE',  #7850 ) ;
#3308 = CARTESIAN_POINT ( 'NONE',  ( -0.5724802147649075135, 0.5870829615163553061, -0.5500000000000018208 ) ) ;
#3309 = ADVANCED_FACE ( 'NONE', ( #8221 ), #1325, .T. ) ;
#3310 = DIRECTION ( 'NONE',  ( 1.000000000000000000, 2.775557561562894309E-16, 0.000000000000000000 ) ) ;
#3311 = VERTEX_POINT ( 'NONE', #5577 ) ;
#3312 = PLANE ( 'NONE',  #1809 ) ;
#3313 = AXIS2_PLACEMENT_3D ( 'NONE', #8131, #5998, #3363 ) ;
#3314 = ORIENTED_EDGE ( 'NONE', *, *, #1215, .T. ) ;
#3315 = EDGE_CURVE ( 'NONE', #3648, #2470, #6462, .T. ) ;
#3316 = LINE ( 'NONE', #6084, #1322 ) ;
#3317 = CARTESIAN_POINT ( 'NONE',  ( 99.99999999999995737, 1.199999999999996181, 0.000000000000000000 ) ) ;
#3318 = ORIENTED_EDGE ( 'NONE', *, *, #6398, .F. ) ;
#3319 = FACE_OUTER_BOUND ( 'NONE', #7004, .T. ) ;
#3320 = CIRCLE ( 'NONE', #8383, 6.497700000000533826 ) ;
#3321 = DIRECTION ( 'NONE',  ( 1.807003620809174385E-16, 1.000000000000000000, 0.000000000000000000 ) ) ;
#3322 = CARTESIAN_POINT ( 'NONE',  ( -46.04645567546442209, 42.69978418236399165, 8.000000000000000000 ) ) ;
#3323 = B_SPLINE_CURVE_WITH_KNOTS ( 'NONE', 3,
 ( #4658, #6699, #2653, #2522, #8154, #478, #1933 ),
 .UNSPECIFIED., .F., .F.,
 ( 4, 3, 4 ),
 ( 5.421010862427519763E-20, 7.521087705009560094E-05, 0.0001294821963864414155 ),
 .UNSPECIFIED. ) ;
#3324 = EDGE_CURVE ( 'NONE', #7746, #8942, #4129, .T. ) ;
#3325 = CARTESIAN_POINT ( 'NONE',  ( -58.07025870089196928, -22.86473448054507429, 0.7237725540487766063 ) ) ;
#3326 = AXIS2_PLACEMENT_3D ( 'NONE', #6141, #7422, #6056 ) ;
#3327 = ORIENTED_EDGE ( 'NONE', *, *, #5453, .T. ) ;
#3328 = DIRECTION ( 'NONE',  ( 0.000000000000000000, 0.000000000000000000, -1.000000000000000000 ) ) ;
#3329 = CARTESIAN_POINT ( 'NONE',  ( 0.2262728214071849098, -0.1063043286627096684, -1.099999999999996758 ) ) ;
#3330 = ORIENTED_EDGE ( 'NONE', *, *, #6062, .F. ) ;
#3331 = DIRECTION ( 'NONE',  ( 0.000000000000000000, 0.000000000000000000, 1.000000000000000000 ) ) ;
#3332 = CARTESIAN_POINT ( 'NONE',  ( 0.2249545328357610563, -0.1091103562087525347, -1.099999999999996758 ) ) ;
#3333 = ORIENTED_EDGE ( 'NONE', *, *, #6051, .T. ) ;
#3334 = EDGE_CURVE ( 'NONE', #2915, #2734, #2130, .T. ) ;
#3335 = AXIS2_PLACEMENT_3D ( 'NONE', #2104, #4876, #2374 ) ;
#3336 = CARTESIAN_POINT ( 'NONE',  ( -0.09213865896844086745, -0.2325189102971858546, -1.099999999999996758 ) ) ;
#3337 = CARTESIAN_POINT ( 'NONE',  ( -0.3349945607997936725, -0.1605136784185029475, -0.01788498830158913311 ) ) ;
#3338 = DIRECTION ( 'NONE',  ( 0.000000000000000000, 0.000000000000000000, -1.000000000000000000 ) ) ;
#3339 = ORIENTED_EDGE ( 'NONE', *, *, #7447, .T. ) ;
#3340 = DIRECTION ( 'NONE',  ( -0.8795362757889250149, -0.4208991363866369517, 0.2219456162223783224 ) ) ;
#3341 = AXIS2_PLACEMENT_3D ( 'NONE', #7608, #1436, #2325 ) ;
#3342 = ORIENTED_EDGE ( 'NONE', *, *, #3528, .T. ) ;
#3343 = CARTESIAN_POINT ( 'NONE',  ( -19.50000000000003197, 32.69999999999999574, 8.000000000000000000 ) ) ;
#3344 = FACE_OUTER_BOUND ( 'NONE', #3080, .T. ) ;
#3345 = PRODUCT_DEFINITION_CONTEXT ( 'detailed design', #1453, 'design' ) ;
#3346 = ADVANCED_FACE ( 'NONE', ( #4902 ), #4720, .T. ) ;
#3347 = CARTESIAN_POINT ( 'NONE',  ( -10.75000000000003730, 34.89999999999999858, 6.999999999999999112 ) ) ;
#3348 = CIRCLE ( 'NONE', #5241, 49.99999999999994316 ) ;
#3349 = ORIENTED_EDGE ( 'NONE', *, *, #5049, .F. ) ;
#3350 = CARTESIAN_POINT ( 'NONE',  ( 0.3003672735761575563, -0.2002104289819117700, -0.01690487344975510897 ) ) ;
#3351 = CARTESIAN_POINT ( 'NONE',  ( 0.5043405651335504114, 0.1591139511284951624, -0.03596009292519394829 ) ) ;
#3352 = ORIENTED_EDGE ( 'NONE', *, *, #4537, .T. ) ;
#3353 = CARTESIAN_POINT ( 'NONE',  ( 646.9345689757865330, 827.6904854681829420, 1296.411774227111209 ) ) ;
#3354 = CARTESIAN_POINT ( 'NONE',  ( 0.1310298908849330535, -0.2129133684582035224, -1.099999999999996758 ) ) ;
#3355 = VECTOR ( 'NONE', #8889, 1000.000000000000114 ) ;
#3356 = DIRECTION ( 'NONE',  ( -0.5000000000000004441, -0.8660254037844384856, 0.000000000000000000 ) ) ;
#3357 = ORIENTED_EDGE ( 'NONE', *, *, #8912, .F. ) ;
#3358 = DIRECTION ( 'NONE',  ( -0.1610798504276400589, -0.3465180766742037566, -0.9241095737650486530 ) ) ;
#3359 = DIRECTION ( 'NONE',  ( 0.000000000000000000, 0.000000000000000000, 1.000000000000000000 ) ) ;
#3360 = ORIENTED_EDGE ( 'NONE', *, *, #6920, .F. ) ;
#3361 = CARTESIAN_POINT ( 'NONE',  ( -0.6117004174924041138, 0.1578423914816140805, -0.05117077444402409747 ) ) ;
#3362 = CIRCLE ( 'NONE', #4217, 4.650000000000066969 ) ;
#3363 = DIRECTION ( 'NONE',  ( -0.1610798504276505505, -0.3465180766741933205, -0.9241095737650506514 ) ) ;
#3364 = ORIENTED_EDGE ( 'NONE', *, *, #4167, .F. ) ;
#3365 = CARTESIAN_POINT ( 'NONE',  ( 656.8225183168468675, 766.1437485386875323, 1323.352478777841043 ) ) ;
#3366 = CARTESIAN_POINT ( 'NONE',  ( 644.5251820341060238, 829.4269000715198672, 1302.380104707134478 ) ) ;
#3367 = CARTESIAN_POINT ( 'NONE',  ( 0.9137831317017965915, -0.9415847874556099173, -0.07554460927052669694 ) ) ;
#3368 = CARTESIAN_POINT ( 'NONE',  ( 0.3423596826168801011, 0.1608426323384259948, -0.007003512763968655630 ) ) ;
#3369 = EDGE_LOOP ( 'NONE', ( #419, #5771, #1592, #1083, #4757, #5181, #611, #696, #2391, #1940, #6210, #7344, #2369, #6245, #4718, #4145, #3275, #3045 ) ) ;
#3370 = VECTOR ( 'NONE', #1491, 1000.000000000000000 ) ;
#3371 = EDGE_CURVE ( 'NONE', #5328, #2103, #4134, .T. ) ;
#3372 = DIRECTION ( 'NONE',  ( -0.08803429357919559384, 0.9376491420330599347, -0.3362499808158784242 ) ) ;
#3373 = CARTESIAN_POINT ( 'NONE',  ( -55.32150568668554769, -10.05399444193674796, 0.000000000000000000 ) ) ;
#3374 = ORIENTED_EDGE ( 'NONE', *, *, #1368, .T. ) ;
#3375 = CARTESIAN_POINT ( 'NONE',  ( 646.9265274495446647, 827.7761353879360513, 1296.381059343910920 ) ) ;
#3376 = CARTESIAN_POINT ( 'NONE',  ( 0.1292490986362013206, 1.190714019399852219, -0.1855446092705256844 ) ) ;
#3377 = VERTEX_POINT ( 'NONE', #6444 ) ;
#3378 = EDGE_CURVE ( 'NONE', #1115, #2151, #8203, .T. ) ;
#3379 = EDGE_LOOP ( 'NONE', ( #5011, #779 ) ) ;
#3380 = DIRECTION ( 'NONE',  ( 1.000000000000000000, -5.551115123125788619E-16, 0.000000000000000000 ) ) ;
#3381 = DIRECTION ( 'NONE',  ( 0.000000000000000000, 1.342203514768850498E-16, -1.000000000000000000 ) ) ;
#3382 = LINE ( 'NONE', #5554, #2721 ) ;
#3383 = EDGE_CURVE ( 'NONE', #6812, #6996, #6751, .T. ) ;
#3384 = DIRECTION ( 'NONE',  ( 0.9830072456193892361, 0.02719023690005602234, -0.1815418576447334620 ) ) ;
#3385 = EDGE_LOOP ( 'NONE', ( #2964, #1585, #8218, #7156 ) ) ;
#3386 = DIRECTION ( 'NONE',  ( -0.9714137623810679134, -0.1555226214723522404, -0.1793544436779464513 ) ) ;
#3387 = ORIENTED_EDGE ( 'NONE', *, *, #7924, .F. ) ;
#3388 = DIRECTION ( 'NONE',  ( 0.000000000000000000, -1.000000000000000000, 0.000000000000000000 ) ) ;
#3389 = CIRCLE ( 'NONE', #4981, 5.000000000000004441 ) ;
#3390 = DIRECTION ( 'NONE',  ( -0.6501551545066136528, -0.3098309877324756934, -0.6937600695551738861 ) ) ;
#3391 = CARTESIAN_POINT ( 'NONE',  ( -28.73285931129493420, 44.00000000000000711, 9.028120072495239512 ) ) ;
#3392 = ORIENTED_EDGE ( 'NONE', *, *, #1107, .F. ) ;
#3393 = CARTESIAN_POINT ( 'NONE',  ( 0.4243588610911937509, -0.3488736432006647181, -0.03879293470140015437 ) ) ;
#3394 = ADVANCED_FACE ( 'NONE', ( #4304 ), #2943, .T. ) ;
#3395 = VECTOR ( 'NONE', #8452, 1000.000000000000000 ) ;
#3396 = DIRECTION ( 'NONE',  ( -0.1610798504274985610, -0.3465180766741939866, -0.9241095737650769637 ) ) ;
#3397 = EDGE_LOOP ( 'NONE', ( #1888, #8553 ) ) ;
#3398 = FACE_OUTER_BOUND ( 'NONE', #2367, .T. ) ;
#3399 = CARTESIAN_POINT ( 'NONE',  ( -0.4676193964515476531, -0.3984207530458028224, -0.005503671348411343089 ) ) ;
#3400 = EDGE_LOOP ( 'NONE', ( #7598, #422, #7814, #1434 ) ) ;
#3401 = FACE_OUTER_BOUND ( 'NONE', #7424, .T. ) ;
#3402 = VECTOR ( 'NONE', #8644, 1000.000000000000114 ) ;
#3403 = ORIENTED_EDGE ( 'NONE', *, *, #98, .F. ) ;
#3404 = CYLINDRICAL_SURFACE ( 'NONE', #3967, 3.750000000000059064 ) ;
#3405 = CARTESIAN_POINT ( 'NONE',  ( 0.8339026322488202192, -0.8599793969536334570, -0.1856042097749879827 ) ) ;
#3406 = VERTEX_POINT ( 'NONE', #7760 ) ;
#3407 = CARTESIAN_POINT ( 'NONE',  ( 0.3013393288552393412, -0.2008583544436531865, -0.005503680371526931125 ) ) ;
#3408 = CARTESIAN_POINT ( 'NONE',  ( -48.00000000000004263, 37.69999999999999574, -4.000000000000003553 ) ) ;
#3409 = CARTESIAN_POINT ( 'NONE',  ( 0.9115085063132952747, -0.9437869286386679768, -0.07554460927052669694 ) ) ;
#3410 = AXIS2_PLACEMENT_3D ( 'NONE', #1293, #4057, #6787 ) ;
#3411 = CARTESIAN_POINT ( 'NONE',  ( 644.7235333806872859, 826.9709444568447907, 1303.435428163441657 ) ) ;
#3412 = VERTEX_POINT ( 'NONE', #7897 ) ;
#3413 = CARTESIAN_POINT ( 'NONE',  ( 1.197496208898182868, -0.02253926236753245327, -0.1855446070539099046 ) ) ;
#3414 = EDGE_CURVE ( 'NONE', #1086, #1238, #7074, .T. ) ;
#3415 = DIRECTION ( 'NONE',  ( 1.000000000000000000, 0.000000000000000000, 0.000000000000000000 ) ) ;
#3416 = CARTESIAN_POINT ( 'NONE',  ( 651.6257875192205802, 777.7245362510817586, 1314.330043132330957 ) ) ;
#3417 = EDGE_LOOP ( 'NONE', ( #7987, #6692, #3741, #7506 ) ) ;
#3418 = DIRECTION ( 'NONE',  ( -0.3779644730092253102, -0.6546536707079789741, -0.6546536707079763096 ) ) ;
#3419 = CARTESIAN_POINT ( 'NONE',  ( 0.1475215003481235299, 0.5431168696661474726, -0.04068993536784791532 ) ) ;
#3420 = ORIENTED_EDGE ( 'NONE', *, *, #7043, .F. ) ;
#3421 = VECTOR ( 'NONE', #4640, 1000.000000000000000 ) ;
#3422 = EDGE_CURVE ( 'NONE', #453, #7087, #1682, .T. ) ;
#3423 = VERTEX_POINT ( 'NONE', #8572 ) ;
#3424 = DIRECTION ( 'NONE',  ( 0.8795362757889247929, 0.4208991363866370072, 0.2219456162223789608 ) ) ;
#3425 = CARTESIAN_POINT ( 'NONE',  ( 646.4895014291713551, 829.8416359970157146, 1302.526884330060739 ) ) ;
#3426 = EDGE_CURVE ( 'NONE', #8836, #5205, #3716, .T. ) ;
#3427 = CARTESIAN_POINT ( 'NONE',  ( -0.8356288615557344590, 0.8581423011432415260, -0.1855680528382377958 ) ) ;
#3428 = DIRECTION ( 'NONE',  ( -0.08803429357922869236, 0.9376491420330659299, -0.3362499808158530001 ) ) ;
#3429 = EDGE_LOOP ( 'NONE', ( #6154, #8966, #1784, #2295 ) ) ;
#3430 = DIRECTION ( 'NONE',  ( -0.05375820197658020411, 0.08660077874591856628, -0.9947916167926053044 ) ) ;
#3431 = EDGE_LOOP ( 'NONE', ( #2330, #2469 ) ) ;
#3432 = VECTOR ( 'NONE', #4390, 1000.000000000000000 ) ;
#3433 = DIRECTION ( 'NONE',  ( 0.08803429357919508036, -0.9376491420330606008, 0.3362499808158768699 ) ) ;
#3434 = FACE_OUTER_BOUND ( 'NONE', #7780, .T. ) ;
#3435 = CARTESIAN_POINT ( 'NONE',  ( 0.2320001243555352699, -0.3438588102264242830, -0.02184249401781234931 ) ) ;
#3436 = DIRECTION ( 'NONE',  ( -0.08803429357919508036, 0.9376491420330606008, -0.3362499808158768699 ) ) ;
#3437 = ADVANCED_FACE ( 'NONE', ( #7030 ), #855, .F. ) ;
#3438 = ORIENTED_EDGE ( 'NONE', *, *, #474, .F. ) ;
#3439 = CARTESIAN_POINT ( 'NONE',  ( 0.3095718221970203410, -0.1745440702303063807, -0.01639061254347928820 ) ) ;
#3440 = CARTESIAN_POINT ( 'NONE',  ( 0.5717774114306363176, -0.1583336873848725512, -0.04520848661065246521 ) ) ;
#3441 = STYLED_ITEM ( 'NONE', ( #5672 ), #4131 ) ;
#3442 = DIRECTION ( 'NONE',  ( 1.000000000000000000, 0.000000000000000000, 0.000000000000000000 ) ) ;
#3443 = EDGE_CURVE ( 'NONE', #1736, #4090, #1388, .T. ) ;
#3444 = ORIENTED_EDGE ( 'NONE', *, *, #86, .T. ) ;
#3445 = CYLINDRICAL_SURFACE ( 'NONE', #5128, 4.999999999999997335 ) ;
#3446 = CARTESIAN_POINT ( 'NONE',  ( -5.055563173821026268, 9.969247618609081485, 6.999999999999999112 ) ) ;
#3447 = ORIENTED_EDGE ( 'NONE', *, *, #3521, .F. ) ;
#3448 = CARTESIAN_POINT ( 'NONE',  ( -51.70522151952335577, -17.09815470596434750, 0.000000000000000000 ) ) ;
#3449 = VECTOR ( 'NONE', #345, 1000.000000000000000 ) ;
#3450 = CARTESIAN_POINT ( 'NONE',  ( -1.154700538379252350, 1.999999999999890754, 0.1199999999999951106 ) ) ;
#3451 = CARTESIAN_POINT ( 'NONE',  ( 644.5251290454243644, 853.3533174354330413, 1287.208836401181316 ) ) ;
#3452 = EDGE_CURVE ( 'NONE', #8777, #5793, #5034, .T. ) ;
#3453 = PRODUCT_DEFINITION ( 'UNKNOWN', '', #2471, #8707 ) ;
#3454 = CARTESIAN_POINT ( 'NONE',  ( 99.99999999999995737, 4.499999999999997335, 0.000000000000000000 ) ) ;
#3455 = ORIENTED_EDGE ( 'NONE', *, *, #5392, .T. ) ;
#3456 = EDGE_CURVE ( 'NONE', #6587, #8090, #2308, .T. ) ;
#3457 = FACE_OUTER_BOUND ( 'NONE', #4595, .T. ) ;
#3458 = DIRECTION ( 'NONE',  ( 0.000000000000000000, 0.000000000000000000, -1.000000000000000000 ) ) ;
#3459 = LINE ( 'NONE', #6992, #5035 ) ;
#3460 = ORIENTED_EDGE ( 'NONE', *, *, #6223, .T. ) ;
#3461 = CARTESIAN_POINT ( 'NONE',  ( -2.000000000000029310, 52.99999999999999289, 3.999999999999996447 ) ) ;
#3462 = AXIS2_PLACEMENT_3D ( 'NONE', #4168, #2759, #2844 ) ;
#3463 = DIRECTION ( 'NONE',  ( -0.000000000000000000, -1.000000000000000000, -0.000000000000000000 ) ) ;
#3464 = ORIENTED_EDGE ( 'NONE', *, *, #278, .F. ) ;
#3465 = PRESENTATION_LAYER_ASSIGNMENT (  '', '', ( #7669 ) ) ;
#3466 = ORIENTED_EDGE ( 'NONE', *, *, #3515, .T. ) ;
#3467 = VERTEX_POINT ( 'NONE', #5084 ) ;
#3468 = CARTESIAN_POINT ( 'NONE',  ( -0.1157214820161137081, -0.2216396306715384679, -1.099999999999996758 ) ) ;
#3469 = CARTESIAN_POINT ( 'NONE',  ( -0.1428897158718689386, 0.2052802584941865183, -1.099999999999996758 ) ) ;
#3470 = CARTESIAN_POINT ( 'NONE',  ( 0.02697841726616995173, 0.2485400671961152108, -1.099999999999996758 ) ) ;
#3471 = CARTESIAN_POINT ( 'NONE',  ( -0.5674346639497784839, 0.5222173394505488231, -0.07630245999704006465 ) ) ;
#3472 = ORIENTED_EDGE ( 'NONE', *, *, #3972, .F. ) ;
#3473 = ORIENTED_EDGE ( 'NONE', *, *, #1091, .T. ) ;
#3474 = CARTESIAN_POINT ( 'NONE',  ( -1.189627661050809859, 0.1388928851896176209, -0.1855446092705256844 ) ) ;
#3475 =( GEOMETRIC_REPRESENTATION_CONTEXT ( 3 ) GLOBAL_UNCERTAINTY_ASSIGNED_CONTEXT ( ( #1162 ) ) GLOBAL_UNIT_ASSIGNED_CONTEXT ( ( #3776, #3822, #6556 ) ) REPRESENTATION_CONTEXT ( 'NONE', 'WORKASPACE' ) );
#3476 = CARTESIAN_POINT ( 'NONE',  ( 0.000000000000000000, 0.000000000000000000, 6.999999999999999112 ) ) ;
#3477 = TOROIDAL_SURFACE ( 'NONE', #6815, 4.450000000000000178, 0.2000000000000000111 ) ;
#3478 = EDGE_CURVE ( 'NONE', #5328, #1336, #5180, .T. ) ;
#3479 = DIRECTION ( 'NONE',  ( -0.1054859255419170472, -0.04955792051542521476, -0.9931851448882790256 ) ) ;
#3480 = CARTESIAN_POINT ( 'NONE',  ( 0.2483133094921610717, -0.02899138370379694685, -1.099999999999996758 ) ) ;
#3481 = EDGE_LOOP ( 'NONE', ( #8254, #7915, #2793, #4715, #6008, #5371, #5310, #5323, #6584, #5231, #7846, #1313 ) ) ;
#3482 = PLANE ( 'NONE',  #8136 ) ;
#3483 = APPLICATION_CONTEXT ( 'automotive_design' ) ;
#3484 = CARTESIAN_POINT ( 'NONE',  ( 0.1636149652514684583, 0.1891761046621392994, -1.099999999999996758 ) ) ;
#3485 = CIRCLE ( 'NONE', #6383, 5.000000000000004441 ) ;
#3486 = DIRECTION ( 'NONE',  ( -1.000000000000000000, -0.000000000000000000, -0.000000000000000000 ) ) ;
#3487 = CARTESIAN_POINT ( 'NONE',  ( 0.000000000000000000, 0.000000000000000000, 0.000000000000000000 ) ) ;
#3488 = ORIENTED_EDGE ( 'NONE', *, *, #4785, .F. ) ;
#3489 = CARTESIAN_POINT ( 'NONE',  ( -46.00000000000004263, 37.69999999999998863, 16.00000000000000000 ) ) ;
#3490 = LINE ( 'NONE', #806, #3862 ) ;
#3491 = PLANE ( 'NONE',  #7134 ) ;
#3492 = EDGE_CURVE ( 'NONE', #3199, #2042, #7913, .T. ) ;
#3493 = VECTOR ( 'NONE', #387, 1000.000000000000000 ) ;
#3494 = CARTESIAN_POINT ( 'NONE',  ( -0.1478664344421865007, 0.5096046138369981771, -0.03621124102005509465 ) ) ;
#3495 = FACE_OUTER_BOUND ( 'NONE', #5226, .T. ) ;
#3496 = CARTESIAN_POINT ( 'NONE',  ( 1.287498407577816639, 0.1603930370022016438, -0.007003512763968655630 ) ) ;
#3497 = CIRCLE ( 'NONE', #1180, 4.799999999999998934 ) ;
#3498 = ORIENTED_EDGE ( 'NONE', *, *, #2891, .F. ) ;
#3499 = CARTESIAN_POINT ( 'NONE',  ( 2.309401076758504701, 0.000000000000000000, 0.1200000000000020495 ) ) ;
#3500 = DIRECTION ( 'NONE',  ( -0.08803429357920995735, 0.9376491420330593796, -0.3362499808158762038 ) ) ;
#3501 = DIRECTION ( 'NONE',  ( 0.9999975280568982328, 0.002223483773949266277, -0.000000000000000000 ) ) ;
#3502 = ORIENTED_EDGE ( 'NONE', *, *, #3176, .T. ) ;
#3503 = CARTESIAN_POINT ( 'NONE',  ( -46.00000000000004263, 37.69999999999998863, -7.999999999999992895 ) ) ;
#3504 = LINE ( 'NONE', #6362, #4999 ) ;
#3505 = VERTEX_POINT ( 'NONE', #809 ) ;
#3506 = EDGE_CURVE ( 'NONE', #2283, #1796, #8530, .T. ) ;
#3507 = ADVANCED_FACE ( 'NONE', ( #3582 ), #6349, .T. ) ;
#3508 = SHAPE_REPRESENTATION ( '9087646', ( #4639 ), #5364 ) ;
#3509 = VECTOR ( 'NONE', #3260, 1000.000000000000114 ) ;
#3510 = VERTEX_POINT ( 'NONE', #6403 ) ;
#3511 = CARTESIAN_POINT ( 'NONE',  ( 651.2324618732261570, 781.9138293039397922, 1312.827722439530817 ) ) ;
#3512 = DIRECTION ( 'NONE',  ( 0.000000000000000000, -1.734723475976808574E-16, -1.000000000000000000 ) ) ;
#3513 = CARTESIAN_POINT ( 'NONE',  ( 0.03618690572199795286, -1.197298200243890332, -0.1855446063565233117 ) ) ;
#3514 = CARTESIAN_POINT ( 'NONE',  ( -0.4781917525977134598, 0.4137618614128706906, -0.05116557227277705039 ) ) ;
#3515 = EDGE_CURVE ( 'NONE', #5271, #7388, #3995, .T. ) ;
#3516 = VERTEX_POINT ( 'NONE', #8485 ) ;
#3517 = VECTOR ( 'NONE', #3884, 1000.000000000000000 ) ;
#3518 = ORIENTED_EDGE ( 'NONE', *, *, #5320, .F. ) ;
#3519 = CARTESIAN_POINT ( 'NONE',  ( 0.1487491335044462959, -0.4055006038745058716, -0.02408184751513025093 ) ) ;
#3520 = CARTESIAN_POINT ( 'NONE',  ( -0.2222148463932593909, 0.1146708022529280280, -1.099999999999996758 ) ) ;
#3521 = EDGE_CURVE ( 'NONE', #4911, #7637, #5713, .T. ) ;
#3522 = CARTESIAN_POINT ( 'NONE',  ( 0.4478481311517941710, 0.3771804503882216775, -0.04403718785022465304 ) ) ;
#3523 = CARTESIAN_POINT ( 'NONE',  ( -26.03138600932634361, 16.25718898737822826, 3.250000000000002665 ) ) ;
#3524 = ORIENTED_EDGE ( 'NONE', *, *, #1398, .F. ) ;
#3525 = CARTESIAN_POINT ( 'NONE',  ( 0.7834936490538902953, 9.595029894661246912E-17, 1.599999999999997202 ) ) ;
#3526 = VECTOR ( 'NONE', #3576, 1000.000000000000000 ) ;
#3527 = DIRECTION ( 'NONE',  ( -0.8660254037844388186, -0.4999999999999996669, 0.000000000000000000 ) ) ;
#3528 = EDGE_CURVE ( 'NONE', #1299, #6631, #902, .T. ) ;
#3529 = FACE_OUTER_BOUND ( 'NONE', #2335, .T. ) ;
#3530 = APPLICATION_PROTOCOL_DEFINITION ( 'draft international standard', 'automotive_design', 1998, #103 ) ;
#3531 = EDGE_LOOP ( 'NONE', ( #6368, #4068, #1505, #1062, #1680, #7673 ) ) ;
#3532 = CARTESIAN_POINT ( 'NONE',  ( 0.1318513288453351806, -0.2124034535540830770, -1.099999999999996758 ) ) ;
#3533 = AXIS2_PLACEMENT_3D ( 'NONE', #1099, #6007, #1008 ) ;
#3534 = PLANE ( 'NONE',  #8381 ) ;
#3535 = EDGE_CURVE ( 'NONE', #6266, #7101, #7307, .T. ) ;
#3536 = CARTESIAN_POINT ( 'NONE',  ( -7.000000000000033751, 52.49999999999999289, 4.799999999999999822 ) ) ;
#3537 = EDGE_CURVE ( 'NONE', #6852, #1129, #5612, .T. ) ;
#3538 = CARTESIAN_POINT ( 'NONE',  ( -0.1480329632305647791, 0.4929287071778259421, -0.03408192141432010019 ) ) ;
#3539 = DIRECTION ( 'NONE',  ( 1.000000000000000000, 0.000000000000000000, 0.000000000000000000 ) ) ;
#3540 = B_SPLINE_CURVE_WITH_KNOTS ( 'NONE', 3,
 ( #2424, #1752, #1105, #1148 ),
 .UNSPECIFIED., .F., .F.,
 ( 4, 4 ),
 ( 0.000000000000000000, 1.000000000000000000 ),
 .UNSPECIFIED. ) ;
#3541 = CARTESIAN_POINT ( 'NONE',  ( 647.3149358089509633, 823.6392161244106092, 1297.864598293230529 ) ) ;
#3542 = ORIENTED_EDGE ( 'NONE', *, *, #1791, .F. ) ;
#3543 = CARTESIAN_POINT ( 'NONE',  ( 99.99999999999995737, 0.000000000000000000, -11.99999999999999645 ) ) ;
#3544 = CARTESIAN_POINT ( 'NONE',  ( 0.06371178680807804140, 0.2419577080546575498, -1.099999999999996758 ) ) ;
#3545 = AXIS2_PLACEMENT_3D ( 'NONE', #7844, #439, #1720 ) ;
#3546 = VERTEX_POINT ( 'NONE', #8667 ) ;
#3547 = AXIS2_PLACEMENT_3D ( 'NONE', #3782, #376, #4422 ) ;
#3548 = CARTESIAN_POINT ( 'NONE',  ( -1.110223024625156540E-16, -1.000000000000005551, -11.40000000000000036 ) ) ;
#3549 = DIRECTION ( 'NONE',  ( 0.9848077530122072432, -0.1736481776669350774, 0.000000000000000000 ) ) ;
#3550 = EDGE_LOOP ( 'NONE', ( #3012, #2019 ) ) ;
#3551 = EDGE_CURVE ( 'NONE', #5928, #7874, #3590, .T. ) ;
#3552 = EDGE_CURVE ( 'NONE', #8079, #177, #5043, .T. ) ;
#3553 = DIRECTION ( 'NONE',  ( 0.6501551545065891169, 0.3098309877324721406, 0.6937600695551985330 ) ) ;
#3554 = VERTEX_POINT ( 'NONE', #490 ) ;
#3555 = LINE ( 'NONE', #6322, #5069 ) ;
#3556 = LINE ( 'NONE', #6323, #7642 ) ;
#3557 = FACE_OUTER_BOUND ( 'NONE', #3775, .T. ) ;
#3558 = ORIENTED_EDGE ( 'NONE', *, *, #3656, .F. ) ;
#3559 = AXIS2_PLACEMENT_3D ( 'NONE', #4856, #4949, #5452 ) ;
#3560 = DIRECTION ( 'NONE',  ( 0.1610798504276338139, 0.3465180766741977059, 0.9241095737650519837 ) ) ;
#3561 = DIRECTION ( 'NONE',  ( -0.6501551545066133198, -0.3098309877324793016, -0.6937600695551726648 ) ) ;
#3562 = VERTEX_POINT ( 'NONE', #5353 ) ;
#3563 = VERTEX_POINT ( 'NONE', #4535 ) ;
#3564 = CARTESIAN_POINT ( 'NONE',  ( 2.323442952138088272E-16, 2.092771362693152337, -1.599999999999997202 ) ) ;
#3565 = EDGE_CURVE ( 'NONE', #8149, #2480, #352, .T. ) ;
#3566 = AXIS2_PLACEMENT_3D ( 'NONE', #7232, #5775, #7277 ) ;
#3567 = DIRECTION ( 'NONE',  ( 0.9714137623810723543, 0.1555226214723355593, 0.1793544436779362095 ) ) ;
#3568 = FACE_BOUND ( 'NONE', #4465, .T. ) ;
#3569 = CARTESIAN_POINT ( 'NONE',  ( 0.7006958982530185898, 0.1564292527367629748, -0.06604791436729293141 ) ) ;
#3570 = ORIENTED_EDGE ( 'NONE', *, *, #8519, .T. ) ;
#3571 = CARTESIAN_POINT ( 'NONE',  ( 648.9847587118442789, 805.8540105120729322, 1304.242543707851382 ) ) ;
#3572 = CARTESIAN_POINT ( 'NONE',  ( 0.1534636753231094497, 0.1975001589623603948, -1.099999999999996758 ) ) ;
#3573 = DIRECTION ( 'NONE',  ( -0.000000000000000000, 0.000000000000000000, 1.000000000000000000 ) ) ;
#3574 = APPLICATION_PROTOCOL_DEFINITION ( 'draft international standard', 'automotive_design', 1998, #8648 ) ;
#3575 = VERTEX_POINT ( 'NONE', #8124 ) ;
#3576 = DIRECTION ( 'NONE',  ( 0.000000000000000000, 0.000000000000000000, -1.000000000000000000 ) ) ;
#3577 = FACE_OUTER_BOUND ( 'NONE', #354, .T. ) ;
#3578 = AXIS2_PLACEMENT_3D ( 'NONE', #8058, #3823, #8012 ) ;
#3579 = CARTESIAN_POINT ( 'NONE',  ( -0.2178001925595002275, 0.1228491913548013237, -1.099999999999996758 ) ) ;
#3580 = EDGE_CURVE ( 'NONE', #3575, #6119, #8431, .T. ) ;
#3581 = CARTESIAN_POINT ( 'NONE',  ( -0.1487491335044037466, 0.4055006038747402952, -0.02408184751515241029 ) ) ;
#3582 = FACE_OUTER_BOUND ( 'NONE', #461, .T. ) ;
#3583 = AXIS2_PLACEMENT_3D ( 'NONE', #2441, #3169, #6532 ) ;
#3584 = CARTESIAN_POINT ( 'NONE',  ( -0.3116212298047646989, -0.4147569172266891702, -0.03461362789770881798 ) ) ;
#3585 = ORIENTED_EDGE ( 'NONE', *, *, #3895, .F. ) ;
#3586 = CYLINDRICAL_SURFACE ( 'NONE', #7353, 3.000000000000002665 ) ;
#3587 =( NAMED_UNIT ( * ) SI_UNIT ( $, .STERADIAN. ) SOLID_ANGLE_UNIT ( ) );
#3588 = CARTESIAN_POINT ( 'NONE',  ( -45.00000000000004263, 37.69999999999999574, -4.000000000000003553 ) ) ;
#3589 = ORIENTED_EDGE ( 'NONE', *, *, #5225, .T. ) ;
#3590 = CIRCLE ( 'NONE', #4021, 6.497700000000010689 ) ;
#3591 = DIRECTION ( 'NONE',  ( 0.6501551545067332238, 0.3098309877324711414, 0.6937600695550641960 ) ) ;
#3592 = ADVANCED_FACE ( 'NONE', ( #6121 ), #8888, .F. ) ;
#3593 = CARTESIAN_POINT ( 'NONE',  ( 31.99999999999995737, 4.499999999999997335, 11.99999999999999645 ) ) ;
#3594 = CARTESIAN_POINT ( 'NONE',  ( -5.055563173821026268, 9.969247618609081485, 6.999999999999999112 ) ) ;
#3595 = DIRECTION ( 'NONE',  ( 0.1054859255419168529, -0.04955792051542529109, -0.9931851448882790256 ) ) ;
#3596 = ORIENTED_EDGE ( 'NONE', *, *, #3324, .F. ) ;
#3597 = B_SPLINE_CURVE_WITH_KNOTS ( 'NONE', 3,
 ( #8895, #1319, #6857, #634, #3405, #5322, #4634, #1181, #6720, #4678 ),
 .UNSPECIFIED., .F., .F.,
 ( 4, 3, 3, 4 ),
 ( 0.000000000000000000, 2.520687103428885155E-06, 5.041377495044309903E-06, 8.629767795653188727E-06 ),
 .UNSPECIFIED. ) ;
#3598 = DIRECTION ( 'NONE',  ( 0.000000000000000000, 0.000000000000000000, 1.000000000000000000 ) ) ;
#3599 = VERTEX_POINT ( 'NONE', #6802 ) ;
#3600 = B_SPLINE_SURFACE_WITH_KNOTS ( 'NONE', 3, 1, ( 
 ( #1212, #5989 ),
 ( #8758, #8082 ),
 ( #1858, #349 ),
 ( #8615, #8122 ),
 ( #4624, #1724 ),
 ( #4486, #5220 ),
 ( #7397, #3941 ) ),
 .UNSPECIFIED., .F., .F., .F.,
 ( 4, 1, 1, 1, 4 ),
 ( 2, 2 ),
 ( 0.000000000000000000, 0.2500000000000000000, 0.5000000000000000000, 0.7500000000000000000, 1.000000000000000000 ),
 ( 0.1627338349759995251, 1.000000000000000000 ),
 .UNSPECIFIED. ) ;
#3601 = CARTESIAN_POINT ( 'NONE',  ( 652.9419002082286170, 763.7066815776864814, 1319.356980345531156 ) ) ;
#3602 = DIRECTION ( 'NONE',  ( -0.9830072456193927888, -0.02719023690006367941, 0.1815418576447134502 ) ) ;
#3603 = CARTESIAN_POINT ( 'NONE',  ( 648.9737737827149431, 805.9710104782867575, 1304.200586397141251 ) ) ;
#3604 = ORIENTED_EDGE ( 'NONE', *, *, #2336, .T. ) ;
#3605 = CARTESIAN_POINT ( 'NONE',  ( -10.75000000000003730, 32.50000000000000000, 6.999999999999999112 ) ) ;
#3606 = DIRECTION ( 'NONE',  ( -0.5000000000000006661, -0.8660254037844383745, 0.000000000000000000 ) ) ;
#3607 = ORIENTED_EDGE ( 'NONE', *, *, #3895, .T. ) ;
#3608 = AXIS2_PLACEMENT_3D ( 'NONE', #3743, #193, #4383 ) ;
#3609 = EDGE_CURVE ( 'NONE', #6927, #2906, #101, .T. ) ;
#3610 = ORIENTED_EDGE ( 'NONE', *, *, #4611, .F. ) ;
#3611 = DIRECTION ( 'NONE',  ( 0.08803429357919508036, -0.9376491420330606008, 0.3362499808158768699 ) ) ;
#3612 = CARTESIAN_POINT ( 'NONE',  ( -1.221245327087672293E-16, -1.100000000000006306, -1.599999999999998312 ) ) ;
#3613 = DIRECTION ( 'NONE',  ( 0.1610798504276475807, 0.3465180766741972063, 0.9241095737650496522 ) ) ;
#3614 = ORIENTED_EDGE ( 'NONE', *, *, #4929, .F. ) ;
#3615 = CARTESIAN_POINT ( 'NONE',  ( -0.8361759912694083363, 0.8575050536983319649, -0.1855446092705256844 ) ) ;
#3616 = CLOSED_SHELL ( 'NONE', ( #1250, #2482, #1912, #2766, #7072, #6998, #3757, #5882, #448, #7308, #4790, #8430, #3168, #8148, #2284, #6204, #7974, #7869, #7602, #3309, #8377, #2168 ) ) ;
#3617 = EDGE_CURVE ( 'NONE', #1669, #7810, #5478, .T. ) ;
#3618 = DIRECTION ( 'NONE',  ( 0.4986799762411405768, -0.5188157011179267419, -0.6943691738330910468 ) ) ;
#3619 = AXIS2_PLACEMENT_3D ( 'NONE', #5401, #4717, #1267 ) ;
#3620 = FACE_OUTER_BOUND ( 'NONE', #1183, .T. ) ;
#3621 = SHAPE_DEFINITION_REPRESENTATION ( #3060, #7519 ) ;
#3622 = EDGE_LOOP ( 'NONE', ( #3667, #4632, #2983, #1554, #184 ) ) ;
#3623 = CARTESIAN_POINT ( 'NONE',  ( 646.5827028556481082, 829.7102256082840768, 1302.136038924900959 ) ) ;
#3624 = CARTESIAN_POINT ( 'NONE',  ( 0.5087433070437853422, 0.5885633575207184220, -0.07765802454798126364 ) ) ;
#3625 = CARTESIAN_POINT ( 'NONE',  ( 1.628127759114736506, -0.9400000000000380274, 1.599999999999997202 ) ) ;
#3626 = CARTESIAN_POINT ( 'NONE',  ( -5.055563173821026268, 9.969247618609081485, 0.000000000000000000 ) ) ;
#3627 = CARTESIAN_POINT ( 'NONE',  ( -1.860717438988357397, -8.326672684688674053E-14, 1.868571428571427884 ) ) ;
#3628 = VECTOR ( 'NONE', #8586, 1000.000000000000114 ) ;
#3629 = FACE_OUTER_BOUND ( 'NONE', #8183, .T. ) ;
#3630 = ORIENTED_EDGE ( 'NONE', *, *, #8753, .F. ) ;
#3631 = CARTESIAN_POINT ( 'NONE',  ( -54.70522151952335577, -17.09815470596434750, 0.000000000000000000 ) ) ;
#3632 = CIRCLE ( 'NONE', #4799, 6.000000000000361489 ) ;
#3633 = AXIS2_PLACEMENT_3D ( 'NONE', #4235, #7053, #833 ) ;
#3634 = B_SPLINE_SURFACE_WITH_KNOTS ( 'NONE', 3, 1, ( 
 ( #7338, #3879 ),
 ( #7474, #8194 ),
 ( #5465, #4010 ),
 ( #8233, #5420 ) ),
 .UNSPECIFIED., .F., .F., .F.,
 ( 4, 4 ),
 ( 2, 2 ),
 ( 0.000000000000000000, 1.000000000000000000 ),
 ( 0.06867691751865850902, 1.000000000000000000 ),
 .UNSPECIFIED. ) ;
#3635 = EDGE_LOOP ( 'NONE', ( #8982, #1095, #7138, #1268 ) ) ;
#3636 = CARTESIAN_POINT ( 'NONE',  ( -40.00000000000003553, 43.15386068643125128, -4.000000000000003553 ) ) ;
#3637 = CARTESIAN_POINT ( 'NONE',  ( -0.8144676551341754056, -0.09509173854881092236, -0.5500000000000018208 ) ) ;
#3638 = VERTEX_POINT ( 'NONE', #658 ) ;
#3639 = FACE_OUTER_BOUND ( 'NONE', #5965, .T. ) ;
#3640 = ORIENTED_EDGE ( 'NONE', *, *, #1985, .F. ) ;
#3641 = VECTOR ( 'NONE', #8886, 1000.000000000000114 ) ;
#3642 = B_SPLINE_CURVE_WITH_KNOTS ( 'NONE', 3,
 ( #8308, #2048, #3411, #4002 ),
 .UNSPECIFIED., .F., .F.,
 ( 4, 4 ),
 ( 0.000000000000000000, 1.000000000000000000 ),
 .UNSPECIFIED. ) ;
#3643 = LINE ( 'NONE', #2958, #487 ) ;
#3644 = EDGE_CURVE ( 'NONE', #5793, #8542, #2823, .T. ) ;
#3645 = ORIENTED_EDGE ( 'NONE', *, *, #8820, .F. ) ;
#3646 = CARTESIAN_POINT ( 'NONE',  ( 45.58031608298559689, 43.99999999999999289, 11.99999999999999645 ) ) ;
#3647 = CYLINDRICAL_SURFACE ( 'NONE', #7515, 3.000000000000002665 ) ;
#3648 = VERTEX_POINT ( 'NONE', #8235 ) ;
#3649 = CARTESIAN_POINT ( 'NONE',  ( -0.1106175492957897633, 0.2242159673608024040, -1.099999999999996758 ) ) ;
#3650 = CARTESIAN_POINT ( 'NONE',  ( -60.43631699833530746, -2.148074756293167020, 0.000000000000000000 ) ) ;
#3651 = EDGE_CURVE ( 'NONE', #1596, #8040, #2003, .T. ) ;
#3652 = ORIENTED_EDGE ( 'NONE', *, *, #7084, .F. ) ;
#3653 = ORIENTED_EDGE ( 'NONE', *, *, #7161, .F. ) ;
#3654 = B_SPLINE_CURVE_WITH_KNOTS ( 'NONE', 3,
 ( #2389, #6568, #2523, #1848, #5165, #1714, #7252 ),
 .UNSPECIFIED., .F., .F.,
 ( 4, 1, 1, 1, 4 ),
 ( 0.000000000000000000, 0.2500000000000000000, 0.5000000000000000000, 0.7500000000000000000, 1.000000000000000000 ),
 .UNSPECIFIED. ) ;
#3655 = CARTESIAN_POINT ( 'NONE',  ( 0.2501407563290161673, 5.551115123125782702E-14, -1.099999999999996758 ) ) ;
#3656 = EDGE_CURVE ( 'NONE', #1224, #141, #3017, .T. ) ;
#3657 = AXIS2_PLACEMENT_3D ( 'NONE', #3849, #5311, #6622 ) ;
#3658 = CARTESIAN_POINT ( 'NONE',  ( 6.938893903907228378E-15, 0.2501218099538182749, -1.099999999999996758 ) ) ;
#3659 = LINE ( 'NONE', #8560, #6990 ) ;
#3660 = ORIENTED_EDGE ( 'NONE', *, *, #2741, .F. ) ;
#3661 = CARTESIAN_POINT ( 'NONE',  ( -0.4558267358737365660, -0.1596078897269038732, -0.03000572151976463320 ) ) ;
#3662 = DIRECTION ( 'NONE',  ( -0.9848077530122070211, 0.1736481776669358268, 0.000000000000000000 ) ) ;
#3663 = ADVANCED_FACE ( 'NONE', ( #2192 ), #6240, .F. ) ;
#3664 = CARTESIAN_POINT ( 'NONE',  ( 2.105131328310489547, 73.00821050377537347, 3.499999999999989342 ) ) ;
#3665 = EDGE_CURVE ( 'NONE', #6852, #6152, #1468, .T. ) ;
#3666 = SHAPE_DEFINITION_REPRESENTATION ( #5586, #3795 ) ;
#3667 = ORIENTED_EDGE ( 'NONE', *, *, #1717, .F. ) ;
#3668 = DIRECTION ( 'NONE',  ( -1.000000000000000000, -2.775557561562894802E-16, 0.000000000000000000 ) ) ;
#3669 = CARTESIAN_POINT ( 'NONE',  ( 647.4347966333707518, 830.0957291931208601, 1299.480634300361999 ) ) ;
#3670 = CARTESIAN_POINT ( 'NONE',  ( 26.99999999999996803, 52.49999999999999289, 0.000000000000000000 ) ) ;
#3671 = ORIENTED_EDGE ( 'NONE', *, *, #5225, .F. ) ;
#3672 = CARTESIAN_POINT ( 'NONE',  ( -0.1426464690652369527, 0.8460157761018384237, -0.09307510259119072815 ) ) ;
#3673 = DIRECTION ( 'NONE',  ( 0.1610798504277851650, 0.3465180766742081975, 0.9241095737650215636 ) ) ;
#3674 = EDGE_LOOP ( 'NONE', ( #7682, #2117, #169, #5809, #6825, #7566 ) ) ;
#3675 = CARTESIAN_POINT ( 'NONE',  ( 0.1745366508430351571, 0.1789887077794372061, -1.099999999999996758 ) ) ;
#3676 = EDGE_LOOP ( 'NONE', ( #7485, #1460, #3257, #6143 ) ) ;
#3677 = CARTESIAN_POINT ( 'NONE',  ( -1.104633382396810415, 0.1438349681273496938, -0.1590755312305871527 ) ) ;
#3678 = DIRECTION ( 'NONE',  ( 0.000000000000000000, 0.000000000000000000, 1.000000000000000000 ) ) ;
#3679 = ORIENTED_EDGE ( 'NONE', *, *, #2177, .F. ) ;
#3680 = LINE ( 'NONE', #7229, #8214 ) ;
#3681 = CARTESIAN_POINT ( 'NONE',  ( 0.1534636753231094497, 0.1975001589623603948, -1.099999999999996758 ) ) ;
#3682 = ORIENTED_EDGE ( 'NONE', *, *, #8519, .F. ) ;
#3683 = CARTESIAN_POINT ( 'NONE',  ( -0.3270615133173435107, -0.1628319165236785659, 0.000000000000000000 ) ) ;
#3684 = CONICAL_SURFACE ( 'NONE', #4409, 2.158314041935230687, 0.6981317007977310141 ) ;
#3685 = EDGE_LOOP ( 'NONE', ( #5507, #8174, #7883, #2828 ) ) ;
#3686 = DIRECTION ( 'NONE',  ( -0.08803429357919508036, 0.9376491420330606008, -0.3362499808158768699 ) ) ;
#3687 = ADVANCED_FACE ( 'NONE', ( #3557 ), #6324, .F. ) ;
#3688 = ORIENTED_EDGE ( 'NONE', *, *, #7476, .F. ) ;
#3690 = VECTOR ( 'NONE', #6662, 1000.000000000000114 ) ;
#3689 = DIRECTION ( 'NONE',  ( 0.000000000000000000, 0.000000000000000000, 1.000000000000000000 ) ) ;
#3691 = VECTOR ( 'NONE', #7681, 1000.000000000000000 ) ;
#3692 = LINE ( 'NONE', #6511, #2709 ) ;
#3693 = DIRECTION ( 'NONE',  ( 0.000000000000000000, -1.000000000000000000, 1.734723475976808080E-16 ) ) ;
#3694 = EDGE_LOOP ( 'NONE', ( #3873, #5437, #4321, #79, #8493, #3939, #1683 ) ) ;
#3695 = CARTESIAN_POINT ( 'NONE',  ( -0.1499947506096166450, 1.149594342683829540, -5.595407092523485559E-05 ) ) ;
#3696 = CARTESIAN_POINT ( 'NONE',  ( 652.9419002082286170, 763.7066815776864814, 1319.356980345531156 ) ) ;
#3697 = VERTEX_POINT ( 'NONE', #4878 ) ;
#3698 = EDGE_CURVE ( 'NONE', #1287, #1703, #3382, .T. ) ;
#3699 = ORIENTED_EDGE ( 'NONE', *, *, #4030, .T. ) ;
#3700 = CIRCLE ( 'NONE', #2101, 8.000000000000129674 ) ;
#3701 = AXIS2_PLACEMENT_3D ( 'NONE', #600, #555, #3331 ) ;
#3702 = EDGE_CURVE ( 'NONE', #1364, #6131, #2691, .T. ) ;
#3703 = CARTESIAN_POINT ( 'NONE',  ( -8.000000000000028422, 61.00000000000000000, 3.999999999999996447 ) ) ;
#3704 = VECTOR ( 'NONE', #8349, 1000.000000000000000 ) ;
#3705 = DIRECTION ( 'NONE',  ( 0.000000000000000000, 0.000000000000000000, 1.000000000000000000 ) ) ;
#3706 = CARTESIAN_POINT ( 'NONE',  ( -0.1318513288453074250, -0.2124034535541247104, -1.099999999999996758 ) ) ;
#3707 = ORIENTED_EDGE ( 'NONE', *, *, #1506, .T. ) ;
#3708 = CARTESIAN_POINT ( 'NONE',  ( 651.2148550145109311, 782.1013591323456922, 1312.760472443371327 ) ) ;
#3709 = CARTESIAN_POINT ( 'NONE',  ( 653.9013305599936530, 778.8089447081461003, 1316.758203375771927 ) ) ;
#3710 = CARTESIAN_POINT ( 'NONE',  ( -10.47500000000001741, 59.00000000000000000, 3.999999999999996447 ) ) ;
#3711 = CARTESIAN_POINT ( 'NONE',  ( 0.000000000000000000, 0.000000000000000000, 1.000000000000000888 ) ) ;
#3712 = CARTESIAN_POINT ( 'NONE',  ( 0.5035735315658717015, 0.5840434451143587946, -0.07630245999706083970 ) ) ;
#3713 = DIRECTION ( 'NONE',  ( 0.6123724356957959136, -0.3535533905932745080, 0.7071067811865459074 ) ) ;
#3714 = ORIENTED_EDGE ( 'NONE', *, *, #3198, .F. ) ;
#3715 = CARTESIAN_POINT ( 'NONE',  ( -35.11273792266769789, -41.84573156515782699, 8.000000000000000000 ) ) ;
#3716 = LINE ( 'NONE', #1727, #208 ) ;
#3717 = EDGE_LOOP ( 'NONE', ( #6940, #407, #5445, #2560 ) ) ;
#3718 = CARTESIAN_POINT ( 'NONE',  ( 26.99999999999996803, 52.49999999999999289, -4.799999999999999822 ) ) ;
#3719 = AXIS2_PLACEMENT_3D ( 'NONE', #3543, #6355, #6183 ) ;
#3720 = ORIENTED_EDGE ( 'NONE', *, *, #825, .T. ) ;
#3721 = CARTESIAN_POINT ( 'NONE',  ( -0.6693774770113870565, -0.6473567728442035651, -0.1112760821235971170 ) ) ;
#3722 = VECTOR ( 'NONE', #783, 1000.000000000000000 ) ;
#3723 = DIRECTION ( 'NONE',  ( 3.020171088909235940E-16, -2.534224446796043777E-16, -1.000000000000000000 ) ) ;
#3724 = ORIENTED_EDGE ( 'NONE', *, *, #5731, .T. ) ;
#3725 = CARTESIAN_POINT ( 'NONE',  ( -22.90013928550543554, -33.64466763093365387, 0.000000000000000000 ) ) ;
#3726 = DIRECTION ( 'NONE',  ( 1.000000000000000000, 3.469446951953618626E-16, 0.000000000000000000 ) ) ;
#3727 = VERTEX_POINT ( 'NONE', #7563 ) ;
#3728 = CARTESIAN_POINT ( 'NONE',  ( -0.8306399171731857489, -0.8629722656462446295, -0.1855680528382377958 ) ) ;
#3729 = ORIENTED_EDGE ( 'NONE', *, *, #8619, .F. ) ;
#3730 = FACE_BOUND ( 'NONE', #5802, .T. ) ;
#3731 = ADVANCED_FACE ( 'NONE', ( #7733 ), #4102, .F. ) ;
#3732 = CARTESIAN_POINT ( 'NONE',  ( -0.1292490986361596872, -1.190714019399824464, -0.1855446092705256844 ) ) ;
#3733 = LINE ( 'NONE', #1700, #7097 ) ;
#3734 = TOROIDAL_SURFACE ( 'NONE', #8661, 6.000000000000000000, 0.05000000000000000278 ) ;
#3735 = LINE ( 'NONE', #1701, #4155 ) ;
#3736 = CARTESIAN_POINT ( 'NONE',  ( 656.9122483653984546, 765.5497681457540011, 1323.605729268851974 ) ) ;
#3737 = ORIENTED_EDGE ( 'NONE', *, *, #1853, .T. ) ;
#3738 = CARTESIAN_POINT ( 'NONE',  ( 0.000000000000000000, 0.000000000000000000, -1.700000000000000178 ) ) ;
#3739 = FACE_OUTER_BOUND ( 'NONE', #3417, .T. ) ;
#3740 = ORIENTED_EDGE ( 'NONE', *, *, #3087, .F. ) ;
#3741 = ORIENTED_EDGE ( 'NONE', *, *, #2472, .F. ) ;
#3742 = DIRECTION ( 'NONE',  ( 0.08803429357919534404, -0.9376491420330603788, 0.3362499808158775916 ) ) ;
#3743 = CARTESIAN_POINT ( 'NONE',  ( 648.1468598832751695, 814.7784317321976459, 1301.042160611941199 ) ) ;
#3744 = LINE ( 'NONE', #2572, #3517 ) ;
#3745 = EDGE_LOOP ( 'NONE', ( #2268, #4376, #3330, #5139 ) ) ;
#3746 = CARTESIAN_POINT ( 'NONE',  ( -0.1837800884149781711, 0.1696535721155828513, -1.099999999999996758 ) ) ;
#3747 = VECTOR ( 'NONE', #3479, 1000.000000000000227 ) ;
#3748 = CARTESIAN_POINT ( 'NONE',  ( 53.85925382924440186, -1.434450794419367403, 0.000000000000000000 ) ) ;
#3749 = DIRECTION ( 'NONE',  ( 0.000000000000000000, 0.000000000000000000, 1.000000000000000000 ) ) ;
#3750 = EDGE_CURVE ( 'NONE', #8597, #3111, #4967, .T. ) ;
#3751 = LINE ( 'NONE', #5706, #8958 ) ;
#3752 = CARTESIAN_POINT ( 'NONE',  ( -19.50000000000003197, 0.000000000000000000, -11.99999999999999645 ) ) ;
#3753 = SURFACE_STYLE_USAGE ( .BOTH. , #2904 ) ;
#3754 = DIRECTION ( 'NONE',  ( -0.08803429357919523301, 0.9376491420330602677, -0.3362499808158777581 ) ) ;
#3755 = ORIENTED_EDGE ( 'NONE', *, *, #7127, .F. ) ;
#3756 = CARTESIAN_POINT ( 'NONE',  ( -0.1446891798288006126, 0.7365230514706709863, -0.07228559694682515357 ) ) ;
#3757 = ADVANCED_FACE ( 'NONE', ( #4232 ), #93, .F. ) ;
#3758 = DIRECTION ( 'NONE',  ( 0.08803429357919559384, -0.9376491420330599347, 0.3362499808158784242 ) ) ;
#3759 = CIRCLE ( 'NONE', #3335, 4.999999999999997335 ) ;
#3760 = ORIENTED_EDGE ( 'NONE', *, *, #7854, .F. ) ;
#3761 = DIRECTION ( 'NONE',  ( -1.000000000000000000, -0.000000000000000000, -0.000000000000000000 ) ) ;
#3762 = VERTEX_POINT ( 'NONE', #7647 ) ;
#3763 = CARTESIAN_POINT ( 'NONE',  ( -0.5478895858810607367, -0.4983363048096564052, -0.07015313896825182971 ) ) ;
#3764 = EDGE_CURVE ( 'NONE', #6266, #7330, #2254, .T. ) ;
#3765 = CIRCLE ( 'NONE', #1155, 0.2000000000000952127 ) ;
#3766 = ORIENTED_EDGE ( 'NONE', *, *, #4929, .T. ) ;
#3767 = CARTESIAN_POINT ( 'NONE',  ( 649.4769209396567931, 825.2242841806256592, 1290.356024645840762 ) ) ;
#3768 = CARTESIAN_POINT ( 'NONE',  ( 650.6284124341221968, 780.6143865164118552, 1309.362311537921414 ) ) ;
#3769 = ORIENTED_EDGE ( 'NONE', *, *, #4699, .T. ) ;
#3770 = LINE ( 'NONE', #4503, #3280 ) ;
#3771 = ORIENTED_EDGE ( 'NONE', *, *, #8798, .F. ) ;
#3772 = DIRECTION ( 'NONE',  ( -3.428155301009279818E-32, 8.955574241400646717E-33, 1.000000000000000000 ) ) ;
#3773 = CARTESIAN_POINT ( 'NONE',  ( -10.75000000000003730, 32.50000000000000000, -6.999999999999999112 ) ) ;
#3774 = VECTOR ( 'NONE', #2829, 1000.000000000000000 ) ;
#3775 = EDGE_LOOP ( 'NONE', ( #5999, #6125, #4079 ) ) ;
#3776 =( LENGTH_UNIT ( ) NAMED_UNIT ( * ) SI_UNIT ( .MILLI., .METRE. ) );
#3777 = FACE_BOUND ( 'NONE', #2433, .T. ) ;
#3778 = DIRECTION ( 'NONE',  ( -0.000000000000000000, -1.000000000000000000, -0.000000000000000000 ) ) ;
#3779 = ORIENTED_EDGE ( 'NONE', *, *, #1743, .T. ) ;
#3780 = EDGE_CURVE ( 'NONE', #506, #1754, #4753, .T. ) ;
#3781 = CARTESIAN_POINT ( 'NONE',  ( -0.1584250957133020998, 0.3244947607347753449, -5.595407092523485559E-05 ) ) ;
#3782 = CARTESIAN_POINT ( 'NONE',  ( -19.50000000000003197, 30.50000000000000000, 0.000000000000000000 ) ) ;
#3783 = ADVANCED_FACE ( 'NONE', ( #6371 ), #5106, .T. ) ;
#3784 = VERTEX_POINT ( 'NONE', #6512 ) ;
#3785 = VECTOR ( 'NONE', #4505, 1000.000000000000000 ) ;
#3786 = ORIENTED_EDGE ( 'NONE', *, *, #7159, .F. ) ;
#3787 = B_SPLINE_SURFACE_WITH_KNOTS ( 'NONE', 3, 1, ( 
 ( #4294, #5569 ),
 ( #1444, #4892 ),
 ( #4203, #2120 ),
 ( #2885, #3572 ),
 ( #111, #3484 ),
 ( #6255, #8340 ),
 ( #18, #2207 ) ),
 .UNSPECIFIED., .F., .F., .F.,
 ( 4, 1, 1, 1, 4 ),
 ( 2, 2 ),
 ( 0.000000000000000000, 0.2500000000000000000, 0.5000000000000000000, 0.7500000000000000000, 1.000000000000000000 ),
 ( 0.005003345792300459803, 1.000000000000000000 ),
 .UNSPECIFIED. ) ;
#3788 = CARTESIAN_POINT ( 'NONE',  ( -60.43631699833530746, -2.148074756293167020, 0.000000000000000000 ) ) ;
#3789 = EDGE_CURVE ( 'NONE', #3562, #7208, #2376, .T. ) ;
#3790 = FILL_AREA_STYLE_COLOUR ( '', #1439 ) ;
#3791 = PLANE ( 'NONE',  #6268 ) ;
#3792 = VERTEX_POINT ( 'NONE', #5153 ) ;
#3793 = CARTESIAN_POINT ( 'NONE',  ( -10.75000000000003730, 32.50000000000000000, -6.999999999999999112 ) ) ;
#3794 = DIRECTION ( 'NONE',  ( -0.1227878039689773021, -0.6963642403200215325, -0.7071067811865442421 ) ) ;
#3795 = SHAPE_REPRESENTATION ( 'Alley Jig Design Split Top', ( #4639 ), #3475 ) ;
#3796 = CARTESIAN_POINT ( 'NONE',  ( 1.628127759114736506, 0.9399999999998853717, 1.599999999999997202 ) ) ;
#3797 = EDGE_CURVE ( 'NONE', #7923, #3831, #6784, .T. ) ;
#3798 = CARTESIAN_POINT ( 'NONE',  ( -54.70522151952335577, -17.09815470596434750, 0.000000000000000000 ) ) ;
#3799 = CARTESIAN_POINT ( 'NONE',  ( 0.5925254646414167548, 0.6617883858471496072, -0.09979297218172053507 ) ) ;
#3800 = CARTESIAN_POINT ( 'NONE',  ( 647.3627545562997057, 813.3170552927505241, 1296.577535209021335 ) ) ;
#3801 = LINE ( 'NONE', #2398, #5985 ) ;
#3802 = EDGE_LOOP ( 'NONE', ( #8794, #7063, #3466, #2617 ) ) ;
#3803 = CARTESIAN_POINT ( 'NONE',  ( 0.02094412931358952124, 1.197525171500610330, -0.1855446076148639656 ) ) ;
#3804 = CARTESIAN_POINT ( 'NONE',  ( -0.1486651026651517604, -0.3752565386578361473, -0.02101515076464042370 ) ) ;
#3805 = CIRCLE ( 'NONE', #2786, 3.499999999999996003 ) ;
#3806 = EDGE_CURVE ( 'NONE', #2687, #2029, #1558, .T. ) ;
#3807 = VERTEX_POINT ( 'NONE', #3736 ) ;
#3808 = CARTESIAN_POINT ( 'NONE',  ( -78.04117245190209928, -21.94287237332207141, 3.086847783136607681 ) ) ;
#3809 = ORIENTED_EDGE ( 'NONE', *, *, #3218, .T. ) ;
#3810 = ADVANCED_FACE ( 'NONE', ( #3053 ), #2963, .T. ) ;
#3811 = LINE ( 'NONE', #860, #4884 ) ;
#3812 = ORIENTED_EDGE ( 'NONE', *, *, #4515, .F. ) ;
#3813 = CARTESIAN_POINT ( 'NONE',  ( -266.3373459811442672, 55.99999999999999289, 11.99999999999999645 ) ) ;
#3814 = DIRECTION ( 'NONE',  ( -0.08803429357919508036, 0.9376491420330606008, -0.3362499808158768699 ) ) ;
#3815 = ORIENTED_EDGE ( 'NONE', *, *, #4367, .F. ) ;
#3816 = CYLINDRICAL_SURFACE ( 'NONE', #4726, 5.000000000000004441 ) ;
#3817 = EDGE_LOOP ( 'NONE', ( #4589, #3342, #361, #2937 ) ) ;
#3818 = CARTESIAN_POINT ( 'NONE',  ( 0.3004086760824073443, 0.1957267638225401729, -0.01667865961926806584 ) ) ;
#3819 = AXIS2_PLACEMENT_3D ( 'NONE', #8611, #2211, #2396 ) ;
#3820 = CARTESIAN_POINT ( 'NONE',  ( -10.75000000000003730, 34.89999999999999858, -6.999999999999999112 ) ) ;
#3821 = CARTESIAN_POINT ( 'NONE',  ( 99.99999999999995737, 4.499999999999997335, 16.00000000000000000 ) ) ;
#3822 =( NAMED_UNIT ( * ) PLANE_ANGLE_UNIT ( ) SI_UNIT ( $, .RADIAN. ) );
#3823 = DIRECTION ( 'NONE',  ( -0.08803429357919523301, 0.9376491420330602677, -0.3362499808158777581 ) ) ;
#3824 = CARTESIAN_POINT ( 'NONE',  ( -0.1732444538684249635, 0.1802397270410371899, -1.099999999999996758 ) ) ;
#3825 = AXIS2_PLACEMENT_3D ( 'NONE', #88, #6320, #7822 ) ;
#3826 = ORIENTED_EDGE ( 'NONE', *, *, #5725, .T. ) ;
#3827 = EDGE_CURVE ( 'NONE', #2714, #7167, #7827, .T. ) ;
#3828 = CARTESIAN_POINT ( 'NONE',  ( -0.1499937422196409575, 1.381825123484406337, -5.595407092523485559E-05 ) ) ;
#3829 = DIRECTION ( 'NONE',  ( 0.08803429357919559384, -0.9376491420330599347, 0.3362499808158784242 ) ) ;
#3830 = VERTEX_POINT ( 'NONE', #876 ) ;
#3831 = VERTEX_POINT ( 'NONE', #5828 ) ;
#3832 = EDGE_CURVE ( 'NONE', #1481, #1279, #1275, .T. ) ;
#3833 = ADVANCED_FACE ( 'NONE', ( #4511 ), #3647, .T. ) ;
#3834 = DIRECTION ( 'NONE',  ( 8.673617379884040402E-17, 1.000000000000000000, 1.734723475976808080E-16 ) ) ;
#3835 = EDGE_CURVE ( 'NONE', #1841, #7823, #7943, .T. ) ;
#3836 = CIRCLE ( 'NONE', #1520, 3.499999999999996003 ) ;
#3837 = CARTESIAN_POINT ( 'NONE',  ( -0.1290932872244215934, 0.2141022683313231756, -1.099999999999996758 ) ) ;
#3838 = AXIS2_PLACEMENT_3D ( 'NONE', #2775, #8315, #1462 ) ;
#3839 = ORIENTED_EDGE ( 'NONE', *, *, #1556, .T. ) ;
#3840 = DIRECTION ( 'NONE',  ( -0.000000000000000000, -1.000000000000000000, -0.000000000000000000 ) ) ;
#3841 = ADVANCED_FACE ( 'NONE', ( #2282 ), #7061, .T. ) ;
#3842 = EDGE_CURVE ( 'NONE', #1736, #2696, #7964, .T. ) ;
#3843 = EDGE_CURVE ( 'NONE', #2552, #2629, #182, .T. ) ;
#3844 = CARTESIAN_POINT ( 'NONE',  ( -39.45405613487440633, 10.34360167969249034, 8.000000000000000000 ) ) ;
#3845 = CARTESIAN_POINT ( 'NONE',  ( 647.2221193841409104, 824.6277995224759252, 1297.510082799391284 ) ) ;
#3846 = CONTEXT_DEPENDENT_SHAPE_REPRESENTATION ( #8296, #4205 ) ;
#3847 = CARTESIAN_POINT ( 'NONE',  ( -0.3280435550834098768, 0.1622460825475291468, -0.01736885944623317579 ) ) ;
#3848 = DIRECTION ( 'NONE',  ( 0.08803429357919559384, -0.9376491420330599347, 0.3362499808158784242 ) ) ;
#3849 = CARTESIAN_POINT ( 'NONE',  ( 45.58031608298559689, 33.99999999999998579, -12.00000000000001066 ) ) ;
#3850 = AXIS2_PLACEMENT_3D ( 'NONE', #3078, #3758, #3673 ) ;
#3851 = CARTESIAN_POINT ( 'NONE',  ( 0.1292490986362013206, 1.190714019399852219, -0.1855446092705256844 ) ) ;
#3852 = CARTESIAN_POINT ( 'NONE',  ( -0.1417433499153858134, -0.8957934251317519747, -0.1054826004440531234 ) ) ;
#3853 = ORIENTED_EDGE ( 'NONE', *, *, #5521, .T. ) ;
#3854 = CARTESIAN_POINT ( 'NONE',  ( -0.5925254646324847885, -0.6617883858381827800, -0.09979297217918423057 ) ) ;
#3855 = VERTEX_POINT ( 'NONE', #1653 ) ;
#3856 = CARTESIAN_POINT ( 'NONE',  ( -0.4702115877874608052, 0.1595067201361076714, -0.03078576335704544600 ) ) ;
#3857 = ADVANCED_FACE ( 'NONE', ( #918 ), #6466, .T. ) ;
#3858 = CARTESIAN_POINT ( 'NONE',  ( -10.75000000000003730, 32.50000000000000000, 6.999999999999999112 ) ) ;
#3859 = B_SPLINE_SURFACE_WITH_KNOTS ( 'NONE', 3, 1, ( 
 ( #4585, #5994 ),
 ( #4031, #494 ),
 ( #3948, #5529 ),
 ( #3269, #4674 ),
 ( #4762, #3991 ),
 ( #4077, #1906 ),
 ( #6040, #2672 ),
 ( #5443, #8810 ),
 ( #4631, #7579 ),
 ( #8936, #6763 ),
 ( #6853, #7405 ),
 ( #584, #630 ),
 ( #8299, #7537 ),
 ( #1359, #2587 ),
 ( #2035, #7450 ),
 ( #5485, #2755 ) ),
 .UNSPECIFIED., .F., .F., .F.,
 ( 4, 1, 1, 1, 1, 1, 1, 1, 2, 1, 1, 1, 4 ),
 ( 2, 2 ),
 ( 0.000000000000000000, 0.02593101769496050299, 0.05186203538992099904, 0.07779305308488150550, 0.1037240707798419981, 0.1296550884748026156, 0.1555861061697630110, 0.1815171238647235175, 0.2074481415596839962, 0.4055861061697629832, 0.6037240707798419148, 0.8018620353899209574, 1.000000000000000000 ),
 ( 5.086733720627290012E-05, 1.000000000000000000 ),
 .UNSPECIFIED. ) ;
#3860 = ORIENTED_EDGE ( 'NONE', *, *, #3198, .T. ) ;
#3861 = DIRECTION ( 'NONE',  ( -1.000000000000000000, -3.469446951953618626E-16, 0.000000000000000000 ) ) ;
#3862 = VECTOR ( 'NONE', #6260, 1000.000000000000000 ) ;
#3863 = LINE ( 'NONE', #7230, #6019 ) ;
#3864 = ORIENTED_EDGE ( 'NONE', *, *, #4030, .F. ) ;
#3865 = DIRECTION ( 'NONE',  ( 1.000000000000000000, -1.942890293094020494E-16, 0.000000000000000000 ) ) ;
#3866 = ORIENTED_EDGE ( 'NONE', *, *, #2085, .T. ) ;
#3867 = CARTESIAN_POINT ( 'NONE',  ( 0.1449414225156921976, -0.7227857716341383743, -0.06971584903559487068 ) ) ;
#3868 = DIRECTION ( 'NONE',  ( 1.000000000000000000, -1.942890293094020494E-16, 0.000000000000000000 ) ) ;
#3869 = ORIENTED_EDGE ( 'NONE', *, *, #6332, .T. ) ;
#3870 = ADVANCED_FACE ( 'NONE', ( #8824 ), #7806, .F. ) ;
#3871 = CARTESIAN_POINT ( 'NONE',  ( -22.90013928550543554, -33.64466763093365387, 8.000000000000000000 ) ) ;
#3872 = CARTESIAN_POINT ( 'NONE',  ( 644.5251290454243644, 853.3533174354330413, 1287.208836401181316 ) ) ;
#3873 = ORIENTED_EDGE ( 'NONE', *, *, #4564, .F. ) ;
#3874 = LINE ( 'NONE', #4604, #4859 ) ;
#3875 = FACE_OUTER_BOUND ( 'NONE', #8190, .T. ) ;
#3876 = EDGE_LOOP ( 'NONE', ( #1979, #68, #8288, #6145 ) ) ;
#3877 = ORIENTED_EDGE ( 'NONE', *, *, #6728, .T. ) ;
#3878 = VECTOR ( 'NONE', #5057, 1000.000000000000114 ) ;
#3879 = CARTESIAN_POINT ( 'NONE',  ( -0.1745366508429518904, 0.1789887077794094505, -1.099999999999996758 ) ) ;
#3880 = CARTESIAN_POINT ( 'NONE',  ( -0.3003672735761159229, -0.2002104289819395255, -0.01690487344975510897 ) ) ;
#3881 = EDGE_CURVE ( 'NONE', #2654, #8158, #2577, .T. ) ;
#3882 = CARTESIAN_POINT ( 'NONE',  ( -19.50000000000003197, 52.99999999999999289, -11.99999999999999645 ) ) ;
#3883 = AXIS2_PLACEMENT_3D ( 'NONE', #8593, #7242, #3693 ) ;
#3884 = DIRECTION ( 'NONE',  ( -1.000000000000000000, -0.000000000000000000, -0.000000000000000000 ) ) ;
#3885 = B_SPLINE_CURVE_WITH_KNOTS ( 'NONE', 3,
 ( #8517, #1670, #3746, #3023, #1716, #5841, #4477 ),
 .UNSPECIFIED., .F., .F.,
 ( 4, 1, 1, 1, 4 ),
 ( 0.000000000000000000, 0.2500000000000000000, 0.5000000000000000000, 0.7500000000000000000, 1.000000000000000000 ),
 .UNSPECIFIED. ) ;
#3886 = ORIENTED_EDGE ( 'NONE', *, *, #1381, .T. ) ;
#3887 = CARTESIAN_POINT ( 'NONE',  ( 647.7265912974132789, 822.8739649308508888, 1290.728706319231151 ) ) ;
#3888 = CYLINDRICAL_SURFACE ( 'NONE', #1654, 0.7834936490538917386 ) ;
#3889 = UNCERTAINTY_MEASURE_WITH_UNIT (LENGTH_MEASURE( 1.000000000000000082E-05 ), #6949, 'distance_accuracy_value', 'NONE');
#3890 = DIRECTION ( 'NONE',  ( 0.000000000000000000, -1.000000000000000000, 0.000000000000000000 ) ) ;
#3891 = ITEM_DEFINED_TRANSFORMATION ( 'NONE', 'NONE', #5943,  #4639 ) ;
#3892 = CYLINDRICAL_SURFACE ( 'NONE', #6049, 3.750000000000059064 ) ;
#3893 = ORIENTED_EDGE ( 'NONE', *, *, #451, .F. ) ;
#3894 = LINE ( 'NONE', #7939, #6564 ) ;
#3895 = EDGE_CURVE ( 'NONE', #6709, #6309, #7464, .T. ) ;
#3896 = DIRECTION ( 'NONE',  ( 0.000000000000000000, 0.000000000000000000, 1.000000000000000000 ) ) ;
#3897 = EDGE_CURVE ( 'NONE', #6996, #6858, #6732, .T. ) ;
#3898 = CARTESIAN_POINT ( 'NONE',  ( -0.1445102423191714780, -0.7461510558947610505, -0.07411275388913482476 ) ) ;
#3899 = AXIS2_PLACEMENT_3D ( 'NONE', #7518, #564, #4696 ) ;
#3900 = VERTEX_POINT ( 'NONE', #2511 ) ;
#3901 = CARTESIAN_POINT ( 'NONE',  ( -0.2475313329835665543, -0.03568906935931537294, -1.099999999999996758 ) ) ;
#3902 = EDGE_LOOP ( 'NONE', ( #2890, #7282, #1598, #1638 ) ) ;
#3903 = CARTESIAN_POINT ( 'NONE',  ( -0.5834875688682596984, 0.1581944964215248883, -0.04691991568298580634 ) ) ;
#3904 = AXIS2_PLACEMENT_3D ( 'NONE', #4149, #6, #3560 ) ;
#3905 = FACE_OUTER_BOUND ( 'NONE', #2773, .T. ) ;
#3906 = ORIENTED_EDGE ( 'NONE', *, *, #8135, .T. ) ;
#3907 = CARTESIAN_POINT ( 'NONE',  ( 1.154700538379252350, -2.000000000000001776, 0.1199999999999951106 ) ) ;
#3908 = DIRECTION ( 'NONE',  ( 0.08803429357919559384, -0.9376491420330599347, 0.3362499808158784242 ) ) ;
#3909 =( GEOMETRIC_REPRESENTATION_CONTEXT ( 3 ) GLOBAL_UNCERTAINTY_ASSIGNED_CONTEXT ( ( #1072 ) ) GLOBAL_UNIT_ASSIGNED_CONTEXT ( ( #8811, #2756, #1907 ) ) REPRESENTATION_CONTEXT ( 'NONE', 'WORKASPACE' ) );
#3910 = FACE_OUTER_BOUND ( 'NONE', #6231, .T. ) ;
#3911 = VERTEX_POINT ( 'NONE', #2643 ) ;
#3912 = CARTESIAN_POINT ( 'NONE',  ( 0.1446162957325674292, -0.7404453835897715219, -0.07302739549434746069 ) ) ;
#3913 = FACE_OUTER_BOUND ( 'NONE', #7147, .T. ) ;
#3914 = ORIENTED_EDGE ( 'NONE', *, *, #8984, .F. ) ;
#3915 = AXIS2_PLACEMENT_3D ( 'NONE', #5458, #3284, #3961 ) ;
#3916 = EDGE_CURVE ( 'NONE', #1777, #7606, #1965, .T. ) ;
#3917 = FACE_OUTER_BOUND ( 'NONE', #8911, .T. ) ;
#3918 = LINE ( 'NONE', #6691, #3009 ) ;
#3919 = ORIENTED_EDGE ( 'NONE', *, *, #7271, .F. ) ;
#3920 = CARTESIAN_POINT ( 'NONE',  ( -0.1700863687544088010, -0.1832752439041018810, -1.099999999999996758 ) ) ;
#3921 = DIRECTION ( 'NONE',  ( 1.110223024625150008E-16, 1.000000000000000000, 4.006689065479319709E-18 ) ) ;
#3922 = B_SPLINE_CURVE_WITH_KNOTS ( 'NONE', 3,
 ( #5625, #7081, #2771, #8311, #2093, #6991, #4865, #6269, #34, #1498, #2810, #4220, #5584, #5671, #8355, #2134, #1458, #4909, #773, #8399, #6312, #2179 ),
 .UNSPECIFIED., .F., .F.,
 ( 4, 2, 2, 1, 1, 2, 2, 2, 1, 1, 2, 2, 4 ),
 ( 0.000000000000000000, 0.2500000000000032196, 0.3750000000000047184, 0.4375000000000052736, 0.4687500000000052736, 0.4843750000000050515, 0.5000000000000048850, 0.6250000000000037748, 0.6875000000000033307, 0.7187500000000029976, 0.7343750000000028866, 0.7500000000000027756, 1.000000000000000000 ),
 .UNSPECIFIED. ) ;
#3923 = ORIENTED_EDGE ( 'NONE', *, *, #4816, .F. ) ;
#3924 = EDGE_CURVE ( 'NONE', #4476, #1017, #8783, .T. ) ;
#3925 = AXIS2_PLACEMENT_3D ( 'NONE', #8295, #2838, #2708 ) ;
#3926 = DIRECTION ( 'NONE',  ( -0.000000000000000000, -0.000000000000000000, -1.000000000000000000 ) ) ;
#3927 = ADVANCED_FACE ( 'NONE', ( #5244 ), #2218, .F. ) ;
#3928 = CARTESIAN_POINT ( 'NONE',  ( -0.4282873361213523911, -0.1608037743428408772, -0.007003512763968655630 ) ) ;
#3929 = ADVANCED_FACE ( 'NONE', ( #6096 ), #8862, .T. ) ;
#3930 = VECTOR ( 'NONE', #3356, 999.9999999999998863 ) ;
#3931 = DIRECTION ( 'NONE',  ( -0.08803429357919559384, 0.9376491420330599347, -0.3362499808158784242 ) ) ;
#3932 = DIRECTION ( 'NONE',  ( -0.1227878039689753731, -0.6963642403200150932, 0.7071067811865507924 ) ) ;
#3933 = VERTEX_POINT ( 'NONE', #5916 ) ;
#3934 = DIRECTION ( 'NONE',  ( -1.110223024625150008E-16, -1.000000000000000000, -4.006689065479319709E-18 ) ) ;
#3935 = FACE_BOUND ( 'NONE', #357, .T. ) ;
#3936 = AXIS2_PLACEMENT_3D ( 'NONE', #8666, #6492, #4349 ) ;
#3937 = DIRECTION ( 'NONE',  ( 0.4999999999999995004, -0.8660254037844389297, 0.000000000000000000 ) ) ;
#3938 = LINE ( 'NONE', #8234, #5331 ) ;
#3939 = ORIENTED_EDGE ( 'NONE', *, *, #8917, .T. ) ;
#3940 = CARTESIAN_POINT ( 'NONE',  ( 0.6003431631357072362, -0.6683565456547617689, -0.1035491317082996854 ) ) ;
#3941 = CARTESIAN_POINT ( 'NONE',  ( -0.2483133094921124995, 0.02899138370392184694, -1.099999999999996758 ) ) ;
#3942 = DIRECTION ( 'NONE',  ( -0.6501551545066162063, -0.3098309877324738060, -0.6937600695551724428 ) ) ;
#3943 = CARTESIAN_POINT ( 'NONE',  ( 0.06371178680805722472, -0.2419577080546020387, -1.099999999999996758 ) ) ;
#3944 = ADVANCED_FACE ( 'NONE', ( #1792 ), #1145, .T. ) ;
#3945 = AXIS2_PLACEMENT_3D ( 'NONE', #5265, #393, #2535 ) ;
#3946 = LINE ( 'NONE', #6124, #3355 ) ;
#3947 = ORIENTED_EDGE ( 'NONE', *, *, #3617, .F. ) ;
#3948 = CARTESIAN_POINT ( 'NONE',  ( 0.1810060473105487566, -0.3099288595037885674, -5.595407092523485559E-05 ) ) ;
#3949 = ORIENTED_EDGE ( 'NONE', *, *, #591, .T. ) ;
#3950 = CARTESIAN_POINT ( 'NONE',  ( -0.3983605200684019465, 0.1599561211858750442, -0.02338057567980436624 ) ) ;
#3951 = DIRECTION ( 'NONE',  ( -1.000000000000000000, 0.000000000000000000, 0.000000000000000000 ) ) ;
#3952 = ORIENTED_EDGE ( 'NONE', *, *, #6357, .T. ) ;
#3953 = VECTOR ( 'NONE', #8425, 1000.000000000000227 ) ;
#3954 = LINE ( 'NONE', #3907, #6701 ) ;
#3955 = DIRECTION ( 'NONE',  ( 1.000000000000000000, -1.360567432138672328E-16, 0.000000000000000000 ) ) ;
#3956 = CARTESIAN_POINT ( 'NONE',  ( 656.7856088444422085, 766.1751394464025680, 1323.300978275331090 ) ) ;
#3957 = CARTESIAN_POINT ( 'NONE',  ( 0.3121778896363336386, 0.1716915651573530655, -0.01647142487429947844 ) ) ;
#3958 = PRODUCT_DEFINITION ( 'UNKNOWN', '', #6382, #3345 ) ;
#3959 = LINE ( 'NONE', #2372, #39 ) ;
#3960 = ORIENTED_EDGE ( 'NONE', *, *, #5168, .T. ) ;
#3961 = DIRECTION ( 'NONE',  ( 0.1610798504276418630, 0.3465180766742010920, 0.9241095737650493191 ) ) ;
#3962 = CARTESIAN_POINT ( 'NONE',  ( -0.1909975396748309073, 0.3076839452629404059, -0.005503671348411343089 ) ) ;
#3963 = ORIENTED_EDGE ( 'NONE', *, *, #8694, .T. ) ;
#3964 = DIRECTION ( 'NONE',  ( -0.08803429357921255249, 0.9376491420330352877, -0.3362499808159428172 ) ) ;
#3965 = CARTESIAN_POINT ( 'NONE',  ( 0.1441529478701560618, 0.7662457743810938693, -0.07799399127416517530 ) ) ;
#3966 = ORIENTED_EDGE ( 'NONE', *, *, #12, .F. ) ;
#3967 = AXIS2_PLACEMENT_3D ( 'NONE', #297, #5799, #6573 ) ;
#3968 = EDGE_CURVE ( 'NONE', #5097, #1137, #2429, .T. ) ;
#3970 = AXIS2_PLACEMENT_3D ( 'NONE', #3190, #6553, #5332 ) ;
#3969 = CARTESIAN_POINT ( 'NONE',  ( -0.09981119836034030302, -0.2292131310710626702, -1.099999999999996758 ) ) ;
#3971 = DIRECTION ( 'NONE',  ( -0.4999999999999997224, 0.8660254037844387076, 0.000000000000000000 ) ) ;
#3972 = EDGE_CURVE ( 'NONE', #6237, #541, #3918, .T. ) ;
#3973 = CARTESIAN_POINT ( 'NONE',  ( 99.99999999999995737, 61.00000000000000000, 16.00000000000000000 ) ) ;
#3974 = ORIENTED_EDGE ( 'NONE', *, *, #5419, .T. ) ;
#3975 = CARTESIAN_POINT ( 'NONE',  ( 647.4726677283283607, 812.3701209049349927, 1297.030863577621631 ) ) ;
#3976 = EDGE_LOOP ( 'NONE', ( #2142, #803, #7763, #880 ) ) ;
#3977 = LINE ( 'NONE', #5304, #5085 ) ;
#3978 = ADVANCED_FACE ( 'NONE', ( #6270 ), #5698, .F. ) ;
#3979 = DIRECTION ( 'NONE',  ( 1.000000000000000000, -2.334869823772503585E-16, 3.373122925974755498E-32 ) ) ;
#3980 = CARTESIAN_POINT ( 'NONE',  ( -12.52500000000001634, 59.00000000000000000, -16.00000000000000000 ) ) ;
#3981 = AXIS2_PLACEMENT_3D ( 'NONE', #1756, #3742, #5252 ) ;
#3982 = ORIENTED_EDGE ( 'NONE', *, *, #6738, .T. ) ;
#3983 = VECTOR ( 'NONE', #5773, 1000.000000000000000 ) ;
#3984 = EDGE_CURVE ( 'NONE', #3554, #177, #690, .T. ) ;
#3985 = LINE ( 'NONE', #5481, #466 ) ;
#3986 = FACE_OUTER_BOUND ( 'NONE', #1833, .T. ) ;
#3987 = DIRECTION ( 'NONE',  ( -0.000000000000000000, -0.000000000000000000, 1.000000000000000000 ) ) ;
#3988 = CARTESIAN_POINT ( 'NONE',  ( -0.2005467581562489499, -0.1494605406867077768, -1.099999999999996758 ) ) ;
#3989 = ORIENTED_EDGE ( 'NONE', *, *, #1156, .T. ) ;
#3990 = CIRCLE ( 'NONE', #6747, 6.474999999999954348 ) ;
#3991 = CARTESIAN_POINT ( 'NONE',  ( 0.1207527918034023706, -0.2189242003603764086, -1.099999999999996758 ) ) ;
#3992 = CARTESIAN_POINT ( 'NONE',  ( -38.65036860342180347, 17.41549637398182071, 52.39473502807132377 ) ) ;
#3993 = VERTEX_POINT ( 'NONE', #3373 ) ;
#3994 = FACE_OUTER_BOUND ( 'NONE', #597, .T. ) ;
#3995 = CIRCLE ( 'NONE', #2399, 3.499999999999833911 ) ;
#3996 = ORIENTED_EDGE ( 'NONE', *, *, #1688, .T. ) ;
#3997 = CARTESIAN_POINT ( 'NONE',  ( -10.75000000000003730, 32.50000000000000000, -6.999999999999999112 ) ) ;
#3998 = EDGE_CURVE ( 'NONE', #5826, #7905, #8228, .T. ) ;
#3999 = CARTESIAN_POINT ( 'NONE',  ( 647.2864350959250714, 825.6707453280815798, 1290.687509529321687 ) ) ;
#4000 = DIRECTION ( 'NONE',  ( -0.9971920195509303975, -0.07488708930073938175, 0.000000000000000000 ) ) ;
#4001 = CIRCLE ( 'NONE', #8345, 8.000000000000047962 ) ;
#4002 = CARTESIAN_POINT ( 'NONE',  ( 644.6717258940285546, 827.1796507297847256, 1303.535117497471219 ) ) ;
#4003 = ORIENTED_EDGE ( 'NONE', *, *, #4043, .T. ) ;
#4004 = CARTESIAN_POINT ( 'NONE',  ( -0.5751466284547936958, 0.6528582061233884071, -0.005503671348411343089 ) ) ;
#4005 = EDGE_LOOP ( 'NONE', ( #7441, #8957, #5551, #5398, #8670, #3966, #4036, #433, #6321, #4160, #8164, #6627 ) ) ;
#4006 = CARTESIAN_POINT ( 'NONE',  ( -61.19306299474482103, -6.931991913397217431, 10.49534160895133184 ) ) ;
#4007 = CARTESIAN_POINT ( 'NONE',  ( 0.1519345393404216149, 0.3303914579840233068, -0.01713914532667310323 ) ) ;
#4008 = VERTEX_POINT ( 'NONE', #4221 ) ;
#4009 = EDGE_CURVE ( 'NONE', #4401, #632, #81, .T. ) ;
#4010 = CARTESIAN_POINT ( 'NONE',  ( -0.1736980455768477594, 0.1798037396530671739, -1.099999999999996758 ) ) ;
#4011 = FACE_OUTER_BOUND ( 'NONE', #8509, .T. ) ;
#4012 = AXIS2_PLACEMENT_3D ( 'NONE', #4552, #272, #3052 ) ;
#4013 = FACE_OUTER_BOUND ( 'NONE', #1146, .T. ) ;
#4014 = VERTEX_POINT ( 'NONE', #2053 ) ;
#4015 = DIRECTION ( 'NONE',  ( 0.1610798504276338139, 0.3465180766741977059, 0.9241095737650519837 ) ) ;
#4016 = ORIENTED_EDGE ( 'NONE', *, *, #2567, .F. ) ;
#4017 = CARTESIAN_POINT ( 'NONE',  ( -2.000000000000029310, 61.00000000000000000, 4.000000000000003553 ) ) ;
#4018 = CIRCLE ( 'NONE', #5909, 6.100000000000528111 ) ;
#4019 = LINE ( 'NONE', #5346, #2800 ) ;
#4020 = DIRECTION ( 'NONE',  ( -0.000000000000000000, -0.000000000000000000, 1.000000000000000000 ) ) ;
#4021 = AXIS2_PLACEMENT_3D ( 'NONE', #1860, #1036, #8805 ) ;
#4022 = ORIENTED_EDGE ( 'NONE', *, *, #5810, .F. ) ;
#4023 = CARTESIAN_POINT ( 'NONE',  ( 0.2856044799841923054, -0.3916947470060252456, -0.02928441174428062302 ) ) ;
#4024 = DIRECTION ( 'NONE',  ( 0.7457612074416304360, -6.112251534928495471E-16, 0.6662133453145483442 ) ) ;
#4025 = ORIENTED_EDGE ( 'NONE', *, *, #1717, .T. ) ;
#4026 = CARTESIAN_POINT ( 'NONE',  ( 0.8952639264971986588, -0.9404943899662121520, -0.005503671348411343089 ) ) ;
#4027 = DIRECTION ( 'NONE',  ( 0.000000000000000000, 0.000000000000000000, -1.000000000000000000 ) ) ;
#4028 = CARTESIAN_POINT ( 'NONE',  ( 0.2222148463932802076, 0.1146708022529419058, -1.099999999999996758 ) ) ;
#4029 = ORIENTED_EDGE ( 'NONE', *, *, #8307, .F. ) ;
#4030 = EDGE_CURVE ( 'NONE', #1009, #506, #8906, .T. ) ;
#4031 = CARTESIAN_POINT ( 'NONE',  ( 0.1818077383699406857, -0.3078510177434157224, -5.595407092523485559E-05 ) ) ;
#4032 =( NAMED_UNIT ( * ) SI_UNIT ( $, .STERADIAN. ) SOLID_ANGLE_UNIT ( ) );
#4033 = ORIENTED_EDGE ( 'NONE', *, *, #5492, .F. ) ;
#4034 = CARTESIAN_POINT ( 'NONE',  ( 0.000000000000000000, 0.000000000000000000, -1.099999999999996758 ) ) ;
#4035 = EDGE_CURVE ( 'NONE', #1950, #8015, #3459, .T. ) ;
#4036 = ORIENTED_EDGE ( 'NONE', *, *, #6434, .F. ) ;
#4037 = DIRECTION ( 'NONE',  ( 0.08803429357919534404, -0.9376491420330603788, 0.3362499808158775916 ) ) ;
#4038 = VECTOR ( 'NONE', #7154, 1000.000000000000227 ) ;
#4039 = CARTESIAN_POINT ( 'NONE',  ( 648.2216890328166983, 813.9814299614696438, 1301.327973095631251 ) ) ;
#4040 = LINE ( 'NONE', #5409, #4279 ) ;
#4041 = DIRECTION ( 'NONE',  ( -0.9848077530122070211, 0.1736481776669358268, 0.000000000000000000 ) ) ;
#4042 = VECTOR ( 'NONE', #7096, 1000.000000000000227 ) ;
#4043 = EDGE_CURVE ( 'NONE', #6191, #5592, #2850, .T. ) ;
#4044 = ORIENTED_EDGE ( 'NONE', *, *, #6500, .T. ) ;
#4045 = FILL_AREA_STYLE ('',( #1191 ) ) ;
#4046 = CARTESIAN_POINT ( 'NONE',  ( 648.1241771516126846, 824.1966899664756738, 1302.329948376341235 ) ) ;
#4047 = ORIENTED_EDGE ( 'NONE', *, *, #5876, .T. ) ;
#4048 = DIRECTION ( 'NONE',  ( 0.000000000000000000, -1.000000000000000000, 0.000000000000000000 ) ) ;
#4049 = CARTESIAN_POINT ( 'NONE',  ( 0.1798245518913102192, 0.3064045393293699515, -0.01636879864091785736 ) ) ;
#4050 = ORIENTED_EDGE ( 'NONE', *, *, #1530, .T. ) ;
#4051 = AXIS2_PLACEMENT_3D ( 'NONE', #8686, #1055, #7144 ) ;
#4052 = EDGE_LOOP ( 'NONE', ( #3498, #3919, #5063, #1992, #614, #8171, #1789, #2466, #5596, #1725 ) ) ;
#4053 = MECHANICAL_DESIGN_GEOMETRIC_PRESENTATION_REPRESENTATION (  '', ( #1887 ), #7544 ) ;
#4054 =( GEOMETRIC_REPRESENTATION_CONTEXT ( 3 ) GLOBAL_UNCERTAINTY_ASSIGNED_CONTEXT ( ( #5888 ) ) GLOBAL_UNIT_ASSIGNED_CONTEXT ( ( #964, #8638, #5104 ) ) REPRESENTATION_CONTEXT ( 'NONE', 'WORKASPACE' ) );
#4055 = CARTESIAN_POINT ( 'NONE',  ( 0.000000000000000000, 61.00000000000000000, 0.000000000000000000 ) ) ;
#4056 = EDGE_CURVE ( 'NONE', #2740, #6237, #8312, .T. ) ;
#4057 = DIRECTION ( 'NONE',  ( 1.000000000000000000, -1.020425574104004246E-16, 0.000000000000000000 ) ) ;
#4058 = DIRECTION ( 'NONE',  ( -1.000000000000000000, -0.000000000000000000, -0.000000000000000000 ) ) ;
#4059 = ORIENTED_EDGE ( 'NONE', *, *, #25, .T. ) ;
#4060 = ORIENTED_EDGE ( 'NONE', *, *, #7971, .F. ) ;
#4061 = LINE ( 'NONE', #8921, #2832 ) ;
#4062 = VECTOR ( 'NONE', #385, 1000.000000000000000 ) ;
#4063 = ORIENTED_EDGE ( 'NONE', *, *, #7476, .T. ) ;
#4064 = CARTESIAN_POINT ( 'NONE',  ( 651.8477215044594004, 825.4552923466507082, 1298.334888612540681 ) ) ;
#4065 = CARTESIAN_POINT ( 'NONE',  ( 51.70361120621098650, 41.90602661479733371, -11.99999999999999645 ) ) ;
#4066 = CYLINDRICAL_SURFACE ( 'NONE', #7472, 3.000000000000002665 ) ;
#4067 = AXIS2_PLACEMENT_3D ( 'NONE', #5795, #6615, #1762 ) ;
#4068 = ORIENTED_EDGE ( 'NONE', *, *, #871, .T. ) ;
#4069 = DIRECTION ( 'NONE',  ( -0.000000000000000000, -1.000000000000000000, -0.000000000000000000 ) ) ;
#4070 = CARTESIAN_POINT ( 'NONE',  ( -5.229211351487961679, 8.984439865596868913, 6.999999999999999112 ) ) ;
#4071 = EDGE_LOOP ( 'NONE', ( #2378, #3570, #3286, #8372 ) ) ;
#4072 = DIRECTION ( 'NONE',  ( 1.000000000000000000, 0.000000000000000000, 0.000000000000000000 ) ) ;
#4073 = VECTOR ( 'NONE', #6723, 1000.000000000000114 ) ;
#4074 = ADVANCED_FACE ( 'NONE', ( #8952, #7593 ), #1375, .F. ) ;
#4075 = FACE_OUTER_BOUND ( 'NONE', #3876, .T. ) ;
#4076 = ORIENTED_EDGE ( 'NONE', *, *, #625, .F. ) ;
#4077 = CARTESIAN_POINT ( 'NONE',  ( 0.1616275256917376613, -0.3188332002126703646, -5.595407092523485559E-05 ) ) ;
#4078 = CARTESIAN_POINT ( 'NONE',  ( -76.18063772208101625, 85.60895730710645068, 46.79473502807131524 ) ) ;
#4079 = ORIENTED_EDGE ( 'NONE', *, *, #3414, .F. ) ;
#4080 = CARTESIAN_POINT ( 'NONE',  ( 69.62140237615136584, 0.8126188716606752571, 6.999999999999999112 ) ) ;
#4081 = AXIS2_PLACEMENT_3D ( 'NONE', #7659, #6293, #62 ) ;
#4082 = CARTESIAN_POINT ( 'NONE',  ( -38.49999999999938183, 42.69999999999999574, 8.000000000000000000 ) ) ;
#4083 = ORIENTED_EDGE ( 'NONE', *, *, #2567, .T. ) ;
#4084 = CARTESIAN_POINT ( 'NONE',  ( -4.506444727116883049E-16, -1.930062516220161228, -0.5000000000000006661 ) ) ;
#4085 = EDGE_CURVE ( 'NONE', #3807, #6414, #4018, .T. ) ;
#4086 = DIRECTION ( 'NONE',  ( -0.9714137623810662481, -0.1555226214723453571, -0.1793544436779609674 ) ) ;
#4087 = DIRECTION ( 'NONE',  ( 0.4999999999999995004, -0.8660254037844389297, 0.000000000000000000 ) ) ;
#4088 = ADVANCED_FACE ( 'NONE', ( #1813 ), #390, .T. ) ;
#4089 = PLANE ( 'NONE',  #1804 ) ;
#4090 = VERTEX_POINT ( 'NONE', #3800 ) ;
#4091 = VECTOR ( 'NONE', #7952, 999.9999999999998863 ) ;
#4092 = CARTESIAN_POINT ( 'NONE',  ( 651.0095474641658484, 784.2880802453124716, 1311.976293266620814 ) ) ;
#4093 = CARTESIAN_POINT ( 'NONE',  ( 0.1581256944499509487, 0.3238667511488435569, -0.006944503301090088065 ) ) ;
#4094 = EDGE_LOOP ( 'NONE', ( #4229, #5955, #882, #3645 ) ) ;
#4095 = CARTESIAN_POINT ( 'NONE',  ( 648.2392958915335157, 813.7939001330627207, 1301.395223091801427 ) ) ;
#4096 = CARTESIAN_POINT ( 'NONE',  ( 0.3132217520766256147, -0.1716433664880195886, 0.000000000000000000 ) ) ;
#4097 = EDGE_LOOP ( 'NONE', ( #2419, #4803, #4952, #4142 ) ) ;
#4098 = ORIENTED_EDGE ( 'NONE', *, *, #6159, .F. ) ;
#4099 = LINE ( 'NONE', #656, #1746 ) ;
#4100 = EDGE_CURVE ( 'NONE', #1514, #1259, #7653, .T. ) ;
#4101 = LINE ( 'NONE', #4530, #8363 ) ;
#4102 = CYLINDRICAL_SURFACE ( 'NONE', #8960, 4.770000000000037765 ) ;
#4103 = DIRECTION ( 'NONE',  ( 0.000000000000000000, 0.000000000000000000, -1.000000000000000000 ) ) ;
#4104 = ORIENTED_EDGE ( 'NONE', *, *, #1807, .F. ) ;
#4105 = LINE ( 'NONE', #6881, #1394 ) ;
#4106 = ORIENTED_EDGE ( 'NONE', *, *, #6997, .F. ) ;
#4107 = LINE ( 'NONE', #2022, #2616 ) ;
#4108 = EDGE_CURVE ( 'NONE', #2404, #629, #5714, .T. ) ;
#4109 = AXIS2_PLACEMENT_3D ( 'NONE', #3820, #321, #3141 ) ;
#4110 = CARTESIAN_POINT ( 'NONE',  ( -0.3830732439286735347, -0.4802727167833448219, -0.005503680371533870019 ) ) ;
#4111 = ADVANCED_FACE ( 'NONE', ( #5219 ), #3734, .F. ) ;
#4112 = CARTESIAN_POINT ( 'NONE',  ( 0.3922209550263485167, -0.4861516264989734215, -0.05003158142706470857 ) ) ;
#4113 = AXIS2_PLACEMENT_3D ( 'NONE', #7298, #5890, #3211 ) ;
#4114 = CARTESIAN_POINT ( 'NONE',  ( -77.54626756963286027, -20.98319599188602780, 2.823529411764703845 ) ) ;
#4115 = ORIENTED_EDGE ( 'NONE', *, *, #1837, .F. ) ;
#4116 = EDGE_CURVE ( 'NONE', #4517, #5849, #7985, .T. ) ;
#4117 = CARTESIAN_POINT ( 'NONE',  ( -8.000000000000028422, 61.00000000000000000, -3.999999999999996447 ) ) ;
#4118 = PRODUCT_DEFINITION ( 'UNKNOWN', '', #2744, #3253 ) ;
#4119 = CARTESIAN_POINT ( 'NONE',  ( -0.1776728161206816980, -0.1759305495812601983, -1.099999999999996758 ) ) ;
#4120 = AXIS2_PLACEMENT_3D ( 'NONE', #673, #4716, #3442 ) ;
#4121 = DIRECTION ( 'NONE',  ( 0.08803429357919559384, -0.9376491420330599347, 0.3362499808158784242 ) ) ;
#4122 = AXIS2_PLACEMENT_3D ( 'NONE', #6834, #5341, #563 ) ;
#4123 = ORIENTED_EDGE ( 'NONE', *, *, #309, .F. ) ;
#4124 = CARTESIAN_POINT ( 'NONE',  ( 0.1534636753231233275, -0.1975001589623048837, -1.099999999999996758 ) ) ;
#4125 = DIRECTION ( 'NONE',  ( 0.000000000000000000, 0.000000000000000000, 1.000000000000000000 ) ) ;
#4126 = EDGE_LOOP ( 'NONE', ( #5987, #2518, #3089, #259 ) ) ;
#4127 = CARTESIAN_POINT ( 'NONE',  ( -61.20236144145427204, -1.505287146606623772, 0.000000000000000000 ) ) ;
#4128 = CARTESIAN_POINT ( 'NONE',  ( 646.9265274495445510, 827.7761353879336639, 1296.381059343922061 ) ) ;
#4129 = LINE ( 'NONE', #2002, #3704 ) ;
#4130 = TOROIDAL_SURFACE ( 'NONE', #4847, 4.450000000000000178, 0.2000000000000000111 ) ;
#4131 = MANIFOLD_SOLID_BREP ( 'Split3', #4782 ) ;
#4132 = VECTOR ( 'NONE', #3418, 1000.000000000000114 ) ;
#4133 = PLANE ( 'NONE',  #7310 ) ;
#4134 = CIRCLE ( 'NONE', #3273, 2.999999999999995559 ) ;
#4135 = ORIENTED_EDGE ( 'NONE', *, *, #1729, .T. ) ;
#4136 = LINE ( 'NONE', #5623, #1111 ) ;
#4137 = CARTESIAN_POINT ( 'NONE',  ( 0.000000000000000000, 0.000000000000000000, 1.599999999999997202 ) ) ;
#4138 = CARTESIAN_POINT ( 'NONE',  ( 0.5724802147649490358, -0.5870829615162442838, -0.5500000000000018208 ) ) ;
#4139 = VERTEX_POINT ( 'NONE', #817 ) ;
#4140 = FACE_OUTER_BOUND ( 'NONE', #5349, .T. ) ;
#4141 = DIRECTION ( 'NONE',  ( 0.7906026614797350138, -0.6123295123225398484, 0.000000000000000000 ) ) ;
#4142 = ORIENTED_EDGE ( 'NONE', *, *, #3262, .F. ) ;
#4143 = VECTOR ( 'NONE', #869, 1000.000000000000000 ) ;
#4144 = EDGE_CURVE ( 'NONE', #2611, #3510, #4532, .T. ) ;
#4145 = ORIENTED_EDGE ( 'NONE', *, *, #4195, .T. ) ;
#4146 = CARTESIAN_POINT ( 'NONE',  ( -0.1670978389879188009, -0.3152090556459846704, -0.006944503301090088065 ) ) ;
#4147 = FACE_OUTER_BOUND ( 'NONE', #1469, .T. ) ;
#4148 = CARTESIAN_POINT ( 'NONE',  ( -0.02249955031903561053, 0.2490262372640827948, -1.099999999999996758 ) ) ;
#4149 = CARTESIAN_POINT ( 'NONE',  ( 647.3325426676680081, 823.4516862960037997, 1297.931848289391837 ) ) ;
#4150 = ORIENTED_EDGE ( 'NONE', *, *, #1779, .T. ) ;
#4151 = ORIENTED_EDGE ( 'NONE', *, *, #3456, .F. ) ;
#4152 = AXIS2_PLACEMENT_3D ( 'NONE', #2260, #7848, #4346 ) ;
#4153 = CARTESIAN_POINT ( 'NONE',  ( 0.1486548185777787079, -0.3820235776430762065, -0.02170698513735950380 ) ) ;
#4154 = AXIS2_PLACEMENT_3D ( 'NONE', #5997, #5272, #8044 ) ;
#4155 = VECTOR ( 'NONE', #1748, 1000.000000000000000 ) ;
#4156 = CARTESIAN_POINT ( 'NONE',  ( 647.5048836984146874, 812.4394245202698812, 1297.215685492381454 ) ) ;
#4157 = EDGE_CURVE ( 'NONE', #6734, #5758, #1555, .T. ) ;
#4158 = CARTESIAN_POINT ( 'NONE',  ( 0.5782131514071318090, 0.5353853997294926170, -0.07968162166074650721 ) ) ;
#4159 = CARTESIAN_POINT ( 'NONE',  ( 0.5457377202782638381, 0.1586372979037661002, -0.04150101879424587803 ) ) ;
#4160 = ORIENTED_EDGE ( 'NONE', *, *, #825, .F. ) ;
#4161 = FACE_OUTER_BOUND ( 'NONE', #3674, .T. ) ;
#4162 = CARTESIAN_POINT ( 'NONE',  ( 1.104633382395830754, -0.1438349681274061209, -0.1590755312302820912 ) ) ;
#4163 =( GEOMETRIC_REPRESENTATION_CONTEXT ( 3 ) GLOBAL_UNCERTAINTY_ASSIGNED_CONTEXT ( ( #8075 ) ) GLOBAL_UNIT_ASSIGNED_CONTEXT ( ( #6889, #621, #2027 ) ) REPRESENTATION_CONTEXT ( 'NONE', 'WORKASPACE' ) );
#4164 = CARTESIAN_POINT ( 'NONE',  ( 648.9847587118442789, 805.8540105120729322, 1304.242543707851382 ) ) ;
#4165 = ORIENTED_EDGE ( 'NONE', *, *, #6340, .F. ) ;
#4166 = DIRECTION ( 'NONE',  ( -1.000000000000000000, -0.000000000000000000, -0.000000000000000000 ) ) ;
#4167 = EDGE_CURVE ( 'NONE', #7225, #3311, #6358, .T. ) ;
#4168 = CARTESIAN_POINT ( 'NONE',  ( -2.062176792960990197E-16, -1.857443727270250644, -0.6312498056815705194 ) ) ;
#4169 = EDGE_CURVE ( 'NONE', #3423, #8396, #5126, .T. ) ;
#4170 = VERTEX_POINT ( 'NONE', #5894 ) ;
#4171 = CARTESIAN_POINT ( 'NONE',  ( 0.1924284163752620902, 0.1597770853568603044, -1.099999999999996758 ) ) ;
#4172 = CARTESIAN_POINT ( 'NONE',  ( -0.1537055390955208711, 0.3196799447225121549, -0.01627847478369305600 ) ) ;
#4173 = PLANE ( 'NONE',  #8634 ) ;
#4174 = MANIFOLD_SOLID_BREP ( 'Approximate_edge_chamfers_0p12', #3616 ) ;
#4175 = FACE_OUTER_BOUND ( 'NONE', #8462, .T. ) ;
#4176 = ORIENTED_EDGE ( 'NONE', *, *, #8364, .F. ) ;
#4177 = CARTESIAN_POINT ( 'NONE',  ( -0.1837800884149781711, 0.1696535721155828513, -1.099999999999996758 ) ) ;
#4178 = LINE ( 'NONE', #729, #862 ) ;
#4179 = CARTESIAN_POINT ( 'NONE',  ( 0.1495600417456485753, 0.5782164300758979580, -0.006944503301090088065 ) ) ;
#4180 = ORIENTED_EDGE ( 'NONE', *, *, #756, .F. ) ;
#4181 = DIRECTION ( 'NONE',  ( -1.084202172485504434E-16, -1.000000000000000000, 0.000000000000000000 ) ) ;
#4182 = FACE_OUTER_BOUND ( 'NONE', #4423, .T. ) ;
#4183 = EDGE_LOOP ( 'NONE', ( #3054, #7128, #3333, #7651 ) ) ;
#4184 = ORIENTED_EDGE ( 'NONE', *, *, #8281, .F. ) ;
#4185 = ADVANCED_FACE ( 'NONE', ( #4708, #7892 ), #2618, .F. ) ;
#4186 = ORIENTED_EDGE ( 'NONE', *, *, #3521, .T. ) ;
#4187 = DIRECTION ( 'NONE',  ( -0.000000000000000000, -0.000000000000000000, 1.000000000000000000 ) ) ;
#4188 = DIRECTION ( 'NONE',  ( 0.000000000000000000, -0.000000000000000000, 1.000000000000000000 ) ) ;
#4189 = DIRECTION ( 'NONE',  ( 0.9714137623810650268, 0.1555226214723551825, 0.1793544436779587470 ) ) ;
#4190 = CARTESIAN_POINT ( 'NONE',  ( -0.2178001925594724719, -0.1228491913548013237, -1.099999999999996758 ) ) ;
#4191 = VERTEX_POINT ( 'NONE', #2705 ) ;
#4192 = ADVANCED_FACE ( 'NONE', ( #7573 ), #8928, .F. ) ;
#4193 = ORIENTED_EDGE ( 'NONE', *, *, #7426, .F. ) ;
#4194 = CARTESIAN_POINT ( 'NONE',  ( 0.1484714080841179340, -0.3672821610618526300, -0.02029327613397673147 ) ) ;
#4195 = EDGE_CURVE ( 'NONE', #931, #8892, #2447, .T. ) ;
#4196 = PLANE ( 'NONE',  #6887 ) ;
#4197 = EDGE_CURVE ( 'NONE', #1129, #2512, #3259, .T. ) ;
#4198 = AXIS2_PLACEMENT_3D ( 'NONE', #4955, #7722, #4263 ) ;
#4199 = CARTESIAN_POINT ( 'NONE',  ( -34.40776631797477592, 28.87154402704684841, 8.000000000000000000 ) ) ;
#4200 = CARTESIAN_POINT ( 'NONE',  ( -0.02697841726616995173, 0.2485400671960458219, -1.099999999999996758 ) ) ;
#4201 = ORIENTED_EDGE ( 'NONE', *, *, #3515, .F. ) ;
#4202 = DIRECTION ( 'NONE',  ( 0.000000000000000000, 0.000000000000000000, 1.000000000000000000 ) ) ;
#4203 = CARTESIAN_POINT ( 'NONE',  ( 0.3830732439287498625, 0.4802727167834558442, -0.005503680371533870019 ) ) ;
#4204 = AXIS2_PLACEMENT_3D ( 'NONE', #1981, #4747, #6792 ) ;
#4205 = PRODUCT_DEFINITION_SHAPE ( 'NONE', 'NONE',  #8996 ) ;
#4206 = DIRECTION ( 'NONE',  ( 0.000000000000000000, 0.000000000000000000, -1.000000000000000000 ) ) ;
#4207 = PRODUCT_CONTEXT ( 'NONE', #4287, 'mechanical' ) ;
#4208 = VERTEX_POINT ( 'NONE', #7442 ) ;
#4209 = CARTESIAN_POINT ( 'NONE',  ( 0.1084470364372258633, -1.200297652328860654, -0.1785173072915841042 ) ) ;
#4210 = CARTESIAN_POINT ( 'NONE',  ( 0.000000000000000000, 0.000000000000000000, -0.6181764442694248629 ) ) ;
#4211 = CARTESIAN_POINT ( 'NONE',  ( 2.142799844473573849E-16, 1.930062516220161228, -0.5000000000000006661 ) ) ;
#4212 = AXIS2_PLACEMENT_3D ( 'NONE', #6961, #2332, #1472 ) ;
#4213 = PLANE ( 'NONE',  #6113 ) ;
#4214 = EDGE_CURVE ( 'NONE', #6685, #1009, #7755, .T. ) ;
#4215 = CARTESIAN_POINT ( 'NONE',  ( -54.70522151952335577, -17.09815470596434750, 0.000000000000000000 ) ) ;
#4216 = CARTESIAN_POINT ( 'NONE',  ( 0.2475313329836359433, 0.03568906935941251746, -1.099999999999996758 ) ) ;
#4217 = AXIS2_PLACEMENT_3D ( 'NONE', #1582, #7168, #303 ) ;
#4218 = ORIENTED_EDGE ( 'NONE', *, *, #8466, .F. ) ;
#4219 = CARTESIAN_POINT ( 'NONE',  ( 1.189627661050844720, 0.1388928851894927208, -0.1855446092705256844 ) ) ;
#4220 = CARTESIAN_POINT ( 'NONE',  ( -0.4803377652055624281, 0.5637354896799976478, -0.07015313896813733796 ) ) ;
#4221 = CARTESIAN_POINT ( 'NONE',  ( -19.50000000000007105, 55.99999999999999289, -3.999999999999996447 ) ) ;
#4222 = VERTEX_POINT ( 'NONE', #5522 ) ;
#4223 = CARTESIAN_POINT ( 'NONE',  ( 1.154700538379169306, -1.880000000000034532, 1.599999999999997202 ) ) ;
#4224 = FACE_OUTER_BOUND ( 'NONE', #7371, .T. ) ;
#4225 = ORIENTED_EDGE ( 'NONE', *, *, #5568, .T. ) ;
#4226 = EDGE_CURVE ( 'NONE', #6594, #8841, #1568, .T. ) ;
#4227 = SURFACE_STYLE_USAGE ( .BOTH. , #228 ) ;
#4228 = CIRCLE ( 'NONE', #3945, 0.05000000000006021850 ) ;
#4229 = ORIENTED_EDGE ( 'NONE', *, *, #1791, .T. ) ;
#4230 = CARTESIAN_POINT ( 'NONE',  ( 657.6193373974853102, 771.7643418746440602, 1322.906373516111671 ) ) ;
#4231 = CARTESIAN_POINT ( 'NONE',  ( -14.39137857982562174, 14.61091226666445841, 0.000000000000000000 ) ) ;
#4232 = FACE_OUTER_BOUND ( 'NONE', #2508, .T. ) ;
#4233 = ORIENTED_EDGE ( 'NONE', *, *, #6117, .T. ) ;
#4234 = DIRECTION ( 'NONE',  ( 1.334402673828313339E-16, 1.000000000000000000, 0.000000000000000000 ) ) ;
#4235 = CARTESIAN_POINT ( 'NONE',  ( 0.000000000000000000, 0.000000000000000000, 0.000000000000000000 ) ) ;
#4236 = ORIENTED_EDGE ( 'NONE', *, *, #227, .F. ) ;
#4237 = VECTOR ( 'NONE', #8379, 1000.000000000000227 ) ;
#4238 = EDGE_CURVE ( 'NONE', #1984, #1868, #7107, .T. ) ;
#4239 = ORIENTED_EDGE ( 'NONE', *, *, #6117, .F. ) ;
#4240 = CARTESIAN_POINT ( 'NONE',  ( 69.44977210575977722, -0.1607447605068562657, 0.000000000000000000 ) ) ;
#4241 = DIRECTION ( 'NONE',  ( -0.08803429357919559384, 0.9376491420330599347, -0.3362499808158784242 ) ) ;
#4242 = ADVANCED_FACE ( 'NONE', ( #3568, #6384 ), #1440, .T. ) ;
#4243 = CARTESIAN_POINT ( 'NONE',  ( 0.5610275269352695826, -0.5143963044689215947, -0.07433204396375901746 ) ) ;
#4244 = CARTESIAN_POINT ( 'NONE',  ( 646.8622117377617542, 826.7331895823299419, 1303.203632613991203 ) ) ;
#4245 = ORIENTED_EDGE ( 'NONE', *, *, #4460, .T. ) ;
#4246 = LINE ( 'NONE', #2794, #5649 ) ;
#4247 = CARTESIAN_POINT ( 'NONE',  ( 0.8418964842997790354, -0.1533024407390121691, -0.09398636219920190882 ) ) ;
#4248 = DIRECTION ( 'NONE',  ( 0.9848077530122065770, -0.1736481776669391575, 0.000000000000000000 ) ) ;
#4249 = PRODUCT_CONTEXT ( 'NONE', #2437, 'mechanical' ) ;
#4250 = ORIENTED_EDGE ( 'NONE', *, *, #3644, .F. ) ;
#4251 = DIRECTION ( 'NONE',  ( -0.6501551545065391569, -0.3098309877324991746, -0.6937600695552333940 ) ) ;
#4252 = AXIS2_PLACEMENT_3D ( 'NONE', #412, #1788, #5959 ) ;
#4253 = EDGE_CURVE ( 'NONE', #8028, #5622, #7443, .T. ) ;
#4254 = DIRECTION ( 'NONE',  ( 1.000000000000000000, 0.000000000000000000, 0.000000000000000000 ) ) ;
#4255 = CARTESIAN_POINT ( 'NONE',  ( 656.9078466507178291, 765.5966506028539698, 1323.588916769810339 ) ) ;
#4256 = CARTESIAN_POINT ( 'NONE',  ( -0.1487386123792077963, 0.3993128751441269442, -0.02344718124829880262 ) ) ;
#4257 = CARTESIAN_POINT ( 'NONE',  ( 646.8307471942673601, 828.7962864055925820, 1296.015223398740545 ) ) ;
#4258 = VECTOR ( 'NONE', #5808, 1000.000000000000114 ) ;
#4259 = CARTESIAN_POINT ( 'NONE',  ( -1.628127759114750273, -0.9399999999999963940, 1.599999999999997202 ) ) ;
#4260 = ORIENTED_EDGE ( 'NONE', *, *, #2661, .F. ) ;
#4261 = DIRECTION ( 'NONE',  ( 0.7559289460184580589, 2.747801985947264015E-15, 0.6546536707079730899 ) ) ;
#4262 = ADVANCED_FACE ( 'NONE', ( #104 ), #261, .T. ) ;
#4263 = DIRECTION ( 'NONE',  ( -0.3570222811898847159, 0.2854333161668001773, 0.8894171758831703745 ) ) ;
#4264 = DIRECTION ( 'NONE',  ( 0.6501551545066718285, 0.3098309877324545991, 0.6937600695551289220 ) ) ;
#4265 = CIRCLE ( 'NONE', #3108, 4.650000000000083844 ) ;
#4266 = EDGE_LOOP ( 'NONE', ( #2994, #2100 ) ) ;
#4267 = DIRECTION ( 'NONE',  ( -0.1610798504276388654, -0.3465180766741912666, -0.9241095737650534270 ) ) ;
#4268 = AXIS2_PLACEMENT_3D ( 'NONE', #7475, #8195, #1246 ) ;
#4269 = DIRECTION ( 'NONE',  ( 1.000000000000000000, 0.000000000000000000, -0.000000000000000000 ) ) ;
#4270 = CARTESIAN_POINT ( 'NONE',  ( -5.055563173821026268, 9.969247618609081485, 8.000000000000000000 ) ) ;
#4271 = DIRECTION ( 'NONE',  ( -0.000000000000000000, -0.000000000000000000, 1.000000000000000000 ) ) ;
#4272 = ORIENTED_EDGE ( 'NONE', *, *, #856, .T. ) ;
#4273 = DIRECTION ( 'NONE',  ( -0.007546954877966126699, -0.9999715213305176986, -0.000000000000000000 ) ) ;
#4274 = ORIENTED_EDGE ( 'NONE', *, *, #8619, .T. ) ;
#4275 = LINE ( 'NONE', #697, #8119 ) ;
#4276 = DIRECTION ( 'NONE',  ( 0.000000000000000000, -1.000000000000000000, 0.000000000000000000 ) ) ;
#4277 = DIRECTION ( 'NONE',  ( -0.000000000000000000, -1.000000000000000000, -0.000000000000000000 ) ) ;
#4278 = ORIENTED_EDGE ( 'NONE', *, *, #6061, .T. ) ;
#4279 = VECTOR ( 'NONE', #8771, 1000.000000000000114 ) ;
#4280 = FACE_OUTER_BOUND ( 'NONE', #7929, .T. ) ;
#4281 = FACE_BOUND ( 'NONE', #713, .T. ) ;
#4282 = EDGE_CURVE ( 'NONE', #4697, #4456, #6289, .T. ) ;
#4283 = ORIENTED_EDGE ( 'NONE', *, *, #4737, .F. ) ;
#4284 = VERTEX_POINT ( 'NONE', #2881 ) ;
#4285 = B_SPLINE_SURFACE_WITH_KNOTS ( 'NONE', 3, 1, ( 
 ( #4618, #6796 ),
 ( #6030, #5348 ),
 ( #4110, #7572 ),
 ( #2615, #5388 ),
 ( #5307, #1939 ),
 ( #8205, #5431 ),
 ( #8161, #6114 ) ),
 .UNSPECIFIED., .F., .F., .F.,
 ( 4, 1, 1, 1, 4 ),
 ( 2, 2 ),
 ( 0.000000000000000000, 0.2500000000000000000, 0.5000000000000000000, 0.7500000000000000000, 1.000000000000000000 ),
 ( 0.005003345792300469344, 1.000000000000000000 ),
 .UNSPECIFIED. ) ;
#4286 = FACE_OUTER_BOUND ( 'NONE', #99, .T. ) ;
#4287 = APPLICATION_CONTEXT ( 'automotive_design' ) ;
#4288 = CARTESIAN_POINT ( 'NONE',  ( 0.5825660923934202762, 0.5407056193542482125, -0.08106766492341260788 ) ) ;
#4289 = AXIS2_PLACEMENT_3D ( 'NONE', #8480, #5029, #6397 ) ;
#4290 = FACE_BOUND ( 'NONE', #4462, .T. ) ;
#4291 = VERTEX_POINT ( 'NONE', #3612 ) ;
#4292 = CARTESIAN_POINT ( 'NONE',  ( 0.3163063356182091446, -0.1684402751810226695, -0.01666428900707478400 ) ) ;
#4293 = B_SPLINE_CURVE_WITH_KNOTS ( 'NONE', 3,
 ( #1147, #3920, #8864, #5337, #3195, #2645, #7332 ),
 .UNSPECIFIED., .F., .F.,
 ( 4, 1, 1, 1, 4 ),
 ( 0.000000000000000000, 0.2500000000000000000, 0.5000000000000000000, 0.7500000000000000000, 1.000000000000000000 ),
 .UNSPECIFIED. ) ;
#4294 = CARTESIAN_POINT ( 'NONE',  ( 0.1909975391872417716, 0.3076839444774298604, -0.005503680371533870019 ) ) ;
#4295 = DIRECTION ( 'NONE',  ( -0.08803429357919534404, 0.9376491420330603788, -0.3362499808158775916 ) ) ;
#4296 = CARTESIAN_POINT ( 'NONE',  ( -50.15036860342182479, 76.41549637398182426, 46.79473502807132945 ) ) ;
#4297 = VERTEX_POINT ( 'NONE', #2791 ) ;
#4298 = CARTESIAN_POINT ( 'NONE',  ( 67.88492059948210056, -9.035458658461461567, 0.000000000000000000 ) ) ;
#4299 = FACE_OUTER_BOUND ( 'NONE', #544, .T. ) ;
#4300 = AXIS2_PLACEMENT_3D ( 'NONE', #3871, #5873, #6644 ) ;
#4301 = CARTESIAN_POINT ( 'NONE',  ( -0.2097430909580033642, 0.1360788281502822716, -1.099999999999996758 ) ) ;
#4302 = DIRECTION ( 'NONE',  ( 0.000000000000000000, 0.000000000000000000, 1.000000000000000000 ) ) ;
#4303 = ADVANCED_BREP_SHAPE_REPRESENTATION ( '', ( #1357, #4639 ), #3475 ) ;
#4304 = FACE_OUTER_BOUND ( 'NONE', #7729, .T. ) ;
#4305 = EDGE_CURVE ( 'NONE', #1115, #3199, #8467, .T. ) ;
#4306 = AXIS2_PLACEMENT_3D ( 'NONE', #3872, #418, #8059 ) ;
#4307 = DIRECTION ( 'NONE',  ( -0.1736481776669449306, -0.9848077530122054668, 0.000000000000000000 ) ) ;
#4308 = ORIENTED_EDGE ( 'NONE', *, *, #8019, .T. ) ;
#4309 = DIRECTION ( 'NONE',  ( 0.7906026614797350138, -0.6123295123225398484, 0.000000000000000000 ) ) ;
#4310 = CYLINDRICAL_SURFACE ( 'NONE', #5508, 0.7834936490538917386 ) ;
#4311 = ORIENTED_EDGE ( 'NONE', *, *, #6829, .T. ) ;
#4312 = VECTOR ( 'NONE', #4789, 1000.000000000000227 ) ;
#4313 = LINE ( 'NONE', #4998, #7206 ) ;
#4314 = DIRECTION ( 'NONE',  ( -0.08803429357919559384, 0.9376491420330599347, -0.3362499808158784242 ) ) ;
#4315 = CARTESIAN_POINT ( 'NONE',  ( 644.5251290454243644, 853.3533174354330413, 1287.208836401181316 ) ) ;
#4316 = ORIENTED_EDGE ( 'NONE', *, *, #5095, .T. ) ;
#4317 = CARTESIAN_POINT ( 'NONE',  ( -0.2222148463932455131, -0.1146708022528725168, -1.099999999999996758 ) ) ;
#4318 = ORIENTED_EDGE ( 'NONE', *, *, #6283, .F. ) ;
#4319 = EDGE_CURVE ( 'NONE', #770, #480, #6221, .T. ) ;
#4320 = CARTESIAN_POINT ( 'NONE',  ( 644.7150954732527453, 851.3299939006766408, 1287.934419638280815 ) ) ;
#4321 = ORIENTED_EDGE ( 'NONE', *, *, #275, .F. ) ;
#4322 = B_SPLINE_SURFACE_WITH_KNOTS ( 'NONE', 3, 1, ( 
 ( #2401, #5759 ),
 ( #2307, #7852 ),
 ( #1633, #3123 ),
 ( #4489, #4395 ) ),
 .UNSPECIFIED., .F., .F., .F.,
 ( 4, 4 ),
 ( 2, 2 ),
 ( 0.000000000000000000, 1.000000000000000000 ),
 ( 0.06867691751865820371, 1.000000000000000000 ),
 .UNSPECIFIED. ) ;
#4323 =( LENGTH_UNIT ( ) NAMED_UNIT ( * ) SI_UNIT ( .MILLI., .METRE. ) );
#4324 = CARTESIAN_POINT ( 'NONE',  ( -0.1355729733231031409, 0.2100932097154756262, -1.099999999999996758 ) ) ;
#4325 = PRESENTATION_LAYER_ASSIGNMENT (  '', '', ( #4903 ) ) ;
#4326 = DIRECTION ( 'NONE',  ( 0.000000000000000000, 0.000000000000000000, -1.000000000000000000 ) ) ;
#4327 = ORIENTED_EDGE ( 'NONE', *, *, #6159, .T. ) ;
#4328 = LINE ( 'NONE', #5155, #4479 ) ;
#4329 = CARTESIAN_POINT ( 'NONE',  ( 648.9847587118432557, 805.8540105120729322, 1304.242543707852064 ) ) ;
#4330 = ORIENTED_EDGE ( 'NONE', *, *, #1551, .T. ) ;
#4331 = AXIS2_PLACEMENT_3D ( 'NONE', #8286, #2066, #4834 ) ;
#4332 = ORIENTED_EDGE ( 'NONE', *, *, #8703, .F. ) ;
#4333 = EDGE_CURVE ( 'NONE', #1964, #6442, #6073, .T. ) ;
#4334 = LINE ( 'NONE', #7104, #2812 ) ;
#4335 = AXIS2_PLACEMENT_3D ( 'NONE', #4556, #5416, #4048 ) ;
#4336 = CARTESIAN_POINT ( 'NONE',  ( 0.6422591314844436905, -0.6136395537319000448, -0.09979297218044778928 ) ) ;
#4337 = CARTESIAN_POINT ( 'NONE',  ( -10.75000000000003730, 32.50000000000000000, -6.999999999999999112 ) ) ;
#4338 = ORIENTED_EDGE ( 'NONE', *, *, #5786, .F. ) ;
#4339 = CARTESIAN_POINT ( 'NONE',  ( -1.628127759114750273, -0.9399999999999963940, 0.000000000000000000 ) ) ;
#4340 = CARTESIAN_POINT ( 'NONE',  ( -0.2343715281922995053, 0.08778266593799377571, -1.099999999999996758 ) ) ;
#4341 = AXIS2_PLACEMENT_3D ( 'NONE', #3858, #3130, #1640 ) ;
#4342 = CYLINDRICAL_SURFACE ( 'NONE', #45, 6.624999999999891642 ) ;
#4343 = APPLICATION_PROTOCOL_DEFINITION ( 'draft international standard', 'automotive_design', 1998, #1453 ) ;
#4344 = ORIENTED_EDGE ( 'NONE', *, *, #3283, .F. ) ;
#4345 = FACE_OUTER_BOUND ( 'NONE', #689, .T. ) ;
#4346 = DIRECTION ( 'NONE',  ( 0.1610798504276334531, 0.3465180766742013696, 0.9241095737650505404 ) ) ;
#4347 = DIRECTION ( 'NONE',  ( 0.000000000000000000, 0.000000000000000000, -1.000000000000000000 ) ) ;
#4348 = ORIENTED_EDGE ( 'NONE', *, *, #1065, .F. ) ;
#4349 = DIRECTION ( 'NONE',  ( -1.110223024625150131E-16, -1.000000000000000000, 0.000000000000000000 ) ) ;
#4350 = DIRECTION ( 'NONE',  ( -0.7491429046844435558, 0.5530469664342747560, -0.3645873849693661573 ) ) ;
#4351 = ADVANCED_FACE ( 'NONE', ( #2158 ), #4932, .F. ) ;
#4352 = CIRCLE ( 'NONE', #6094, 1.700000000000008837 ) ;
#4353 = EDGE_LOOP ( 'NONE', ( #280, #4570, #5540, #3231 ) ) ;
#4354 = CARTESIAN_POINT ( 'NONE',  ( 69.44977210575986248, -0.1607447605068285101, 3.250000000000002665 ) ) ;
#4355 = ORIENTED_EDGE ( 'NONE', *, *, #19, .T. ) ;
#4356 = CARTESIAN_POINT ( 'NONE',  ( -0.5782131514073983736, -0.5353853997297739475, -0.07968162166082468079 ) ) ;
#4357 = EDGE_CURVE ( 'NONE', #3047, #506, #7881, .T. ) ;
#4358 = CIRCLE ( 'NONE', #592, 49.99999999999994316 ) ;
#4359 = CARTESIAN_POINT ( 'NONE',  ( -5.055563173821026268, 9.969247618609081485, 6.999999999999999112 ) ) ;
#4360 = B_SPLINE_SURFACE_WITH_KNOTS ( 'NONE', 3, 1, ( 
 ( #1614, #3154 ),
 ( #4562, #3061 ),
 ( #4471, #5744 ),
 ( #192, #3655 ),
 ( #2292, #5790 ),
 ( #7972, #2337 ),
 ( #7249, #7836 ) ),
 .UNSPECIFIED., .F., .F., .F.,
 ( 4, 1, 1, 1, 4 ),
 ( 2, 2 ),
 ( 0.000000000000000000, 0.2500000000000000000, 0.5000000000000000000, 0.7500000000000000000, 1.000000000000000000 ),
 ( 0.1627338349759990255, 1.000000000000000000 ),
 .UNSPECIFIED. ) ;
#4361 = VERTEX_POINT ( 'NONE', #5116 ) ;
#4362 = DIRECTION ( 'NONE',  ( 0.9848077530122070211, -0.1736481776669360211, 0.000000000000000000 ) ) ;
#4363 = CARTESIAN_POINT ( 'NONE',  ( 99.99999999999995737, 1.199999999999999734, -16.00000000000000000 ) ) ;
#4364 = ORIENTED_EDGE ( 'NONE', *, *, #7400, .T. ) ;
#4365 = CARTESIAN_POINT ( 'NONE',  ( -0.2178001925594724719, -0.1228491913548013237, -1.099999999999996758 ) ) ;
#4366 = ORIENTED_EDGE ( 'NONE', *, *, #2584, .T. ) ;
#4367 = EDGE_CURVE ( 'NONE', #8216, #5016, #2152, .T. ) ;
#4368 = AXIS2_PLACEMENT_3D ( 'NONE', #4128, #6903, #1538 ) ;
#4369 = CARTESIAN_POINT ( 'NONE',  ( -0.05711157449751064208, -1.196892597155135851, -0.1855446002210700551 ) ) ;
#4370 = ORIENTED_EDGE ( 'NONE', *, *, #205, .T. ) ;
#4371 = DIRECTION ( 'NONE',  ( 0.000000000000000000, 0.000000000000000000, -1.000000000000000000 ) ) ;
#4372 = DIRECTION ( 'NONE',  ( 0.08803429357919534404, -0.9376491420330603788, 0.3362499808158775916 ) ) ;
#4373 = ORIENTED_EDGE ( 'NONE', *, *, #8199, .F. ) ;
#4374 = CARTESIAN_POINT ( 'NONE',  ( -0.1157214820160720747, 0.2216396306715384679, -1.099999999999996758 ) ) ;
#4375 = DIRECTION ( 'NONE',  ( -3.466673899897024536E-32, -4.006689065479319709E-18, 1.000000000000000000 ) ) ;
#4376 = ORIENTED_EDGE ( 'NONE', *, *, #7834, .F. ) ;
#4377 = ORIENTED_EDGE ( 'NONE', *, *, #934, .F. ) ;
#4378 = AXIS2_PLACEMENT_3D ( 'NONE', #1770, #5351, #1898 ) ;
#4379 = ADVANCED_FACE ( 'NONE', ( #7975 ), #1569, .F. ) ;
#4380 = DIRECTION ( 'NONE',  ( 0.1736481776669358823, 0.9848077530122070211, 0.000000000000000000 ) ) ;
#4381 = MANIFOLD_SOLID_BREP ( 'Imported3', #570 ) ;
#4382 = VECTOR ( 'NONE', #7487, 1000.000000000000000 ) ;
#4383 = DIRECTION ( 'NONE',  ( 0.1610798504276574616, 0.3465180766741983165, 0.9241095737650476538 ) ) ;
#4384 = CARTESIAN_POINT ( 'NONE',  ( 1.189627661050844720, 0.1388928851894927208, -0.1855446092705256844 ) ) ;
#4385 = ORIENTED_EDGE ( 'NONE', *, *, #309, .T. ) ;
#4386 = FACE_OUTER_BOUND ( 'NONE', #7513, .T. ) ;
#4387 = CARTESIAN_POINT ( 'NONE',  ( 99.99999999999995737, 4.499999999999997335, 0.000000000000000000 ) ) ;
#4388 = DIRECTION ( 'NONE',  ( -0.08803429357919508036, 0.9376491420330606008, -0.3362499808158768699 ) ) ;
#4389 = VERTEX_POINT ( 'NONE', #2293 ) ;
#4390 = DIRECTION ( 'NONE',  ( 0.000000000000000000, 0.000000000000000000, 1.000000000000000000 ) ) ;
#4391 = ADVANCED_FACE ( 'NONE', ( #6611 ), #8832, .F. ) ;
#4392 = CARTESIAN_POINT ( 'NONE',  ( -0.2262728214071849098, 0.1063043286627235462, -1.099999999999996758 ) ) ;
#4393 = ORIENTED_EDGE ( 'NONE', *, *, #8628, .T. ) ;
#4394 = B_SPLINE_CURVE_WITH_KNOTS ( 'NONE', 3,
 ( #549, #4860, #640, #5495, #684, #1916, #2004 ),
 .UNSPECIFIED., .F., .F.,
 ( 4, 1, 1, 1, 4 ),
 ( 0.000000000000000000, 0.2500000000000000000, 0.5000000000000000000, 0.7500000000000000000, 1.000000000000000000 ),
 .UNSPECIFIED. ) ;
#4395 = CARTESIAN_POINT ( 'NONE',  ( -0.1745366508429241348, -0.1789887077792151615, -1.099999999999996758 ) ) ;
#4396 = EDGE_CURVE ( 'NONE', #8828, #271, #8026, .T. ) ;
#4397 = DIRECTION ( 'NONE',  ( 0.000000000000000000, 0.000000000000000000, -1.000000000000000000 ) ) ;
#4398 = ORIENTED_EDGE ( 'NONE', *, *, #42, .F. ) ;
#4399 = AXIS2_PLACEMENT_3D ( 'NONE', #5006, #872, #8500 ) ;
#4400 = CARTESIAN_POINT ( 'NONE',  ( 0.2454279539717274528, 0.04899927627670386254, -1.099999999999996758 ) ) ;
#4401 = VERTEX_POINT ( 'NONE', #382 ) ;
#4402 = CARTESIAN_POINT ( 'NONE',  ( -5.055563173821026268, 9.969247618609081485, 6.999999999999999112 ) ) ;
#4403 = DIRECTION ( 'NONE',  ( 0.1610798504276505505, 0.3465180766741933205, 0.9241095737650506514 ) ) ;
#4404 = EDGE_LOOP ( 'NONE', ( #8724, #2798 ) ) ;
#4405 = LINE ( 'NONE', #7038, #1403 ) ;
#4406 = CARTESIAN_POINT ( 'NONE',  ( 0.1355729733232002854, 0.2100932097154617484, -1.099999999999996758 ) ) ;
#4407 = ORIENTED_EDGE ( 'NONE', *, *, #5287, .F. ) ;
#4408 = CARTESIAN_POINT ( 'NONE',  ( -0.3376899659106452622, -0.1610167434695358724, 0.000000000000000000 ) ) ;
#4409 = AXIS2_PLACEMENT_3D ( 'NONE', #5946, #8720, #2494 ) ;
#4410 = ORIENTED_EDGE ( 'NONE', *, *, #3998, .T. ) ;
#4411 = CARTESIAN_POINT ( 'NONE',  ( 0.1475003613659409685, -0.5451800351700413216, -0.04086280049085258548 ) ) ;
#4412 = B_SPLINE_CURVE_WITH_KNOTS ( 'NONE', 3,
 ( #8691, #4467, #2468, #7245, #5247, #1015, #5878, #6561, #7378, #471 ),
 .UNSPECIFIED., .F., .F.,
 ( 4, 3, 3, 4 ),
 ( 3.066586833366749817E-19, 2.520687103428769958E-06, 5.041377495044060028E-06, 8.629767795653219220E-06 ),
 .UNSPECIFIED. ) ;
#4413 =( REPRESENTATION_RELATIONSHIP ('NONE','NONE', #74, #1947 ) REPRESENTATION_RELATIONSHIP_WITH_TRANSFORMATION ( #3071 )SHAPE_REPRESENTATION_RELATIONSHIP( ) );
#4414 = FACE_OUTER_BOUND ( 'NONE', #4494, .T. ) ;
#4415 = ORIENTED_EDGE ( 'NONE', *, *, #8041, .F. ) ;
#4417 = CIRCLE ( 'NONE', #3545, 4.449999999999617373 ) ;
#4416 = SHAPE_REPRESENTATION_RELATIONSHIP ( 'NONE' , 'NONE' ,  #7519, #294 ) ;
#4418 = CARTESIAN_POINT ( 'NONE',  ( 2.064659991068171774, 11.70926867103661095, 8.000000000000000000 ) ) ;
#4419 = CARTESIAN_POINT ( 'NONE',  ( 647.2140778579004063, 824.7134494422277839, 1297.479367916201909 ) ) ;
#4420 = ORIENTED_EDGE ( 'NONE', *, *, #4085, .F. ) ;
#4421 = CARTESIAN_POINT ( 'NONE',  ( -0.1818077383698712968, 0.3078510177435267448, -5.595407092523485559E-05 ) ) ;
#4422 = DIRECTION ( 'NONE',  ( 0.000000000000000000, 0.000000000000000000, 1.000000000000000000 ) ) ;
#4423 = EDGE_LOOP ( 'NONE', ( #5015, #7528, #7228, #8679 ) ) ;
#4424 = ORIENTED_EDGE ( 'NONE', *, *, #1975, .T. ) ;
#4425 = EDGE_CURVE ( 'NONE', #2734, #8734, #8699, .T. ) ;
#4426 = AXIS2_PLACEMENT_3D ( 'NONE', #8909, #2055, #1461 ) ;
#4427 = DIRECTION ( 'NONE',  ( -0.9944774410963874711, 0.007505490121482125652, 0.1046818359048862640 ) ) ;
#4428 = AXIS2_PLACEMENT_3D ( 'NONE', #6817, #501, #2456 ) ;
#4429 = CARTESIAN_POINT ( 'NONE',  ( 0.02697841726616995173, 0.2485400671961152108, -1.099999999999996758 ) ) ;
#4430 = DIRECTION ( 'NONE',  ( 0.7209589081641911701, -0.6929778154736969675, -3.120006509907303471E-32 ) ) ;
#4431 = ORIENTED_EDGE ( 'NONE', *, *, #4737, .T. ) ;
#4432 = CARTESIAN_POINT ( 'NONE',  ( -0.5457377202783046943, -0.1586372979037499742, -0.04150101879425138751 ) ) ;
#4433 = AXIS2_PLACEMENT_3D ( 'NONE', #1978, #661, #8238 ) ;
#4434 = CARTESIAN_POINT ( 'NONE',  ( -0.2262728214071849098, 0.1063043286627235462, -1.099999999999996758 ) ) ;
#4435 = EDGE_CURVE ( 'NONE', #4761, #5514, #4915, .T. ) ;
#4436 = PRODUCT_DEFINITION_SHAPE ( 'NONE', 'NONE',  #2343 ) ;
#4437 = FACE_OUTER_BOUND ( 'NONE', #7056, .T. ) ;
#4438 = DIRECTION ( 'NONE',  ( 0.9830072456193917896, 0.02719023690006180591, -0.1815418576447184462 ) ) ;
#4439 = CARTESIAN_POINT ( 'NONE',  ( 0.3429597328046537497, 0.4425245908177408150, -0.04028158175582504524 ) ) ;
#4440 = SURFACE_SIDE_STYLE ('',( #392 ) ) ;
#4441 = FACE_BOUND ( 'NONE', #3397, .T. ) ;
#4442 = EDGE_LOOP ( 'NONE', ( #8531, #3066, #6055, #4875 ) ) ;
#4443 = FACE_OUTER_BOUND ( 'NONE', #8463, .T. ) ;
#4444 = DIRECTION ( 'NONE',  ( -0.000000000000000000, -0.000000000000000000, -1.000000000000000000 ) ) ;
#4445 = AXIS2_PLACEMENT_3D ( 'NONE', #5818, #8580, #3591 ) ;
#4446 = VERTEX_POINT ( 'NONE', #241 ) ;
#4447 = CARTESIAN_POINT ( 'NONE',  ( 647.6591454045142200, 822.5622989133947840, 1291.364257813251243 ) ) ;
#4448 = EDGE_CURVE ( 'NONE', #6442, #1964, #1289, .T. ) ;
#4449 = ORIENTED_EDGE ( 'NONE', *, *, #3149, .T. ) ;
#4450 = EDGE_CURVE ( 'NONE', #6309, #2670, #5837, .T. ) ;
#4451 = CARTESIAN_POINT ( 'NONE',  ( -53.54191701026447703, -7.933163243472026949, 8.000000000000000000 ) ) ;
#4452 = AXIS2_PLACEMENT_3D ( 'NONE', #829, #3602, #4966 ) ;
#4453 = ORIENTED_EDGE ( 'NONE', *, *, #6920, .T. ) ;
#4454 = DIRECTION ( 'NONE',  ( -0.000000000000000000, -1.000000000000000000, -0.000000000000000000 ) ) ;
#4455 = FACE_OUTER_BOUND ( 'NONE', #400, .T. ) ;
#4456 = VERTEX_POINT ( 'NONE', #429 ) ;
#4457 = CARTESIAN_POINT ( 'NONE',  ( -1.050777489925130981, -1.939999999999997282, 1.599999999999997202 ) ) ;
#4458 = ORIENTED_EDGE ( 'NONE', *, *, #3832, .F. ) ;
#4459 = DIRECTION ( 'NONE',  ( 0.000000000000000000, 0.000000000000000000, 1.000000000000000000 ) ) ;
#4460 = EDGE_CURVE ( 'NONE', #7637, #5516, #3320, .T. ) ;
#4461 = LINE ( 'NONE', #7237, #6287 ) ;
#4462 = EDGE_LOOP ( 'NONE', ( #5402, #8247 ) ) ;
#4463 = CARTESIAN_POINT ( 'NONE',  ( 2.309401076758504701, 0.000000000000000000, 0.1199999999999951106 ) ) ;
#4464 = DIRECTION ( 'NONE',  ( 0.000000000000000000, 0.000000000000000000, 1.000000000000000000 ) ) ;
#4465 = EDGE_LOOP ( 'NONE', ( #4003, #6252 ) ) ;
#4466 = CARTESIAN_POINT ( 'NONE',  ( -0.1810060473105140622, 0.3099288595039551009, -5.595407092523485559E-05 ) ) ;
#4467 = CARTESIAN_POINT ( 'NONE',  ( 0.8306399171732481435, 0.8629722656463001407, -0.1855680528382377958 ) ) ;
#4468 = EDGE_LOOP ( 'NONE', ( #4512, #5762, #3339, #1606 ) ) ;
#4469 = EDGE_LOOP ( 'NONE', ( #4193, #3853, #5679, #7184 ) ) ;
#4470 = EDGE_CURVE ( 'NONE', #5910, #6545, #3323, .T. ) ;
#4471 = CARTESIAN_POINT ( 'NONE',  ( 1.203127165031729673, 0.06999676957504530339, -0.1790072184736021810 ) ) ;
#4472 = CIRCLE ( 'NONE', #7527, 4.450000000000286171 ) ;
#4473 = ADVANCED_FACE ( 'NONE', ( #3204 ), #993, .T. ) ;
#4474 = DIRECTION ( 'NONE',  ( 0.7159548311173679069, 0.6981466033718858322, -1.887411345499479094E-32 ) ) ;
#4475 = CARTESIAN_POINT ( 'NONE',  ( 31.99999999999996447, 0.000000000000000000, 1.460000000000003073 ) ) ;
#4476 = VERTEX_POINT ( 'NONE', #3882 ) ;
#4477 = CARTESIAN_POINT ( 'NONE',  ( -0.2080235751308057157, 0.1386585453183458716, -1.099999999999996758 ) ) ;
#4478 = EDGE_CURVE ( 'NONE', #7499, #4516, #4472, .T. ) ;
#4479 = VECTOR ( 'NONE', #7920, 1000.000000000000000 ) ;
#4480 = FACE_OUTER_BOUND ( 'NONE', #1234, .T. ) ;
#4481 = CARTESIAN_POINT ( 'NONE',  ( -8.000000000000028422, 52.99999999999999289, 3.999999999999996447 ) ) ;
#4482 = ITEM_DEFINED_TRANSFORMATION ( 'NONE', 'NONE', #431,  #4639 ) ;
#4483 = DIRECTION ( 'NONE',  ( 0.08803429357919559384, -0.9376491420330599347, 0.3362499808158784242 ) ) ;
#4484 = LINE ( 'NONE', #6489, #6618 ) ;
#4485 = CARTESIAN_POINT ( 'NONE',  ( 102.1784920396515162, 2.812736557524782910, -11.99999999999999645 ) ) ;
#4486 = CARTESIAN_POINT ( 'NONE',  ( -1.199062802707415276, 0.1165037252845446680, -0.1790072184736021810 ) ) ;
#4487 = ORIENTED_EDGE ( 'NONE', *, *, #5449, .F. ) ;
#4488 = CLOSED_SHELL ( 'NONE', ( #7398, #6589, #5590, #627, #4713, #7655, #396, #4778, #4379, #3870, #3978, #7057, #6449, #7859, #6969, #7796, #8748, #3927, #5375, #2049, #3255, #6122, #8007, #482, #8872, #8420, #6079, #6924, #2926, #5214, #2357, #7112, #8636, #188, #8782, #2677, #6311, #5285, #3346, #381, #6785, #7143, #6482 ) ) ;
#4489 = CARTESIAN_POINT ( 'NONE',  ( -0.9157647040538077210, -0.9391239044456850538, -0.07554460927052669694 ) ) ;
#4490 = CARTESIAN_POINT ( 'NONE',  ( -0.1487127974916986062, -0.4064246039200182792, -0.02416805707674371528 ) ) ;
#4491 = ORIENTED_EDGE ( 'NONE', *, *, #1000, .F. ) ;
#4492 = DIRECTION ( 'NONE',  ( -0.6501551545066162063, -0.3098309877324738060, -0.6937600695551724428 ) ) ;
#4493 = EDGE_CURVE ( 'NONE', #3177, #4844, #5975, .T. ) ;
#4494 = EDGE_LOOP ( 'NONE', ( #7276, #1329, #4104, #2185, #4150, #2976, #694, #1426, #4044, #2274 ) ) ;
#4495 = CARTESIAN_POINT ( 'NONE',  ( -0.8418964843007743504, 0.1533024407390706501, -0.09398636219941959580 ) ) ;
#4496 = FILL_AREA_STYLE ('',( #6630 ) ) ;
#4497 = EDGE_CURVE ( 'NONE', #8365, #6161, #1141, .T. ) ;
#4498 = EDGE_LOOP ( 'NONE', ( #3740, #5700, #5817, #8523 ) ) ;
#4499 = CARTESIAN_POINT ( 'NONE',  ( 644.5830440328796840, 852.7364676137267452, 1287.430044667061338 ) ) ;
#4500 = TOROIDAL_SURFACE ( 'NONE', #136, 1.857443727270239986, 0.1499999999999999944 ) ;
#4501 = CARTESIAN_POINT ( 'NONE',  ( 2.394627985313250592E-17, -2.092771362693152337, -1.599999999999997202 ) ) ;
#4502 = EDGE_LOOP ( 'NONE', ( #2288, #5022, #4318, #3059 ) ) ;
#4503 = CARTESIAN_POINT ( 'NONE',  ( 99.99999999999995737, 1.199999999999996181, -1.460000000000003073 ) ) ;
#4504 = ORIENTED_EDGE ( 'NONE', *, *, #5600, .F. ) ;
#4505 = DIRECTION ( 'NONE',  ( -0.7159548311173679069, -0.6981466033718858322, 1.887411345499479094E-32 ) ) ;
#4506 = DIRECTION ( 'NONE',  ( 0.000000000000000000, 0.000000000000000000, 1.000000000000000000 ) ) ;
#4507 = AXIS2_PLACEMENT_3D ( 'NONE', #4525, #3794, #3662 ) ;
#4508 = ORIENTED_EDGE ( 'NONE', *, *, #2778, .T. ) ;
#4509 = CARTESIAN_POINT ( 'NONE',  ( 0.8299852910303509024, -0.8634984783812693632, -0.1855446092705256844 ) ) ;
#4510 = ADVANCED_FACE ( 'NONE', ( #4013 ), #8746, .T. ) ;
#4511 = FACE_OUTER_BOUND ( 'NONE', #8908, .T. ) ;
#4512 = ORIENTED_EDGE ( 'NONE', *, *, #5369, .T. ) ;
#4513 = DIRECTION ( 'NONE',  ( -1.110223024625150131E-16, -1.000000000000000000, 0.000000000000000000 ) ) ;
#4514 = CARTESIAN_POINT ( 'NONE',  ( -57.70522151952335577, -17.09815470596434750, 0.000000000000000000 ) ) ;
#4515 = EDGE_CURVE ( 'NONE', #6625, #8079, #5624, .T. ) ;
#4516 = VERTEX_POINT ( 'NONE', #8196 ) ;
#4517 = VERTEX_POINT ( 'NONE', #4742 ) ;
#4518 = PRODUCT ( 'Alley Jig Design Split Top', 'Alley Jig Design Split Top', '', ( #6298 ) ) ;
#4519 = CARTESIAN_POINT ( 'NONE',  ( 1.154700538379252350, 2.000000000000001776, 0.1199999999999951106 ) ) ;
#4520 = CIRCLE ( 'NONE', #7564, 0.1999999999999901579 ) ;
#4521 = SURFACE_STYLE_FILL_AREA ( #1617 ) ;
#4522 = FACE_OUTER_BOUND ( 'NONE', #2382, .T. ) ;
#4523 = ORIENTED_EDGE ( 'NONE', *, *, #4887, .T. ) ;
#4524 = CARTESIAN_POINT ( 'NONE',  ( -1.189627661050837837, -0.1388928851894094540, -0.1855446092705256844 ) ) ;
#4525 = CARTESIAN_POINT ( 'NONE',  ( 2.064659991068171774, 11.70926867103661095, 8.000000000000000000 ) ) ;
#4526 = EDGE_CURVE ( 'NONE', #2540, #6839, #8970, .T. ) ;
#4527 = UNCERTAINTY_MEASURE_WITH_UNIT (LENGTH_MEASURE( 1.000000000000000082E-05 ), #4323, 'distance_accuracy_value', 'NONE');
#4528 = DIRECTION ( 'NONE',  ( -0.6501551545060543225, -0.3098309877321446804, -0.6937600695558459041 ) ) ;
#4529 = VECTOR ( 'NONE', #8725, 1000.000000000000000 ) ;
#4530 = CARTESIAN_POINT ( 'NONE',  ( 0.08848920863316345198, 0.8152114204030835865, -0.5500000000000018208 ) ) ;
#4531 = CARTESIAN_POINT ( 'NONE',  ( 652.8846779174020867, 764.3161535200088110, 1319.138417857990362 ) ) ;
#4532 = LINE ( 'NONE', #6666, #5761 ) ;
#4533 = CARTESIAN_POINT ( 'NONE',  ( -19.50000000000003197, 42.69999999999999574, -8.000000000000000000 ) ) ;
#4534 = CARTESIAN_POINT ( 'NONE',  ( -0.1446162957325668741, 0.7404453835898212599, -0.07302739549435692534 ) ) ;
#4535 = CARTESIAN_POINT ( 'NONE',  ( 648.9883171960211712, 815.4052091895986223, 1305.692332609800587 ) ) ;
#4536 = ORIENTED_EDGE ( 'NONE', *, *, #4470, .T. ) ;
#4537 = EDGE_CURVE ( 'NONE', #8294, #2446, #8536, .T. ) ;
#4538 = CARTESIAN_POINT ( 'NONE',  ( -0.4381135729623172326, -0.5266300098272381769, -0.06017499044270454428 ) ) ;
#4539 = ORIENTED_EDGE ( 'NONE', *, *, #8512, .F. ) ;
#4540 = CARTESIAN_POINT ( 'NONE',  ( -10.75000000000003730, 34.89999999999999858, -6.999999999999999112 ) ) ;
#4541 = CARTESIAN_POINT ( 'NONE',  ( 648.2392958915335157, 813.7939001330638575, 1301.395223091791649 ) ) ;
#4542 = ORIENTED_EDGE ( 'NONE', *, *, #3537, .F. ) ;
#4543 = CARTESIAN_POINT ( 'NONE',  ( -19.50000000000003197, 44.00000000000000000, 9.999999999999994671 ) ) ;
#4544 = LINE ( 'NONE', #4501, #5151 ) ;
#4545 = ORIENTED_EDGE ( 'NONE', *, *, #8140, .T. ) ;
#4546 = CARTESIAN_POINT ( 'NONE',  ( 643.4974665028639720, 852.9677503571089119, 1288.359204918971500 ) ) ;
#4547 = VERTEX_POINT ( 'NONE', #2018 ) ;
#4548 = DIRECTION ( 'NONE',  ( -0.000000000000000000, 1.000000000000000000, 0.000000000000000000 ) ) ;
#4549 = FACE_OUTER_BOUND ( 'NONE', #957, .T. ) ;
#4550 = EDGE_CURVE ( 'NONE', #2012, #8453, #708, .T. ) ;
#4551 = ORIENTED_EDGE ( 'NONE', *, *, #737, .T. ) ;
#4552 = CARTESIAN_POINT ( 'NONE',  ( 644.5251290454243644, 853.3533174354330413, 1287.208836401181316 ) ) ;
#4553 = CARTESIAN_POINT ( 'NONE',  ( -19.50000000000003197, 0.000000000000000000, -11.99999999999999645 ) ) ;
#4554 = VECTOR ( 'NONE', #1697, 1000.000000000000000 ) ;
#4555 = ORIENTED_EDGE ( 'NONE', *, *, #8731, .T. ) ;
#4556 = CARTESIAN_POINT ( 'NONE',  ( -38.49999999999938183, 32.69999999999999574, 8.000000000000000000 ) ) ;
#4557 = CARTESIAN_POINT ( 'NONE',  ( 66.49534884672320345, 0.3601997724940186885, 8.000000000000000000 ) ) ;
#4558 = ORIENTED_EDGE ( 'NONE', *, *, #2476, .T. ) ;
#4559 = ORIENTED_EDGE ( 'NONE', *, *, #3651, .T. ) ;
#4560 = VECTOR ( 'NONE', #1806, 999.9999999999998863 ) ;
#4561 = CIRCLE ( 'NONE', #5716, 6.497700000001365161 ) ;
#4562 = CARTESIAN_POINT ( 'NONE',  ( 1.199062802707477671, 0.1165037252845446680, -0.1790072184736021810 ) ) ;
#4563 = EDGE_CURVE ( 'NONE', #5826, #3727, #8685, .T. ) ;
#4564 = EDGE_CURVE ( 'NONE', #1868, #8853, #5342, .T. ) ;
#4565 = CARTESIAN_POINT ( 'NONE',  ( 1.050777489925116992, 1.939999999999886260, 1.599999999999997202 ) ) ;
#4566 = DIRECTION ( 'NONE',  ( -0.000000000000000000, -0.000000000000000000, -1.000000000000000000 ) ) ;
#4567 = AXIS2_PLACEMENT_3D ( 'NONE', #1673, #5844, #5076 ) ;
#4568 = DIRECTION ( 'NONE',  ( -0.9848077530122070211, 0.1736481776669358268, 0.000000000000000000 ) ) ;
#4569 = CIRCLE ( 'NONE', #4426, 1.930062516220146129 ) ;
#4570 = ORIENTED_EDGE ( 'NONE', *, *, #8526, .T. ) ;
#4571 = CARTESIAN_POINT ( 'NONE',  ( -76.20663060241875542, 26.52603562942729098, 3.250000000000002665 ) ) ;
#4572 = DIRECTION ( 'NONE',  ( -0.000000000000000000, 1.000000000000000000, -1.734723475976806848E-16 ) ) ;
#4573 = LINE ( 'NONE', #7348, #1960 ) ;
#4574 = CONTEXT_DEPENDENT_SHAPE_REPRESENTATION ( #1344, #147 ) ;
#4575 = CARTESIAN_POINT ( 'NONE',  ( -0.3046041416109798727, 0.1820468759048399221, -0.01634261529886993358 ) ) ;
#4576 = ORIENTED_EDGE ( 'NONE', *, *, #8019, .F. ) ;
#4577 = CARTESIAN_POINT ( 'NONE',  ( 646.8307471942673601, 828.7962864055925820, 1296.015223398740545 ) ) ;
#4578 = FILL_AREA_STYLE ('',( #6621 ) ) ;
#4579 = CARTESIAN_POINT ( 'NONE',  ( -2.170837012152995626, -1.110223024625156540E-13, 1.599999999999997202 ) ) ;
#4580 = VECTOR ( 'NONE', #5131, 1000.000000000000000 ) ;
#4581 = CARTESIAN_POINT ( 'NONE',  ( 0.2222148463932455131, -0.1146708022528170057, -1.099999999999996758 ) ) ;
#4582 = CARTESIAN_POINT ( 'NONE',  ( -0.1472010468384044868, -0.5729012677947474819, -0.04487256049437948063 ) ) ;
#4583 = ADVANCED_FACE ( 'NONE', ( #1200 ), #7386, .F. ) ;
#4584 = ORIENTED_EDGE ( 'NONE', *, *, #3103, .F. ) ;
#4585 = CARTESIAN_POINT ( 'NONE',  ( 0.1912919324710687929, -0.3081581918796538755, -5.595407092523485559E-05 ) ) ;
#4586 = EDGE_LOOP ( 'NONE', ( #4700, #5433, #8191, #209, #1690 ) ) ;
#4587 = CARTESIAN_POINT ( 'NONE',  ( 0.5682418086884327701, -0.5911863046946519429, -0.5500000000000018208 ) ) ;
#4588 = DIRECTION ( 'NONE',  ( 0.000000000000000000, 0.000000000000000000, 1.000000000000000000 ) ) ;
#4589 = ORIENTED_EDGE ( 'NONE', *, *, #8897, .T. ) ;
#4590 = FACE_OUTER_BOUND ( 'NONE', #2455, .T. ) ;
#4591 = ADVANCED_FACE ( 'NONE', ( #1154 ), #8111, .F. ) ;
#4592 = CIRCLE ( 'NONE', #1980, 3.750000000000059064 ) ;
#4593 = LINE ( 'NONE', #221, #3983 ) ;
#4594 = DIRECTION ( 'NONE',  ( -0.7209589081641911701, 0.6929778154736969675, 3.120006509907303471E-32 ) ) ;
#4595 = EDGE_LOOP ( 'NONE', ( #5464, #8570, #834, #3249 ) ) ;
#4596 = DIRECTION ( 'NONE',  ( 1.000000000000000000, 0.000000000000000000, 0.000000000000000000 ) ) ;
#4597 = VECTOR ( 'NONE', #5857, 1000.000000000000114 ) ;
#4598 = ADVANCED_FACE ( 'NONE', ( #3295 ), #6064, .F. ) ;
#4599 = FACE_OUTER_BOUND ( 'NONE', #1709, .T. ) ;
#4600 = ORIENTED_EDGE ( 'NONE', *, *, #2033, .T. ) ;
#4601 = CARTESIAN_POINT ( 'NONE',  ( -1.085418506076532452, 1.879999999999895532, 0.000000000000000000 ) ) ;
#4602 = CARTESIAN_POINT ( 'NONE',  ( 69.44775419848437537, -0.1721888813514954597, 0.000000000000000000 ) ) ;
#4603 = ORIENTED_EDGE ( 'NONE', *, *, #4537, .F. ) ;
#4604 = CARTESIAN_POINT ( 'NONE',  ( -8.000000000000028422, 55.99999999999999289, -11.41619848709565765 ) ) ;
#4605 = ORIENTED_EDGE ( 'NONE', *, *, #2752, .F. ) ;
#4606 = ADVANCED_FACE ( 'NONE', ( #4280 ), #4923, .T. ) ;
#4607 = CARTESIAN_POINT ( 'NONE',  ( -0.1496347106601722543, -0.4194641360145967557, -0.006944503301090088065 ) ) ;
#4608 = FACE_OUTER_BOUND ( 'NONE', #4692, .T. ) ;
#4609 = AXIS2_PLACEMENT_3D ( 'NONE', #7214, #986, #2938 ) ;
#4610 = DIRECTION ( 'NONE',  ( 0.000000000000000000, 0.000000000000000000, 1.000000000000000000 ) ) ;
#4611 = EDGE_CURVE ( 'NONE', #8433, #2029, #5597, .T. ) ;
#4612 = VECTOR ( 'NONE', #1605, 1000.000000000000000 ) ;
#4613 = CARTESIAN_POINT ( 'NONE',  ( -14.21773040215869699, 15.59572001967665678, 6.999999999999999112 ) ) ;
#4614 = ORIENTED_EDGE ( 'NONE', *, *, #8557, .F. ) ;
#4615 = ADVANCED_FACE ( 'NONE', ( #8460 ), #423, .T. ) ;
#4616 = CARTESIAN_POINT ( 'NONE',  ( 0.9089847619943441925, 0.9456877939120478249, -0.07554460927052669694 ) ) ;
#4617 = DIRECTION ( 'NONE',  ( 0.000000000000000000, 0.000000000000000000, 1.000000000000000000 ) ) ;
#4618 = CARTESIAN_POINT ( 'NONE',  ( -0.1909975391872417716, -0.3076839444773604715, -0.005503680371533870019 ) ) ;
#4619 = CONTEXT_DEPENDENT_SHAPE_REPRESENTATION ( #4413, #4939 ) ;
#4620 = LINE ( 'NONE', #441, #8085 ) ;
#4621 = ORIENTED_EDGE ( 'NONE', *, *, #8086, .T. ) ;
#4622 = CARTESIAN_POINT ( 'NONE',  ( 0.8299852910303509024, -0.8634984783812693632, -0.1855446092705256844 ) ) ;
#4623 = MECHANICAL_DESIGN_GEOMETRIC_PRESENTATION_REPRESENTATION (  '', ( #4903 ), #5486 ) ;
#4624 = CARTESIAN_POINT ( 'NONE',  ( -1.203127165031708801, 0.06999676957507305897, -0.1790072184736021810 ) ) ;
#4625 = CARTESIAN_POINT ( 'NONE',  ( 0.1909975396748933574, -0.3076839452628987726, -0.005503671348411343089 ) ) ;
#4626 = CARTESIAN_POINT ( 'NONE',  ( 651.2324618732260433, 781.9138293039386554, 1312.827722439541958 ) ) ;
#4627 = VECTOR ( 'NONE', #5390, 1000.000000000000114 ) ;
#4628 = B_SPLINE_CURVE_WITH_KNOTS ( 'NONE', 3,
 ( #7006, #5690, #7649, #4190, #2286, #7783, #5060 ),
 .UNSPECIFIED., .F., .F.,
 ( 4, 1, 1, 1, 4 ),
 ( 0.000000000000000000, 0.2500000000000000000, 0.5000000000000000000, 0.7500000000000000000, 1.000000000000000000 ),
 .UNSPECIFIED. ) ;
#4629 = CARTESIAN_POINT ( 'NONE',  ( 0.2249545328357471785, 0.1091103562089745793, -1.099999999999996758 ) ) ;
#4630 = EDGE_LOOP ( 'NONE', ( #4135, #7095 ) ) ;
#4631 = CARTESIAN_POINT ( 'NONE',  ( 0.1521001958092599304, -0.3379129674253994464, -5.595407092523485559E-05 ) ) ;
#4632 = ORIENTED_EDGE ( 'NONE', *, *, #709, .F. ) ;
#4633 = FACE_OUTER_BOUND ( 'NONE', #5978, .T. ) ;
#4634 = CARTESIAN_POINT ( 'NONE',  ( 0.8326925207963951081, -0.8611461228321820593, -0.1856031583492151471 ) ) ;
#4635 = ORIENTED_EDGE ( 'NONE', *, *, #810, .F. ) ;
#4636 = CARTESIAN_POINT ( 'NONE',  ( -19.50000000000003197, 44.00000000000000000, -9.999999999999994671 ) ) ;
#4637 = EDGE_CURVE ( 'NONE', #6518, #6266, #4943, .T. ) ;
#4638 = DIRECTION ( 'NONE',  ( 0.000000000000000000, -1.000000000000000000, 1.734723475976808574E-16 ) ) ;
#4639 = AXIS2_PLACEMENT_3D ( 'NONE', #5734, #3689, #6510 ) ;
#4640 = DIRECTION ( 'NONE',  ( 0.7147638640827029821, -0.08345099778861007900, -0.6943691738330906027 ) ) ;
#4641 = CARTESIAN_POINT ( 'NONE',  ( 0.3195238154590288038, 0.1662289047898862782, -0.01683112434157363335 ) ) ;
#4642 = DIRECTION ( 'NONE',  ( 1.000000000000000000, 0.000000000000000000, 0.000000000000000000 ) ) ;
#4643 = EDGE_CURVE ( 'NONE', #3784, #2951, #8693, .T. ) ;
#4644 = VERTEX_POINT ( 'NONE', #8964 ) ;
#4645 = AXIS2_PLACEMENT_3D ( 'NONE', #6776, #1418, #2855 ) ;
#4646 = LINE ( 'NONE', #2099, #3691 ) ;
#4647 = LINE ( 'NONE', #6690, #6955 ) ;
#4648 = CARTESIAN_POINT ( 'NONE',  ( 0.2483133094921610717, -0.02899138370379694685, -1.099999999999996758 ) ) ;
#4649 = ORIENTED_EDGE ( 'NONE', *, *, #2849, .F. ) ;
#4650 = CARTESIAN_POINT ( 'NONE',  ( -7.000000000000033751, 52.49999999999999289, 0.000000000000000000 ) ) ;
#4651 = CARTESIAN_POINT ( 'NONE',  ( 0.1444502648817885537, 0.7494417106517204941, -0.07474267641875542711 ) ) ;
#4652 = ADVANCED_FACE ( 'NONE', ( #659 ), #118, .F. ) ;
#4653 = VERTEX_POINT ( 'NONE', #6960 ) ;
#4654 = AXIS2_PLACEMENT_3D ( 'NONE', #6211, #1527, #8427 ) ;
#4655 = CARTESIAN_POINT ( 'NONE',  ( -0.1494552465623605331, -0.8610789751754693855, -0.006944503301090088065 ) ) ;
#4656 = CARTESIAN_POINT ( 'NONE',  ( -0.8579078084836322393, -0.1606026638300978027, -0.007003512763968655630 ) ) ;
#4657 = AXIS2_PLACEMENT_3D ( 'NONE', #6571, #7158, #2344 ) ;
#4658 = CARTESIAN_POINT ( 'NONE',  ( -0.1292490986361874428, 1.190714019399824464, -0.1855446092705256844 ) ) ;
#4659 = ORIENTED_EDGE ( 'NONE', *, *, #641, .T. ) ;
#4660 = CARTESIAN_POINT ( 'NONE',  ( -42.64668146724019948, 20.60851112569134358, 6.999999999999999112 ) ) ;
#4661 = ORIENTED_EDGE ( 'NONE', *, *, #4144, .F. ) ;
#4662 = CARTESIAN_POINT ( 'NONE',  ( 0.1740862074524965331, 0.1794279471131893233, -1.099999999999996758 ) ) ;
#4663 = CARTESIAN_POINT ( 'NONE',  ( -46.00000000000002842, 32.69999999999999574, 8.000000000000000000 ) ) ;
#4664 = AXIS2_PLACEMENT_3D ( 'NONE', #7714, #682, #5576 ) ;
#4665 = LINE ( 'NONE', #7439, #792 ) ;
#4666 = ORIENTED_EDGE ( 'NONE', *, *, #3924, .T. ) ;
#4667 = DIRECTION ( 'NONE',  ( 0.000000000000000000, 0.000000000000000000, -1.000000000000000000 ) ) ;
#4668 = LINE ( 'NONE', #7305, #5261 ) ;
#4669 = DIRECTION ( 'NONE',  ( -0.2204660187208266064, 0.3108485172155291409, 0.9245366049726182478 ) ) ;
#4670 = CARTESIAN_POINT ( 'NONE',  ( 0.08031120315046824665, -0.2369572611374964888, -1.099999999999996758 ) ) ;
#4671 = VECTOR ( 'NONE', #1032, 1000.000000000000114 ) ;
#4672 = DIRECTION ( 'NONE',  ( -1.000000000000000000, 1.360567432138672328E-16, 0.000000000000000000 ) ) ;
#4673 = ORIENTED_EDGE ( 'NONE', *, *, #1650, .T. ) ;
#4674 = CARTESIAN_POINT ( 'NONE',  ( 0.1253354148190791162, -0.2163262287919742732, -1.099999999999996758 ) ) ;
#4675 = DIRECTION ( 'NONE',  ( 0.000000000000000000, 0.000000000000000000, 1.000000000000000000 ) ) ;
#4676 = ORIENTED_EDGE ( 'NONE', *, *, #2608, .T. ) ;
#4677 = CARTESIAN_POINT ( 'NONE',  ( 54.03290200691138523, -0.4496430414070579085, 1.000000000000000888 ) ) ;
#4678 = CARTESIAN_POINT ( 'NONE',  ( 0.8299852910303509024, -0.8634984783812693632, -0.1855446092705256844 ) ) ;
#4679 = EDGE_CURVE ( 'NONE', #1750, #5849, #2739, .T. ) ;
#4680 = ORIENTED_EDGE ( 'NONE', *, *, #7933, .T. ) ;
#4681 = CIRCLE ( 'NONE', #5542, 2.241350553234151111 ) ;
#4682 = CARTESIAN_POINT ( 'NONE',  ( -60.43631699833523641, -2.148074756293152809, 8.000000000000000000 ) ) ;
#4683 = DIRECTION ( 'NONE',  ( -1.000000000000000000, 1.837722682362928438E-14, 0.000000000000000000 ) ) ;
#4684 = DIRECTION ( 'NONE',  ( -0.6427876096865414723, -0.7660444431189761261, 0.000000000000000000 ) ) ;
#4685 = CARTESIAN_POINT ( 'NONE',  ( -15.95421217882807241, 5.747642489554561251, 8.000000000000000000 ) ) ;
#4686 = ORIENTED_EDGE ( 'NONE', *, *, #1373, .T. ) ;
#4687 = CARTESIAN_POINT ( 'NONE',  ( -0.2483133094921124995, -0.02899138370389409136, -1.099999999999996758 ) ) ;
#4688 = CARTESIAN_POINT ( 'NONE',  ( 648.9881487050421356, 762.4102851365121296, 1314.992669939701727 ) ) ;
#4689 = ORIENTED_EDGE ( 'NONE', *, *, #5419, .F. ) ;
#4690 = DIRECTION ( 'NONE',  ( -0.1697160110324397175, -0.9625073278662622522, -0.2116036847575777646 ) ) ;
#4691 = CARTESIAN_POINT ( 'NONE',  ( 0.1476488979565888371, 0.5308050902540915050, -0.03901938995392176257 ) ) ;
#4692 = EDGE_LOOP ( 'NONE', ( #7776, #8721, #465, #4973 ) ) ;
#4694 = CIRCLE ( 'NONE', #6726, 3.499999999999996003 ) ;
#4693 = DIRECTION ( 'NONE',  ( -0.08803429357919534404, 0.9376491420330603788, -0.3362499808158775916 ) ) ;
#4695 = FACE_OUTER_BOUND ( 'NONE', #8561, .T. ) ;
#4696 = DIRECTION ( 'NONE',  ( -1.110223024625150131E-16, -1.000000000000000000, 0.000000000000000000 ) ) ;
#4697 = VERTEX_POINT ( 'NONE', #5555 ) ;
#4698 = CARTESIAN_POINT ( 'NONE',  ( -0.2097430909579686698, -0.1360788281502267605, -1.099999999999996758 ) ) ;
#4699 = EDGE_CURVE ( 'NONE', #4644, #3911, #6197, .T. ) ;
#4700 = ORIENTED_EDGE ( 'NONE', *, *, #3916, .F. ) ;
#4701 = VECTOR ( 'NONE', #8891, 999.9999999999998863 ) ;
#4702 = FACE_OUTER_BOUND ( 'NONE', #559, .T. ) ;
#4703 = EDGE_CURVE ( 'NONE', #1936, #6839, #5513, .T. ) ;
#4704 = DIRECTION ( 'NONE',  ( 0.6123724356957959136, 0.3535533905932742860, 0.7071067811865460184 ) ) ;
#4705 = AXIS2_PLACEMENT_3D ( 'NONE', #3796, #4704, #6844 ) ;
#4706 = ORIENTED_EDGE ( 'NONE', *, *, #1107, .T. ) ;
#4707 = CIRCLE ( 'NONE', #6162, 3.000000000000002665 ) ;
#4708 = FACE_BOUND ( 'NONE', #137, .T. ) ;
#4709 = FACE_BOUND ( 'NONE', #4870, .T. ) ;
#4710 = VERTEX_POINT ( 'NONE', #142 ) ;
#4711 = FACE_OUTER_BOUND ( 'NONE', #635, .T. ) ;
#4712 = CARTESIAN_POINT ( 'NONE',  ( 0.1290932872244909824, -0.2141022683312537866, -1.099999999999996758 ) ) ;
#4713 = ADVANCED_FACE ( 'NONE', ( #743 ), #5632, .T. ) ;
#4714 = PLANE ( 'NONE',  #2334 ) ;
#4715 = ORIENTED_EDGE ( 'NONE', *, *, #1851, .F. ) ;
#4716 = DIRECTION ( 'NONE',  ( 0.000000000000000000, 0.000000000000000000, 1.000000000000000000 ) ) ;
#4717 = DIRECTION ( 'NONE',  ( -2.136391225068432123E-18, -6.170888234327519738E-19, 1.000000000000000000 ) ) ;
#4718 = ORIENTED_EDGE ( 'NONE', *, *, #1430, .T. ) ;
#4719 = FACE_OUTER_BOUND ( 'NONE', #6988, .T. ) ;
#4720 = CONICAL_SURFACE ( 'NONE', #2977, 0.8000000000000047073, 0.7853981633974511656 ) ;
#4721 = VERTEX_POINT ( 'NONE', #6281 ) ;
#4722 = CARTESIAN_POINT ( 'NONE',  ( 0.1745377901354663863, 0.1789898930742578331, -1.099999999999996758 ) ) ;
#4723 = LINE ( 'NONE', #2550, #8285 ) ;
#4724 = PLANE ( 'NONE',  #4428 ) ;
#4725 = EDGE_CURVE ( 'NONE', #5048, #7679, #5496, .T. ) ;
#4726 = AXIS2_PLACEMENT_3D ( 'NONE', #3090, #5729, #2323 ) ;
#4727 = EDGE_CURVE ( 'NONE', #5193, #2449, #3147, .T. ) ;
#4728 = DIRECTION ( 'NONE',  ( -1.000000000000000000, 1.360567432138672328E-16, 0.000000000000000000 ) ) ;
#4729 = SHAPE_REPRESENTATION ( 'Newport-SM-25', ( #4639 ), #6522 ) ;
#4730 = VERTEX_POINT ( 'NONE', #8550 ) ;
#4731 = CIRCLE ( 'NONE', #1699, 3.000000000000002665 ) ;
#4732 = CARTESIAN_POINT ( 'NONE',  ( 0.1253354148190027884, 0.2163262287921269289, -1.099999999999996758 ) ) ;
#4733 = ORIENTED_EDGE ( 'NONE', *, *, #1807, .T. ) ;
#4734 = CARTESIAN_POINT ( 'NONE',  ( -0.2483133094921124995, 0.02899138370392184694, -1.099999999999996758 ) ) ;
#4735 = CARTESIAN_POINT ( 'NONE',  ( 0.1318513288453074250, 0.2124034535542218549, -1.099999999999996758 ) ) ;
#4736 = ORIENTED_EDGE ( 'NONE', *, *, #4907, .F. ) ;
#4737 = EDGE_CURVE ( 'NONE', #2813, #912, #2331, .T. ) ;
#4738 = VERTEX_POINT ( 'NONE', #1751 ) ;
#4739 = DIRECTION ( 'NONE',  ( 0.08803429357919534404, -0.9376491420330603788, 0.3362499808158775916 ) ) ;
#4740 = FACE_BOUND ( 'NONE', #8755, .T. ) ;
#4741 = AXIS2_PLACEMENT_3D ( 'NONE', #3646, #7732, #2237 ) ;
#4742 = CARTESIAN_POINT ( 'NONE',  ( 647.3796365224003466, 825.5393349393499420, 1290.296664124151448 ) ) ;
#4743 = ORIENTED_EDGE ( 'NONE', *, *, #5932, .F. ) ;
#4744 = FACE_OUTER_BOUND ( 'NONE', #5278, .T. ) ;
#4745 = EDGE_CURVE ( 'NONE', #8552, #8800, #6421, .T. ) ;
#4746 = ORIENTED_EDGE ( 'NONE', *, *, #6015, .T. ) ;
#4747 = DIRECTION ( 'NONE',  ( 0.9848077530122077983, -0.1736481776669323573, 0.000000000000000000 ) ) ;
#4748 = MECHANICAL_DESIGN_GEOMETRIC_PRESENTATION_REPRESENTATION (  '', ( #3441 ), #7222 ) ;
#4749 = CARTESIAN_POINT ( 'NONE',  ( -5.229211351487961679, 8.984439865596868913, 6.999999999999999112 ) ) ;
#4750 = FACE_OUTER_BOUND ( 'NONE', #8337, .T. ) ;
#4751 = EDGE_CURVE ( 'NONE', #8822, #8426, #4328, .T. ) ;
#4753 = B_SPLINE_CURVE_WITH_KNOTS ( 'NONE', 3,
 ( #5781, #6558, #5687, #966, #5010, #2329, #7917 ),
 .UNSPECIFIED., .F., .F.,
 ( 4, 1, 1, 1, 4 ),
 ( 0.000000000000000000, 0.2500000000000000000, 0.5000000000000000000, 0.7500000000000000000, 1.000000000000000000 ),
 .UNSPECIFIED. ) ;
#4752 = AXIS2_PLACEMENT_3D ( 'NONE', #5874, #7194, #5199 ) ;
#4754 = ORIENTED_EDGE ( 'NONE', *, *, #4745, .T. ) ;
#4755 = CARTESIAN_POINT ( 'NONE',  ( 0.4114445050650635261, -0.5031285783398404821, -0.05417551234800324633 ) ) ;
#4756 = CARTESIAN_POINT ( 'NONE',  ( 644.5251290454243644, 853.3533174354330413, 1287.208836401181316 ) ) ;
#4757 = ORIENTED_EDGE ( 'NONE', *, *, #5412, .T. ) ;
#4758 = PLANE ( 'NONE',  #4806 ) ;
#4759 = EDGE_CURVE ( 'NONE', #6161, #8365, #1734, .T. ) ;
#4760 = CARTESIAN_POINT ( 'NONE',  ( 0.2080235751308057157, 0.1386585453183597494, -1.099999999999996758 ) ) ;
#4761 = VERTEX_POINT ( 'NONE', #7244 ) ;
#4762 = CARTESIAN_POINT ( 'NONE',  ( 0.1673899102871828637, -0.3158158528011462129, -5.595407092523485559E-05 ) ) ;
#4763 = DIRECTION ( 'NONE',  ( 0.08803429357919489995, 0.04282016832580888555, -0.9951966621419918724 ) ) ;
#4764 = CIRCLE ( 'NONE', #7076, 2.006872931984011732 ) ;
#4765 = ORIENTED_EDGE ( 'NONE', *, *, #7751, .T. ) ;
#4766 = CARTESIAN_POINT ( 'NONE',  ( 0.1636149652515447861, -0.1891761046620421549, -1.099999999999996758 ) ) ;
#4767 = LINE ( 'NONE', #7408, #843 ) ;
#4768 = EDGE_LOOP ( 'NONE', ( #5358, #4812, #7037, #2991 ) ) ;
#4769 = CARTESIAN_POINT ( 'NONE',  ( 0.6338962498738942575, -0.5959807186652343880, -0.005503680371526931125 ) ) ;
#4770 = CARTESIAN_POINT ( 'NONE',  ( 69.62140237615136584, 0.8126188716606752571, 1.000000000000000888 ) ) ;
#4771 = CARTESIAN_POINT ( 'NONE',  ( -2.309401076758463400, -1.110223024625156540E-13, 0.1199999999999951106 ) ) ;
#4772 = EDGE_CURVE ( 'NONE', #274, #2067, #2451, .T. ) ;
#4773 = LINE ( 'NONE', #6181, #8907 ) ;
#4774 = VECTOR ( 'NONE', #1515, 1000.000000000000114 ) ;
#4775 = EDGE_LOOP ( 'NONE', ( #6344, #3051, #4850, #2947 ) ) ;
#4776 = CARTESIAN_POINT ( 'NONE',  ( 646.4220555362727509, 829.5299699795606330, 1303.162435824071508 ) ) ;
#4777 = ORIENTED_EDGE ( 'NONE', *, *, #5521, .F. ) ;
#4778 = ADVANCED_FACE ( 'NONE', ( #878 ), #180, .F. ) ;
#4779 = DIRECTION ( 'NONE',  ( -1.000000000000000000, 0.000000000000000000, 0.000000000000000000 ) ) ;
#4780 = CARTESIAN_POINT ( 'NONE',  ( 0.1480258596314349973, 0.4940017536496129624, -0.03416496051115908844 ) ) ;
#4781 = EDGE_LOOP ( 'NONE', ( #7267, #4994, #2808, #7965 ) ) ;
#4782 = CLOSED_SHELL ( 'NONE', ( #6566, #4591, #654, #7715, #1492, #8388, #178, #1417, #6818, #2013, #6475, #5945, #6714, #5405, #7180 ) ) ;
#4783 = EDGE_CURVE ( 'NONE', #8040, #5524, #7966, .T. ) ;
#4784 = VECTOR ( 'NONE', #6238, 1000.000000000000227 ) ;
#4785 = EDGE_CURVE ( 'NONE', #8416, #5078, #7820, .T. ) ;
#4786 = DIRECTION ( 'NONE',  ( 0.1610798504276475807, 0.3465180766741972063, 0.9241095737650496522 ) ) ;
#4787 = EDGE_CURVE ( 'NONE', #4697, #5742, #5918, .T. ) ;
#4788 = FACE_OUTER_BOUND ( 'NONE', #7791, .T. ) ;
#4789 = DIRECTION ( 'NONE',  ( -0.7660444431189749048, 0.6427876096865429156, 0.000000000000000000 ) ) ;
#4790 = ADVANCED_FACE ( 'NONE', ( #7377 ), #3240, .F. ) ;
#4791 = DIRECTION ( 'NONE',  ( -0.1610798504277281551, -0.3465180766742050333, -0.9241095737650328878 ) ) ;
#4792 = ORIENTED_EDGE ( 'NONE', *, *, #1280, .F. ) ;
#4793 = LINE ( 'NONE', #7041, #70 ) ;
#4794 = AXIS2_PLACEMENT_3D ( 'NONE', #2370, #4459, #8051 ) ;
#4795 = ORIENTED_EDGE ( 'NONE', *, *, #4725, .T. ) ;
#4796 = DIRECTION ( 'NONE',  ( -0.9971920195509303975, -0.07488708930073938175, 1.299083918575641891E-17 ) ) ;
#4797 = CARTESIAN_POINT ( 'NONE',  ( -14.21773040215867212, 15.59572001967669763, 3.250000000000002665 ) ) ;
#4798 = FACE_OUTER_BOUND ( 'NONE', #5962, .T. ) ;
#4799 = AXIS2_PLACEMENT_3D ( 'NONE', #718, #7581, #4251 ) ;
#4800 = AXIS2_PLACEMENT_3D ( 'NONE', #6976, #3527, #7065 ) ;
#4801 = CARTESIAN_POINT ( 'NONE',  ( 0.5163857477812258123, -0.5952425843234833147, -0.07968162166074642394 ) ) ;
#4802 = FACE_OUTER_BOUND ( 'NONE', #8303, .T. ) ;
#4803 = ORIENTED_EDGE ( 'NONE', *, *, #6415, .F. ) ;
#4804 = PLANE ( 'NONE',  #4654 ) ;
#4805 = EDGE_CURVE ( 'NONE', #8227, #7865, #7111, .T. ) ;
#4806 = AXIS2_PLACEMENT_3D ( 'NONE', #3216, #6035, #3896 ) ;
#4807 = CARTESIAN_POINT ( 'NONE',  ( 0.3018085676027432163, 0.1957547294766937007, 0.000000000000000000 ) ) ;
#4808 = CARTESIAN_POINT ( 'NONE',  ( 647.2864350959250714, 825.6707453280815798, 1290.687509529321687 ) ) ;
#4809 = ORIENTED_EDGE ( 'NONE', *, *, #6520, .F. ) ;
#4810 = CYLINDRICAL_SURFACE ( 'NONE', #7880, 6.997699999999990261 ) ;
#4811 = CYLINDRICAL_SURFACE ( 'NONE', #3135, 4.999999999999997335 ) ;
#4812 = ORIENTED_EDGE ( 'NONE', *, *, #477, .T. ) ;
#4813 = CARTESIAN_POINT ( 'NONE',  ( 0.1837800884150198044, -0.1696535721154718290, -1.099999999999996758 ) ) ;
#4814 = CARTESIAN_POINT ( 'NONE',  ( -10.75000000000003730, 34.89999999999999858, 10.49999999999999467 ) ) ;
#4815 = CARTESIAN_POINT ( 'NONE',  ( 1.628127759114736506, 0.9399999999998853717, 0.000000000000000000 ) ) ;
#4816 = EDGE_CURVE ( 'NONE', #2140, #2239, #1794, .T. ) ;
#4817 = CARTESIAN_POINT ( 'NONE',  ( 102.1784920396515162, 2.812736557524782910, 11.99999999999999645 ) ) ;
#4818 = VERTEX_POINT ( 'NONE', #1104 ) ;
#4819 = CARTESIAN_POINT ( 'NONE',  ( -0.9110182133288957651, 0.9252421240851377293, -0.005503680371526931125 ) ) ;
#4820 = AXIS2_PLACEMENT_3D ( 'NONE', #6722, #8854, #3276 ) ;
#4821 = FACE_OUTER_BOUND ( 'NONE', #7152, .T. ) ;
#4822 = DIRECTION ( 'NONE',  ( 0.08803429357919534404, -0.9376491420330603788, 0.3362499808158775916 ) ) ;
#4823 = ORIENTED_EDGE ( 'NONE', *, *, #8703, .T. ) ;
#4824 = DIRECTION ( 'NONE',  ( 1.000000000000000000, 0.000000000000000000, 0.000000000000000000 ) ) ;
#4825 = CARTESIAN_POINT ( 'NONE',  ( 48.99999999999997158, 43.99999999999999289, -229.4623459811442387 ) ) ;
#4826 = ORIENTED_EDGE ( 'NONE', *, *, #756, .T. ) ;
#4827 = ADVANCED_FACE ( 'NONE', ( #2467 ), #2738, .T. ) ;
#4828 = ORIENTED_EDGE ( 'NONE', *, *, #3001, .F. ) ;
#4829 = ORIENTED_EDGE ( 'NONE', *, *, #4864, .T. ) ;
#4830 = DIRECTION ( 'NONE',  ( -0.08803429357919534404, 0.9376491420330603788, -0.3362499808158775916 ) ) ;
#4831 = FACE_BOUND ( 'NONE', #7231, .T. ) ;
#4832 = CARTESIAN_POINT ( 'NONE',  ( -0.8333051894879317523, 0.8605711381107911118, -0.1856071169090214856 ) ) ;
#4833 = B_SPLINE_CURVE_WITH_KNOTS ( 'NONE', 3,
 ( #6353, #4216, #4400, #2807, #4904, #726, #5580 ),
 .UNSPECIFIED., .F., .F.,
 ( 4, 1, 1, 1, 4 ),
 ( 0.000000000000000000, 0.2500000000000000000, 0.5000000000000000000, 0.7500000000000000000, 1.000000000000000000 ),
 .UNSPECIFIED. ) ;
#4834 = DIRECTION ( 'NONE',  ( -0.6662133453145483442, 0.000000000000000000, 0.7457612074416304360 ) ) ;
#4835 = ORIENTED_EDGE ( 'NONE', *, *, #7100, .F. ) ;
#4836 = EDGE_LOOP ( 'NONE', ( #7878, #2057 ) ) ;
#4837 = CARTESIAN_POINT ( 'NONE',  ( 0.1701907275868149994, -0.3061427396474057927, -0.01587959585754711300 ) ) ;
#4838 = ADVANCED_FACE ( 'NONE', ( #5246 ), #2561, .T. ) ;
#4839 = EDGE_CURVE ( 'NONE', #8426, #2512, #4293, .T. ) ;
#4840 = DIRECTION ( 'NONE',  ( -0.08803429357919508036, 0.9376491420330606008, -0.3362499808158768699 ) ) ;
#4841 = CARTESIAN_POINT ( 'NONE',  ( -51.49128347109065373, -13.26793249036944999, 0.000000000000000000 ) ) ;
#4842 = VECTOR ( 'NONE', #1278, 1000.000000000000000 ) ;
#4843 = CARTESIAN_POINT ( 'NONE',  ( -0.1837800884150198044, -0.1696535721154995846, -1.099999999999996758 ) ) ;
#4844 = VERTEX_POINT ( 'NONE', #1923 ) ;
#4845 = CARTESIAN_POINT ( 'NONE',  ( 0.3008137166473287549, -0.1937516859819715664, -0.01661271922746843099 ) ) ;
#4846 = CARTESIAN_POINT ( 'NONE',  ( 0.5640554016788044134, -0.1584243957402038383, -0.04409130875900235669 ) ) ;
#4847 = AXIS2_PLACEMENT_3D ( 'NONE', #8333, #2071, #6247 ) ;
#4848 = FACE_OUTER_BOUND ( 'NONE', #4781, .T. ) ;
#4849 = AXIS2_PLACEMENT_3D ( 'NONE', #2228, #7816, #7040 ) ;
#4850 = ORIENTED_EDGE ( 'NONE', *, *, #205, .F. ) ;
#4851 = DIRECTION ( 'NONE',  ( -0.000000000000000000, 0.000000000000000000, 1.000000000000000000 ) ) ;
#4852 = FACE_OUTER_BOUND ( 'NONE', #6907, .T. ) ;
#4853 = ORIENTED_EDGE ( 'NONE', *, *, #1478, .F. ) ;
#4854 = FACE_BOUND ( 'NONE', #189, .T. ) ;
#4855 = CARTESIAN_POINT ( 'NONE',  ( -0.1485401712870025870, 0.4352069977489623209, -0.02725670338780575297 ) ) ;
#4856 = CARTESIAN_POINT ( 'NONE',  ( 648.9847587118432557, 805.8540105120729322, 1304.242543707852064 ) ) ;
#4857 = AXIS2_PLACEMENT_3D ( 'NONE', #6565, #8650, #5065 ) ;
#4858 = ADVANCED_FACE ( 'NONE', ( #8738 ), #1421, .T. ) ;
#4859 = VECTOR ( 'NONE', #8061, 1000.000000000000000 ) ;
#4860 = CARTESIAN_POINT ( 'NONE',  ( 0.2291401384215963066, -0.1002011349463677314, -1.099999999999996758 ) ) ;
#4861 = CIRCLE ( 'NONE', #2107, 0.7834936490538917386 ) ;
#4862 = ORIENTED_EDGE ( 'NONE', *, *, #4396, .F. ) ;
#4863 = CARTESIAN_POINT ( 'NONE',  ( -0.2080235751308057157, 0.1386585453183458716, -1.099999999999996758 ) ) ;
#4864 = EDGE_CURVE ( 'NONE', #5733, #5427, #1967, .T. ) ;
#4865 = CARTESIAN_POINT ( 'NONE',  ( -0.5481978627201007370, 0.6230197438275095756, -0.08834831416704339024 ) ) ;
#4866 = DIRECTION ( 'NONE',  ( 0.000000000000000000, 0.000000000000000000, -1.000000000000000000 ) ) ;
#4867 = ORIENTED_EDGE ( 'NONE', *, *, #6596, .T. ) ;
#4868 = DIRECTION ( 'NONE',  ( -3.466673899897024536E-32, -4.006689065479319709E-18, 1.000000000000000000 ) ) ;
#4869 = CARTESIAN_POINT ( 'NONE',  ( 54.03290200691138523, -0.4496430414070579085, 6.999999999999999112 ) ) ;
#4870 = EDGE_LOOP ( 'NONE', ( #3392, #6635 ) ) ;
#4871 = VECTOR ( 'NONE', #5630, 1000.000000000000227 ) ;
#4872 = EDGE_CURVE ( 'NONE', #1238, #1797, #3874, .T. ) ;
#4873 = EDGE_CURVE ( 'NONE', #2449, #1256, #6647, .T. ) ;
#4874 = ORIENTED_EDGE ( 'NONE', *, *, #948, .F. ) ;
#4875 = ORIENTED_EDGE ( 'NONE', *, *, #4550, .F. ) ;
#4876 = DIRECTION ( 'NONE',  ( 0.000000000000000000, 0.000000000000000000, 1.000000000000000000 ) ) ;
#4877 = LINE ( 'NONE', #1467, #6333 ) ;
#4878 = CARTESIAN_POINT ( 'NONE',  ( 649.5077806607630464, 823.0045959119962617, 1292.113629164231043 ) ) ;
#4879 = DIRECTION ( 'NONE',  ( -3.428155301009279818E-32, 8.955574241400646717E-33, 1.000000000000000000 ) ) ;
#4880 = ORIENTED_EDGE ( 'NONE', *, *, #8904, .F. ) ;
#4881 = ORIENTED_EDGE ( 'NONE', *, *, #2877, .F. ) ;
#4882 = AXIS2_PLACEMENT_3D ( 'NONE', #2349, #7937, #5176 ) ;
#4883 = DIRECTION ( 'NONE',  ( -0.000000000000000000, -0.000000000000000000, -1.000000000000000000 ) ) ;
#4884 = VECTOR ( 'NONE', #3129, 1000.000000000000000 ) ;
#4885 = CIRCLE ( 'NONE', #1552, 49.99999999999993605 ) ;
#4886 = CARTESIAN_POINT ( 'NONE',  ( -0.2262728214071849098, 0.1063043286627235462, -1.099999999999996758 ) ) ;
#4887 = EDGE_CURVE ( 'NONE', #2524, #2813, #8057, .T. ) ;
#4888 = DIRECTION ( 'NONE',  ( -0.000000000000000000, -1.000000000000000000, -0.000000000000000000 ) ) ;
#4889 = CARTESIAN_POINT ( 'NONE',  ( 0.6195577830268244046, 0.1577586263390532151, -0.05230042639472250177 ) ) ;
#4890 = ORIENTED_EDGE ( 'NONE', *, *, #1622, .T. ) ;
#4891 = PLANE ( 'NONE',  #1457 ) ;
#4892 = CARTESIAN_POINT ( 'NONE',  ( 0.1355729733232002854, 0.2100932097154617484, -1.099999999999996758 ) ) ;
#4893 = VECTOR ( 'NONE', #1057, 1000.000000000000000 ) ;
#4894 = PLANE ( 'NONE',  #2236 ) ;
#4895 = PRODUCT_CONTEXT ( 'NONE', #7380, 'mechanical' ) ;
#4896 = ORIENTED_EDGE ( 'NONE', *, *, #3665, .F. ) ;
#4897 = LINE ( 'NONE', #8940, #1616 ) ;
#4898 = DIRECTION ( 'NONE',  ( -0.6427876096865429156, -0.7660444431189749048, -0.000000000000000000 ) ) ;
#4899 = EDGE_CURVE ( 'NONE', #7905, #2540, #2513, .T. ) ;
#4900 = CARTESIAN_POINT ( 'NONE',  ( -5.229211351487967896, 8.984439865596840491, 1.000000000000000888 ) ) ;
#4901 = CARTESIAN_POINT ( 'NONE',  ( -0.1483948088486507777, 0.4535560245436213167, -0.02930844915467581066 ) ) ;
#4902 = FACE_OUTER_BOUND ( 'NONE', #8326, .T. ) ;
#4903 = STYLED_ITEM ( 'NONE', ( #8768 ), #1391 ) ;
#4904 = CARTESIAN_POINT ( 'NONE',  ( 0.2343715281922856275, 0.08778266593800765349, -1.099999999999996758 ) ) ;
#4905 = ORIENTED_EDGE ( 'NONE', *, *, #3764, .T. ) ;
#4906 = CARTESIAN_POINT ( 'NONE',  ( 1.194975953550239556, 0.08523039047624025866, -0.1855446221401338414 ) ) ;
#4907 = EDGE_CURVE ( 'NONE', #2563, #1017, #6735, .T. ) ;
#4908 = VECTOR ( 'NONE', #3705, 1000.000000000000000 ) ;
#4909 = CARTESIAN_POINT ( 'NONE',  ( -0.3567429195964628708, 0.4547376047719263736, -0.04291518781667452015 ) ) ;
#4910 = CARTESIAN_POINT ( 'NONE',  ( 0.1058664573324388791, 0.2264912728631579553, -1.099999999999996758 ) ) ;
#4911 = VERTEX_POINT ( 'NONE', #7467 ) ;
#4912 = CARTESIAN_POINT ( 'NONE',  ( -45.00000000000004263, 37.69999999999999574, -7.999999999999986677 ) ) ;
#4913 = CYLINDRICAL_SURFACE ( 'NONE', #648, 4.999999999999997335 ) ;
#4914 = ORIENTED_EDGE ( 'NONE', *, *, #19, .F. ) ;
#4915 = CIRCLE ( 'NONE', #5208, 8.000000000000000000 ) ;
#4916 = EDGE_CURVE ( 'NONE', #1868, #4818, #1239, .T. ) ;
#4917 = ORIENTED_EDGE ( 'NONE', *, *, #8069, .T. ) ;
#4918 = CARTESIAN_POINT ( 'NONE',  ( 54.03290200691138523, -0.4496430414070579085, 1.000000000000000888 ) ) ;
#4919 = FACE_OUTER_BOUND ( 'NONE', #5107, .T. ) ;
#4920 = EDGE_CURVE ( 'NONE', #5093, #3091, #3268, .T. ) ;
#4921 = DIRECTION ( 'NONE',  ( 0.9714137623810893407, 0.1555226214723228195, 0.1793544436778553020 ) ) ;
#4922 = ORIENTED_EDGE ( 'NONE', *, *, #2061, .F. ) ;
#4923 = SPHERICAL_SURFACE ( 'NONE', #4331, 1.590000000000000080 ) ;
#4924 = CARTESIAN_POINT ( 'NONE',  ( 646.6479533033492544, 821.9789844701389256, 1294.004382600891631 ) ) ;
#4925 = ORIENTED_EDGE ( 'NONE', *, *, #4873, .F. ) ;
#4926 = ORIENTED_EDGE ( 'NONE', *, *, #3371, .T. ) ;
#4927 = DIRECTION ( 'NONE',  ( -0.000000000000000000, -0.000000000000000000, 1.000000000000000000 ) ) ;
#4928 = AXIS2_PLACEMENT_3D ( 'NONE', #3487, #8849, #8173 ) ;
#4929 = EDGE_CURVE ( 'NONE', #1463, #4653, #7511, .T. ) ;
#4930 = CARTESIAN_POINT ( 'NONE',  ( -0.2097430909580033642, 0.1360788281502822716, -1.099999999999996758 ) ) ;
#4931 = PRODUCT_DEFINITION_FORMATION_WITH_SPECIFIED_SOURCE ( 'ANY', '', #8649, .NOT_KNOWN. ) ;
#4932 = CYLINDRICAL_SURFACE ( 'NONE', #7961, 3.000000000000002665 ) ;
#4933 = CARTESIAN_POINT ( 'NONE',  ( 0.8785698179658190110, 0.1525839621984012573, -0.1005646927457421874 ) ) ;
#4934 = ORIENTED_EDGE ( 'NONE', *, *, #5725, .F. ) ;
#4935 = CARTESIAN_POINT ( 'NONE',  ( 0.3367352305485502018, -0.1601883907488832470, -0.01801974172283005160 ) ) ;
#4936 = CARTESIAN_POINT ( 'NONE',  ( 63.84810126582274137, 32.50000000000000000, 11.99999999999999645 ) ) ;
#4937 = EDGE_CURVE ( 'NONE', #3855, #5203, #201, .T. ) ;
#4938 = AXIS2_PLACEMENT_3D ( 'NONE', #6068, #2525, #8705 ) ;
#4939 = PRODUCT_DEFINITION_SHAPE ( 'NONE', 'NONE',  #8997 ) ;
#4940 = CARTESIAN_POINT ( 'NONE',  ( -1.154700538379252350, 1.999999999999890754, 1.599999999999997202 ) ) ;
#4941 = DIRECTION ( 'NONE',  ( 0.9919540384706008185, 0.1265985211677686795, 0.000000000000000000 ) ) ;
#4942 = ORIENTED_EDGE ( 'NONE', *, *, #4009, .F. ) ;
#4943 = B_SPLINE_CURVE_WITH_KNOTS ( 'NONE', 3,
 ( #2240, #2108, #7689, #5689, #1343, #6926, #2148, #1471, #1432, #95, #7005, #3514, #700, #7565, #6879, #6241, #3471, #4969, #7648, #1389, #7736 ),
 .UNSPECIFIED., .F., .F.,
 ( 4, 2, 2, 1, 2, 2, 2, 1, 1, 2, 2, 4 ),
 ( 0.000000000000000000, 0.1249999999999967526, 0.1874999999999951705, 0.2187499999999945322, 0.2343749999999942824, 0.2499999999999940048, 0.3749999999999927836, 0.4374999999999923395, 0.4687499999999922839, 0.4843749999999923395, 0.4999999999999924505, 1.000000000000000000 ),
 .UNSPECIFIED. ) ;
#4944 = CARTESIAN_POINT ( 'NONE',  ( -0.06514436560310643554, -1.203816949546854254, -0.1785173072915841042 ) ) ;
#4945 = LINE ( 'NONE', #2167, #2565 ) ;
#4946 = CARTESIAN_POINT ( 'NONE',  ( -1.192753240668025017, -0.1121220684960066993, -0.1855446092705256844 ) ) ;
#4947 = AXIS2_PLACEMENT_3D ( 'NONE', #8934, #2711, #8251 ) ;
#4948 = LINE ( 'NONE', #854, #7280 ) ;
#4949 = DIRECTION ( 'NONE',  ( 0.08803429357919534404, -0.9376491420330603788, 0.3362499808158775916 ) ) ;
#4950 = CARTESIAN_POINT ( 'NONE',  ( -0.2111845999498582760, -0.3252696033064573222, -0.01937295131117804450 ) ) ;
#4951 = VECTOR ( 'NONE', #8047, 1000.000000000000000 ) ;
#4952 = ORIENTED_EDGE ( 'NONE', *, *, #5049, .T. ) ;
#4953 = ADVANCED_FACE ( 'NONE', ( #7554 ), #6915, .T. ) ;
#4954 = LINE ( 'NONE', #6267, #1407 ) ;
#4955 = CARTESIAN_POINT ( 'NONE',  ( 647.1700607111107502, 825.1822740132441822, 1297.311242925790793 ) ) ;
#4956 = CARTESIAN_POINT ( 'NONE',  ( 652.9419002082286170, 763.7066815776864814, 1319.356980345531156 ) ) ;
#4957 = VERTEX_POINT ( 'NONE', #2182 ) ;
#4958 = DIRECTION ( 'NONE',  ( 0.08803429357919559384, -0.9376491420330599347, 0.3362499808158784242 ) ) ;
#4959 = PLANE ( 'NONE',  #4849 ) ;
#4960 = DIRECTION ( 'NONE',  ( -0.8660254037844387076, 0.4999999999999998890, 0.000000000000000000 ) ) ;
#4961 = ORIENTED_EDGE ( 'NONE', *, *, #5533, .F. ) ;
#4962 = PRESENTATION_STYLE_ASSIGNMENT (( #4227 ) ) ;
#4963 = AXIS2_PLACEMENT_3D ( 'NONE', #3813, #3183, #5905 ) ;
#4964 = VERTEX_POINT ( 'NONE', #6952 ) ;
#4965 = CARTESIAN_POINT ( 'NONE',  ( 652.4180961614333683, 769.2856939727846566, 1317.356292959671691 ) ) ;
#4966 = DIRECTION ( 'NONE',  ( 0.1610798504274934262, 0.3465180766741309260, 0.9241095737651013886 ) ) ;
#4967 = LINE ( 'NONE', #2737, #1713 ) ;
#4968 = EDGE_LOOP ( 'NONE', ( #8784, #2498, #954, #604, #5907 ) ) ;
#4969 = CARTESIAN_POINT ( 'NONE',  ( -0.5717848413221631176, 0.5275307322918663111, -0.07765802454801923327 ) ) ;
#4970 = DIRECTION ( 'NONE',  ( 0.6501551545060543225, 0.3098309877321446804, 0.6937600695558459041 ) ) ;
#4971 = ORIENTED_EDGE ( 'NONE', *, *, #2089, .F. ) ;
#4972 = AXIS2_PLACEMENT_3D ( 'NONE', #575, #3436, #6118 ) ;
#4973 = ORIENTED_EDGE ( 'NONE', *, *, #8930, .F. ) ;
#4974 = CARTESIAN_POINT ( 'NONE',  ( -0.2130846182839540859, 0.1308578476732907836, -1.099999999999996758 ) ) ;
#4975 = EDGE_CURVE ( 'NONE', #6509, #1876, #937, .T. ) ;
#4976 = CARTESIAN_POINT ( 'NONE',  ( 0.4416291394336934739, 0.3696857971582857560, -0.04261325564147962902 ) ) ;
#4977 = B_SPLINE_SURFACE_WITH_KNOTS ( 'NONE', 3, 1, ( 
 ( #5498, #4863 ),
 ( #6228, #33 ),
 ( #686, #124 ),
 ( #7764, #2770 ),
 ( #2052, #4177 ),
 ( #4819, #2092 ),
 ( #7634, #1416 ) ),
 .UNSPECIFIED., .F., .F., .F.,
 ( 4, 1, 1, 1, 4 ),
 ( 2, 2 ),
 ( 0.000000000000000000, 0.2500000000000000000, 0.5000000000000000000, 0.7500000000000000000, 1.000000000000000000 ),
 ( 0.005003345792300349648, 1.000000000000000000 ),
 .UNSPECIFIED. ) ;
#4978 = CARTESIAN_POINT ( 'NONE',  ( -0.04680233716247012010, 0.2457807441469117560, -1.099999999999996758 ) ) ;
#4979 = ORIENTED_EDGE ( 'NONE', *, *, #1658, .F. ) ;
#4980 = FACE_OUTER_BOUND ( 'NONE', #3431, .T. ) ;
#4981 = AXIS2_PLACEMENT_3D ( 'NONE', #3798, #5175, #7935 ) ;
#4982 = EDGE_CURVE ( 'NONE', #4476, #4761, #5546, .T. ) ;
#4983 = CARTESIAN_POINT ( 'NONE',  ( 657.8180638670287408, 766.0304139856806387, 1324.560180867192230 ) ) ;
#4984 = CARTESIAN_POINT ( 'NONE',  ( 69.44909946789871924, -0.1645594793796251731, 7.992252902204973530 ) ) ;
#4985 = ORIENTED_EDGE ( 'NONE', *, *, #2946, .F. ) ;
#4986 = CYLINDRICAL_SURFACE ( 'NONE', #6576, 1.000000000000005773 ) ;
#4987 = AXIS2_PLACEMENT_3D ( 'NONE', #2187, #4273, #2914 ) ;
#4988 = CARTESIAN_POINT ( 'NONE',  ( -45.00000000000004263, 37.69999999999999574, 8.000000000000000000 ) ) ;
#4989 = CARTESIAN_POINT ( 'NONE',  ( -2.309401076758463400, -1.110223024625156540E-13, 0.1199999999999951106 ) ) ;
#4990 = EDGE_CURVE ( 'NONE', #3563, #6946, #7614, .T. ) ;
#4991 = CARTESIAN_POINT ( 'NONE',  ( -0.1292490986361874428, 1.190714019399824464, -0.1855446092705256844 ) ) ;
#4992 = DIRECTION ( 'NONE',  ( -0.08803429357919534404, 0.9376491420330603788, -0.3362499808158775916 ) ) ;
#4993 = CARTESIAN_POINT ( 'NONE',  ( -0.2483133094921124995, 0.02899138370392184694, -1.099999999999996758 ) ) ;
#4994 = ORIENTED_EDGE ( 'NONE', *, *, #5479, .F. ) ;
#4995 = CARTESIAN_POINT ( 'NONE',  ( 1.197600239036158865, 0.03138898871764272958, -0.1855446026580997998 ) ) ;
#4996 = AXIS2_PLACEMENT_3D ( 'NONE', #343, #5173, #3069 ) ;
#4997 = EDGE_LOOP ( 'NONE', ( #5250, #5884, #2197, #6933 ) ) ;
#4998 = CARTESIAN_POINT ( 'NONE',  ( -0.9303587194941370653, 1.611428571428569212, 1.868571428571427884 ) ) ;
#4999 = VECTOR ( 'NONE', #5727, 1000.000000000000114 ) ;
#5000 = CARTESIAN_POINT ( 'NONE',  ( 650.6284124341221968, 780.6143865164118552, 1309.362311537921414 ) ) ;
#5001 = EDGE_CURVE ( 'NONE', #4710, #6314, #6272, .T. ) ;
#5002 = CARTESIAN_POINT ( 'NONE',  ( 649.3214381976847562, 825.8502709083516038, 1290.655336875641069 ) ) ;
#5003 = ORIENTED_EDGE ( 'NONE', *, *, #6146, .T. ) ;
#5004 = CARTESIAN_POINT ( 'NONE',  ( -0.8325319348130924002, -0.8613064151464094875, -0.1856042097749879827 ) ) ;
#5005 = ORIENTED_EDGE ( 'NONE', *, *, #2233, .T. ) ;
#5006 = CARTESIAN_POINT ( 'NONE',  ( 0.000000000000000000, 0.000000000000000000, -11.59999999999999964 ) ) ;
#5007 = ORIENTED_EDGE ( 'NONE', *, *, #3806, .F. ) ;
#5008 =( NAMED_UNIT ( * ) PLANE_ANGLE_UNIT ( ) SI_UNIT ( $, .RADIAN. ) );
#5009 = CARTESIAN_POINT ( 'NONE',  ( 649.2488615925826707, 803.0410630859734056, 1305.251293650300340 ) ) ;
#5010 = CARTESIAN_POINT ( 'NONE',  ( 0.2005467581562697665, -0.1494605406868049213, -1.099999999999996758 ) ) ;
#5011 = ORIENTED_EDGE ( 'NONE', *, *, #3492, .F. ) ;
#5012 = AXIS2_PLACEMENT_3D ( 'NONE', #4257, #8945, #5619 ) ;
#5013 = CARTESIAN_POINT ( 'NONE',  ( -0.1673899102871967415, 0.3158158528011600907, -5.595407092523485559E-05 ) ) ;
#5014 = CARTESIAN_POINT ( 'NONE',  ( -0.1292490986361596872, -1.190714019399824464, -0.1855446092705256844 ) ) ;
#5015 = ORIENTED_EDGE ( 'NONE', *, *, #1932, .T. ) ;
#5016 = VERTEX_POINT ( 'NONE', #732 ) ;
#5017 = DIRECTION ( 'NONE',  ( -0.1610798504276567400, -0.3465180766742001484, -0.9241095737650472097 ) ) ;
#5018 = EDGE_CURVE ( 'NONE', #4208, #6828, #6457, .T. ) ;
#5019 = CARTESIAN_POINT ( 'NONE',  ( -45.00000000000004263, 37.69999999999999574, 28.50000000000001066 ) ) ;
#5020 = VECTOR ( 'NONE', #3029, 1000.000000000000000 ) ;
#5021 = CARTESIAN_POINT ( 'NONE',  ( 70.22917099798556251, 4.259446007203321116, 3.499999999999961364 ) ) ;
#5022 = ORIENTED_EDGE ( 'NONE', *, *, #2141, .F. ) ;
#5023 = FACE_OUTER_BOUND ( 'NONE', #5339, .T. ) ;
#5024 = DIRECTION ( 'NONE',  ( 0.6501551545066653892, 0.3098309877324594841, 0.6937600695551326968 ) ) ;
#5025 = EDGE_CURVE ( 'NONE', #6152, #3575, #711, .T. ) ;
#5026 = CARTESIAN_POINT ( 'NONE',  ( -63.64255635432972014, -23.76525047424265935, 1.122040431466415855 ) ) ;
#5027 = ORIENTED_EDGE ( 'NONE', *, *, #4772, .T. ) ;
#5028 = CARTESIAN_POINT ( 'NONE',  ( -61.20236144145427204, -1.505287146606623772, 6.999999999999999112 ) ) ;
#5029 = DIRECTION ( 'NONE',  ( 0.000000000000000000, 0.000000000000000000, 1.000000000000000000 ) ) ;
#5030 = ADVANCED_FACE ( 'NONE', ( #4140 ), #820, .F. ) ;
#5031 = DIRECTION ( 'NONE',  ( 1.000000000000000000, 0.000000000000000000, 0.000000000000000000 ) ) ;
#5032 = ORIENTED_EDGE ( 'NONE', *, *, #311, .F. ) ;
#5033 = CARTESIAN_POINT ( 'NONE',  ( -0.1486548185776989661, 0.3820235776437337916, -0.02170698513742091301 ) ) ;
#5034 = LINE ( 'NONE', #5851, #1528 ) ;
#5035 = VECTOR ( 'NONE', #3501, 1000.000000000000000 ) ;
#5036 = ORIENTED_EDGE ( 'NONE', *, *, #6039, .T. ) ;
#5037 = CARTESIAN_POINT ( 'NONE',  ( 0.2475313329836359433, 0.03568906935941251746, -1.099999999999996758 ) ) ;
#5038 = ORIENTED_EDGE ( 'NONE', *, *, #5932, .T. ) ;
#5039 = CARTESIAN_POINT ( 'NONE',  ( -0.6374035731529605897, 0.1574764388634143919, -0.05528342994841738134 ) ) ;
#5040 = CIRCLE ( 'NONE', #2289, 0.1999999999998900158 ) ;
#5041 = PLANE ( 'NONE',  #2462 ) ;
#5042 = VERTEX_POINT ( 'NONE', #2098 ) ;
#5043 = CIRCLE ( 'NONE', #3156, 6.274999999999636202 ) ;
#5044 = DIRECTION ( 'NONE',  ( 0.000000000000000000, 0.000000000000000000, 1.000000000000000000 ) ) ;
#5045 = CARTESIAN_POINT ( 'NONE',  ( 0.1700863687544157399, 0.1832752439042406589, -1.099999999999996758 ) ) ;
#5046 = ORIENTED_EDGE ( 'NONE', *, *, #7585, .T. ) ;
#5047 = CARTESIAN_POINT ( 'NONE',  ( -0.8312807866712318416, -0.8624281052502236200, -0.1855846815800171745 ) ) ;
#5048 = VERTEX_POINT ( 'NONE', #3548 ) ;
#5049 = EDGE_CURVE ( 'NONE', #8990, #8416, #2774, .T. ) ;
#5050 =( REPRESENTATION_RELATIONSHIP ('NONE','NONE', #74, #3508 ) REPRESENTATION_RELATIONSHIP_WITH_TRANSFORMATION ( #5174 )SHAPE_REPRESENTATION_RELATIONSHIP( ) );
#5051 = FILL_AREA_STYLE_COLOUR ( '', #5559 ) ;
#5052 = ORIENTED_EDGE ( 'NONE', *, *, #8211, .F. ) ;
#5053 = B_SPLINE_SURFACE_WITH_KNOTS ( 'NONE', 3, 1, ( 
 ( #7383, #6105 ),
 ( #3928, #6698 ),
 ( #6021, #8110 ),
 ( #4656, #7429 ),
 ( #1199, #7967 ),
 ( #6694, #3241 ),
 ( #1657, #2381 ) ),
 .UNSPECIFIED., .F., .F., .F.,
 ( 4, 1, 1, 1, 4 ),
 ( 2, 2 ),
 ( 0.000000000000000000, 0.2500000000000000000, 0.5000000000000000000, 0.7500000000000000000, 1.000000000000000000 ),
 ( 0.006366829785429070805, 1.000000000000000000 ),
 .UNSPECIFIED. ) ;
#5054 = EDGE_CURVE ( 'NONE', #1463, #8445, #5502, .T. ) ;
#5055 = DIRECTION ( 'NONE',  ( 0.6501551545065998861, 0.3098309877324808559, 0.6937600695551846552 ) ) ;
#5056 = CIRCLE ( 'NONE', #1139, 3.000000000000002665 ) ;
#5057 = DIRECTION ( 'NONE',  ( -0.08803429357918175768, 0.9376491420330610449, -0.3362499808158788128 ) ) ;
#5058 = ORIENTED_EDGE ( 'NONE', *, *, #4282, .T. ) ;
#5059 = CARTESIAN_POINT ( 'NONE',  ( -0.02697841726616995173, 0.2485400671960458219, -1.099999999999996758 ) ) ;
#5060 = CARTESIAN_POINT ( 'NONE',  ( -0.2080235751307571435, -0.1386585453182764827, -1.099999999999996758 ) ) ;
#5061 = VERTEX_POINT ( 'NONE', #3593 ) ;
#5062 = AXIS2_PLACEMENT_3D ( 'NONE', #8424, #151, #5563 ) ;
#5063 = ORIENTED_EDGE ( 'NONE', *, *, #6944, .F. ) ;
#5064 = EDGE_CURVE ( 'NONE', #5048, #6161, #5588, .T. ) ;
#5065 = DIRECTION ( 'NONE',  ( -0.1610798504276975407, -0.3465180766742050888, -0.9241095737650379949 ) ) ;
#5066 = PRODUCT_RELATED_PRODUCT_CATEGORY ( 'part', '', ( #4518 ) ) ;
#5067 = EDGE_CURVE ( 'NONE', #2069, #2091, #4569, .T. ) ;
#5068 = CARTESIAN_POINT ( 'NONE',  ( 652.4180961614322314, 769.2856939727837471, 1317.356292959670782 ) ) ;
#5069 = VECTOR ( 'NONE', #1466, 1000.000000000000114 ) ;
#5070 = DIRECTION ( 'NONE',  ( 0.000000000000000000, 0.000000000000000000, -1.000000000000000000 ) ) ;
#5071 = VERTEX_POINT ( 'NONE', #7725 ) ;
#5072 = CARTESIAN_POINT ( 'NONE',  ( -0.6195577830287934962, -0.1577586263389847143, -0.05230042639503132418 ) ) ;
#5073 = CARTESIAN_POINT ( 'NONE',  ( 99.99999999999995737, 32.50000000000000000, -11.99999999999999645 ) ) ;
#5074 = AXIS2_PLACEMENT_3D ( 'NONE', #4092, #7374, #7419 ) ;
#5075 = PRODUCT_DEFINITION_FORMATION_WITH_SPECIFIED_SOURCE ( 'ANY', '', #2905, .NOT_KNOWN. ) ;
#5076 = DIRECTION ( 'NONE',  ( 0.000000000000000000, 1.000000000000000000, 0.000000000000000000 ) ) ;
#5077 = APPLICATION_PROTOCOL_DEFINITION ( 'draft international standard', 'automotive_design', 1998, #3483 ) ;
#5078 = VERTEX_POINT ( 'NONE', #6994 ) ;
#5079 = CARTESIAN_POINT ( 'NONE',  ( 648.0493480020708148, 824.9936917372037897, 1302.044135892651866 ) ) ;
#5080 = DIRECTION ( 'NONE',  ( 0.08803429357919523301, -0.9376491420330602677, 0.3362499808158777581 ) ) ;
#5081 = DIRECTION ( 'NONE',  ( -0.08803429357919534404, 0.9376491420330603788, -0.3362499808158775916 ) ) ;
#5082 = ORIENTED_EDGE ( 'NONE', *, *, #4872, .T. ) ;
#5083 = CARTESIAN_POINT ( 'NONE',  ( 649.2822879230523085, 816.0376046795289540, 1307.378832581922097 ) ) ;
#5084 = CARTESIAN_POINT ( 'NONE',  ( -14.39137857982562174, 14.61091226666445841, 8.000000000000000000 ) ) ;
#5085 = VECTOR ( 'NONE', #8074, 1000.000000000000000 ) ;
#5086 = ORIENTED_EDGE ( 'NONE', *, *, #1134, .T. ) ;
#5087 = LINE ( 'NONE', #8487, #3105 ) ;
#5088 = EDGE_LOOP ( 'NONE', ( #1775, #4926 ) ) ;
#5089 = CARTESIAN_POINT ( 'NONE',  ( 644.8272086360013873, 826.5536640020586674, 1303.235805267661362 ) ) ;
#5090 = VECTOR ( 'NONE', #1671, 1000.000000000000114 ) ;
#5091 =( LENGTH_UNIT ( ) NAMED_UNIT ( * ) SI_UNIT ( .MILLI., .METRE. ) );
#5092 = PRODUCT ( 'Alley Jig Design Split Base', 'Alley Jig Design Split Base', '', ( #2209 ) ) ;
#5093 = VERTEX_POINT ( 'NONE', #83 ) ;
#5094 = DIRECTION ( 'NONE',  ( 1.000000000000000000, 2.775557561562894309E-16, 0.000000000000000000 ) ) ;
#5095 = EDGE_CURVE ( 'NONE', #3638, #1287, #776, .T. ) ;
#5096 = CYLINDRICAL_SURFACE ( 'NONE', #6835, 9.999999999999987566 ) ;
#5097 = VERTEX_POINT ( 'NONE', #5628 ) ;
#5098 = CARTESIAN_POINT ( 'NONE',  ( -0.2497184969373483776, 0.01452837954024621681, -1.099999999999996758 ) ) ;
#5099 = EDGE_LOOP ( 'NONE', ( #6956, #4539, #3604, #4777 ) ) ;
#5100 = PLANE ( 'NONE',  #3341 ) ;
#5101 = CIRCLE ( 'NONE', #6974, 3.000000000000002665 ) ;
#5102 = DIRECTION ( 'NONE',  ( -1.000000000000000000, 1.110223024625150131E-16, -3.422190715366935101E-32 ) ) ;
#5103 = DIRECTION ( 'NONE',  ( -1.000000000000000000, -0.000000000000000000, -0.000000000000000000 ) ) ;
#5104 =( NAMED_UNIT ( * ) SI_UNIT ( $, .STERADIAN. ) SOLID_ANGLE_UNIT ( ) );
#5105 = DIRECTION ( 'NONE',  ( 0.000000000000000000, 0.000000000000000000, -1.000000000000000000 ) ) ;
#5106 = CYLINDRICAL_SURFACE ( 'NONE', #6342, 7.499999999999990230 ) ;
#5107 = EDGE_LOOP ( 'NONE', ( #6928, #4025, #36, #514, #5007, #1802, #7336, #5853 ) ) ;
#5108 = DIRECTION ( 'NONE',  ( -1.110223024625150131E-16, -1.000000000000000000, 0.000000000000000000 ) ) ;
#5109 = DIRECTION ( 'NONE',  ( 1.000000000000000000, 0.000000000000000000, 0.000000000000000000 ) ) ;
#5110 = ORIENTED_EDGE ( 'NONE', *, *, #8473, .F. ) ;
#5111 = EDGE_CURVE ( 'NONE', #7905, #1936, #7907, .T. ) ;
#5112 = VERTEX_POINT ( 'NONE', #131 ) ;
#5113 = CIRCLE ( 'NONE', #3657, 10.00000000000000178 ) ;
#5114 = CARTESIAN_POINT ( 'NONE',  ( 1.154700538379252350, 2.000000000000001776, 1.480000000000002203 ) ) ;
#5115 = CIRCLE ( 'NONE', #4972, 6.997700000000047105 ) ;
#5116 = CARTESIAN_POINT ( 'NONE',  ( -46.04645567546446472, 42.69978418236399165, -4.000000000000003553 ) ) ;
#5117 = CARTESIAN_POINT ( 'NONE',  ( 644.5830440328846862, 852.7364676137256083, 1287.430044667061111 ) ) ;
#5118 = ORIENTED_EDGE ( 'NONE', *, *, #4899, .T. ) ;
#5119 = PLANE ( 'NONE',  #3050 ) ;
#5120 = EDGE_CURVE ( 'NONE', #5659, #8361, #2908, .T. ) ;
#5121 = EDGE_CURVE ( 'NONE', #3505, #6038, #3990, .T. ) ;
#5122 = CARTESIAN_POINT ( 'NONE',  ( -0.2483133094921124995, 0.02899138370392184694, -1.099999999999996758 ) ) ;
#5123 = CARTESIAN_POINT ( 'NONE',  ( -55.32150568668554769, -10.05399444193674796, 0.000000000000000000 ) ) ;
#5124 = CARTESIAN_POINT ( 'NONE',  ( 99.99999999999995737, 1.199999999999999734, 0.000000000000000000 ) ) ;
#5125 = DIRECTION ( 'NONE',  ( -0.08803429357919639875, 0.9376491420330579363, -0.3362499808158835313 ) ) ;
#5126 = LINE ( 'NONE', #7303, #2712 ) ;
#5127 = CARTESIAN_POINT ( 'NONE',  ( -0.2130846182839540859, 0.1308578476732907836, -1.099999999999996758 ) ) ;
#5128 = AXIS2_PLACEMENT_3D ( 'NONE', #3489, #2715, #6856 ) ;
#5129 = VERTEX_POINT ( 'NONE', #7769 ) ;
#5130 = DIRECTION ( 'NONE',  ( -0.08803429357919592690, 0.9376491420330608229, -0.3362499808158759818 ) ) ;
#5131 = DIRECTION ( 'NONE',  ( 0.000000000000000000, 0.000000000000000000, 1.000000000000000000 ) ) ;
#5132 = EDGE_CURVE ( 'NONE', #4191, #912, #2819, .T. ) ;
#5133 = EDGE_LOOP ( 'NONE', ( #8380, #8877, #6052, #6937 ) ) ;
#5134 = AXIS2_PLACEMENT_3D ( 'NONE', #2460, #5825, #3868 ) ;
#5135 = CARTESIAN_POINT ( 'NONE',  ( 647.6816364422586503, 822.6660961290200476, 1291.152363581025838 ) ) ;
#5136 = ORIENTED_EDGE ( 'NONE', *, *, #3422, .T. ) ;
#5137 = CARTESIAN_POINT ( 'NONE',  ( 31.99999999999995737, 4.499999999999997335, 16.00000000000000000 ) ) ;
#5138 = DIRECTION ( 'NONE',  ( 0.5416752204197057274, -0.4545194776720495877, -0.7071067811865408004 ) ) ;
#5139 = ORIENTED_EDGE ( 'NONE', *, *, #2509, .F. ) ;
#5140 = CARTESIAN_POINT ( 'NONE',  ( -19.50000000000003197, 55.99999999999999289, -11.41619848709565765 ) ) ;
#5141 = EDGE_CURVE ( 'NONE', #4738, #1297, #7327, .T. ) ;
#5142 = DIRECTION ( 'NONE',  ( -0.08803429357919297094, 0.9376491420330588245, -0.3362499808158819214 ) ) ;
#5143 = ORIENTED_EDGE ( 'NONE', *, *, #580, .F. ) ;
#5144 = CARTESIAN_POINT ( 'NONE',  ( 1.085418506076504919, 1.879999999999992788, 0.000000000000000000 ) ) ;
#5145 = VECTOR ( 'NONE', #3164, 1000.000000000000114 ) ;
#5146 = ORIENTED_EDGE ( 'NONE', *, *, #327, .T. ) ;
#5147 = CARTESIAN_POINT ( 'NONE',  ( 0.1446891798287953113, -0.7365230514706971876, -0.07228559694683046877 ) ) ;
#5148 = DIRECTION ( 'NONE',  ( 0.6427876096865414723, 0.7660444431189761261, 0.000000000000000000 ) ) ;
#5149 = ADVANCED_FACE ( 'NONE', ( #4695 ), #55, .T. ) ;
#5150 = ORIENTED_EDGE ( 'NONE', *, *, #4035, .T. ) ;
#5151 = VECTOR ( 'NONE', #7317, 1000.000000000000000 ) ;
#5152 = FACE_OUTER_BOUND ( 'NONE', #4094, .T. ) ;
#5153 = CARTESIAN_POINT ( 'NONE',  ( 2.101382841395285569E-16, 0.8000000000000000444, -11.59999999999999964 ) ) ;
#5154 = ORIENTED_EDGE ( 'NONE', *, *, #8239, .F. ) ;
#5155 = CARTESIAN_POINT ( 'NONE',  ( -0.5682418086884188924, -0.5911863046946380651, -0.5500000000000018208 ) ) ;
#5156 = DIRECTION ( 'NONE',  ( -3.466673899897024536E-32, -4.006689065479319709E-18, 1.000000000000000000 ) ) ;
#5157 = EDGE_CURVE ( 'NONE', #6734, #5203, #476, .T. ) ;
#5158 = EDGE_LOOP ( 'NONE', ( #5691, #529, #1058, #7449 ) ) ;
#5159 = ADVANCED_FACE ( 'NONE', ( #3292 ), #5423, .T. ) ;
#5160 = ORIENTED_EDGE ( 'NONE', *, *, #6193, .F. ) ;
#5161 = AXIS2_PLACEMENT_3D ( 'NONE', #1546, #7085, #866 ) ;
#5162 = DIRECTION ( 'NONE',  ( -0.000000000000000000, -1.000000000000000000, -0.000000000000000000 ) ) ;
#5163 = AXIS2_PLACEMENT_3D ( 'NONE', #1228, #29, #7587 ) ;
#5164 = CARTESIAN_POINT ( 'NONE',  ( -0.1084470364372258633, 1.200297652328957687, -0.1785173072915841042 ) ) ;
#5165 = CARTESIAN_POINT ( 'NONE',  ( 0.2130846182839610248, 0.1308578476732769058, -1.099999999999996758 ) ) ;
#5166 = ORIENTED_EDGE ( 'NONE', *, *, #4357, .F. ) ;
#5167 = CARTESIAN_POINT ( 'NONE',  ( -1.019599786749084691, -0.1487793371937378151, -0.1325942090185636968 ) ) ;
#5168 = EDGE_CURVE ( 'NONE', #5071, #5957, #2351, .T. ) ;
#5169 = VECTOR ( 'NONE', #2861, 1000.000000000000000 ) ;
#5170 = FACE_OUTER_BOUND ( 'NONE', #8740, .T. ) ;
#5171 = ADVANCED_FACE ( 'NONE', ( #2475 ), #6654, .T. ) ;
#5172 = PRODUCT_DEFINITION_SHAPE ( 'NONE', 'NONE',  #9000 ) ;
#5173 = DIRECTION ( 'NONE',  ( -1.000000000000000000, 8.673617379884040402E-17, 0.000000000000000000 ) ) ;
#5174 = ITEM_DEFINED_TRANSFORMATION ( 'NONE', 'NONE', #3619,  #4639 ) ;
#5175 = DIRECTION ( 'NONE',  ( -0.000000000000000000, -0.000000000000000000, -1.000000000000000000 ) ) ;
#5176 = DIRECTION ( 'NONE',  ( 1.000000000000000000, 3.469446951953618626E-16, 0.000000000000000000 ) ) ;
#5177 = DIRECTION ( 'NONE',  ( -0.4986799762411407988, -0.5188157011179266309, -0.6943691738330910468 ) ) ;
#5178 = ORIENTED_EDGE ( 'NONE', *, *, #3234, .T. ) ;
#5179 = CARTESIAN_POINT ( 'NONE',  ( 646.6905664828062754, 821.1126790840753529, 1294.105373169831410 ) ) ;
#5180 = LINE ( 'NONE', #2355, #4580 ) ;
#5181 = ORIENTED_EDGE ( 'NONE', *, *, #1567, .T. ) ;
#5182 = EDGE_CURVE ( 'NONE', #5344, #6237, #519, .T. ) ;
#5183 = FACE_OUTER_BOUND ( 'NONE', #374, .T. ) ;
#5184 = EDGE_LOOP ( 'NONE', ( #3610, #3327, #7409, #4733, #2229 ) ) ;
#5185 = CARTESIAN_POINT ( 'NONE',  ( -0.3361678189361568814, -0.2430105688710192946, -0.02184249401781137093 ) ) ;
#5186 = CIRCLE ( 'NONE', #386, 3.750000000000059064 ) ;
#5187 = ORIENTED_EDGE ( 'NONE', *, *, #8813, .T. ) ;
#5188 = CYLINDRICAL_SURFACE ( 'NONE', #672, 4.250000000000081712 ) ;
#5189 = DIRECTION ( 'NONE',  ( -0.000000000000000000, 1.734723475976808574E-16, 1.000000000000000000 ) ) ;
#5190 = EDGE_LOOP ( 'NONE', ( #330, #4348, #6041, #4635 ) ) ;
#5191 = CYLINDRICAL_SURFACE ( 'NONE', #1973, 1.024999999999998135 ) ;
#5192 = AXIS2_PLACEMENT_3D ( 'NONE', #4956, #3074, #299 ) ;
#5193 = VERTEX_POINT ( 'NONE', #1974 ) ;
#5194 = CARTESIAN_POINT ( 'NONE',  ( 0.3003672735761575563, -0.2002104289819117700, -0.01690487344975510897 ) ) ;
#5195 = CARTESIAN_POINT ( 'NONE',  ( -14.21773040215869699, 15.59572001967665678, 6.999999999999999112 ) ) ;
#5196 = ORIENTED_EDGE ( 'NONE', *, *, #7054, .F. ) ;
#5197 = VECTOR ( 'NONE', #7003, 1000.000000000000114 ) ;
#5198 = DIRECTION ( 'NONE',  ( 0.08803429357919559384, -0.9376491420330599347, 0.3362499808158784242 ) ) ;
#5199 = DIRECTION ( 'NONE',  ( -0.9848077530122070211, 0.1736481776669358268, 0.000000000000000000 ) ) ;
#5200 = ORIENTED_EDGE ( 'NONE', *, *, #7611, .T. ) ;
#5201 = CARTESIAN_POINT ( 'NONE',  ( -0.1521001958092182971, 0.3379129674254410798, -5.595407092523485559E-05 ) ) ;
#5202 = CARTESIAN_POINT ( 'NONE',  ( -46.00000000000004263, 37.69999999999998863, -4.000000000000003553 ) ) ;
#5203 = VERTEX_POINT ( 'NONE', #8790 ) ;
#5204 = ADVANCED_FACE ( 'NONE', ( #4011, #4740 ), #7340, .T. ) ;
#5205 = VERTEX_POINT ( 'NONE', #428 ) ;
#5206 = VECTOR ( 'NONE', #5360, 1000.000000000000000 ) ;
#5207 = CARTESIAN_POINT ( 'NONE',  ( 646.9265274495448921, 827.7761353879350281, 1296.381059343922061 ) ) ;
#5208 = AXIS2_PLACEMENT_3D ( 'NONE', #2478, #5255, #6476 ) ;
#5209 = CARTESIAN_POINT ( 'NONE',  ( -0.06514436560303010770, 1.203816949547076298, -0.1785173072915910431 ) ) ;
#5210 = CARTESIAN_POINT ( 'NONE',  ( 54.03290200691138523, -0.4496430414070579085, 1.000000000000000888 ) ) ;
#5211 = ADVANCED_FACE ( 'NONE', ( #4608 ), #3202, .F. ) ;
#5212 = ORIENTED_EDGE ( 'NONE', *, *, #2076, .T. ) ;
#5213 = CARTESIAN_POINT ( 'NONE',  ( -0.4746887619027230221, -0.1594309081946605200, -0.03222967016139375446 ) ) ;
#5214 = ADVANCED_FACE ( 'NONE', ( #8070 ), #5053, .F. ) ;
#5215 = LINE ( 'NONE', #983, #5520 ) ;
#5216 = CARTESIAN_POINT ( 'NONE',  ( -0.5724802147649075135, -0.5870829615162026505, -0.5500000000000018208 ) ) ;
#5217 = DIRECTION ( 'NONE',  ( 0.08803429357919559384, -0.9376491420330599347, 0.3362499808158784242 ) ) ;
#5218 = DIRECTION ( 'NONE',  ( -3.428155301009279818E-32, 8.955574241400646717E-33, 1.000000000000000000 ) ) ;
#5219 = FACE_OUTER_BOUND ( 'NONE', #230, .T. ) ;
#5220 = CARTESIAN_POINT ( 'NONE',  ( -0.2488749066003118071, 0.02418126363636086129, -1.099999999999996758 ) ) ;
#5221 = VERTEX_POINT ( 'NONE', #6014 ) ;
#5222 = VECTOR ( 'NONE', #5103, 1000.000000000000000 ) ;
#5223 = CARTESIAN_POINT ( 'NONE',  ( -0.1292490986361874428, 1.190714019399824464, -0.1855446092705256844 ) ) ;
#5224 = DIRECTION ( 'NONE',  ( 0.08803429357919559384, -0.9376491420330599347, 0.3362499808158784242 ) ) ;
#5225 = EDGE_CURVE ( 'NONE', #8015, #7580, #2814, .T. ) ;
#5226 = EDGE_LOOP ( 'NONE', ( #950, #7940, #2005, #1339 ) ) ;
#5227 = CARTESIAN_POINT ( 'NONE',  ( -19.50000000000003197, 32.50000000000000000, 0.000000000000000000 ) ) ;
#5228 = ORIENTED_EDGE ( 'NONE', *, *, #4425, .F. ) ;
#5229 = DIRECTION ( 'NONE',  ( 0.000000000000000000, 0.000000000000000000, -1.000000000000000000 ) ) ;
#5230 = DIRECTION ( 'NONE',  ( -0.6427876096865414723, -0.7660444431189761261, 0.000000000000000000 ) ) ;
#5231 = ORIENTED_EDGE ( 'NONE', *, *, #213, .F. ) ;
#5232 = DIRECTION ( 'NONE',  ( 0.000000000000000000, 0.000000000000000000, -1.000000000000000000 ) ) ;
#5233 = AXIS2_PLACEMENT_3D ( 'NONE', #8967, #6840, #2743 ) ;
#5234 = DIRECTION ( 'NONE',  ( 1.000000000000000000, 9.159339953157552503E-15, 0.000000000000000000 ) ) ;
#5235 = EDGE_LOOP ( 'NONE', ( #1093, #1061, #5866, #521, #660 ) ) ;
#5236 = CARTESIAN_POINT ( 'NONE',  ( 0.000000000000000000, 0.000000000000000000, 0.000000000000000000 ) ) ;
#5237 = ORIENTED_EDGE ( 'NONE', *, *, #7190, .F. ) ;
#5238 = FACE_OUTER_BOUND ( 'NONE', #5902, .T. ) ;
#5239 = EDGE_CURVE ( 'NONE', #6675, #3377, #7473, .T. ) ;
#5240 = CARTESIAN_POINT ( 'NONE',  ( 1.154700538379252350, -2.000000000000001776, 1.480000000000002203 ) ) ;
#5241 = AXIS2_PLACEMENT_3D ( 'NONE', #535, #5316, #3310 ) ;
#5242 = ORIENTED_EDGE ( 'NONE', *, *, #12, .T. ) ;
#5243 = PLANE ( 'NONE',  #3578 ) ;
#5244 = FACE_OUTER_BOUND ( 'NONE', #1178, .T. ) ;
#5245 = ORIENTED_EDGE ( 'NONE', *, *, #1919, .F. ) ;
#5246 = FACE_OUTER_BOUND ( 'NONE', #5184, .T. ) ;
#5247 = CARTESIAN_POINT ( 'NONE',  ( 0.8325319348131271502, 0.8613064151465482654, -0.1856042097749879827 ) ) ;
#5248 = ORIENTED_EDGE ( 'NONE', *, *, #7726, .F. ) ;
#5249 = AXIS2_PLACEMENT_3D ( 'NONE', #3715, #7988, #7219 ) ;
#5250 = ORIENTED_EDGE ( 'NONE', *, *, #1743, .F. ) ;
#5251 = B_SPLINE_SURFACE_WITH_KNOTS ( 'NONE', 3, 1, ( 
 ( #6761, #4760 ),
 ( #4807, #1358 ),
 ( #6851, #8126 ),
 ( #1904, #5397 ),
 ( #1862, #4028 ),
 ( #6805, #4629 ),
 ( #8762, #6167 ) ),
 .UNSPECIFIED., .F., .F., .F.,
 ( 4, 1, 1, 1, 4 ),
 ( 2, 2 ),
 ( 0.000000000000000000, 0.2500000000000000000, 0.5000000000000000000, 0.7500000000000000000, 1.000000000000000000 ),
 ( 0.000000000000000000, 1.000000000000000000 ),
 .UNSPECIFIED. ) ;
#5252 = DIRECTION ( 'NONE',  ( -0.6501455241142396480, -0.3098329980361982927, -0.6937681967358563240 ) ) ;
#5253 = CIRCLE ( 'NONE', #1337, 0.8000000000000047073 ) ;
#5254 = CARTESIAN_POINT ( 'NONE',  ( 651.2148550145109311, 782.1013591323456922, 1312.760472443371327 ) ) ;
#5255 = DIRECTION ( 'NONE',  ( 1.000000000000000000, -1.020425574104004122E-16, -0.000000000000000000 ) ) ;
#5256 = CARTESIAN_POINT ( 'NONE',  ( -0.1253354148190166661, 0.2163262287921408067, -1.099999999999996758 ) ) ;
#5257 = ORIENTED_EDGE ( 'NONE', *, *, #1708, .F. ) ;
#5258 = CARTESIAN_POINT ( 'NONE',  ( 0.1732444538684943525, 0.1802397270410927010, -1.099999999999996758 ) ) ;
#5259 = CARTESIAN_POINT ( 'NONE',  ( -0.2406817437717104213, 0.06861390558451918587, -1.099999999999996758 ) ) ;
#5260 = DIRECTION ( 'NONE',  ( 0.000000000000000000, 0.000000000000000000, 1.000000000000000000 ) ) ;
#5261 = VECTOR ( 'NONE', #2489, 1000.000000000000000 ) ;
#5262 = ADVANCED_FACE ( 'NONE', ( #5292, #8786 ), #7876, .T. ) ;
#5263 = LINE ( 'NONE', #8033, #7735 ) ;
#5264 = PLANE ( 'NONE',  #379 ) ;
#5265 = CARTESIAN_POINT ( 'NONE',  ( 656.7900105591214697, 766.1282569893018035, 1323.317790774371360 ) ) ;
#5266 = CARTESIAN_POINT ( 'NONE',  ( 0.1318513288453351806, -0.2124034535540830770, -1.099999999999996758 ) ) ;
#5267 = EDGE_CURVE ( 'NONE', #5042, #2181, #5434, .T. ) ;
#5268 = CARTESIAN_POINT ( 'NONE',  ( 0.04680233716247012010, -0.2457807441468562448, -1.099999999999996758 ) ) ;
#5269 = EDGE_LOOP ( 'NONE', ( #5333, #8689, #3444, #2383 ) ) ;
#5270 = CARTESIAN_POINT ( 'NONE',  ( 69.62140237615138005, 0.8126188716606752571, 3.250000000000002665 ) ) ;
#5271 = VERTEX_POINT ( 'NONE', #7198 ) ;
#5272 = DIRECTION ( 'NONE',  ( -0.000000000000000000, -1.000000000000000000, -0.000000000000000000 ) ) ;
#5273 = ADVANCED_FACE ( 'NONE', ( #3739 ), #6515, .F. ) ;
#5274 =( NAMED_UNIT ( * ) SI_UNIT ( $, .STERADIAN. ) SOLID_ANGLE_UNIT ( ) );
#5275 = ORIENTED_EDGE ( 'NONE', *, *, #332, .T. ) ;
#5276 = CARTESIAN_POINT ( 'NONE',  ( 646.7227824528922611, 821.1819826994108098, 1294.290195084581683 ) ) ;
#5277 = FACE_OUTER_BOUND ( 'NONE', #5471, .T. ) ;
#5278 = EDGE_LOOP ( 'NONE', ( #94, #308, #8922, #5970 ) ) ;
#5279 = DIRECTION ( 'NONE',  ( 1.000000000000000000, 0.000000000000000000, 0.000000000000000000 ) ) ;
#5280 = ORIENTED_EDGE ( 'NONE', *, *, #8732, .T. ) ;
#5281 = CARTESIAN_POINT ( 'NONE',  ( -42.00000000000003553, 37.69999999999999574, -4.000000000000003553 ) ) ;
#5282 = CIRCLE ( 'NONE', #8901, 6.997699999999917431 ) ;
#5283 = DIRECTION ( 'NONE',  ( -0.5416752204197057274, 0.4545194776720495877, -0.7071067811865408004 ) ) ;
#5284 = ORIENTED_EDGE ( 'NONE', *, *, #3789, .F. ) ;
#5285 = ADVANCED_FACE ( 'NONE', ( #3056 ), #8914, .T. ) ;
#5286 = CARTESIAN_POINT ( 'NONE',  ( -76.88665920154704736, -20.19710534951443748, 3.499999999999989342 ) ) ;
#5287 = EDGE_CURVE ( 'NONE', #196, #7637, #4561, .T. ) ;
#5288 = CARTESIAN_POINT ( 'NONE',  ( -55.32150568668554769, -10.05399444193674796, 0.000000000000000000 ) ) ;
#5289 = CONICAL_SURFACE ( 'NONE', #1369, 6.406354617262889128, 0.7853981633974539411 ) ;
#5290 = ORIENTED_EDGE ( 'NONE', *, *, #135, .F. ) ;
#5291 = CARTESIAN_POINT ( 'NONE',  ( 648.0919611815270400, 824.1273863511415811, 1302.145126461590962 ) ) ;
#5292 = FACE_OUTER_BOUND ( 'NONE', #2732, .T. ) ;
#5293 = ORIENTED_EDGE ( 'NONE', *, *, #8442, .F. ) ;
#5294 = ORIENTED_EDGE ( 'NONE', *, *, #981, .F. ) ;
#5295 = CIRCLE ( 'NONE', #6445, 39.99999999999995026 ) ;
#5296 = AXIS2_PLACEMENT_3D ( 'NONE', #7921, #970, #5109 ) ;
#5297 = CARTESIAN_POINT ( 'NONE',  ( -0.03432284125395174135, -0.2477428479099458292, -1.099999999999996758 ) ) ;
#5298 = CARTESIAN_POINT ( 'NONE',  ( -0.3411484343693316212, -0.1602735806466998314, -0.01840781869357627221 ) ) ;
#5299 = CARTESIAN_POINT ( 'NONE',  ( -11.50000000000001776, 59.00000000000000000, 3.999999999999996447 ) ) ;
#5300 = AXIS2_PLACEMENT_3D ( 'NONE', #6426, #8511, #975 ) ;
#5301 = CARTESIAN_POINT ( 'NONE',  ( 648.9556409473166241, 762.3947935871243544, 1314.957981936230681 ) ) ;
#5302 = AXIS2_PLACEMENT_3D ( 'NONE', #4912, #7680, #4779 ) ;
#5303 = ORIENTED_EDGE ( 'NONE', *, *, #4169, .F. ) ;
#5304 = CARTESIAN_POINT ( 'NONE',  ( -14.21773040215869699, 15.59572001967665678, 0.000000000000000000 ) ) ;
#5305 = DIRECTION ( 'NONE',  ( -0.000000000000000000, -1.000000000000000000, -0.000000000000000000 ) ) ;
#5306 = VECTOR ( 'NONE', #1413, 1000.000000000000227 ) ;
#5307 = CARTESIAN_POINT ( 'NONE',  ( -0.7672178912664571193, -0.8254409663612238823, -0.005503680371533870019 ) ) ;
#5308 = EDGE_CURVE ( 'NONE', #8578, #1143, #1795, .T. ) ;
#5309 = CARTESIAN_POINT ( 'NONE',  ( -0.3027183380972797710, 0.1862715073639165109, -0.01639510506427910297 ) ) ;
#5310 = ORIENTED_EDGE ( 'NONE', *, *, #580, .T. ) ;
#5311 = DIRECTION ( 'NONE',  ( -0.000000000000000000, -0.000000000000000000, -1.000000000000000000 ) ) ;
#5312 = VECTOR ( 'NONE', #4271, 1000.000000000000000 ) ;
#5313 = DIRECTION ( 'NONE',  ( 0.000000000000000000, 0.000000000000000000, 1.000000000000000000 ) ) ;
#5314 = CARTESIAN_POINT ( 'NONE',  ( -0.1710450338365142875, -0.3096352968793512073, -0.01622930875415916699 ) ) ;
#5315 = EDGE_CURVE ( 'NONE', #317, #8028, #4412, .T. ) ;
#5316 = DIRECTION ( 'NONE',  ( 0.000000000000000000, 0.000000000000000000, 1.000000000000000000 ) ) ;
#5317 = ORIENTED_EDGE ( 'NONE', *, *, #6775, .F. ) ;
#5318 = CARTESIAN_POINT ( 'NONE',  ( -0.2262728214071849098, -0.1063043286626957906, -1.099999999999996758 ) ) ;
#5319 = ORIENTED_EDGE ( 'NONE', *, *, #1116, .T. ) ;
#5320 = EDGE_CURVE ( 'NONE', #5384, #1224, #3540, .T. ) ;
#5321 = FACE_BOUND ( 'NONE', #3379, .T. ) ;
#5322 = CARTESIAN_POINT ( 'NONE',  ( 0.8333051894879108801, -0.8605711381107494784, -0.1856071169090214856 ) ) ;
#5323 = ORIENTED_EDGE ( 'NONE', *, *, #8807, .T. ) ;
#5324 = CARTESIAN_POINT ( 'NONE',  ( 2.334869823772517390E-16, 1.000000000000005773, 4.006689065479315087E-18 ) ) ;
#5325 = VECTOR ( 'NONE', #173, 1000.000000000000000 ) ;
#5326 = CARTESIAN_POINT ( 'NONE',  ( 63.84810126582274137, 32.50000000000000000, 11.99999999999999645 ) ) ;
#5327 = CARTESIAN_POINT ( 'NONE',  ( -0.8144676551341406556, 0.09509173854885255572, -0.5500000000000018208 ) ) ;
#5328 = VERTEX_POINT ( 'NONE', #4514 ) ;
#5329 = CARTESIAN_POINT ( 'NONE',  ( 0.1483948075482934836, -0.4535560195072357303, -0.02930844930815294097 ) ) ;
#5330 = CIRCLE ( 'NONE', #5519, 3.499999999999996003 ) ;
#5331 = VECTOR ( 'NONE', #2736, 1000.000000000000000 ) ;
#5332 = DIRECTION ( 'NONE',  ( -0.1610798504274900123, -0.3465180766742025353, -0.9241095737650751873 ) ) ;
#5333 = ORIENTED_EDGE ( 'NONE', *, *, #213, .T. ) ;
#5334 = DIRECTION ( 'NONE',  ( -0.000000000000000000, -0.000000000000000000, -1.000000000000000000 ) ) ;
#5335 = DIRECTION ( 'NONE',  ( 0.6427876096865419164, 0.7660444431189757930, 0.000000000000000000 ) ) ;
#5336 = ORIENTED_EDGE ( 'NONE', *, *, #3609, .T. ) ;
#5337 = CARTESIAN_POINT ( 'NONE',  ( -0.1534636753231163886, -0.1975001589623048837, -1.099999999999996758 ) ) ;
#5338 = CARTESIAN_POINT ( 'NONE',  ( 0.1468656525825807468, 0.6002387821405545942, -0.04898022725210092465 ) ) ;
#5339 = EDGE_LOOP ( 'NONE', ( #2717, #3185, #7956, #4676 ) ) ;
#5340 = CARTESIAN_POINT ( 'NONE',  ( -22.90013928550543554, -33.64466763093365387, 6.999999999999999112 ) ) ;
#5341 = DIRECTION ( 'NONE',  ( -0.000000000000000000, -0.000000000000000000, 1.000000000000000000 ) ) ;
#5342 = LINE ( 'NONE', #1113, #5354 ) ;
#5343 = CARTESIAN_POINT ( 'NONE',  ( -0.1318513288452935472, 0.2124034535541940993, -1.099999999999996758 ) ) ;
#5344 = VERTEX_POINT ( 'NONE', #8018 ) ;
#5345 = CARTESIAN_POINT ( 'NONE',  ( 0.9115085063133090415, 0.9437869286387512435, -0.07554460927052669694 ) ) ;
#5346 = CARTESIAN_POINT ( 'NONE',  ( -10.75000000000003730, 32.50000000000000000, -5.299999999999990052 ) ) ;
#5347 = ADVANCED_FACE ( 'NONE', ( #3875 ), #7287, .T. ) ;
#5348 = CARTESIAN_POINT ( 'NONE',  ( -0.1355729733231170187, -0.2100932097153784817, -1.099999999999996758 ) ) ;
#5349 = EDGE_LOOP ( 'NONE', ( #4060, #2588, #1956, #8102, #920, #7367 ) ) ;
#5350 = CARTESIAN_POINT ( 'NONE',  ( 0.4781917525966334903, -0.4137618614116984617, -0.05116557227252053336 ) ) ;
#5351 = DIRECTION ( 'NONE',  ( -0.000000000000000000, -1.000000000000000000, -0.000000000000000000 ) ) ;
#5352 = LINE ( 'NONE', #8123, #6405 ) ;
#5353 = CARTESIAN_POINT ( 'NONE',  ( 53.85925382924440186, -1.434450794419367403, 1.000000000000000888 ) ) ;
#5354 = VECTOR ( 'NONE', #5470, 1000.000000000000227 ) ;
#5355 = CARTESIAN_POINT ( 'NONE',  ( 647.4902745870441549, 812.1825910765275012, 1297.098113573790670 ) ) ;
#5356 = ORIENTED_EDGE ( 'NONE', *, *, #1011, .T. ) ;
#5357 = DIRECTION ( 'NONE',  ( 0.2204660187209531996, -0.3108485172154361043, -0.9245366049726193580 ) ) ;
#5358 = ORIENTED_EDGE ( 'NONE', *, *, #2877, .T. ) ;
#5359 = DIRECTION ( 'NONE',  ( -1.110223024625150131E-16, -1.000000000000000000, -4.006689065479291976E-18 ) ) ;
#5360 = DIRECTION ( 'NONE',  ( 0.000000000000000000, -1.342203514768850498E-16, 1.000000000000000000 ) ) ;
#5361 = ORIENTED_EDGE ( 'NONE', *, *, #2233, .F. ) ;
#5362 = FACE_OUTER_BOUND ( 'NONE', #32, .T. ) ;
#5363 = CARTESIAN_POINT ( 'NONE',  ( -7.000000000000032863, 58.99999999999999289, 0.000000000000000000 ) ) ;
#5364 =( GEOMETRIC_REPRESENTATION_CONTEXT ( 3 ) GLOBAL_UNCERTAINTY_ASSIGNED_CONTEXT ( ( #984 ) ) GLOBAL_UNIT_ASSIGNED_CONTEXT ( ( #8938, #2037, #540 ) ) REPRESENTATION_CONTEXT ( 'NONE', 'WORKASPACE' ) );
#5365 = CARTESIAN_POINT ( 'NONE',  ( -1.154700538379252350, 1.999999999999890754, 1.480000000000002203 ) ) ;
#5366 = FACE_BOUND ( 'NONE', #5490, .T. ) ;
#5367 = ORIENTED_EDGE ( 'NONE', *, *, #7821, .T. ) ;
#5368 = CIRCLE ( 'NONE', #281, 1.700000000000008837 ) ;
#5369 = EDGE_CURVE ( 'NONE', #5758, #6734, #4707, .T. ) ;
#5370 = CARTESIAN_POINT ( 'NONE',  ( -0.1636149652514545805, 0.1891761046621948106, -1.099999999999996758 ) ) ;
#5371 = ORIENTED_EDGE ( 'NONE', *, *, #332, .F. ) ;
#5372 = DIRECTION ( 'NONE',  ( 0.000000000000000000, -1.000000000000000000, 1.445602896647342072E-15 ) ) ;
#5373 = CARTESIAN_POINT ( 'NONE',  ( 0.1437358038572884578, 0.7908634394379552290, -0.08287141672321683694 ) ) ;
#5374 = ORIENTED_EDGE ( 'NONE', *, *, #359, .F. ) ;
#5375 = ADVANCED_FACE ( 'NONE', ( #8739 ), #6351, .F. ) ;
#5376 = VECTOR ( 'NONE', #5609, 1000.000000000000227 ) ;
#5377 = CARTESIAN_POINT ( 'NONE',  ( 652.8846779174026551, 764.3161535200088110, 1319.138417858001276 ) ) ;
#5378 = DIRECTION ( 'NONE',  ( 0.000000000000000000, 0.000000000000000000, -1.000000000000000000 ) ) ;
#5379 = ADVANCED_FACE ( 'NONE', ( #6099 ), #1968, .F. ) ;
#5380 = CIRCLE ( 'NONE', #1323, 0.05000000000006021850 ) ;
#5381 = CARTESIAN_POINT ( 'NONE',  ( -40.07580913867494843, 32.65528912557490315, 4.000000000000003553 ) ) ;
#5382 = ORIENTED_EDGE ( 'NONE', *, *, #3492, .T. ) ;
#5383 = LINE ( 'NONE', #1935, #5312 ) ;
#5384 = VERTEX_POINT ( 'NONE', #4735 ) ;
#5385 = DIRECTION ( 'NONE',  ( 0.000000000000000000, 1.000000000000000000, -1.043936067042438934E-16 ) ) ;
#5386 = CARTESIAN_POINT ( 'NONE',  ( 644.5251290454243644, 853.3533174354330413, 1287.208836401181316 ) ) ;
#5387 = VECTOR ( 'NONE', #395, 1000.000000000000114 ) ;
#5388 = CARTESIAN_POINT ( 'NONE',  ( -0.1534636753231163886, -0.1975001589623048837, -1.099999999999996758 ) ) ;
#5389 = ORIENTED_EDGE ( 'NONE', *, *, #2431, .F. ) ;
#5390 = DIRECTION ( 'NONE',  ( 0.05375820197657987104, 0.08660077874591864955, -0.9947916167926053044 ) ) ;
#5391 = CARTESIAN_POINT ( 'NONE',  ( 0.4019806289742381411, 0.1600205684163714670, -0.02400447558184668623 ) ) ;
#5392 = EDGE_CURVE ( 'NONE', #2813, #2524, #8470, .T. ) ;
#5393 = CARTESIAN_POINT ( 'NONE',  ( 0.7672178962426154936, -0.8254409716066252178, -0.005503671348411343089 ) ) ;
#5394 = EDGE_CURVE ( 'NONE', #7042, #3762, #6233, .T. ) ;
#5395 = CARTESIAN_POINT ( 'NONE',  ( -0.1798245518911955887, -0.3064045393293681196, -0.01636879864091213971 ) ) ;
#5396 = VECTOR ( 'NONE', #8436, 1000.000000000000000 ) ;
#5397 = CARTESIAN_POINT ( 'NONE',  ( 0.2178001925594724719, 0.1228491913548290793, -1.099999999999996758 ) ) ;
#5398 = ORIENTED_EDGE ( 'NONE', *, *, #5662, .F. ) ;
#5399 = B_SPLINE_CURVE_WITH_KNOTS ( 'NONE', 3,
 ( #255, #1772, #1035, #3803, #6579, #351, #3851 ),
 .UNSPECIFIED., .F., .F.,
 ( 4, 3, 4 ),
 ( 0.0001294821963864414155, 0.0001504217483640370016, 0.0002589986393087260509 ),
 .UNSPECIFIED. ) ;
#5400 = CARTESIAN_POINT ( 'NONE',  ( 0.8361759912694499697, 0.8575050536983180871, -0.1855446092705256844 ) ) ;
#5401 = CARTESIAN_POINT ( 'NONE',  ( -76.18063772208094520, 85.60895730710637963, 57.99473502807131098 ) ) ;
#5402 = ORIENTED_EDGE ( 'NONE', *, *, #6176, .T. ) ;
#5403 = FACE_OUTER_BOUND ( 'NONE', #8209, .T. ) ;
#5404 = ORIENTED_EDGE ( 'NONE', *, *, #416, .T. ) ;
#5405 = ADVANCED_FACE ( 'NONE', ( #2646 ), #6057, .F. ) ;
#5406 = AXIS2_PLACEMENT_3D ( 'NONE', #7838, #2159, #3613 ) ;
#5407 = CARTESIAN_POINT ( 'NONE',  ( -10.75000000000003730, 44.00000000000001421, -5.299999999999990052 ) ) ;
#5408 = CARTESIAN_POINT ( 'NONE',  ( 99.99999999999995737, 4.499999999999997335, -16.00000000000000000 ) ) ;
#5409 = CARTESIAN_POINT ( 'NONE',  ( -0.1615731425276961675, 0.2602832582350861346, -0.5500000000000018208 ) ) ;
#5410 = LINE ( 'NONE', #8182, #2806 ) ;
#5411 = ORIENTED_EDGE ( 'NONE', *, *, #2556, .F. ) ;
#5412 = EDGE_CURVE ( 'NONE', #3022, #2787, #401, .T. ) ;
#5413 = CARTESIAN_POINT ( 'NONE',  ( 654.1250252513816577, 805.3647954939675628, 1310.454494171961642 ) ) ;
#5414 = CARTESIAN_POINT ( 'NONE',  ( -0.9592865532822361097, 0.9980206734297725202, -0.005503671348411343089 ) ) ;
#5415 = ORIENTED_EDGE ( 'NONE', *, *, #1594, .T. ) ;
#5416 = DIRECTION ( 'NONE',  ( -0.1046847845180460118, 0.000000000000000000, 0.9945054529214056860 ) ) ;
#5417 = CARTESIAN_POINT ( 'NONE',  ( 0.1477605397721656610, 0.5199270688298661680, -0.03756269373562914210 ) ) ;
#5418 = EDGE_LOOP ( 'NONE', ( #6972, #6394, #6459, #2684 ) ) ;
#5419 = EDGE_CURVE ( 'NONE', #6625, #6038, #6142, .T. ) ;
#5421 = VECTOR ( 'NONE', #7870, 1000.000000000000000 ) ;
#5420 = CARTESIAN_POINT ( 'NONE',  ( -0.1732444538684249635, 0.1802397270410371899, -1.099999999999996758 ) ) ;
#5422 = EDGE_CURVE ( 'NONE', #6709, #8695, #4646, .T. ) ;
#5423 = PLANE ( 'NONE',  #8775 ) ;
#5424 = CARTESIAN_POINT ( 'NONE',  ( 647.3149358089509633, 823.6392161244106092, 1297.864598293230529 ) ) ;
#5425 = ORIENTED_EDGE ( 'NONE', *, *, #5392, .F. ) ;
#5426 = CARTESIAN_POINT ( 'NONE',  ( -19.50000000000003197, 0.000000000000000000, 11.99999999999999645 ) ) ;
#5427 = VERTEX_POINT ( 'NONE', #4363 ) ;
#5428 = FACE_OUTER_BOUND ( 'NONE', #5639, .T. ) ;
#5429 = AXIS2_PLACEMENT_3D ( 'NONE', #7224, #995, #6540 ) ;
#5430 = CARTESIAN_POINT ( 'NONE',  ( 652.8890796320814616, 764.2692710629069097, 1319.155230357041546 ) ) ;
#5431 = CARTESIAN_POINT ( 'NONE',  ( -0.1700863687544088010, -0.1832752439041018810, -1.099999999999996758 ) ) ;
#5432 = CIRCLE ( 'NONE', #5722, 0.05000000000006021850 ) ;
#5433 = ORIENTED_EDGE ( 'NONE', *, *, #6554, .T. ) ;
#5434 = CIRCLE ( 'NONE', #1084, 4.999999999999997335 ) ;
#5435 = CARTESIAN_POINT ( 'NONE',  ( -0.2005467581562489499, -0.1494605406867077768, -1.099999999999996758 ) ) ;
#5436 = ADVANCED_FACE ( 'NONE', ( #2860 ), #8360, .F. ) ;
#5437 = ORIENTED_EDGE ( 'NONE', *, *, #4916, .T. ) ;
#5438 = CARTESIAN_POINT ( 'NONE',  ( 0.5751466284549187069, -0.6528582061231663625, -0.005503671348411343089 ) ) ;
#5439 = CARTESIAN_POINT ( 'NONE',  ( -7.000000000000033751, 52.49999999999999289, 0.000000000000000000 ) ) ;
#5440 = ADVANCED_FACE ( 'NONE', ( #4224 ), #4913, .T. ) ;
#5441 = DIRECTION ( 'NONE',  ( 1.000000000000000000, -1.942890293094020494E-16, 0.000000000000000000 ) ) ;
#5442 = ORIENTED_EDGE ( 'NONE', *, *, #2472, .T. ) ;
#5443 = CARTESIAN_POINT ( 'NONE',  ( 0.1544648534360579251, -0.3275374857836521603, -5.595407092523485559E-05 ) ) ;
#5444 = SHAPE_REPRESENTATION_RELATIONSHIP ( 'NONE' , 'NONE' ,  #3508, #2790 ) ;
#5445 = ORIENTED_EDGE ( 'NONE', *, *, #3535, .F. ) ;
#5446 = DIRECTION ( 'NONE',  ( -0.000000000000000000, -1.000000000000000000, -0.000000000000000000 ) ) ;
#5447 = VECTOR ( 'NONE', #4594, 1000.000000000000227 ) ;
#5448 = ORIENTED_EDGE ( 'NONE', *, *, #7346, .F. ) ;
#5449 = EDGE_CURVE ( 'NONE', #3182, #5097, #3258, .T. ) ;
#5450 = DIRECTION ( 'NONE',  ( 0.000000000000000000, -0.000000000000000000, 1.000000000000000000 ) ) ;
#5451 = DIRECTION ( 'NONE',  ( -0.9714137623810676914, -0.1555226214723472722, -0.1793544436779516138 ) ) ;
#5452 = DIRECTION ( 'NONE',  ( -0.6501551545065742399, -0.3098309877324906814, -0.6937600695552041952 ) ) ;
#5453 = EDGE_CURVE ( 'NONE', #8433, #558, #911, .T. ) ;
#5454 = ADVANCED_FACE ( 'NONE', ( #733 ), #2139, .F. ) ;
#5455 = ADVANCED_FACE ( 'NONE', ( #4182 ), #174, .F. ) ;
#5456 = CARTESIAN_POINT ( 'NONE',  ( 0.6001394390598713269, 0.1607247080646218018, -0.007003512763968655630 ) ) ;
#5457 = ORIENTED_EDGE ( 'NONE', *, *, #3698, .T. ) ;
#5458 = CARTESIAN_POINT ( 'NONE',  ( 647.4249786759255585, 822.4671546968691018, 1298.284910769251837 ) ) ;
#5459 = VECTOR ( 'NONE', #130, 1000.000000000000000 ) ;
#5460 = CARTESIAN_POINT ( 'NONE',  ( 0.1492233420114646991, 1.374727771640910090, -0.006944503301090088065 ) ) ;
#5461 = ORIENTED_EDGE ( 'NONE', *, *, #974, .T. ) ;
#5462 = CARTESIAN_POINT ( 'NONE',  ( -0.9303587194941509431, -1.611428571428569212, 1.868571428571427884 ) ) ;
#5463 = CARTESIAN_POINT ( 'NONE',  ( 0.1433495234902460724, 0.8135882404411433066, -0.08756475520982262561 ) ) ;
#5464 = ORIENTED_EDGE ( 'NONE', *, *, #1215, .F. ) ;
#5465 = CARTESIAN_POINT ( 'NONE',  ( -0.9115085063132744025, 0.9437869286387373657, -0.07554460927052669694 ) ) ;
#5466 = DIRECTION ( 'NONE',  ( -0.07765672251501580525, -0.7154165806567363006, -0.6943691738330909358 ) ) ;
#5467 = DIRECTION ( 'NONE',  ( -0.000000000000000000, -0.000000000000000000, -1.000000000000000000 ) ) ;
#5468 = AXIS2_PLACEMENT_3D ( 'NONE', #8735, #6465, #7328 ) ;
#5469 = EDGE_CURVE ( 'NONE', #1103, #7435, #3504, .T. ) ;
#5470 = DIRECTION ( 'NONE',  ( 0.7660444431189749048, -0.6427876096865429156, 0.000000000000000000 ) ) ;
#5471 = EDGE_LOOP ( 'NONE', ( #7583, #7033, #1167, #7278, #2605 ) ) ;
#5472 = SPHERICAL_SURFACE ( 'NONE', #4433, 1.590000000000000080 ) ;
#5473 = ORIENTED_EDGE ( 'NONE', *, *, #8350, .F. ) ;
#5474 = PLANE ( 'NONE',  #7411 ) ;
#5475 = AXIS2_PLACEMENT_3D ( 'NONE', #3416, #4822, #2856 ) ;
#5476 = FACE_OUTER_BOUND ( 'NONE', #1896, .T. ) ;
#5477 = CARTESIAN_POINT ( 'NONE',  ( 648.2392958915335157, 813.7939001330627207, 1301.395223091801427 ) ) ;
#5478 = CIRCLE ( 'NONE', #7066, 6.049999999999999822 ) ;
#5479 = EDGE_CURVE ( 'NONE', #378, #620, #6316, .T. ) ;
#5480 = CARTESIAN_POINT ( 'NONE',  ( 0.6253470833665487616, -0.6899840747391414730, -0.1112760821224688668 ) ) ;
#5481 = CARTESIAN_POINT ( 'NONE',  ( -77.99999999999987210, -21.52393324585229095, 4.499999999999990230 ) ) ;
#5482 = VERTEX_POINT ( 'NONE', #6273 ) ;
#5483 = LINE ( 'NONE', #7747, #5376 ) ;
#5484 = CARTESIAN_POINT ( 'NONE',  ( -0.2080235751307571435, -0.1386585453182764827, -1.099999999999996758 ) ) ;
#5485 = CARTESIAN_POINT ( 'NONE',  ( 0.1499937422196687131, -1.381825123484350826, -5.595407092523485559E-05 ) ) ;
#5486 =( GEOMETRIC_REPRESENTATION_CONTEXT ( 3 ) GLOBAL_UNCERTAINTY_ASSIGNED_CONTEXT ( ( #1893 ) ) GLOBAL_UNIT_ASSIGNED_CONTEXT ( ( #3225, #1825, #7361 ) ) REPRESENTATION_CONTEXT ( 'NONE', 'WORKASPACE' ) );
#5487 = ORIENTED_EDGE ( 'NONE', *, *, #1556, .F. ) ;
#5488 = FACE_OUTER_BOUND ( 'NONE', #7009, .T. ) ;
#5489 = DIRECTION ( 'NONE',  ( 0.000000000000000000, 0.000000000000000000, -1.000000000000000000 ) ) ;
#5490 = EDGE_LOOP ( 'NONE', ( #8534, #874 ) ) ;
#5491 = CARTESIAN_POINT ( 'NONE',  ( 0.1837800884150544989, 0.1696535721154995846, -1.099999999999996758 ) ) ;
#5492 = EDGE_CURVE ( 'NONE', #7099, #8719, #132, .T. ) ;
#5493 = CARTESIAN_POINT ( 'NONE',  ( 644.4802513054943347, 829.2190376137073144, 1302.803773789190700 ) ) ;
#5494 = CARTESIAN_POINT ( 'NONE',  ( 2.568356806149768685E-16, 1.100000000000006306, -1.700000000000000178 ) ) ;
#5495 = CARTESIAN_POINT ( 'NONE',  ( 0.2406817437717589936, -0.06861390558446367471, -1.099999999999996758 ) ) ;
#5496 = CIRCLE ( 'NONE', #998, 1.000000000000005773 ) ;
#5497 = ORIENTED_EDGE ( 'NONE', *, *, #2849, .T. ) ;
#5498 = CARTESIAN_POINT ( 'NONE',  ( -0.3013393288552462801, 0.2008583544437503310, -0.005503680371526931125 ) ) ;
#5499 = DIRECTION ( 'NONE',  ( 0.9830072456193917896, 0.02719023690006180591, -0.1815418576447184462 ) ) ;
#5500 = ORIENTED_EDGE ( 'NONE', *, *, #2379, .T. ) ;
#5501 = B_SPLINE_CURVE_WITH_KNOTS ( 'NONE', 3,
 ( #4200, #6291, #4978, #6024, #5927, #978, #5883, #5839, #7387, #7294, #6657, #8793, #5256, #3837, #1667, #5343 ),
 .UNSPECIFIED., .F., .F.,
 ( 4, 1, 1, 1, 2, 1, 1, 1, 1, 1, 1, 1, 4 ),
 ( 0.000000000000000000, 0.1981379646100789871, 0.3962759292201585293, 0.5944138938302380160, 0.7925518584403170586, 0.8184828761352770377, 0.8444138938302380160, 0.8703449115251979951, 0.8962759292201589734, 0.9222069469151189525, 0.9481379646100790426, 0.9740689823050400209, 1.000000000000000000 ),
 .UNSPECIFIED. ) ;
#5502 = LINE ( 'NONE', #4223, #7182 ) ;
#5503 = DIRECTION ( 'NONE',  ( 0.000000000000000000, 0.000000000000000000, -1.000000000000000000 ) ) ;
#5504 = ORIENTED_EDGE ( 'NONE', *, *, #8069, .F. ) ;
#5505 = EDGE_CURVE ( 'NONE', #3727, #5826, #6447, .T. ) ;
#5506 = ADVANCED_FACE ( 'NONE', ( #2183, #1502 ), #4959, .F. ) ;
#5507 = ORIENTED_EDGE ( 'NONE', *, *, #8947, .F. ) ;
#5508 = AXIS2_PLACEMENT_3D ( 'NONE', #4137, #3458, #6910 ) ;
#5509 = ORIENTED_EDGE ( 'NONE', *, *, #3478, .F. ) ;
#5510 = LINE ( 'NONE', #8455, #4784 ) ;
#5511 = FACE_BOUND ( 'NONE', #849, .T. ) ;
#5512 = CARTESIAN_POINT ( 'NONE',  ( -0.8350642389450892988, 0.8587652181180904787, -0.1855846815800171745 ) ) ;
#5513 = LINE ( 'NONE', #6373, #1295 ) ;
#5514 = VERTEX_POINT ( 'NONE', #6953 ) ;
#5515 = AXIS2_PLACEMENT_3D ( 'NONE', #4571, #481, #3250 ) ;
#5516 = VERTEX_POINT ( 'NONE', #5002 ) ;
#5517 = CARTESIAN_POINT ( 'NONE',  ( 652.2578470460296103, 784.3450636788109023, 1318.744081933501548 ) ) ;
#5518 = CARTESIAN_POINT ( 'NONE',  ( -0.3431035238127891351, 0.1611920933938526534, 0.000000000000000000 ) ) ;
#5519 = AXIS2_PLACEMENT_3D ( 'NONE', #4540, #5446, #1909 ) ;
#5520 = VECTOR ( 'NONE', #7114, 1000.000000000000000 ) ;
#5521 = EDGE_CURVE ( 'NONE', #1550, #6535, #930, .T. ) ;
#5522 = CARTESIAN_POINT ( 'NONE',  ( 649.2282717786512194, 825.9816319379527840, 1291.046035475140570 ) ) ;
#5523 = DIRECTION ( 'NONE',  ( 1.000000000000000000, 0.000000000000000000, 0.000000000000000000 ) ) ;
#5524 = VERTEX_POINT ( 'NONE', #7770 ) ;
#5525 = FACE_OUTER_BOUND ( 'NONE', #203, .T. ) ;
#5526 = AXIS2_PLACEMENT_3D ( 'NONE', #3353, #7445, #1815 ) ;
#5527 = CARTESIAN_POINT ( 'NONE',  ( 0.3411484343694357046, -0.1602735806466998314, -0.01840781869357627221 ) ) ;
#5528 = EDGE_CURVE ( 'NONE', #160, #1201, #867, .T. ) ;
#5529 = CARTESIAN_POINT ( 'NONE',  ( 0.1290932872244909824, -0.2141022683312537866, -1.099999999999996758 ) ) ;
#5530 = ORIENTED_EDGE ( 'NONE', *, *, #6649, .F. ) ;
#5531 = CARTESIAN_POINT ( 'NONE',  ( 0.06514436560309949664, -1.203816949546993031, -0.1785173072915841042 ) ) ;
#5532 = CARTESIAN_POINT ( 'NONE',  ( 99.99999999999995737, 0.000000000000000000, 16.00000000000000000 ) ) ;
#5533 = EDGE_CURVE ( 'NONE', #8280, #5384, #282, .T. ) ;
#5534 = VERTEX_POINT ( 'NONE', #7364 ) ;
#5535 = CARTESIAN_POINT ( 'NONE',  ( 0.9664416801746927854, -0.9910935419184807582, -0.005503680371526931125 ) ) ;
#5536 = CARTESIAN_POINT ( 'NONE',  ( -0.1484714080840628947, 0.3672821610625422450, -0.02029327613403815456 ) ) ;
#5537 = LINE ( 'NONE', #7545, #6308 ) ;
#5538 = AXIS2_PLACEMENT_3D ( 'NONE', #8527, #6400, #5031 ) ;
#5539 = PLANE ( 'NONE',  #6439 ) ;
#5540 = ORIENTED_EDGE ( 'NONE', *, *, #572, .T. ) ;
#5541 = CARTESIAN_POINT ( 'NONE',  ( 102.1784920396515162, 2.812736557524782910, -11.99999999999999645 ) ) ;
#5542 = AXIS2_PLACEMENT_3D ( 'NONE', #5117, #2882, #6971 ) ;
#5543 = PRESENTATION_STYLE_ASSIGNMENT (( #2950 ) ) ;
#5544 = CARTESIAN_POINT ( 'NONE',  ( 0.1541604993688452940, 0.3269046701283861989, -0.006944503301090088065 ) ) ;
#5545 = ORIENTED_EDGE ( 'NONE', *, *, #8798, .T. ) ;
#5546 = LINE ( 'NONE', #1501, #1383 ) ;
#5547 = CARTESIAN_POINT ( 'NONE',  ( 647.1700607111106365, 825.1822740132456602, 1297.311242925790339 ) ) ;
#5548 = ORIENTED_EDGE ( 'NONE', *, *, #2316, .T. ) ;
#5549 = EDGE_LOOP ( 'NONE', ( #3420, #6479, #1496, #6420 ) ) ;
#5550 = EDGE_CURVE ( 'NONE', #2552, #2457, #3863, .T. ) ;
#5551 = ORIENTED_EDGE ( 'NONE', *, *, #6671, .F. ) ;
#5552 = DIRECTION ( 'NONE',  ( 0.9999715213305175876, -0.007546954877966125831, 1.309187979894551726E-18 ) ) ;
#5553 = CARTESIAN_POINT ( 'NONE',  ( 69.44977210575977722, -0.1607447605068562657, 0.01162066485537599503 ) ) ;
#5554 = CARTESIAN_POINT ( 'NONE',  ( 644.6408661729225287, 829.3993389984124178, 1301.777512979080711 ) ) ;
#5555 = CARTESIAN_POINT ( 'NONE',  ( -51.49128347109065373, -13.26793249036944999, 8.000000000000000000 ) ) ;
#5556 = EDGE_LOOP ( 'NONE', ( #4165, #7911, #319, #3099 ) ) ;
#5557 = ORIENTED_EDGE ( 'NONE', *, *, #1948, .F. ) ;
#5558 = LINE ( 'NONE', #7652, #1314 ) ;
#5559 = COLOUR_RGB ( '',0.7921568627450980005, 0.8196078431372548767, 0.9333333333333333481 ) ;
#5560 = DIRECTION ( 'NONE',  ( 0.000000000000000000, -0.000000000000000000, 1.000000000000000000 ) ) ;
#5561 = PRODUCT_RELATED_PRODUCT_CATEGORY ( 'part', '', ( #8649 ) ) ;
#5562 = EDGE_CURVE ( 'NONE', #6430, #3599, #6600, .T. ) ;
#5563 = DIRECTION ( 'NONE',  ( -1.110223024625150131E-16, -1.000000000000000000, 0.000000000000000000 ) ) ;
#5564 = VECTOR ( 'NONE', #6936, 1000.000000000000000 ) ;
#5565 = CARTESIAN_POINT ( 'NONE',  ( -0.1776728161206816980, -0.1759305495812601983, -1.099999999999996758 ) ) ;
#5566 = EDGE_LOOP ( 'NONE', ( #1793, #4033, #7421, #7315 ) ) ;
#5567 = DIRECTION ( 'NONE',  ( 0.9714137623810690236, 0.1555226214723452460, 0.1793544436779468676 ) ) ;
#5568 = EDGE_CURVE ( 'NONE', #5601, #3831, #1048, .T. ) ;
#5569 = CARTESIAN_POINT ( 'NONE',  ( 0.1318513288453074250, 0.2124034535542218549, -1.099999999999996758 ) ) ;
#5570 = CIRCLE ( 'NONE', #1666, 6.997699999999987597 ) ;
#5571 = VERTEX_POINT ( 'NONE', #3002 ) ;
#5572 = CARTESIAN_POINT ( 'NONE',  ( -19.50000000000003197, 44.00000000000000000, 0.000000000000000000 ) ) ;
#5573 = CARTESIAN_POINT ( 'NONE',  ( 0.3230791972340450458, 0.4249119911634497426, -0.03661865866006116382 ) ) ;
#5574 = CARTESIAN_POINT ( 'NONE',  ( -38.49999999999938183, 32.64339622641508498, -7.999999999999992895 ) ) ;
#5575 = EDGE_CURVE ( 'NONE', #5042, #6828, #4593, .T. ) ;
#5576 = DIRECTION ( 'NONE',  ( -1.000000000000000000, 0.000000000000000000, -0.000000000000000000 ) ) ;
#5577 = CARTESIAN_POINT ( 'NONE',  ( 63.84810126582275558, 32.49999999999999289, -11.99999999999999645 ) ) ;
#5578 = AXIS2_PLACEMENT_3D ( 'NONE', #8403, #4958, #6361 ) ;
#5579 = EDGE_CURVE ( 'NONE', #770, #8387, #4544, .T. ) ;
#5580 = CARTESIAN_POINT ( 'NONE',  ( 0.2262728214072334820, 0.1063043286628068129, -1.099999999999996758 ) ) ;
#5581 = VECTOR ( 'NONE', #3865, 1000.000000000000000 ) ;
#5582 = ORIENTED_EDGE ( 'NONE', *, *, #4787, .T. ) ;
#5583 = PLANE ( 'NONE',  #6917 ) ;
#5584 = CARTESIAN_POINT ( 'NONE',  ( -0.4514953139764055212, 0.5384220745986643131, -0.06318560573914419609 ) ) ;
#5585 = CARTESIAN_POINT ( 'NONE',  ( 0.1670978389879326786, 0.3152090556461650817, -0.006944503301090088065 ) ) ;
#5586 = PRODUCT_DEFINITION_SHAPE ( 'NONE', 'NONE',  #6677 ) ;
#5587 = ORIENTED_EDGE ( 'NONE', *, *, #610, .T. ) ;
#5588 = LINE ( 'NONE', #8314, #8334 ) ;
#5589 = CARTESIAN_POINT ( 'NONE',  ( 652.2578470460296103, 784.3450636788109023, 1318.744081933501548 ) ) ;
#5590 = ADVANCED_FACE ( 'NONE', ( #4455 ), #3110, .F. ) ;
#5591 = ORIENTED_EDGE ( 'NONE', *, *, #6451, .F. ) ;
#5592 = VERTEX_POINT ( 'NONE', #6590 ) ;
#5593 = CARTESIAN_POINT ( 'NONE',  ( -0.1207527918033676761, -0.2189242003604041642, -1.099999999999996758 ) ) ;
#5594 = CARTESIAN_POINT ( 'NONE',  ( -2.000000000000029310, 44.00000000000000000, -12.00000000000001066 ) ) ;
#5595 = CARTESIAN_POINT ( 'NONE',  ( -54.70522151952335577, -17.09815470596434750, 0.000000000000000000 ) ) ;
#5596 = ORIENTED_EDGE ( 'NONE', *, *, #3149, .F. ) ;
#5597 = LINE ( 'NONE', #7052, #7247 ) ;
#5598 = DIRECTION ( 'NONE',  ( 0.000000000000000000, 0.000000000000000000, -1.000000000000000000 ) ) ;
#5599 = ORIENTED_EDGE ( 'NONE', *, *, #8778, .F. ) ;
#5600 = EDGE_CURVE ( 'NONE', #6177, #8387, #355, .T. ) ;
#5601 = VERTEX_POINT ( 'NONE', #2366 ) ;
#5602 = DIRECTION ( 'NONE',  ( 0.000000000000000000, 0.000000000000000000, -1.000000000000000000 ) ) ;
#5603 = VECTOR ( 'NONE', #8592, 1000.000000000000114 ) ;
#5604 = CARTESIAN_POINT ( 'NONE',  ( -0.3039668737106343555, 0.1851906122637969609, 0.000000000000000000 ) ) ;
#5605 = CARTESIAN_POINT ( 'NONE',  ( 0.5478895858813445097, 0.4983363048097428361, -0.07015313896830546736 ) ) ;
#5606 = AXIS2_PLACEMENT_3D ( 'NONE', #6419, #3778, #8640 ) ;
#5607 = CARTESIAN_POINT ( 'NONE',  ( 644.6408661729221876, 829.3993389984137821, 1301.777512979071616 ) ) ;
#5608 = VERTEX_POINT ( 'NONE', #5954 ) ;
#5609 = DIRECTION ( 'NONE',  ( 0.9848077530122070211, -0.1736481776669358268, 0.000000000000000000 ) ) ;
#5610 = ADVANCED_FACE ( 'NONE', ( #2321 ), #5096, .T. ) ;
#5611 = CARTESIAN_POINT ( 'NONE',  ( -10.75000000000003730, 34.89999999999999858, 5.299999999999989164 ) ) ;
#5612 = B_SPLINE_CURVE_WITH_KNOTS ( 'NONE', 3,
 ( #1774, #7265, #533, #3852, #3263, #5899, #6077, #6624, #1171, #2492, #3898, #7356, #8084, #1816, #6669, #4582, #6713, #8761, #3217, #2582, #445, #6036, #2537, #5991, #397, #4490, #3804, #3172, #5941, #1902, #5314, #5395, #8715 ),
 .UNSPECIFIED., .F., .F.,
 ( 4, 2, 2, 1, 1, 1, 2, 2, 2, 1, 1, 2, 2, 2, 2, 2, 2, 2, 4 ),
 ( 0.000000000000000000, 0.2499999999999994449, 0.3749999999999993339, 0.4374999999999992228, 0.4687499999999992228, 0.4843749999999992228, 0.4921874999999991673, 0.4999999999999992228, 0.6249999999999996669, 0.6875000000000001110, 0.7187500000000003331, 0.7343750000000003331, 0.7500000000000004441, 0.8125000000000004441, 0.8437500000000004441, 0.8750000000000004441, 0.9375000000000003331, 0.9687500000000002220, 1.000000000000000000 ),
 .UNSPECIFIED. ) ;
#5613 = CARTESIAN_POINT ( 'NONE',  ( -59.81474252150933779, -23.69955136502171200, 0.4943404961013776466 ) ) ;
#5614 = ORIENTED_EDGE ( 'NONE', *, *, #7514, .F. ) ;
#5615 = CARTESIAN_POINT ( 'NONE',  ( 0.1355729733231239575, -0.2100932097154339928, -1.099999999999996758 ) ) ;
#5616 = CARTESIAN_POINT ( 'NONE',  ( 657.8180638670287408, 766.0304139856806387, 1324.560180867192230 ) ) ;
#5617 = FACE_OUTER_BOUND ( 'NONE', #1781, .T. ) ;
#5618 = DIRECTION ( 'NONE',  ( -0.4999999999999995004, 0.8660254037844389297, 0.000000000000000000 ) ) ;
#5619 = DIRECTION ( 'NONE',  ( 0.1610798504276400589, 0.3465180766742037566, 0.9241095737650486530 ) ) ;
#5620 = COLOUR_RGB ( '',0.7921568627450980005, 0.8196078431372548767, 0.9333333333333333481 ) ;
#5621 = DIRECTION ( 'NONE',  ( -0.4999999999999995004, 0.8660254037844389297, 0.000000000000000000 ) ) ;
#5622 = VERTEX_POINT ( 'NONE', #8726 ) ;
#5623 = CARTESIAN_POINT ( 'NONE',  ( 99.99999999999995737, 43.99999999999998579, 11.99999999999999645 ) ) ;
#5624 = CIRCLE ( 'NONE', #5788, 0.2000000000000567157 ) ;
#5625 = CARTESIAN_POINT ( 'NONE',  ( -0.8299852910303162634, 0.8634984783813248743, -0.1855446092705256844 ) ) ;
#5626 = CARTESIAN_POINT ( 'NONE',  ( 0.03432284125397255803, 0.2477428479099874625, -1.099999999999996758 ) ) ;
#5627 = ORIENTED_EDGE ( 'NONE', *, *, #3843, .T. ) ;
#5628 = CARTESIAN_POINT ( 'NONE',  ( 643.4658498263746651, 853.3533174354329276, 1288.394596721011794 ) ) ;
#5629 = DIRECTION ( 'NONE',  ( -0.7457612074416312131, -5.551115123125771855E-16, -0.6662133453145474560 ) ) ;
#5630 = DIRECTION ( 'NONE',  ( 0.9848077530122070211, -0.1736481776669358268, 0.000000000000000000 ) ) ;
#5631 = ORIENTED_EDGE ( 'NONE', *, *, #3968, .T. ) ;
#5632 = CONICAL_SURFACE ( 'NONE', #8250, 0.8000000000000047073, 0.7853981633974511656 ) ;
#5633 = LINE ( 'NONE', #5681, #3395 ) ;
#5634 = EDGE_CURVE ( 'NONE', #4446, #3599, #363, .T. ) ;
#5635 = ORIENTED_EDGE ( 'NONE', *, *, #6173, .F. ) ;
#5636 = CARTESIAN_POINT ( 'NONE',  ( -0.1318513288453074250, -0.2124034535541247104, -1.099999999999996758 ) ) ;
#5637 = DIRECTION ( 'NONE',  ( -0.000000000000000000, -1.000000000000000000, -0.000000000000000000 ) ) ;
#5638 = CARTESIAN_POINT ( 'NONE',  ( -10.75000000000003730, 44.00000000000001421, 6.999999999999999112 ) ) ;
#5639 = EDGE_LOOP ( 'NONE', ( #5627, #3826, #409, #2493, #5242 ) ) ;
#5640 = CARTESIAN_POINT ( 'NONE',  ( 0.000000000000000000, 0.000000000000000000, -11.59999999999999964 ) ) ;
#5641 = CLOSED_SHELL ( 'NONE', ( #305, #5379, #7622, #5436, #8421, #594, #3125, #109, #4351, #437, #1565, #5440, #6804, #2722, #7020, #3206, #6473, #4953, #2346, #4838, #7470, #5858, #6072, #3394, #262, #6702, #191, #7203, #750, #2026, #371, #6389, #4192, #2119, #1291 ) ) ;
#5642 = CARTESIAN_POINT ( 'NONE',  ( -51.00000000000002842, 37.69999999999999574, -8.000000000000000000 ) ) ;
#5643 = EDGE_CURVE ( 'NONE', #6234, #5741, #2454, .T. ) ;
#5644 = ORIENTED_EDGE ( 'NONE', *, *, #8581, .F. ) ;
#5645 = EDGE_LOOP ( 'NONE', ( #1830, #7248, #3652, #7233 ) ) ;
#5646 = CARTESIAN_POINT ( 'NONE',  ( 0.1485815127909249356, -0.3562853282981895964, -0.01929353751938284525 ) ) ;
#5647 = CARTESIAN_POINT ( 'NONE',  ( -0.2178001925595002275, 0.1228491913548013237, -1.099999999999996758 ) ) ;
#5648 = ADVANCED_FACE ( 'NONE', ( #5277 ), #8629, .T. ) ;
#5649 = VECTOR ( 'NONE', #8382, 1000.000000000000227 ) ;
#5650 = CARTESIAN_POINT ( 'NONE',  ( 0.5514955263826705201, -0.5027665893348503001, -0.07143181335563203449 ) ) ;
#5651 = DIRECTION ( 'NONE',  ( -0.2204660187209693811, 0.3108485172156698062, 0.9245366049725367574 ) ) ;
#5652 = ORIENTED_EDGE ( 'NONE', *, *, #3087, .T. ) ;
#5653 = FACE_BOUND ( 'NONE', #6848, .T. ) ;
#5654 = CARTESIAN_POINT ( 'NONE',  ( 0.7768562495811222046, -0.1548418141623503497, -0.08051921999200029045 ) ) ;
#5655 = CONICAL_SURFACE ( 'NONE', #1018, 2.092771362693152337, 0.08726646259972013764 ) ;
#5656 = PRODUCT_DEFINITION_SHAPE ( 'NONE', 'NONE',  #3958 ) ;
#5657 = CARTESIAN_POINT ( 'NONE',  ( 648.8782743290479402, 816.5772706171401296, 1305.272020133781325 ) ) ;
#5658 = DIRECTION ( 'NONE',  ( 1.000000000000000000, 0.000000000000000000, 0.000000000000000000 ) ) ;
#5659 = VERTEX_POINT ( 'NONE', #3768 ) ;
#5660 = CARTESIAN_POINT ( 'NONE',  ( 0.02249955031903561053, -0.2490262372640689170, -1.099999999999996758 ) ) ;
#5661 = CYLINDRICAL_SURFACE ( 'NONE', #1285, 4.735000000000098019 ) ;
#5662 = EDGE_CURVE ( 'NONE', #2457, #2769, #2484, .T. ) ;
#5663 = DIRECTION ( 'NONE',  ( -0.4999999999999998890, -0.8660254037844387076, 0.000000000000000000 ) ) ;
#5664 = VECTOR ( 'NONE', #3277, 1000.000000000000000 ) ;
#5665 = FACE_OUTER_BOUND ( 'NONE', #946, .T. ) ;
#5666 = DIRECTION ( 'NONE',  ( 1.000000000000000000, 0.000000000000000000, -0.000000000000000000 ) ) ;
#5667 = DIRECTION ( 'NONE',  ( -0.08481502208364286033, -0.05653362882484325169, -0.9947916167926054154 ) ) ;
#5668 = CIRCLE ( 'NONE', #2920, 4.999999999999997335 ) ;
#5669 = ORIENTED_EDGE ( 'NONE', *, *, #3651, .F. ) ;
#5670 = CARTESIAN_POINT ( 'NONE',  ( 650.2216858117918719, 779.7394283728082200, 1307.028934864160419 ) ) ;
#5671 = CARTESIAN_POINT ( 'NONE',  ( -0.4114445050661154069, 0.5031285783406871381, -0.05417551234822286926 ) ) ;
#5672 = PRESENTATION_STYLE_ASSIGNMENT (( #3753 ) ) ;
#5673 = ORIENTED_EDGE ( 'NONE', *, *, #3383, .F. ) ;
#5674 = CARTESIAN_POINT ( 'NONE',  ( 99.99999999999995737, 32.50000000000000000, 11.99999999999999645 ) ) ;
#5675 = DIRECTION ( 'NONE',  ( -0.08803429357919627385, 0.9376491420330592685, -0.3362499808158800896 ) ) ;
#5676 = DIRECTION ( 'NONE',  ( 0.08803429357919559384, -0.9376491420330599347, 0.3362499808158784242 ) ) ;
#5677 = EDGE_LOOP ( 'NONE', ( #2242, #3032, #7994, #2548 ) ) ;
#5678 = CARTESIAN_POINT ( 'NONE',  ( -0.8319063604773844212, -0.8618672604357724421, -0.1855944456733704673 ) ) ;
#5679 = ORIENTED_EDGE ( 'NONE', *, *, #7971, .T. ) ;
#5680 = APPLICATION_CONTEXT ( 'automotive_design' ) ;
#5681 = CARTESIAN_POINT ( 'NONE',  ( -48.00000000000004263, 37.69999999999999574, 28.50000000000001066 ) ) ;
#5682 = AXIS2_PLACEMENT_3D ( 'NONE', #362, #1782, #1827 ) ;
#5683 = EDGE_CURVE ( 'NONE', #6168, #5344, #7953, .T. ) ;
#5684 = ORIENTED_EDGE ( 'NONE', *, *, #8760, .F. ) ;
#5685 = CARTESIAN_POINT ( 'NONE',  ( -0.1253354148190236050, -0.2163262287920020288, -1.099999999999996758 ) ) ;
#5686 = CARTESIAN_POINT ( 'NONE',  ( 1.154700538379252350, 2.000000000000001776, 0.1199999999999951106 ) ) ;
#5687 = CARTESIAN_POINT ( 'NONE',  ( 0.1837800884150198044, -0.1696535721154718290, -1.099999999999996758 ) ) ;
#5688 = EDGE_LOOP ( 'NONE', ( #5896, #3860, #3085, #4659 ) ) ;
#5689 = CARTESIAN_POINT ( 'NONE',  ( -0.3732468309292289455, 0.2873470331764810815, -0.02855458994767218553 ) ) ;
#5690 = CARTESIAN_POINT ( 'NONE',  ( -0.2249545328356986063, -0.1091103562088080459, -1.099999999999996758 ) ) ;
#5691 = ORIENTED_EDGE ( 'NONE', *, *, #5239, .F. ) ;
#5692 = EDGE_CURVE ( 'NONE', #453, #8149, #1738, .T. ) ;
#5693 = VERTEX_POINT ( 'NONE', #1135 ) ;
#5694 = ADVANCED_FACE ( 'NONE', ( #266, #3044 ), #6547, .F. ) ;
#5695 = DIRECTION ( 'NONE',  ( 0.9848077530122070211, -0.1736481776669358268, 0.000000000000000000 ) ) ;
#5696 = B_SPLINE_CURVE_WITH_KNOTS ( 'NONE', 3,
 ( #961, #2326, #6367, #2023, #4369, #1553, #3732 ),
 .UNSPECIFIED., .F., .F.,
 ( 4, 3, 4 ),
 ( 0.0001294821963864420118, 0.0001504217483640370016, 0.0002589986393087260509 ),
 .UNSPECIFIED. ) ;
#5697 = DIRECTION ( 'NONE',  ( -0.6501551545066143190, -0.3098309877324747497, -0.6937600695551737751 ) ) ;
#5698 = B_SPLINE_SURFACE_WITH_KNOTS ( 'NONE', 3, 1, ( 
 ( #5460, #8226 ),
 ( #35, #5626 ),
 ( #6313, #2135 ),
 ( #6824, #3544 ),
 ( #4179, #1419 ),
 ( #7552, #8400 ),
 ( #2772, #8357 ),
 ( #688, #1459 ),
 ( #5544, #4910 ),
 ( #4093, #6950 ),
 ( #7508, #774 ),
 ( #5585, #7677 ),
 ( #6139, #4732 ),
 ( #2811, #598 ),
 ( #8272, #2094 ),
 ( #1282, #6866 ) ),
 .UNSPECIFIED., .F., .F., .F.,
 ( 4, 1, 1, 1, 2, 1, 1, 1, 1, 1, 1, 1, 4 ),
 ( 2, 2 ),
 ( 0.000000000000000000, 0.1981379646100794867, 0.3962759292201585293, 0.5944138938302380160, 0.7925518584403170586, 0.8184828761352780369, 0.8444138938302380160, 0.8703449115251979951, 0.8962759292201589734, 0.9222069469151189525, 0.9481379646100790426, 0.9740689823050390217, 1.000000000000000000 ),
 ( 0.006313184819171629297, 1.000000000000000000 ),
 .UNSPECIFIED. ) ;
#5699 = CARTESIAN_POINT ( 'NONE',  ( 0.7347883799812953143, 0.1557502960919240342, -0.07236281047658993382 ) ) ;
#5700 = ORIENTED_EDGE ( 'NONE', *, *, #516, .F. ) ;
#5701 = DIRECTION ( 'NONE',  ( 0.1610798504276586829, 0.3465180766744864749, 0.9241095737649392960 ) ) ;
#5702 = CARTESIAN_POINT ( 'NONE',  ( 0.6908223704818963196, -0.1566275145010078418, -0.06421357153785546557 ) ) ;
#5703 = CARTESIAN_POINT ( 'NONE',  ( 69.44841944302376646, -0.1683728883453866065, 7.996126462000169965 ) ) ;
#5704 = APPLICATION_PROTOCOL_DEFINITION ( 'draft international standard', 'automotive_design', 1998, #4287 ) ;
#5705 = ORIENTED_EDGE ( 'NONE', *, *, #8791, .T. ) ;
#5706 = CARTESIAN_POINT ( 'NONE',  ( -61.20236144145427204, -1.505287146606623772, 0.000000000000000000 ) ) ;
#5707 = AXIS2_PLACEMENT_3D ( 'NONE', #7369, #3281, #1327 ) ;
#5708 = EDGE_CURVE ( 'NONE', #4721, #6638, #4723, .T. ) ;
#5709 = PLANE ( 'NONE',  #1109 ) ;
#5710 = CARTESIAN_POINT ( 'NONE',  ( -1.198003443398244716, -0.004408623404741907059, -0.1855446138864791372 ) ) ;
#5711 = ORIENTED_EDGE ( 'NONE', *, *, #7924, .T. ) ;
#5712 = DIRECTION ( 'NONE',  ( -0.3779644730092273641, 0.6546536707079807504, -0.6546536707079734230 ) ) ;
#5713 = LINE ( 'NONE', #1583, #63 ) ;
#5714 = B_SPLINE_CURVE_WITH_KNOTS ( 'NONE', 3,
 ( #7036, #5988, #5847, #8663, #2180, #7723, #1677 ),
 .UNSPECIFIED., .F., .F.,
 ( 4, 1, 1, 1, 4 ),
 ( 0.000000000000000000, 0.2500000000000000000, 0.5000000000000000000, 0.7500000000000000000, 1.000000000000000000 ),
 .UNSPECIFIED. ) ;
#5715 = AXIS2_PLACEMENT_3D ( 'NONE', #1624, #7257, #5933 ) ;
#5716 = AXIS2_PLACEMENT_3D ( 'NONE', #3101, #8596, #1705 ) ;
#5717 = EDGE_CURVE ( 'NONE', #4547, #8695, #6001, .T. ) ;
#5718 = CARTESIAN_POINT ( 'NONE',  ( -0.2892666409873189126, -0.3949293560612771592, -0.03081179600336868968 ) ) ;
#5719 = ORIENTED_EDGE ( 'NONE', *, *, #5394, .T. ) ;
#5720 = CARTESIAN_POINT ( 'NONE',  ( -28.73285931129493420, 44.00000000000000711, -9.028120072495239512 ) ) ;
#5721 = CARTESIAN_POINT ( 'NONE',  ( -46.00000000000004263, 37.69999999999999574, -4.000000000000003553 ) ) ;
#5722 = AXIS2_PLACEMENT_3D ( 'NONE', #2486, #8565, #4528 ) ;
#5723 = ORIENTED_EDGE ( 'NONE', *, *, #3443, .F. ) ;
#5724 = FACE_OUTER_BOUND ( 'NONE', #4005, .T. ) ;
#5725 = EDGE_CURVE ( 'NONE', #2629, #7851, #5101, .T. ) ;
#5726 = AXIS2_PLACEMENT_3D ( 'NONE', #3503, #6868, #6232 ) ;
#5727 = DIRECTION ( 'NONE',  ( -0.6427876096865414723, -0.7660444431189762371, -0.000000000000000000 ) ) ;
#5728 = ORIENTED_EDGE ( 'NONE', *, *, #7959, .T. ) ;
#5729 = DIRECTION ( 'NONE',  ( 0.000000000000000000, 0.000000000000000000, 1.000000000000000000 ) ) ;
#5730 = ORIENTED_EDGE ( 'NONE', *, *, #2270, .T. ) ;
#5731 = EDGE_CURVE ( 'NONE', #196, #1703, #3229, .T. ) ;
#5732 = LINE ( 'NONE', #1508, #5421 ) ;
#5733 = VERTEX_POINT ( 'NONE', #5408 ) ;
#5734 = CARTESIAN_POINT ( 'NONE',  ( 0.000000000000000000, 0.000000000000000000, 0.000000000000000000 ) ) ;
#5735 = CARTESIAN_POINT ( 'NONE',  ( -0.1636149652514545805, 0.1891761046621948106, -1.099999999999996758 ) ) ;
#5736 = CARTESIAN_POINT ( 'NONE',  ( -76.44973805115233745, 25.14730477521020902, 3.250000000000002665 ) ) ;
#5737 = VERTEX_POINT ( 'NONE', #4770 ) ;
#5738 = VECTOR ( 'NONE', #1136, 1000.000000000000114 ) ;
#5739 = CARTESIAN_POINT ( 'NONE',  ( -0.1499964551164648108, 0.5803670807908029028, -5.595407092523485559E-05 ) ) ;
#5740 = DIRECTION ( 'NONE',  ( 0.08803429357919534404, -0.9376491420330603788, 0.3362499808158775916 ) ) ;
#5741 = VERTEX_POINT ( 'NONE', #6770 ) ;
#5742 = VERTEX_POINT ( 'NONE', #500 ) ;
#5743 = B_SPLINE_CURVE_WITH_KNOTS ( 'NONE', 3,
 ( #8672, #1128, #5135, #4447 ),
 .UNSPECIFIED., .F., .F.,
 ( 4, 4 ),
 ( 0.000000000000000000, 1.000000000000000000 ),
 .UNSPECIFIED. ) ;
#5744 = CARTESIAN_POINT ( 'NONE',  ( 0.2497184969373553165, 0.01452837954024621681, -1.099999999999996758 ) ) ;
#5745 = DIRECTION ( 'NONE',  ( -0.6501551545066105442, -0.3098309877324739170, -0.6937600695551775498 ) ) ;
#5746 = AXIS2_PLACEMENT_3D ( 'NONE', #3725, #5044, #5094 ) ;
#5747 = CARTESIAN_POINT ( 'NONE',  ( 0.7666485184189379964, 0.1550687777489579700, -0.07850248259632244818 ) ) ;
#5748 = ORIENTED_EDGE ( 'NONE', *, *, #7136, .F. ) ;
#5749 = CARTESIAN_POINT ( 'NONE',  ( 54.03290200691138523, -0.4496430414070579085, 6.999999999999999112 ) ) ;
#5750 = DIRECTION ( 'NONE',  ( -1.000000000000000000, -0.000000000000000000, 0.000000000000000000 ) ) ;
#5751 = FACE_OUTER_BOUND ( 'NONE', #3042, .T. ) ;
#5752 = EDGE_CURVE ( 'NONE', #3599, #6778, #1718, .T. ) ;
#5753 = SHAPE_DEFINITION_REPRESENTATION ( #1613, #74 ) ;
#5754 = ORIENTED_EDGE ( 'NONE', *, *, #934, .T. ) ;
#5755 = LINE ( 'NONE', #3072, #8520 ) ;
#5756 = CARTESIAN_POINT ( 'NONE',  ( 0.6989615982689686424, 0.7542537675472269498, -0.1320186572528894708 ) ) ;
#5757 = CARTESIAN_POINT ( 'NONE',  ( -8.000000000000028422, 61.00000000000000000, -3.999999999999996447 ) ) ;
#5758 = VERTEX_POINT ( 'NONE', #3408 ) ;
#5759 = CARTESIAN_POINT ( 'NONE',  ( -0.1732444538684180246, -0.1802397270410371899, -1.099999999999996758 ) ) ;
#5760 = CARTESIAN_POINT ( 'NONE',  ( -77.09503701474734783, -21.37887465312918067, 0.000000000000000000 ) ) ;
#5761 = VECTOR ( 'NONE', #3119, 1000.000000000000000 ) ;
#5762 = ORIENTED_EDGE ( 'NONE', *, *, #5157, .T. ) ;
#5763 = CARTESIAN_POINT ( 'NONE',  ( 0.9664416867032343816, 0.9910935486136668304, -0.005503671348411343089 ) ) ;
#5764 = B_SPLINE_CURVE_WITH_KNOTS ( 'NONE', 3,
 ( #8568, #4946, #7713, #2940, #2894, #5710, #8481, #7121, #6441, #2986 ),
 .UNSPECIFIED., .F., .F.,
 ( 4, 3, 3, 4 ),
 ( 9.486769009248159946E-19, 8.085797962725589010E-05, 0.0001617159510134064994, 0.0002784072271662324863 ),
 .UNSPECIFIED. ) ;
#5765 = VERTEX_POINT ( 'NONE', #2046 ) ;
#5766 = CARTESIAN_POINT ( 'NONE',  ( -0.5771739589224745837, -0.5341153654311220356, -0.07935066120121037070 ) ) ;
#5767 = B_SPLINE_CURVE_WITH_KNOTS ( 'NONE', 3,
 ( #1512, #4324, #3469, #8503, #5735, #7778, #7686 ),
 .UNSPECIFIED., .F., .F.,
 ( 4, 1, 1, 1, 4 ),
 ( 0.000000000000000000, 0.2500000000000000000, 0.5000000000000000000, 0.7500000000000000000, 1.000000000000000000 ),
 .UNSPECIFIED. ) ;
#5768 = ADVANCED_FACE ( 'NONE', ( #459 ), #1033, .F. ) ;
#5769 = AXIS2_PLACEMENT_3D ( 'NONE', #850, #7163, #939 ) ;
#5770 = PRESENTATION_STYLE_ASSIGNMENT (( #7132 ) ) ;
#5771 = ORIENTED_EDGE ( 'NONE', *, *, #5067, .T. ) ;
#5772 = CARTESIAN_POINT ( 'NONE',  ( 31.99999999999995737, 0.000000000000000000, 1.460000000000003073 ) ) ;
#5773 = DIRECTION ( 'NONE',  ( 0.000000000000000000, 0.000000000000000000, -1.000000000000000000 ) ) ;
#5774 = ORIENTED_EDGE ( 'NONE', *, *, #703, .T. ) ;
#5775 = DIRECTION ( 'NONE',  ( 0.08803429357919534404, -0.9376491420330603788, 0.3362499808158775916 ) ) ;
#5776 = ORIENTED_EDGE ( 'NONE', *, *, #1688, .F. ) ;
#5777 = B_SPLINE_CURVE_WITH_KNOTS ( 'NONE', 3,
 ( #3767, #3000, #265, #5861 ),
 .UNSPECIFIED., .F., .F.,
 ( 4, 4 ),
 ( 0.000000000000000000, 1.000000000000000000 ),
 .UNSPECIFIED. ) ;
#5778 = ORIENTED_EDGE ( 'NONE', *, *, #425, .T. ) ;
#5779 = FACE_OUTER_BOUND ( 'NONE', #5993, .T. ) ;
#5780 =( GEOMETRIC_REPRESENTATION_CONTEXT ( 3 ) GLOBAL_UNCERTAINTY_ASSIGNED_CONTEXT ( ( #5983 ) ) GLOBAL_UNIT_ASSIGNED_CONTEXT ( ( #5091, #3084, #3181 ) ) REPRESENTATION_CONTEXT ( 'NONE', 'WORKASPACE' ) );
#5781 = CARTESIAN_POINT ( 'NONE',  ( 0.1745362930464441908, -0.1789883408561676603, -1.099999999999996758 ) ) ;
#5782 = VERTEX_POINT ( 'NONE', #8179 ) ;
#5783 = EDGE_CURVE ( 'NONE', #620, #8453, #8944, .T. ) ;
#5784 = CARTESIAN_POINT ( 'NONE',  ( -0.1499941158109030503, 1.309319013277243648, -5.595407092523485559E-05 ) ) ;
#5785 = CARTESIAN_POINT ( 'NONE',  ( -0.9664416867031579983, -0.9910935486135280525, -0.005503671348411343089 ) ) ;
#5786 = EDGE_CURVE ( 'NONE', #8942, #4547, #2719, .T. ) ;
#5787 = VERTEX_POINT ( 'NONE', #4814 ) ;
#5788 = AXIS2_PLACEMENT_3D ( 'NONE', #6107, #3384, #8873 ) ;
#5789 = ORIENTED_EDGE ( 'NONE', *, *, #1098, .F. ) ;
#5790 = CARTESIAN_POINT ( 'NONE',  ( 0.2497184969373691943, -0.01452837954019070565, -1.099999999999996758 ) ) ;
#5791 = AXIS2_PLACEMENT_3D ( 'NONE', #3511, #2143, #4786 ) ;
#5792 = PLANE ( 'NONE',  #1484 ) ;
#5793 = VERTEX_POINT ( 'NONE', #6045 ) ;
#5794 = DIRECTION ( 'NONE',  ( -0.08803429357919508036, 0.9376491420330606008, -0.3362499808158768699 ) ) ;
#5795 = CARTESIAN_POINT ( 'NONE',  ( 651.0095474641658484, 784.2880802453124716, 1311.976293266620814 ) ) ;
#5796 = AXIS2_PLACEMENT_3D ( 'NONE', #816, #171, #6408 ) ;
#5797 = LINE ( 'NONE', #1765, #6290 ) ;
#5798 = EDGE_CURVE ( 'NONE', #2954, #8990, #3062, .T. ) ;
#5799 = DIRECTION ( 'NONE',  ( 0.08803429357919559384, -0.9376491420330599347, 0.3362499808158784242 ) ) ;
#5800 = DIRECTION ( 'NONE',  ( -0.7546841976764251392, 0.1575399805934446784, 0.6368931749454592728 ) ) ;
#5801 = LINE ( 'NONE', #2169, #7291 ) ;
#5802 = EDGE_LOOP ( 'NONE', ( #3174, #1189 ) ) ;
#5803 = DIRECTION ( 'NONE',  ( 0.7906026614797350138, -0.6123295123225398484, 0.000000000000000000 ) ) ;
#5804 = DIRECTION ( 'NONE',  ( -0.000000000000000000, -1.000000000000000000, -0.000000000000000000 ) ) ;
#5805 = EDGE_CURVE ( 'NONE', #6518, #868, #2594, .T. ) ;
#5806 = AXIS2_PLACEMENT_3D ( 'NONE', #2434, #7296, #5701 ) ;
#5807 = VERTEX_POINT ( 'NONE', #1958 ) ;
#5808 = DIRECTION ( 'NONE',  ( -0.08803429357919875797, 0.9376491420330641535, -0.3362499808158659342 ) ) ;
#5809 = ORIENTED_EDGE ( 'NONE', *, *, #311, .T. ) ;
#5810 = EDGE_CURVE ( 'NONE', #2096, #5129, #3497, .T. ) ;
#5811 = CARTESIAN_POINT ( 'NONE',  ( -0.3822432991149714576, -0.2981354626689895482, -0.02928441174427987362 ) ) ;
#5812 = EDGE_CURVE ( 'NONE', #2524, #4191, #8220, .T. ) ;
#5813 = AXIS2_PLACEMENT_3D ( 'NONE', #3844, #8609, #8706 ) ;
#5814 = B_SPLINE_CURVE_WITH_KNOTS ( 'NONE', 3,
 ( #7706, #4162, #758, #8976, #6895, #4247, #6935, #7019, #1529, #5654, #671, #2753, #5702, #800, #65, #2162, #3440, #4846, #8474, #2077, #6341, #5527 ),
 .UNSPECIFIED., .F., .F.,
 ( 4, 2, 2, 1, 1, 2, 2, 2, 1, 1, 2, 2, 4 ),
 ( 0.000000000000000000, 0.2500000000000046074, 0.3750000000000065503, 0.4375000000000073275, 0.4687500000000075495, 0.4843750000000076050, 0.5000000000000076605, 0.6250000000000062172, 0.6875000000000052180, 0.7187500000000045519, 0.7343750000000042188, 0.7500000000000037748, 1.000000000000000000 ),
 .UNSPECIFIED. ) ;
#5815 = SURFACE_STYLE_FILL_AREA ( #3041 ) ;
#5816 = B_SPLINE_SURFACE_WITH_KNOTS ( 'NONE', 3, 1, ( 
 ( #5763, #3675 ),
 ( #7672, #1495 ),
 ( #6987, #8440 ),
 ( #6448, #78 ),
 ( #6265, #768 ),
 ( #857, #214 ),
 ( #2851, #6404 ) ),
 .UNSPECIFIED., .F., .F., .F.,
 ( 4, 1, 1, 1, 4 ),
 ( 2, 2 ),
 ( 0.000000000000000000, 0.2500000000000000000, 0.5000000000000000000, 0.7500000000000000000, 1.000000000000000000 ),
 ( 0.005003337589464910105, 1.000000000000000000 ),
 .UNSPECIFIED. ) ;
#5817 = ORIENTED_EDGE ( 'NONE', *, *, #3315, .F. ) ;
#5818 = CARTESIAN_POINT ( 'NONE',  ( 644.5830440328846862, 852.7364676137256083, 1287.430044667061111 ) ) ;
#5819 = DIRECTION ( 'NONE',  ( 0.000000000000000000, 0.000000000000000000, 1.000000000000000000 ) ) ;
#5820 = ORIENTED_EDGE ( 'NONE', *, *, #3233, .T. ) ;
#5821 = CARTESIAN_POINT ( 'NONE',  ( 66.50201929804504175, -2.639792811676672457, 0.000000000000000000 ) ) ;
#5822 = ORIENTED_EDGE ( 'NONE', *, *, #4982, .T. ) ;
#5823 = DIRECTION ( 'NONE',  ( 0.000000000000000000, 0.000000000000000000, 1.000000000000000000 ) ) ;
#5824 = VECTOR ( 'NONE', #2764, 1000.000000000000114 ) ;
#5825 = DIRECTION ( 'NONE',  ( 1.373830901348303425E-16, 0.7071067811865489050, 0.7071067811865461294 ) ) ;
#5826 = VERTEX_POINT ( 'NONE', #593 ) ;
#5827 = LINE ( 'NONE', #8547, #5603 ) ;
#5828 = CARTESIAN_POINT ( 'NONE',  ( -46.04645567546446472, 42.69978418236399165, 3.999999999999996447 ) ) ;
#5829 = VERTEX_POINT ( 'NONE', #5326 ) ;
#5830 = CARTESIAN_POINT ( 'NONE',  ( -0.1207527918033676761, 0.2189242003604457976, -1.099999999999996758 ) ) ;
#5831 = DIRECTION ( 'NONE',  ( -0.000000000000000000, 1.734723475976807094E-16, 1.000000000000000000 ) ) ;
#5832 = ORIENTED_EDGE ( 'NONE', *, *, #8947, .T. ) ;
#5833 = ORIENTED_EDGE ( 'NONE', *, *, #3780, .F. ) ;
#5834 = ADVANCED_FACE ( 'NONE', ( #6133 ), #2680, .F. ) ;
#5835 = FACE_OUTER_BOUND ( 'NONE', #2358, .T. ) ;
#5836 = CIRCLE ( 'NONE', #757, 4.758500000000106311 ) ;
#5837 = LINE ( 'NONE', #8602, #6356 ) ;
#5838 = ADVANCED_BREP_SHAPE_REPRESENTATION ( '', ( #1330, #4639 ), #4054 ) ;
#5839 = CARTESIAN_POINT ( 'NONE',  ( -0.1018936698160069487, 0.2283036096132479154, -1.099999999999996758 ) ) ;
#5840 = ORIENTED_EDGE ( 'NONE', *, *, #5980, .F. ) ;
#5841 = CARTESIAN_POINT ( 'NONE',  ( -0.2055940580920553873, 0.1423034473983786352, -1.099999999999996758 ) ) ;
#5842 = PRODUCT_RELATED_PRODUCT_CATEGORY ( 'part', '', ( #5092 ) ) ;
#5843 = CARTESIAN_POINT ( 'NONE',  ( -0.6001394430944911873, 0.1607247088691310388, -0.007003500707411514092 ) ) ;
#5844 = DIRECTION ( 'NONE',  ( -1.000000000000000000, 8.673617379884040402E-17, -0.000000000000000000 ) ) ;
#5845 = PLANE ( 'NONE',  #3819 ) ;
#5846 = DIRECTION ( 'NONE',  ( 0.7906026614797350138, -0.6123295123225398484, 0.000000000000000000 ) ) ;
#5847 = CARTESIAN_POINT ( 'NONE',  ( 0.2497184969373691943, -0.01452837954019070565, -1.099999999999996758 ) ) ;
#5848 = CARTESIAN_POINT ( 'NONE',  ( -19.50000000000003197, 32.50000000000000000, -9.999999999999994671 ) ) ;
#5849 = VERTEX_POINT ( 'NONE', #3999 ) ;
#5850 = LINE ( 'NONE', #210, #2631 ) ;
#5851 = CARTESIAN_POINT ( 'NONE',  ( -1.917521828616347568, 4.006969513798072313, 0.000000000000000000 ) ) ;
#5852 = ADVANCED_FACE ( 'NONE', ( #6088 ), #2636, .T. ) ;
#5853 = ORIENTED_EDGE ( 'NONE', *, *, #5708, .F. ) ;
#5854 = AXIS2_PLACEMENT_3D ( 'NONE', #7437, #3979, #6750 ) ;
#5855 = DIRECTION ( 'NONE',  ( -0.9831174577638043255, 0.1244294391572492164, 0.1341543100725691717 ) ) ;
#5856 = VERTEX_POINT ( 'NONE', #6860 ) ;
#5857 = DIRECTION ( 'NONE',  ( 0.6235955787237438264, 0.7431722712698822786, 0.2425356250363304988 ) ) ;
#5858 = ADVANCED_FACE ( 'NONE', ( #165 ), #4213, .T. ) ;
#5859 = FACE_OUTER_BOUND ( 'NONE', #823, .T. ) ;
#5860 = EDGE_LOOP ( 'NONE', ( #685, #8073, #5237, #1509, #8737, #3607, #1306, #4661, #3524, #6563 ) ) ;
#5861 = CARTESIAN_POINT ( 'NONE',  ( 649.3214381976847562, 825.8502709083516038, 1290.655336875641069 ) ) ;
#5862 = CARTESIAN_POINT ( 'NONE',  ( -46.04645567546446472, 42.69978418236399165, 16.00000000000000000 ) ) ;
#5863 = ORIENTED_EDGE ( 'NONE', *, *, #8466, .T. ) ;
#5864 = CARTESIAN_POINT ( 'NONE',  ( -0.8345832224706389857, -0.8592898288773131998, -0.1855975253287969751 ) ) ;
#5865 = VECTOR ( 'NONE', #8989, 1000.000000000000000 ) ;
#5866 = ORIENTED_EDGE ( 'NONE', *, *, #606, .T. ) ;
#5867 = DIRECTION ( 'NONE',  ( 0.000000000000000000, 0.000000000000000000, 1.000000000000000000 ) ) ;
#5868 = LINE ( 'NONE', #1140, #1362 ) ;
#5869 = ORIENTED_EDGE ( 'NONE', *, *, #2593, .T. ) ;
#5871 = CIRCLE ( 'NONE', #199, 8.000000000000000000 ) ;
#5870 = CARTESIAN_POINT ( 'NONE',  ( 0.000000000000000000, 0.000000000000000000, 0.000000000000000000 ) ) ;
#5872 = AXIS2_PLACEMENT_3D ( 'NONE', #4557, #6605, #3148 ) ;
#5873 = DIRECTION ( 'NONE',  ( 0.000000000000000000, 0.000000000000000000, -1.000000000000000000 ) ) ;
#5874 = CARTESIAN_POINT ( 'NONE',  ( -42.64668146724019948, 20.60851112569134358, 0.000000000000000000 ) ) ;
#5875 = ORIENTED_EDGE ( 'NONE', *, *, #4920, .F. ) ;
#5876 = EDGE_CURVE ( 'NONE', #6299, #2109, #8393, .T. ) ;
#5877 = CARTESIAN_POINT ( 'NONE',  ( -0.1705593585361250830, 0.3119562969153416576, -5.595407092523485559E-05 ) ) ;
#5878 = CARTESIAN_POINT ( 'NONE',  ( 0.8337372251599264317, 0.8601347094740197097, -0.1856031583492151471 ) ) ;
#5879 = VERTEX_POINT ( 'NONE', #7631 ) ;
#5880 = ORIENTED_EDGE ( 'NONE', *, *, #883, .F. ) ;
#5881 = CARTESIAN_POINT ( 'NONE',  ( -1.085418506076476941, -1.880000000000103810, 0.000000000000000000 ) ) ;
#5882 = ADVANCED_FACE ( 'NONE', ( #6262 ), #6222, .F. ) ;
#5883 = CARTESIAN_POINT ( 'NONE',  ( -0.09981119836033336412, 0.2292131310710904257, -1.099999999999996758 ) ) ;
#5884 = ORIENTED_EDGE ( 'NONE', *, *, #5120, .F. ) ;
#5885 = CARTESIAN_POINT ( 'NONE',  ( -0.5195060326066427425, -0.1589431722040616224, -0.03792402862013057041 ) ) ;
#5886 = AXIS2_PLACEMENT_3D ( 'NONE', #3975, #2184, #6745 ) ;
#5887 = CARTESIAN_POINT ( 'NONE',  ( -40.00000000000003553, 43.15386068643125128, 4.000000000000003553 ) ) ;
#5888 = UNCERTAINTY_MEASURE_WITH_UNIT (LENGTH_MEASURE( 1.000000000000000082E-05 ), #964, 'distance_accuracy_value', 'NONE');
#5889 = B_SPLINE_SURFACE_WITH_KNOTS ( 'NONE', 3, 1, ( 
 ( #5785, #8551 ),
 ( #6080, #4119 ),
 ( #7492, #6037 ),
 ( #8087, #1217 ),
 ( #3399, #3988 ),
 ( #2585, #7534 ),
 ( #449, #5484 ) ),
 .UNSPECIFIED., .F., .F., .F.,
 ( 4, 1, 1, 1, 4 ),
 ( 2, 2 ),
 ( 0.000000000000000000, 0.2500000000000000000, 0.5000000000000000000, 0.7500000000000000000, 1.000000000000000000 ),
 ( 0.005003337589464930055, 1.000000000000000000 ),
 .UNSPECIFIED. ) ;
#5890 = DIRECTION ( 'NONE',  ( 0.000000000000000000, 0.000000000000000000, 1.000000000000000000 ) ) ;
#5891 = CIRCLE ( 'NONE', #4882, 39.99999999999995026 ) ;
#5892 = CARTESIAN_POINT ( 'NONE',  ( -0.3003672735761228618, 0.2002104289820644256, -0.01690487344975510897 ) ) ;
#5893 = CARTESIAN_POINT ( 'NONE',  ( 0.3980640444370648345, 0.4913361850500308492, -0.05116557227287882315 ) ) ;
#5894 = CARTESIAN_POINT ( 'NONE',  ( 2.568356806149768685E-16, 1.100000000000006306, -1.599999999999998312 ) ) ;
#5895 = LINE ( 'NONE', #3215, #3509 ) ;
#5896 = ORIENTED_EDGE ( 'NONE', *, *, #7159, .T. ) ;
#5897 = PLANE ( 'NONE',  #5249 ) ;
#5898 = ADVANCED_FACE ( 'NONE', ( #5665 ), #301, .T. ) ;
#5899 = CARTESIAN_POINT ( 'NONE',  ( -0.1433495234901979443, -0.8135882404403543822, -0.08756475520965568970 ) ) ;
#5900 = ORIENTED_EDGE ( 'NONE', *, *, #5141, .F. ) ;
#5901 = LINE ( 'NONE', #5227, #8322 ) ;
#5902 = EDGE_LOOP ( 'NONE', ( #5143, #4914, #6201, #5778 ) ) ;
#5903 = CARTESIAN_POINT ( 'NONE',  ( -0.7751541619681459050, 0.1548799145081705131, -0.08017913447820508577 ) ) ;
#5904 = ORIENTED_EDGE ( 'NONE', *, *, #1310, .F. ) ;
#5905 = DIRECTION ( 'NONE',  ( 0.000000000000000000, -0.000000000000000000, -1.000000000000000000 ) ) ;
#5906 = CARTESIAN_POINT ( 'NONE',  ( -42.64668146724019948, 20.60851112569134358, 1.000000000000000888 ) ) ;
#5907 = ORIENTED_EDGE ( 'NONE', *, *, #2386, .T. ) ;
#5908 = CARTESIAN_POINT ( 'NONE',  ( 651.6257875192196707, 777.7245362510817586, 1314.330043132330502 ) ) ;
#5909 = AXIS2_PLACEMENT_3D ( 'NONE', #7636, #3214, #4264 ) ;
#5910 = VERTEX_POINT ( 'NONE', #4991 ) ;
#5911 = CARTESIAN_POINT ( 'NONE',  ( -54.70522151952335577, -17.09815470596434750, 8.000000000000000000 ) ) ;
#5912 = LINE ( 'NONE', #6729, #183 ) ;
#5913 = CARTESIAN_POINT ( 'NONE',  ( -51.70522151952335577, -17.09815470596434750, 0.000000000000000000 ) ) ;
#5914 = VECTOR ( 'NONE', #4326, 1000.000000000000000 ) ;
#5915 = DIRECTION ( 'NONE',  ( 1.000000000000000000, 0.000000000000000000, -0.000000000000000000 ) ) ;
#5916 = CARTESIAN_POINT ( 'NONE',  ( -10.47500000000001741, 59.00000000000000000, -3.999999999999996447 ) ) ;
#5917 = ORIENTED_EDGE ( 'NONE', *, *, #2948, .F. ) ;
#5918 = LINE ( 'NONE', #6514, #2156 ) ;
#5919 = CARTESIAN_POINT ( 'NONE',  ( 655.8857111229650627, 786.6118126533061741, 1317.179493788280297 ) ) ;
#5920 = ORIENTED_EDGE ( 'NONE', *, *, #1817, .T. ) ;
#5921 = EDGE_LOOP ( 'NONE', ( #4603, #8343 ) ) ;
#5922 = EDGE_CURVE ( 'NONE', #2446, #8294, #6552, .T. ) ;
#5923 = CARTESIAN_POINT ( 'NONE',  ( 649.4769209396567931, 825.2242841806256592, 1290.356024645840762 ) ) ;
#5924 = CARTESIAN_POINT ( 'NONE',  ( -42.00000000000003553, 37.69999999999999574, 28.50000000000001066 ) ) ;
#5925 = AXIS2_PLACEMENT_3D ( 'NONE', #8919, #2695, #1886 ) ;
#5926 = PRESENTATION_STYLE_ASSIGNMENT (( #7205 ) ) ;
#5927 = CARTESIAN_POINT ( 'NONE',  ( -0.08031120315046824665, 0.2369572611375103666, -1.099999999999996758 ) ) ;
#5928 = VERTEX_POINT ( 'NONE', #2170 ) ;
#5929 = CARTESIAN_POINT ( 'NONE',  ( 0.9157647040538008376, 0.9391239044456989316, -0.07554460927052669694 ) ) ;
#5930 = AXIS2_PLACEMENT_3D ( 'NONE', #832, #7605, #48 ) ;
#5931 = LINE ( 'NONE', #6433, #7266 ) ;
#5932 = EDGE_CURVE ( 'NONE', #1863, #6555, #4948, .T. ) ;
#5933 = DIRECTION ( 'NONE',  ( -0.7660444431189750158, 0.6427876096865430267, 0.000000000000000000 ) ) ;
#5934 = CONTEXT_DEPENDENT_SHAPE_REPRESENTATION ( #8132, #218 ) ;
#5935 = FACE_OUTER_BOUND ( 'NONE', #4997, .T. ) ;
#5936 = CARTESIAN_POINT ( 'NONE',  ( 0.2080235751308404102, -0.1386585453183181160, -1.099999999999996758 ) ) ;
#5937 = DIRECTION ( 'NONE',  ( 0.08803429357919534404, -0.9376491420330603788, 0.3362499808158775916 ) ) ;
#5938 = DIRECTION ( 'NONE',  ( 0.08803429357919297094, -0.9376491420330588245, 0.3362499808158819214 ) ) ;
#5939 = VECTOR ( 'NONE', #963, 1000.000000000000000 ) ;
#5940 = FACE_OUTER_BOUND ( 'NONE', #3694, .T. ) ;
#5941 = CARTESIAN_POINT ( 'NONE',  ( -0.1519345393404720745, -0.3303914579840883103, -0.01713914532668042723 ) ) ;
#5942 = AXIS2_PLACEMENT_3D ( 'NONE', #5721, #7766, #7592 ) ;
#5943 = AXIS2_PLACEMENT_3D ( 'NONE', #4296, #2123, #1487 ) ;
#5944 = ORIENTED_EDGE ( 'NONE', *, *, #3103, .T. ) ;
#5945 = ADVANCED_FACE ( 'NONE', ( #7029 ), #6984, .F. ) ;
#5946 = CARTESIAN_POINT ( 'NONE',  ( 644.5743322418867365, 852.8292564920473069, 1287.396769684811034 ) ) ;
#5947 = ORIENTED_EDGE ( 'NONE', *, *, #7834, .T. ) ;
#5948 = FACE_OUTER_BOUND ( 'NONE', #642, .T. ) ;
#5949 = LINE ( 'NONE', #7227, #6069 ) ;
#5950 = DIRECTION ( 'NONE',  ( 1.000000000000000000, -1.020425574104004122E-16, -0.000000000000000000 ) ) ;
#5951 = VERTEX_POINT ( 'NONE', #3450 ) ;
#5952 = LINE ( 'NONE', #5324, #4529 ) ;
#5953 = CIRCLE ( 'NONE', #7982, 4.449999999999953104 ) ;
#5954 = CARTESIAN_POINT ( 'NONE',  ( -56.07101043356156822, -21.90800092411833333, 8.000000000000000000 ) ) ;
#5955 = ORIENTED_EDGE ( 'NONE', *, *, #7428, .F. ) ;
#5956 = CARTESIAN_POINT ( 'NONE',  ( -55.77868286791937180, 4.024966982363320511, 3.499999999999989342 ) ) ;
#5957 = VERTEX_POINT ( 'NONE', #6348 ) ;
#5958 = DIRECTION ( 'NONE',  ( 1.000000000000000000, -0.000000000000000000, -0.000000000000000000 ) ) ;
#5959 = DIRECTION ( 'NONE',  ( 1.110223024625150008E-16, 1.000000000000000000, 4.006689065479319709E-18 ) ) ;
#5960 = VECTOR ( 'NONE', #1361, 1000.000000000000000 ) ;
#5961 = VECTOR ( 'NONE', #3606, 999.9999999999998863 ) ;
#5962 = EDGE_LOOP ( 'NONE', ( #7556, #6417, #7493, #6845 ) ) ;
#5963 = DIRECTION ( 'NONE',  ( 0.6427876096865423605, 0.7660444431189754599, 0.000000000000000000 ) ) ;
#5964 = CARTESIAN_POINT ( 'NONE',  ( -0.2550229861376096530, 0.3652138575122310105, -0.005503671348411343089 ) ) ;
#5965 = EDGE_LOOP ( 'NONE', ( #2319, #3815, #3996, #3771 ) ) ;
#5966 = DIRECTION ( 'NONE',  ( 0.6123724356957944703, -0.3535533905932742860, 0.7071067811865474617 ) ) ;
#5967 = DIRECTION ( 'NONE',  ( 0.000000000000000000, 1.000000000000000000, -2.891205793294675861E-16 ) ) ;
#5968 = ORIENTED_EDGE ( 'NONE', *, *, #6005, .F. ) ;
#5969 = AXIS2_PLACEMENT_3D ( 'NONE', #6166, #5313, #4072 ) ;
#5970 = ORIENTED_EDGE ( 'NONE', *, *, #5995, .T. ) ;
#5971 = EDGE_CURVE ( 'NONE', #1193, #1863, #7759, .T. ) ;
#5972 = LINE ( 'NONE', #6020, #128 ) ;
#5973 = CARTESIAN_POINT ( 'NONE',  ( -0.3380861960194034288, -0.1602144689938911348, -0.01813853945091536968 ) ) ;
#5974 = ADVANCED_FACE ( 'NONE', ( #808 ), #2338, .T. ) ;
#5975 = LINE ( 'NONE', #5381, #6655 ) ;
#5976 = CARTESIAN_POINT ( 'NONE',  ( 1.154700538379252350, 2.000000000000001776, 1.480000000000002203 ) ) ;
#5977 = VECTOR ( 'NONE', #7986, 1000.000000000000227 ) ;
#5978 = EDGE_LOOP ( 'NONE', ( #5557, #5036, #7, #1840 ) ) ;
#5979 = DIRECTION ( 'NONE',  ( -0.1610798504276154675, -0.3465180766742059770, -0.9241095737650520947 ) ) ;
#5980 = EDGE_CURVE ( 'NONE', #4730, #5910, #6905, .T. ) ;
#5981 = B_SPLINE_CURVE_WITH_KNOTS ( 'NONE', 3,
 ( #3425, #2530, #1855, #6195 ),
 .UNSPECIFIED., .F., .F.,
 ( 4, 4 ),
 ( 0.000000000000000000, 1.000000000000000000 ),
 .UNSPECIFIED. ) ;
#5982 = DIRECTION ( 'NONE',  ( -1.000000000000000000, 0.000000000000000000, 0.000000000000000000 ) ) ;
#5983 = UNCERTAINTY_MEASURE_WITH_UNIT (LENGTH_MEASURE( 1.000000000000000082E-05 ), #5091, 'distance_accuracy_value', 'NONE');
#5984 = DIRECTION ( 'NONE',  ( -0.000000000000000000, -1.000000000000000000, -0.000000000000000000 ) ) ;
#5985 = VECTOR ( 'NONE', #5177, 1000.000000000000000 ) ;
#5986 = CARTESIAN_POINT ( 'NONE',  ( -0.3003969937440675864, 0.1969918972189593775, -0.01674248924559557095 ) ) ;
#5987 = ORIENTED_EDGE ( 'NONE', *, *, #1243, .F. ) ;
#5988 = CARTESIAN_POINT ( 'NONE',  ( 0.2488749066003881349, -0.02418126363622208341, -1.099999999999996758 ) ) ;
#5989 = CARTESIAN_POINT ( 'NONE',  ( -0.2483133094921124995, -0.02899138370389409136, -1.099999999999996758 ) ) ;
#5990 = LINE ( 'NONE', #1260, #3641 ) ;
#5991 = CARTESIAN_POINT ( 'NONE',  ( -0.1485256213327763308, -0.4370642968282038021, -0.02746302993780225243 ) ) ;
#5992 = CARTESIAN_POINT ( 'NONE',  ( 647.5048836984146874, 812.4394245202698812, 1297.215685492381454 ) ) ;
#5993 = EDGE_LOOP ( 'NONE', ( #2999, #6065, #179, #5822 ) ) ;
#5994 = CARTESIAN_POINT ( 'NONE',  ( 0.1318513288453351806, -0.2124034535540830770, -1.099999999999996758 ) ) ;
#5995 = EDGE_CURVE ( 'NONE', #3727, #1936, #4520, .T. ) ;
#5996 = ORIENTED_EDGE ( 'NONE', *, *, #6760, .T. ) ;
#5997 = CARTESIAN_POINT ( 'NONE',  ( -10.75000000000003730, 32.50000000000000000, 6.999999999999999112 ) ) ;
#5998 = DIRECTION ( 'NONE',  ( 0.08803429357919559384, -0.9376491420330599347, 0.3362499808158784242 ) ) ;
#5999 = ORIENTED_EDGE ( 'NONE', *, *, #2227, .F. ) ;
#6000 = DIRECTION ( 'NONE',  ( 0.08803429357919548282, -0.9376491420330601567, 0.3362499808158780912 ) ) ;
#6001 = LINE ( 'NONE', #7412, #1910 ) ;
#6002 = CARTESIAN_POINT ( 'NONE',  ( 0.1738917329749400942, 0.1796154368899072207, -1.099999999999996758 ) ) ;
#6003 = ORIENTED_EDGE ( 'NONE', *, *, #2597, .T. ) ;
#6004 = CARTESIAN_POINT ( 'NONE',  ( 0.1459105242479477593, -0.6670057316564137473, -0.05972107100490271075 ) ) ;
#6005 = EDGE_CURVE ( 'NONE', #5693, #8120, #3362, .T. ) ;
#6006 = CIRCLE ( 'NONE', #6875, 3.000000000000002665 ) ;
#6007 = DIRECTION ( 'NONE',  ( 0.08803429357919559384, -0.9376491420330599347, 0.3362499808158784242 ) ) ;
#6008 = ORIENTED_EDGE ( 'NONE', *, *, #5717, .F. ) ;
#6009 = FILL_AREA_STYLE_COLOUR ( '', #7402 ) ;
#6010 = CARTESIAN_POINT ( 'NONE',  ( -0.7672178962426223769, 0.8254409716067778735, -0.005503671348411343089 ) ) ;
#6011 = AXIS2_PLACEMENT_3D ( 'NONE', #4808, #5357, #1177 ) ;
#6012 = ORIENTED_EDGE ( 'NONE', *, *, #3334, .T. ) ;
#6013 = DIRECTION ( 'NONE',  ( -0.5000000000000005551, -0.8660254037844382635, 0.000000000000000000 ) ) ;
#6014 = CARTESIAN_POINT ( 'NONE',  ( -2.000000000000029310, 44.00000000000000000, 12.00000000000001066 ) ) ;
#6015 = EDGE_CURVE ( 'NONE', #2769, #5879, #2491, .T. ) ;
#6016 = EDGE_LOOP ( 'NONE', ( #5136, #4184, #7785, #6578 ) ) ;
#6017 = EDGE_CURVE ( 'NONE', #5856, #1415, #7124, .T. ) ;
#6018 = AXIS2_PLACEMENT_3D ( 'NONE', #665, #1303, #1854 ) ;
#6019 = VECTOR ( 'NONE', #5819, 1000.000000000000000 ) ;
#6020 = CARTESIAN_POINT ( 'NONE',  ( 644.9203750550369705, 826.4223029724588514, 1302.845106668161179 ) ) ;
#6021 = CARTESIAN_POINT ( 'NONE',  ( -0.6001394390597949435, -0.1607247080644552684, -0.007003512763968655630 ) ) ;
#6022 = CARTESIAN_POINT ( 'NONE',  ( 99.99999999999995737, 52.99999999999999289, -3.999999999999996447 ) ) ;
#6023 = CIRCLE ( 'NONE', #3265, 49.99999999999994316 ) ;
#6024 = CARTESIAN_POINT ( 'NONE',  ( -0.06371178680802946914, 0.2419577080547130610, -1.099999999999996758 ) ) ;
#6025 = VECTOR ( 'NONE', #3964, 1000.000000000000227 ) ;
#6026 = ORIENTED_EDGE ( 'NONE', *, *, #3443, .T. ) ;
#6027 = PLANE ( 'NONE',  #8270 ) ;
#6028 = DIRECTION ( 'NONE',  ( 0.000000000000000000, -0.000000000000000000, 1.000000000000000000 ) ) ;
#6029 = AXIS2_PLACEMENT_3D ( 'NONE', #5908, #8180, #8728 ) ;
#6030 = CARTESIAN_POINT ( 'NONE',  ( -0.2550229851528418301, -0.3652138562332957195, -0.005503680371533870019 ) ) ;
#6031 = ORIENTED_EDGE ( 'NONE', *, *, #1054, .F. ) ;
#6032 = CARTESIAN_POINT ( 'NONE',  ( -0.1615731425277100453, -0.2602832582350167456, -0.5500000000000018208 ) ) ;
#6033 = CARTESIAN_POINT ( 'NONE',  ( -46.00000000000002842, 32.69999999999999574, -7.999999999999992895 ) ) ;
#6034 = VECTOR ( 'NONE', #8584, 1000.000000000000000 ) ;
#6035 = DIRECTION ( 'NONE',  ( -0.4316652802281492618, 0.9020338606978972606, 0.000000000000000000 ) ) ;
#6036 = CARTESIAN_POINT ( 'NONE',  ( -0.1482136023514908085, -0.4742643627120964323, -0.03174305410541167910 ) ) ;
#6037 = CARTESIAN_POINT ( 'NONE',  ( -0.1837800884150198044, -0.1696535721154995846, -1.099999999999996758 ) ) ;
#6038 = VERTEX_POINT ( 'NONE', #5083 ) ;
#6039 = EDGE_CURVE ( 'NONE', #7679, #5048, #2913, .T. ) ;
#6040 = CARTESIAN_POINT ( 'NONE',  ( 0.1584250957134061832, -0.3244947607346504448, -5.595407092523485559E-05 ) ) ;
#6041 = ORIENTED_EDGE ( 'NONE', *, *, #2314, .F. ) ;
#6042 = DIRECTION ( 'NONE',  ( 1.000000000000000000, 0.000000000000000000, 0.000000000000000000 ) ) ;
#6043 = ORIENTED_EDGE ( 'NONE', *, *, #4470, .F. ) ;
#6044 = PLANE ( 'NONE',  #8743 ) ;
#6045 = CARTESIAN_POINT ( 'NONE',  ( -57.85574731217379707, -22.76208077456168155, 0.000000000000000000 ) ) ;
#6046 = CARTESIAN_POINT ( 'NONE',  ( -40.00000000000003553, 32.65471698113206855, 4.000000000000003553 ) ) ;
#6047 = B_SPLINE_CURVE_WITH_KNOTS ( 'NONE', 3,
 ( #4219, #8397, #4906, #6908, #4995, #643, #3413, #8991, #6948, #7720 ),
 .UNSPECIFIED., .F., .F.,
 ( 4, 3, 3, 4 ),
 ( 5.421010862427519763E-20, 8.085797962725620180E-05, 0.0001617159510134069873, 0.0002784072271662330284 ),
 .UNSPECIFIED. ) ;
#6048 = CARTESIAN_POINT ( 'NONE',  ( 0.3156746041269448133, 0.1686110475078300697, -0.01661801707954213558 ) ) ;
#6049 = AXIS2_PLACEMENT_3D ( 'NONE', #657, #5217, #8078 ) ;
#6050 = CARTESIAN_POINT ( 'NONE',  ( 647.4249786759255585, 822.4671546968691018, 1298.284910769251837 ) ) ;
#6051 = EDGE_CURVE ( 'NONE', #2311, #3784, #5850, .T. ) ;
#6052 = ORIENTED_EDGE ( 'NONE', *, *, #7486, .T. ) ;
#6053 = CARTESIAN_POINT ( 'NONE',  ( 640.1809240375627041, 826.1333602488907673, 1295.324830626990888 ) ) ;
#6054 = CARTESIAN_POINT ( 'NONE',  ( 1.373412796485021126, -0.1603503954264173803, -0.007003500707418452986 ) ) ;
#6055 = ORIENTED_EDGE ( 'NONE', *, *, #5783, .T. ) ;
#6056 = DIRECTION ( 'NONE',  ( -0.9714137623810663591, -0.1555226214723407496, -0.1793544436779650475 ) ) ;
#6057 = PLANE ( 'NONE',  #793 ) ;
#6058 = ORIENTED_EDGE ( 'NONE', *, *, #6864, .T. ) ;
#6059 = VECTOR ( 'NONE', #645, 1000.000000000000114 ) ;
#6060 = CARTESIAN_POINT ( 'NONE',  ( 644.5830440328796840, 852.7364676137267452, 1287.430044667061338 ) ) ;
#6061 = EDGE_CURVE ( 'NONE', #366, #1259, #7803, .T. ) ;
#6062 = EDGE_CURVE ( 'NONE', #7223, #629, #6623, .T. ) ;
#6063 = CARTESIAN_POINT ( 'NONE',  ( -77.40472945038018793, -22.02342454448888276, 0.000000000000000000 ) ) ;
#6064 = CYLINDRICAL_SURFACE ( 'NONE', #853, 6.499999999999999112 ) ;
#6065 = ORIENTED_EDGE ( 'NONE', *, *, #7781, .T. ) ;
#6066 = FACE_OUTER_BOUND ( 'NONE', #6242, .T. ) ;
#6067 = ORIENTED_EDGE ( 'NONE', *, *, #5121, .F. ) ;
#6068 = CARTESIAN_POINT ( 'NONE',  ( 647.3149358089524412, 823.6392161244104955, 1297.864598293230529 ) ) ;
#6069 = VECTOR ( 'NONE', #3678, 1000.000000000000000 ) ;
#6070 = CARTESIAN_POINT ( 'NONE',  ( -2.000000000000029310, 44.00000000000000000, -229.4623459811442387 ) ) ;
#6071 = CARTESIAN_POINT ( 'NONE',  ( 69.35035320921204516, -0.5611851037494314243, 4.749999999999997335 ) ) ;
#6072 = ADVANCED_FACE ( 'NONE', ( #7263 ), #2444, .F. ) ;
#6073 = CIRCLE ( 'NONE', #7238, 3.000000000000002665 ) ;
#6074 = EDGE_LOOP ( 'NONE', ( #3102, #7109, #8413, #8632 ) ) ;
#6075 = CARTESIAN_POINT ( 'NONE',  ( 31.99999999999995737, 1.199999999999999734, -16.00000000000000000 ) ) ;
#6076 = CARTESIAN_POINT ( 'NONE',  ( 651.0095474641658484, 784.2880802453124716, 1311.976293266620814 ) ) ;
#6077 = CARTESIAN_POINT ( 'NONE',  ( -0.1437358038572466579, -0.7908634394373511567, -0.08287141672309340790 ) ) ;
#6078 = AXIS2_PLACEMENT_3D ( 'NONE', #3013, #6604, #7875 ) ;
#6079 = ADVANCED_FACE ( 'NONE', ( #901 ), #4322, .F. ) ;
#6080 = CARTESIAN_POINT ( 'NONE',  ( -0.9110182193746498847, -0.9252421302624325161, -0.005503671348411343089 ) ) ;
#6081 = ORIENTED_EDGE ( 'NONE', *, *, #6890, .F. ) ;
#6082 = LINE ( 'NONE', #8848, #493 ) ;
#6083 = ORIENTED_EDGE ( 'NONE', *, *, #8791, .F. ) ;
#6084 = CARTESIAN_POINT ( 'NONE',  ( 1.154700538379252350, -2.000000000000001776, 1.599999999999997202 ) ) ;
#6085 = ORIENTED_EDGE ( 'NONE', *, *, #3093, .F. ) ;
#6086 = DIRECTION ( 'NONE',  ( 0.000000000000000000, 0.000000000000000000, 1.000000000000000000 ) ) ;
#6087 = ADVANCED_FACE ( 'NONE', ( #5940 ), #5897, .F. ) ;
#6088 = FACE_OUTER_BOUND ( 'NONE', #2235, .T. ) ;
#6089 = LINE ( 'NONE', #7319, #5581 ) ;
#6090 = EDGE_CURVE ( 'NONE', #6545, #3022, #5399, .T. ) ;
#6091 = DIRECTION ( 'NONE',  ( -0.9848077530122070211, 0.1736481776669358268, 0.000000000000000000 ) ) ;
#6092 = EDGE_CURVE ( 'NONE', #6191, #5271, #3033, .T. ) ;
#6093 = VERTEX_POINT ( 'NONE', #7895 ) ;
#6094 = AXIS2_PLACEMENT_3D ( 'NONE', #890, #3840, #8472 ) ;
#6095 = CARTESIAN_POINT ( 'NONE',  ( 0.000000000000000000, 0.000000000000000000, 1.599999999999997202 ) ) ;
#6096 = FACE_OUTER_BOUND ( 'NONE', #7520, .T. ) ;
#6097 = EDGE_LOOP ( 'NONE', ( #6541, #4330, #3213, #6110, #4746 ) ) ;
#6098 = DIRECTION ( 'NONE',  ( 1.334402673828313339E-16, 1.000000000000000000, 0.000000000000000000 ) ) ;
#6099 = FACE_OUTER_BOUND ( 'NONE', #1548, .T. ) ;
#6100 = ORIENTED_EDGE ( 'NONE', *, *, #2371, .F. ) ;
#6101 = AXIS2_PLACEMENT_3D ( 'NONE', #1159, #8795, #8878 ) ;
#6102 = EDGE_LOOP ( 'NONE', ( #2857, #567, #1518, #4491, #8604 ) ) ;
#6103 = CARTESIAN_POINT ( 'NONE',  ( -0.1106175492957620077, -0.2242159673607468928, -1.099999999999996758 ) ) ;
#6104 = ADVANCED_FACE ( 'NONE', ( #1681, #4443 ), #3307, .T. ) ;
#6105 = CARTESIAN_POINT ( 'NONE',  ( -0.2262728214071849098, -0.1063043286626957906, -1.099999999999996758 ) ) ;
#6106 = AXIS2_PLACEMENT_3D ( 'NONE', #3696, #5740, #96 ) ;
#6107 = CARTESIAN_POINT ( 'NONE',  ( 652.2256310759440794, 784.2757600634770370, 1318.559260018751047 ) ) ;
#6108 = EDGE_CURVE ( 'NONE', #4222, #5849, #5990, .T. ) ;
#6109 = ORIENTED_EDGE ( 'NONE', *, *, #7926, .T. ) ;
#6110 = ORIENTED_EDGE ( 'NONE', *, *, #5662, .T. ) ;
#6111 = LINE ( 'NONE', #1850, #4062 ) ;
#6112 = DIRECTION ( 'NONE',  ( 0.6427876096865419164, 0.7660444431189759040, 0.000000000000000000 ) ) ;
#6113 = AXIS2_PLACEMENT_3D ( 'NONE', #8437, #2942, #8484 ) ;
#6114 = CARTESIAN_POINT ( 'NONE',  ( -0.1732444538684180246, -0.1802397270410371899, -1.099999999999996758 ) ) ;
#6115 = VERTEX_POINT ( 'NONE', #2667 ) ;
#6116 = CARTESIAN_POINT ( 'NONE',  ( 0.3624841498974338272, -0.4598241857530102061, -0.04403718785010574815 ) ) ;
#6117 = EDGE_CURVE ( 'NONE', #3311, #5829, #6668, .T. ) ;
#6118 = DIRECTION ( 'NONE',  ( 0.9714137623810583655, 0.1555226214723599565, 0.1793544436779912210 ) ) ;
#6119 = VERTEX_POINT ( 'NONE', #5266 ) ;
#6120 = CARTESIAN_POINT ( 'NONE',  ( -1.577210584358113010E-11, -1.197708322671492409, -0.1855446119988987674 ) ) ;
#6121 = FACE_OUTER_BOUND ( 'NONE', #1454, .T. ) ;
#6122 = ADVANCED_FACE ( 'NONE', ( #4711 ), #2944, .F. ) ;
#6123 = VECTOR ( 'NONE', #1449, 1000.000000000000000 ) ;
#6124 = CARTESIAN_POINT ( 'NONE',  ( -77.99999999999987210, -21.52393324585229095, 6.999999999999999112 ) ) ;
#6125 = ORIENTED_EDGE ( 'NONE', *, *, #8364, .T. ) ;
#6126 = PLANE ( 'NONE',  #6011 ) ;
#6127 = CARTESIAN_POINT ( 'NONE',  ( -35.39553396555143649, 86.04249250876681288, 48.39473502807130956 ) ) ;
#6128 = EDGE_LOOP ( 'NONE', ( #7535, #996, #2164, #61 ) ) ;
#6129 = CARTESIAN_POINT ( 'NONE',  ( 652.9419002082286170, 763.7066815776864814, 1319.356980345531156 ) ) ;
#6130 = CYLINDRICAL_SURFACE ( 'NONE', #3313, 6.474999999999954348 ) ;
#6131 = VERTEX_POINT ( 'NONE', #6120 ) ;
#6132 = DIRECTION ( 'NONE',  ( -0.6501551545066193150, -0.3098309877324880168, -0.6937600695551632279 ) ) ;
#6133 = FACE_OUTER_BOUND ( 'NONE', #704, .T. ) ;
#6134 = DIRECTION ( 'NONE',  ( -0.08803429357919559384, 0.9376491420330599347, -0.3362499808158784242 ) ) ;
#6135 = CARTESIAN_POINT ( 'NONE',  ( 0.2262728214072334820, 0.1063043286628068129, -1.099999999999996758 ) ) ;
#6136 = ADVANCED_FACE ( 'NONE', ( #3398 ), #4758, .F. ) ;
#6137 = ORIENTED_EDGE ( 'NONE', *, *, #1261, .F. ) ;
#6138 = DIRECTION ( 'NONE',  ( -0.1610798504274934262, -0.3465180766741309260, -0.9241095737651013886 ) ) ;
#6139 = CARTESIAN_POINT ( 'NONE',  ( 0.1702761374361150271, 0.3113574006037289621, -0.006944503301090088065 ) ) ;
#6140 = EDGE_LOOP ( 'NONE', ( #7174, #6012, #3786, #1619 ) ) ;
#6141 = CARTESIAN_POINT ( 'NONE',  ( 647.2221193841409104, 824.6277995224759252, 1297.510082799391284 ) ) ;
#6142 = LINE ( 'NONE', #5589, #1961 ) ;
#6143 = ORIENTED_EDGE ( 'NONE', *, *, #6051, .F. ) ;
#6144 = AXIS2_PLACEMENT_3D ( 'NONE', #2487, #7394, #1120 ) ;
#6145 = ORIENTED_EDGE ( 'NONE', *, *, #8645, .T. ) ;
#6146 = EDGE_CURVE ( 'NONE', #1754, #8800, #1602, .T. ) ;
#6148 = CIRCLE ( 'NONE', #3098, 0.1000000000000000472 ) ;
#6147 = CARTESIAN_POINT ( 'NONE',  ( -0.1492233420114508213, -1.374727771640924079, -0.006944503301090088065 ) ) ;
#6149 = FACE_OUTER_BOUND ( 'NONE', #6831, .T. ) ;
#6150 = CARTESIAN_POINT ( 'NONE',  ( -0.01351552776397701994, 0.2497563872751046299, -1.099999999999996758 ) ) ;
#6151 = DIRECTION ( 'NONE',  ( 1.000000000000000000, 0.000000000000000000, 0.000000000000000000 ) ) ;
#6152 = VERTEX_POINT ( 'NONE', #1309 ) ;
#6153 = LINE ( 'NONE', #522, #805 ) ;
#6154 = ORIENTED_EDGE ( 'NONE', *, *, #2041, .T. ) ;
#6155 = DIRECTION ( 'NONE',  ( 1.000000000000000000, 0.000000000000000000, 0.000000000000000000 ) ) ;
#6156 = AXIS2_PLACEMENT_3D ( 'NONE', #3664, #8475, #716 ) ;
#6157 = CARTESIAN_POINT ( 'NONE',  ( -0.8299852910303162634, 0.8634984783813248743, -0.1855446092705256844 ) ) ;
#6158 = DIRECTION ( 'NONE',  ( 1.651002285577385676E-16, 0.7071067811865515695, 0.7071067811865435759 ) ) ;
#6159 = EDGE_CURVE ( 'NONE', #3377, #6675, #885, .T. ) ;
#6160 = CIRCLE ( 'NONE', #3981, 7.450000000000249756 ) ;
#6161 = VERTEX_POINT ( 'NONE', #6801 ) ;
#6162 = AXIS2_PLACEMENT_3D ( 'NONE', #421, #3196, #5967 ) ;
#6163 = DIRECTION ( 'NONE',  ( 0.1610798504276475807, 0.3465180766741972063, 0.9241095737650496522 ) ) ;
#6164 = DIRECTION ( 'NONE',  ( -0.6235955787237439374, -0.7431722712698823896, 0.2425356250363298327 ) ) ;
#6165 = VERTEX_POINT ( 'NONE', #8038 ) ;
#6166 = CARTESIAN_POINT ( 'NONE',  ( -39.45405613487440633, 10.34360167969249034, 0.000000000000000000 ) ) ;
#6167 = CARTESIAN_POINT ( 'NONE',  ( 0.2262728214072334820, 0.1063043286628068129, -1.099999999999996758 ) ) ;
#6168 = VERTEX_POINT ( 'NONE', #7399 ) ;
#6169 = FACE_OUTER_BOUND ( 'NONE', #3005, .T. ) ;
#6170 = DIRECTION ( 'NONE',  ( 1.000000000000000000, 0.000000000000000000, 0.000000000000000000 ) ) ;
#6171 = VERTEX_POINT ( 'NONE', #1170 ) ;
#6172 = DIRECTION ( 'NONE',  ( -0.08803429357916378595, 0.9376491420330550497, -0.3362499808159003511 ) ) ;
#6173 = EDGE_CURVE ( 'NONE', #8510, #8090, #2050, .T. ) ;
#6174 = CIRCLE ( 'NONE', #799, 1.589999999999976321 ) ;
#6175 = CARTESIAN_POINT ( 'NONE',  ( 644.5251290454243644, 853.3533174354330413, 1287.208836401181316 ) ) ;
#6176 = EDGE_CURVE ( 'NONE', #378, #8578, #1615, .T. ) ;
#6177 = VERTEX_POINT ( 'NONE', #6712 ) ;
#6178 = CARTESIAN_POINT ( 'NONE',  ( 0.2055940580921525318, 0.1423034473983786352, -1.099999999999996758 ) ) ;
#6179 = DIRECTION ( 'NONE',  ( 0.2204660187209047384, -0.3108485172154302201, -0.9245366049726327917 ) ) ;
#6180 = DIRECTION ( 'NONE',  ( -3.428155301009279818E-32, 8.955574241400646717E-33, 1.000000000000000000 ) ) ;
#6181 = CARTESIAN_POINT ( 'NONE',  ( -19.50000000000003197, 30.50000000000000000, -3.999999999999989786 ) ) ;
#6182 = ORIENTED_EDGE ( 'NONE', *, *, #6649, .T. ) ;
#6183 = DIRECTION ( 'NONE',  ( 1.000000000000000000, 0.000000000000000000, -0.000000000000000000 ) ) ;
#6184 = FILL_AREA_STYLE ('',( #6009 ) ) ;
#6185 = CIRCLE ( 'NONE', #811, 2.092771362693152337 ) ;
#6186 = DIRECTION ( 'NONE',  ( -0.3779644730092271421, -0.6546536707079783080, 0.6546536707079759765 ) ) ;
#6187 = ORIENTED_EDGE ( 'NONE', *, *, #1621, .F. ) ;
#6188 = DIRECTION ( 'NONE',  ( -0.07488708930073938175, 0.9971920195509303975, 0.000000000000000000 ) ) ;
#6189 = CARTESIAN_POINT ( 'NONE',  ( 0.1486619742442705505, 0.4193494966603207308, -0.02553203470338291647 ) ) ;
#6190 = TOROIDAL_SURFACE ( 'NONE', #2267, 7.450000000000000178, 0.05000000000000000278 ) ;
#6191 = VERTEX_POINT ( 'NONE', #489 ) ;
#6192 = EDGE_LOOP ( 'NONE', ( #3460, #2919, #8920, #1715, #6325 ) ) ;
#6193 = EDGE_CURVE ( 'NONE', #7051, #3792, #5253, .T. ) ;
#6194 = CARTESIAN_POINT ( 'NONE',  ( 646.7690103112850011, 826.8645999710603292, 1303.594478019150756 ) ) ;
#6195 = CARTESIAN_POINT ( 'NONE',  ( 646.4220555362727509, 829.5299699795606330, 1303.162435824071508 ) ) ;
#6196 = CARTESIAN_POINT ( 'NONE',  ( -0.8344834358427686283, 0.8593723072789494211, -0.1855944456733704673 ) ) ;
#6197 = LINE ( 'NONE', #2871, #4774 ) ;
#6198 = EDGE_LOOP ( 'NONE', ( #702, #5669, #1544, #2633 ) ) ;
#6199 = PLANE ( 'NONE',  #6756 ) ;
#6200 = EDGE_CURVE ( 'NONE', #3638, #274, #5352, .T. ) ;
#6201 = ORIENTED_EDGE ( 'NONE', *, *, #7190, .T. ) ;
#6202 = DIRECTION ( 'NONE',  ( 0.000000000000000000, 0.000000000000000000, 1.000000000000000000 ) ) ;
#6203 = VECTOR ( 'NONE', #8504, 1000.000000000000114 ) ;
#6204 = ADVANCED_FACE ( 'NONE', ( #3986 ), #6757, .F. ) ;
#6205 = CARTESIAN_POINT ( 'NONE',  ( 0.3411484343694357046, -0.1602735806466998314, -0.01840781869357627221 ) ) ;
#6206 = CIRCLE ( 'NONE', #4609, 7.500000000000206946 ) ;
#6207 = AXIS2_PLACEMENT_3D ( 'NONE', #6959, #2869, #2017 ) ;
#6208 = CARTESIAN_POINT ( 'NONE',  ( 0.4895447868796566349, 0.4275170742003354674, -0.05417551234843319408 ) ) ;
#6209 = LINE ( 'NONE', #4070, #8590 ) ;
#6210 = ORIENTED_EDGE ( 'NONE', *, *, #149, .T. ) ;
#6211 = CARTESIAN_POINT ( 'NONE',  ( -5.055563173821026268, 9.969247618609081485, 1.000000000000000888 ) ) ;
#6212 = EDGE_CURVE ( 'NONE', #8453, #2012, #2490, .T. ) ;
#6213 = CARTESIAN_POINT ( 'NONE',  ( 649.6459445832738311, 823.0809284170643423, 1291.299185998552048 ) ) ;
#6214 = DIRECTION ( 'NONE',  ( 0.08803429357919534404, -0.9376491420330603788, 0.3362499808158775916 ) ) ;
#6215 = VECTOR ( 'NONE', #5489, 1000.000000000000000 ) ;
#6216 = ORIENTED_EDGE ( 'NONE', *, *, #5132, .F. ) ;
#6217 = CARTESIAN_POINT ( 'NONE',  ( 0.1300350166469343982, -1.197954329803074813, -0.1785173072915841042 ) ) ;
#6218 = CARTESIAN_POINT ( 'NONE',  ( 0.2892666409867424848, 0.3949293560609200560, -0.03081179600328956894 ) ) ;
#6219 = EDGE_LOOP ( 'NONE', ( #5038, #1655, #8575, #3239 ) ) ;
#6220 = CARTESIAN_POINT ( 'NONE',  ( 651.6257875192205802, 777.7245362510817586, 1314.330043132330957 ) ) ;
#6221 = CIRCLE ( 'NONE', #5062, 2.006872931984011732 ) ;
#6222 = PLANE ( 'NONE',  #8150 ) ;
#6223 = EDGE_CURVE ( 'NONE', #6828, #3830, #5668, .T. ) ;
#6224 = DIRECTION ( 'NONE',  ( 0.1736481776669371035, 0.9848077530122069101, 0.000000000000000000 ) ) ;
#6225 = EDGE_CURVE ( 'NONE', #6234, #5782, #6842, .T. ) ;
#6226 = CARTESIAN_POINT ( 'NONE',  ( 2.334869823772516897E-16, 1.000000000000005551, -11.40000000000000036 ) ) ;
#6227 = ORIENTED_EDGE ( 'NONE', *, *, #6758, .F. ) ;
#6228 = CARTESIAN_POINT ( 'NONE',  ( -0.3567663313064836639, 0.2667127079597625405, -0.005503680371526931125 ) ) ;
#6229 = CARTESIAN_POINT ( 'NONE',  ( -77.21296809598231903, -22.04769505010484210, 5.026167384166218000 ) ) ;
#6230 = CARTESIAN_POINT ( 'NONE',  ( 0.9303587194941370653, 1.611428571428555223, 1.868571428571427884 ) ) ;
#6231 = EDGE_LOOP ( 'NONE', ( #4308, #7954, #8903, #8847 ) ) ;
#6232 = DIRECTION ( 'NONE',  ( 0.000000000000000000, 1.000000000000000000, -3.469446951953616161E-16 ) ) ;
#6233 = LINE ( 'NONE', #8865, #1668 ) ;
#6234 = VERTEX_POINT ( 'NONE', #3525 ) ;
#6235 = EDGE_LOOP ( 'NONE', ( #8623, #3893, #7541, #7962 ) ) ;
#6236 = STYLED_ITEM ( 'NONE', ( #5543 ), #1216 ) ;
#6237 = VERTEX_POINT ( 'NONE', #8248 ) ;
#6238 = DIRECTION ( 'NONE',  ( -0.6427876096865429156, -0.7660444431189749048, -0.000000000000000000 ) ) ;
#6239 = DIRECTION ( 'NONE',  ( -0.08803429357919534404, 0.9376491420330603788, -0.3362499808158775916 ) ) ;
#6240 = CYLINDRICAL_SURFACE ( 'NONE', #1564, 2.999999999999995559 ) ;
#6241 = CARTESIAN_POINT ( 'NONE',  ( -0.5610275269355805561, 0.5143963044692978492, -0.07433204396385401092 ) ) ;
#6242 = EDGE_LOOP ( 'NONE', ( #4917, #6721, #5644, #781 ) ) ;
#6243 = ADVANCED_FACE ( 'NONE', ( #5653, #4980 ), #6388, .T. ) ;
#6244 = VECTOR ( 'NONE', #6704, 1000.000000000000000 ) ;
#6245 = ORIENTED_EDGE ( 'NONE', *, *, #4214, .T. ) ;
#6246 = CYLINDRICAL_SURFACE ( 'NONE', #2178, 1.024999999999999911 ) ;
#6247 = DIRECTION ( 'NONE',  ( 0.1610798504276338139, 0.3465180766741977059, 0.9241095737650519837 ) ) ;
#6248 = EDGE_CURVE ( 'NONE', #238, #4697, #1895, .T. ) ;
#6249 = AXIS2_PLACEMENT_3D ( 'NONE', #7737, #6422, #3561 ) ;
#6250 = CARTESIAN_POINT ( 'NONE',  ( 0.4429500824606958931, 0.3712775569896682448, -0.04291518781670472515 ) ) ;
#6251 = DIRECTION ( 'NONE',  ( 0.08803429357919559384, -0.9376491420330599347, 0.3362499808158784242 ) ) ;
#6252 = ORIENTED_EDGE ( 'NONE', *, *, #2114, .T. ) ;
#6253 = FACE_OUTER_BOUND ( 'NONE', #7462, .T. ) ;
#6254 = EDGE_CURVE ( 'NONE', #7703, #1950, #5483, .T. ) ;
#6255 = CARTESIAN_POINT ( 'NONE',  ( 0.8952639205187518101, 0.9404943837238999294, -0.005503680371533870019 ) ) ;
#6256 = CARTESIAN_POINT ( 'NONE',  ( -58.07025870089195507, -22.86473448054506008, 0.05413064095970837597 ) ) ;
#6257 = SHAPE_DEFINITION_REPRESENTATION ( #8419, #1947 ) ;
#6258 = ORIENTED_EDGE ( 'NONE', *, *, #610, .F. ) ;
#6259 = CARTESIAN_POINT ( 'NONE',  ( 99.99999999999995737, 0.000000000000000000, -1.459999999999995968 ) ) ;
#6260 = DIRECTION ( 'NONE',  ( -0.000000000000000000, -0.000000000000000000, -1.000000000000000000 ) ) ;
#6261 = CARTESIAN_POINT ( 'NONE',  ( 0.3567663313064628472, -0.2667127079597209072, -0.005503680371526931125 ) ) ;
#6262 = FACE_OUTER_BOUND ( 'NONE', #6140, .T. ) ;
#6263 = LINE ( 'NONE', #4815, #8925 ) ;
#6264 = AXIS2_PLACEMENT_3D ( 'NONE', #3997, #2453, #5232 ) ;
#6265 = CARTESIAN_POINT ( 'NONE',  ( 0.4676193964515962254, 0.3984207530458722113, -0.005503671348411343089 ) ) ;
#6266 = VERTEX_POINT ( 'NONE', #3615 ) ;
#6267 = CARTESIAN_POINT ( 'NONE',  ( 0.2549160713667397715, -0.1699148359109448059, -0.5500000000000018208 ) ) ;
#6268 = AXIS2_PLACEMENT_3D ( 'NONE', #3247, #8072, #7928 ) ;
#6269 = CARTESIAN_POINT ( 'NONE',  ( -0.5293998170351624788, 0.6066120079615192617, -0.08318012041033277792 ) ) ;
#6270 = FACE_OUTER_BOUND ( 'NONE', #3126, .T. ) ;
#6271 = ORIENTED_EDGE ( 'NONE', *, *, #8199, .T. ) ;
#6272 = LINE ( 'NONE', #7595, #2102 ) ;
#6273 = CARTESIAN_POINT ( 'NONE',  ( 54.03290200691138523, -0.4496430414070579085, 6.999999999999999112 ) ) ;
#6274 = ORIENTED_EDGE ( 'NONE', *, *, #2247, .F. ) ;
#6275 = ORIENTED_EDGE ( 'NONE', *, *, #8362, .F. ) ;
#6276 = ORIENTED_EDGE ( 'NONE', *, *, #7948, .T. ) ;
#6277 = LINE ( 'NONE', #4230, #2310 ) ;
#6278 = FACE_OUTER_BOUND ( 'NONE', #1488, .T. ) ;
#6279 = DIRECTION ( 'NONE',  ( 8.673617379884040402E-17, 1.000000000000000000, 0.000000000000000000 ) ) ;
#6280 = VECTOR ( 'NONE', #4166, 1000.000000000000000 ) ;
#6281 = CARTESIAN_POINT ( 'NONE',  ( -19.50000000000003197, 44.00000000000000000, -11.99999999999999645 ) ) ;
#6282 = PLANE ( 'NONE',  #4212 ) ;
#6283 = EDGE_CURVE ( 'NONE', #3562, #2124, #4246, .T. ) ;
#6284 = ORIENTED_EDGE ( 'NONE', *, *, #6843, .F. ) ;
#6285 = ORIENTED_EDGE ( 'NONE', *, *, #4805, .T. ) ;
#6286 = CARTESIAN_POINT ( 'NONE',  ( 0.1486762560382715037, -0.4187328981190700516, -0.02547105208626097503 ) ) ;
#6287 = VECTOR ( 'NONE', #4506, 1000.000000000000000 ) ;
#6288 = DIRECTION ( 'NONE',  ( 1.000000000000000000, 2.710505431213758620E-16, 0.000000000000000000 ) ) ;
#6289 = LINE ( 'NONE', #4841, #6797 ) ;
#6290 = VECTOR ( 'NONE', #5260, 1000.000000000000000 ) ;
#6291 = CARTESIAN_POINT ( 'NONE',  ( -0.03432284125395174135, 0.2477428479100707293, -1.099999999999996758 ) ) ;
#6292 = ORIENTED_EDGE ( 'NONE', *, *, #8354, .T. ) ;
#6293 = DIRECTION ( 'NONE',  ( -0.08803429357919523301, 0.9376491420330602677, -0.3362499808158777581 ) ) ;
#6294 = CARTESIAN_POINT ( 'NONE',  ( -58.07025870089196928, -22.86473448054507429, 7.945869359040284685 ) ) ;
#6295 = VECTOR ( 'NONE', #3834, 1000.000000000000000 ) ;
#6296 = DIRECTION ( 'NONE',  ( 0.000000000000000000, 0.000000000000000000, 1.000000000000000000 ) ) ;
#6297 = AXIS2_PLACEMENT_3D ( 'NONE', #5254, #1153, #1112 ) ;
#6298 = PRODUCT_CONTEXT ( 'NONE', #103, 'mechanical' ) ;
#6299 = VERTEX_POINT ( 'NONE', #2030 ) ;
#6300 = CARTESIAN_POINT ( 'NONE',  ( 31.99999999999996447, 32.50000000000000000, 11.99999999999999645 ) ) ;
#6301 = PLANE ( 'NONE',  #8968 ) ;
#6302 = CYLINDRICAL_SURFACE ( 'NONE', #751, 3.499999999999978240 ) ;
#6303 = CARTESIAN_POINT ( 'NONE',  ( -0.1463584584115673326, 0.6372194421312892265, -0.05481519353768840586 ) ) ;
#6304 = CARTESIAN_POINT ( 'NONE',  ( 642.4395524324809230, 850.2455854436128675, 1285.506259394841209 ) ) ;
#6305 = ADVANCED_FACE ( 'NONE', ( #5525 ), #4804, .F. ) ;
#6306 = VECTOR ( 'NONE', #4690, 1000.000000000000114 ) ;
#6307 = CARTESIAN_POINT ( 'NONE',  ( 0.8579078084836322393, 0.1606026638301116805, -0.007003512763968655630 ) ) ;
#6308 = VECTOR ( 'NONE', #683, 1000.000000000000227 ) ;
#6309 = VERTEX_POINT ( 'NONE', #2118 ) ;
#6310 = DIRECTION ( 'NONE',  ( -1.000000000000000000, 1.360567432138672328E-16, 0.000000000000000000 ) ) ;
#6311 = ADVANCED_FACE ( 'NONE', ( #6253 ), #4891, .F. ) ;
#6312 = CARTESIAN_POINT ( 'NONE',  ( -0.2320001243555354364, 0.3438588102264243385, -0.02184249401781237360 ) ) ;
#6313 = CARTESIAN_POINT ( 'NONE',  ( 0.1493484940815956175, 1.143934087063050331, -0.006944503301090088065 ) ) ;
#6314 = VERTEX_POINT ( 'NONE', #4117 ) ;
#6315 = CARTESIAN_POINT ( 'NONE',  ( 644.9203750550369705, 826.4223029724588514, 1302.845106668161179 ) ) ;
#6316 = LINE ( 'NONE', #7086, #2097 ) ;
#6317 = EDGE_LOOP ( 'NONE', ( #1106, #8373, #6424, #8993 ) ) ;
#6318 = VECTOR ( 'NONE', #3932, 1000.000000000000000 ) ;
#6319 = EDGE_CURVE ( 'NONE', #8552, #6685, #2898, .T. ) ;
#6320 = DIRECTION ( 'NONE',  ( -3.466673899897024536E-32, -4.006689065479319709E-18, 1.000000000000000000 ) ) ;
#6321 = ORIENTED_EDGE ( 'NONE', *, *, #2085, .F. ) ;
#6322 = CARTESIAN_POINT ( 'NONE',  ( 69.62140237615138005, 0.8126188716606752571, 3.250000000000002665 ) ) ;
#6323 = CARTESIAN_POINT ( 'NONE',  ( 0.000000000000000000, 61.00000000000000000, -3.999999999999996447 ) ) ;
#6324 = PLANE ( 'NONE',  #7372 ) ;
#6325 = ORIENTED_EDGE ( 'NONE', *, *, #5018, .T. ) ;
#6326 = CARTESIAN_POINT ( 'NONE',  ( 647.5659439780397406, 822.6937093021267629, 1291.755103218411477 ) ) ;
#6327 = CARTESIAN_POINT ( 'NONE',  ( 644.5476997538880823, 829.5307000280138254, 1302.168211578570435 ) ) ;
#6328 = ORIENTED_EDGE ( 'NONE', *, *, #7979, .T. ) ;
#6329 = ORIENTED_EDGE ( 'NONE', *, *, #5562, .T. ) ;
#6330 = DIRECTION ( 'NONE',  ( 0.3779644730092306948, 0.6546536707079797512, 0.6546536707079725348 ) ) ;
#6331 = ADVANCED_FACE ( 'NONE', ( #4161 ), #3482, .F. ) ;
#6332 = EDGE_CURVE ( 'NONE', #6839, #7499, #440, .T. ) ;
#6333 = VECTOR ( 'NONE', #740, 1000.000000000000000 ) ;
#6334 = CARTESIAN_POINT ( 'NONE',  ( -55.77868286791937180, 4.024966982363320511, 4.499999999999990230 ) ) ;
#6335 = CARTESIAN_POINT ( 'NONE',  ( 0.5891552992633047880, 0.5487607200125390605, -0.08318012041017161518 ) ) ;
#6336 = AXIS2_PLACEMENT_3D ( 'NONE', #5288, #2559, #5335 ) ;
#6337 = FACE_OUTER_BOUND ( 'NONE', #2900, .T. ) ;
#6338 = ORIENTED_EDGE ( 'NONE', *, *, #3422, .F. ) ;
#6339 = DIRECTION ( 'NONE',  ( 0.000000000000000000, -3.469446951953613696E-16, -1.000000000000000000 ) ) ;
#6340 = EDGE_CURVE ( 'NONE', #2151, #1115, #4352, .T. ) ;
#6341 = CARTESIAN_POINT ( 'NONE',  ( 0.3983605200684013914, -0.1599561211858755716, -0.02338057567980435930 ) ) ;
#6342 = AXIS2_PLACEMENT_3D ( 'NONE', #1012, #7779, #8457 ) ;
#6343 = CARTESIAN_POINT ( 'NONE',  ( -55.32150568668554769, -10.05399444193674796, 0.000000000000000000 ) ) ;
#6344 = ORIENTED_EDGE ( 'NONE', *, *, #2362, .T. ) ;
#6345 = PLANE ( 'NONE',  #1207 ) ;
#6346 = CARTESIAN_POINT ( 'NONE',  ( -46.00000000000004263, 37.69999999999998863, 16.00000000000000000 ) ) ;
#6347 = CARTESIAN_POINT ( 'NONE',  ( -0.2222148463932593909, 0.1146708022529280280, -1.099999999999996758 ) ) ;
#6348 = CARTESIAN_POINT ( 'NONE',  ( -0.3411484343693316212, -0.1602735806466998314, -0.01840781869357627221 ) ) ;
#6349 = PLANE ( 'NONE',  #8064 ) ;
#6350 = ADVANCED_FACE ( 'NONE', ( #8654 ), #5119, .F. ) ;
#6351 = B_SPLINE_SURFACE_WITH_KNOTS ( 'NONE', 3, 1, ( 
 ( #2515, #6869 ),
 ( #7423, #3332 ),
 ( #2731, #6736 ),
 ( #4096, #557 ),
 ( #7596, #2689 ),
 ( #513, #8230 ),
 ( #1335, #8910 ) ),
 .UNSPECIFIED., .F., .F., .F.,
 ( 4, 1, 1, 1, 4 ),
 ( 2, 2 ),
 ( 0.000000000000000000, 0.2500000000000000000, 0.5000000000000000000, 0.7500000000000000000, 1.000000000000000000 ),
 ( 0.000000000000000000, 1.000000000000000000 ),
 .UNSPECIFIED. ) ;
#6352 = AXIS2_PLACEMENT_3D ( 'NONE', #7860, #3723, #7950 ) ;
#6353 = CARTESIAN_POINT ( 'NONE',  ( 0.2483133094921333162, 0.02899138370390796915, -1.099999999999996758 ) ) ;
#6354 = EDGE_LOOP ( 'NONE', ( #4201, #734, #2008, #7068 ) ) ;
#6355 = DIRECTION ( 'NONE',  ( 0.000000000000000000, 0.000000000000000000, 1.000000000000000000 ) ) ;
#6356 = VECTOR ( 'NONE', #4058, 1000.000000000000000 ) ;
#6357 = EDGE_CURVE ( 'NONE', #7101, #868, #3885, .T. ) ;
#6358 = LINE ( 'NONE', #4485, #3303 ) ;
#6359 = ORIENTED_EDGE ( 'NONE', *, *, #5980, .T. ) ;
#6360 = PLANE ( 'NONE',  #1842 ) ;
#6361 = DIRECTION ( 'NONE',  ( 0.1610798504275370857, 0.3465180766741971508, 0.9241095737650690811 ) ) ;
#6362 = CARTESIAN_POINT ( 'NONE',  ( -70.28654868376128206, -12.33139992842449750, 1.000000000000000888 ) ) ;
#6363 = LINE ( 'NONE', #7567, #1685 ) ;
#6364 = ORIENTED_EDGE ( 'NONE', *, *, #8645, .F. ) ;
#6365 = EDGE_CURVE ( 'NONE', #5957, #160, #190, .T. ) ;
#6366 = VECTOR ( 'NONE', #1560, 1000.000000000000000 ) ;
#6367 = CARTESIAN_POINT ( 'NONE',  ( -0.01396355356800271785, -1.197647262876133656, -0.1855446090419238248 ) ) ;
#6368 = ORIENTED_EDGE ( 'NONE', *, *, #7588, .F. ) ;
#6369 = DIRECTION ( 'NONE',  ( -0.08803429357919534404, 0.9376491420330603788, -0.3362499808158775916 ) ) ;
#6370 = FACE_BOUND ( 'NONE', #6387, .T. ) ;
#6371 = FACE_OUTER_BOUND ( 'NONE', #2360, .T. ) ;
#6372 = ORIENTED_EDGE ( 'NONE', *, *, #2752, .T. ) ;
#6373 = CARTESIAN_POINT ( 'NONE',  ( 646.7227824528922611, 821.1819826994119467, 1294.290195084591460 ) ) ;
#6374 = CLOSED_SHELL ( 'NONE', ( #4598, #8067, #5211, #6975, #3507, #4510, #3687, #8860, #5506, #5262, #1930, #3592, #7675, #1943, #4074, #5694, #2216, #5204, #8331, #6607, #951 ) ) ;
#6375 = DIRECTION ( 'NONE',  ( 0.6501551545066692750, 0.3098309877324545436, 0.6937600695551313645 ) ) ;
#6376 = ORIENTED_EDGE ( 'NONE', *, *, #2599, .T. ) ;
#6377 = VERTEX_POINT ( 'NONE', #7110 ) ;
#6378 =( GEOMETRIC_REPRESENTATION_CONTEXT ( 3 ) GLOBAL_UNCERTAINTY_ASSIGNED_CONTEXT ( ( #3889 ) ) GLOBAL_UNIT_ASSIGNED_CONTEXT ( ( #6949, #8491, #3587 ) ) REPRESENTATION_CONTEXT ( 'NONE', 'WORKASPACE' ) );
#6379 = AXIS2_PLACEMENT_3D ( 'NONE', #3992, #1221, #6170 ) ;
#6380 = EDGE_CURVE ( 'NONE', #2083, #5482, #2932, .T. ) ;
#6381 = DIRECTION ( 'NONE',  ( -0.1736481776669358545, -0.9848077530122071321, 0.000000000000000000 ) ) ;
#6382 = PRODUCT_DEFINITION_FORMATION_WITH_SPECIFIED_SOURCE ( 'ANY', '', #7202, .NOT_KNOWN. ) ;
#6383 = AXIS2_PLACEMENT_3D ( 'NONE', #5911, #5823, #4596 ) ;
#6384 = FACE_OUTER_BOUND ( 'NONE', #450, .T. ) ;
#6385 = CARTESIAN_POINT ( 'NONE',  ( -5.055563173821026268, 9.969247618609081485, 6.999999999999999112 ) ) ;
#6386 = EDGE_CURVE ( 'NONE', #4517, #6778, #2754, .T. ) ;
#6387 = EDGE_LOOP ( 'NONE', ( #8809, #1969 ) ) ;
#6388 = PLANE ( 'NONE',  #4081 ) ;
#6389 = ADVANCED_FACE ( 'NONE', ( #5023 ), #7840, .F. ) ;
#6390 = CARTESIAN_POINT ( 'NONE',  ( 54.03290200691138523, -0.4496430414070579085, 8.000000000000000000 ) ) ;
#6391 = CIRCLE ( 'NONE', #8141, 6.474999999999954348 ) ;
#6392 = LINE ( 'NONE', #2208, #1663 ) ;
#6393 = PRODUCT_CONTEXT ( 'NONE', #1044, 'mechanical' ) ;
#6394 = ORIENTED_EDGE ( 'NONE', *, *, #7385, .T. ) ;
#6395 = EDGE_CURVE ( 'NONE', #8734, #2776, #6480, .T. ) ;
#6396 = CARTESIAN_POINT ( 'NONE',  ( 644.3726979337827743, 800.7173306779800441, 1300.048093128641540 ) ) ;
#6397 = DIRECTION ( 'NONE',  ( 1.000000000000000000, 0.000000000000000000, 0.000000000000000000 ) ) ;
#6398 = EDGE_CURVE ( 'NONE', #6555, #7208, #197, .T. ) ;
#6399 = ADVANCED_FACE ( 'NONE', ( #4386 ), #6822, .T. ) ;
#6400 = DIRECTION ( 'NONE',  ( 0.000000000000000000, 0.000000000000000000, 1.000000000000000000 ) ) ;
#6401 = VECTOR ( 'NONE', #5142, 1000.000000000000227 ) ;
#6402 = CARTESIAN_POINT ( 'NONE',  ( -0.1903814225755542933, 0.3066914228452427560, -0.01690487344975510897 ) ) ;
#6403 = CARTESIAN_POINT ( 'NONE',  ( 99.99999999999995737, 0.000000000000000000, -1.460000000000003073 ) ) ;
#6404 = CARTESIAN_POINT ( 'NONE',  ( 0.2080235751308057157, 0.1386585453183597494, -1.099999999999996758 ) ) ;
#6405 = VECTOR ( 'NONE', #4669, 1000.000000000000000 ) ;
#6406 = VERTEX_POINT ( 'NONE', #7157 ) ;
#6407 = DIRECTION ( 'NONE',  ( 1.000000000000000000, 0.000000000000000000, 0.000000000000000000 ) ) ;
#6408 = DIRECTION ( 'NONE',  ( -0.9714137623810646938, -0.1555226214723550160, -0.1793544436779615225 ) ) ;
#6409 = ORIENTED_EDGE ( 'NONE', *, *, #4759, .T. ) ;
#6410 = DIRECTION ( 'NONE',  ( -0.000000000000000000, -0.000000000000000000, -1.000000000000000000 ) ) ;
#6411 = CARTESIAN_POINT ( 'NONE',  ( 0.1732440987208885841, 0.1802393575533467462, -1.099999999999996758 ) ) ;
#6412 = ORIENTED_EDGE ( 'NONE', *, *, #3644, .T. ) ;
#6413 = CARTESIAN_POINT ( 'NONE',  ( 651.8365113123298897, 783.2132720914692072, 1316.293133341151361 ) ) ;
#6414 = VERTEX_POINT ( 'NONE', #2342 ) ;
#6415 = EDGE_CURVE ( 'NONE', #8990, #2954, #2897, .T. ) ;
#6416 = CIRCLE ( 'NONE', #7576, 1.100000000000006306 ) ;
#6417 = ORIENTED_EDGE ( 'NONE', *, *, #4839, .F. ) ;
#6418 = DIRECTION ( 'NONE',  ( 0.000000000000000000, -0.000000000000000000, 1.000000000000000000 ) ) ;
#6419 = CARTESIAN_POINT ( 'NONE',  ( -10.75000000000003730, 34.89999999999999858, -6.999999999999999112 ) ) ;
#6420 = ORIENTED_EDGE ( 'NONE', *, *, #1837, .T. ) ;
#6421 = LINE ( 'NONE', #1704, #4042 ) ;
#6422 = DIRECTION ( 'NONE',  ( 0.08803429357919534404, -0.9376491420330603788, 0.3362499808158775916 ) ) ;
#6423 = EDGE_LOOP ( 'NONE', ( #5705, #5404 ) ) ;
#6424 = ORIENTED_EDGE ( 'NONE', *, *, #3506, .F. ) ;
#6425 = EDGE_CURVE ( 'NONE', #8545, #366, #5953, .T. ) ;
#6426 = CARTESIAN_POINT ( 'NONE',  ( -54.70522151952335577, -17.09815470596434750, 8.000000000000000000 ) ) ;
#6427 = CARTESIAN_POINT ( 'NONE',  ( -0.02697841726616995173, 0.2485400671960458219, -1.099999999999996758 ) ) ;
#6428 = B_SPLINE_SURFACE_WITH_KNOTS ( 'NONE', 3, 1, ( 
 ( #8988, #1494 ),
 ( #3367, #1367 ),
 ( #3409, #8306 ),
 ( #6904, #7716 ) ),
 .UNSPECIFIED., .F., .F., .F.,
 ( 4, 4 ),
 ( 2, 2 ),
 ( 0.000000000000000000, 1.000000000000000000 ),
 ( 0.06867691751865820371, 1.000000000000000000 ),
 .UNSPECIFIED. ) ;
#6429 = PLANE ( 'NONE',  #5406 ) ;
#6430 = VERTEX_POINT ( 'NONE', #3159 ) ;
#6431 = CARTESIAN_POINT ( 'NONE',  ( -0.5351777788735597730, -0.1587605666194432108, -0.04004804279065785066 ) ) ;
#6432 = AXIS2_PLACEMENT_3D ( 'NONE', #4320, #7189, #3553 ) ;
#6433 = CARTESIAN_POINT ( 'NONE',  ( -10.75000000000003730, 32.50000000000000000, 5.299999999999990052 ) ) ;
#6434 = EDGE_CURVE ( 'NONE', #1882, #7489, #3977, .T. ) ;
#6435 = DIRECTION ( 'NONE',  ( 0.6501551545066217574, 0.3098309877324726402, 0.6937600695551677799 ) ) ;
#6436 = APPLICATION_PROTOCOL_DEFINITION ( 'draft international standard', 'automotive_design', 1998, #8022 ) ;
#6437 = ORIENTED_EDGE ( 'NONE', *, *, #6386, .F. ) ;
#6438 = DIRECTION ( 'NONE',  ( 0.9848077530122070211, -0.1736481776669358268, 0.000000000000000000 ) ) ;
#6439 = AXIS2_PLACEMENT_3D ( 'NONE', #3454, #7546, #1233 ) ;
#6440 = CARTESIAN_POINT ( 'NONE',  ( -76.88665920154704736, -20.19710534951443748, 0.000000000000000000 ) ) ;
#6441 = CARTESIAN_POINT ( 'NONE',  ( -1.194135603941069768, 0.1002820265455367510, -0.1855446092705118066 ) ) ;
#6442 = VERTEX_POINT ( 'NONE', #7345 ) ;
#6443 = DIRECTION ( 'NONE',  ( -0.6123295123225398484, -0.7906026614797350138, 0.000000000000000000 ) ) ;
#6444 = CARTESIAN_POINT ( 'NONE',  ( -38.42905613487440775, 10.34360167969249034, 0.000000000000000000 ) ) ;
#6445 = AXIS2_PLACEMENT_3D ( 'NONE', #7741, #10, #1476 ) ;
#6446 = ORIENTED_EDGE ( 'NONE', *, *, #2948, .T. ) ;
#6447 = CIRCLE ( 'NONE', #2533, 4.449999999999879385 ) ;
#6448 = CARTESIAN_POINT ( 'NONE',  ( 0.6338962535133857434, 0.5959807222613994204, -0.005503671348411343089 ) ) ;
#6449 = ADVANCED_FACE ( 'NONE', ( #6749 ), #1028, .F. ) ;
#6450 = ORIENTED_EDGE ( 'NONE', *, *, #98, .T. ) ;
#6451 = EDGE_CURVE ( 'NONE', #2740, #6168, #6111, .T. ) ;
#6452 = CARTESIAN_POINT ( 'NONE',  ( -0.5891552992641880815, -0.5487607200134869689, -0.08318012041043788829 ) ) ;
#6453 = DIRECTION ( 'NONE',  ( -0.9848077530122070211, 0.1736481776669358268, 0.000000000000000000 ) ) ;
#6454 = CIRCLE ( 'NONE', #1382, 6.624999999999891642 ) ;
#6455 = EDGE_LOOP ( 'NONE', ( #2278, #7832 ) ) ;
#6456 = CARTESIAN_POINT ( 'NONE',  ( -61.20236144145427204, -1.505287146606623772, 6.999999999999999112 ) ) ;
#6457 = CIRCLE ( 'NONE', #5726, 4.999999999999997335 ) ;
#6458 = CARTESIAN_POINT ( 'NONE',  ( 0.000000000000000000, 0.000000000000000000, -1.700000000000000178 ) ) ;
#6459 = ORIENTED_EDGE ( 'NONE', *, *, #5067, .F. ) ;
#6460 = CARTESIAN_POINT ( 'NONE',  ( -0.2488749066003118071, 0.02418126363636086129, -1.099999999999996758 ) ) ;
#6461 = ORIENTED_EDGE ( 'NONE', *, *, #1437, .T. ) ;
#6462 = CIRCLE ( 'NONE', #3559, 6.624999999999864109 ) ;
#6463 = DIRECTION ( 'NONE',  ( -1.110223024625149268E-16, -1.000000000000000000, 0.000000000000000000 ) ) ;
#6464 = ORIENTED_EDGE ( 'NONE', *, *, #6398, .T. ) ;
#6465 = DIRECTION ( 'NONE',  ( -0.08803429357919508036, 0.9376491420330606008, -0.3362499808158768699 ) ) ;
#6466 = CYLINDRICAL_SURFACE ( 'NONE', #91, 6.997699999999990261 ) ;
#6467 = ORIENTED_EDGE ( 'NONE', *, *, #5600, .T. ) ;
#6468 = VECTOR ( 'NONE', #1050, 1000.000000000000114 ) ;
#6469 = DIRECTION ( 'NONE',  ( -3.428155301009279818E-32, 8.955574241400646717E-33, 1.000000000000000000 ) ) ;
#6470 = PLANE ( 'NONE',  #3633 ) ;
#6471 = ORIENTED_EDGE ( 'NONE', *, *, #1506, .F. ) ;
#6472 = ORIENTED_EDGE ( 'NONE', *, *, #6728, .F. ) ;
#6473 = ADVANCED_FACE ( 'NONE', ( #525, #2574 ), #6027, .T. ) ;
#6474 = LINE ( 'NONE', #240, #2531 ) ;
#6475 = ADVANCED_FACE ( 'NONE', ( #2481 ), #8201, .F. ) ;
#6476 = DIRECTION ( 'NONE',  ( -1.084202172485504434E-16, -1.000000000000000000, 0.000000000000000000 ) ) ;
#6477 = VECTOR ( 'NONE', #5846, 1000.000000000000000 ) ;
#6478 = CARTESIAN_POINT ( 'NONE',  ( 648.1468598832751695, 814.7784317321976459, 1301.042160611941199 ) ) ;
#6479 = ORIENTED_EDGE ( 'NONE', *, *, #1710, .T. ) ;
#6480 = LINE ( 'NONE', #4339, #1164 ) ;
#6481 = VECTOR ( 'NONE', #4309, 1000.000000000000000 ) ;
#6482 = ADVANCED_FACE ( 'NONE', ( #1252 ), #4500, .T. ) ;
#6483 = VECTOR ( 'NONE', #3328, 1000.000000000000000 ) ;
#6484 = ADVANCED_FACE ( 'NONE', ( #1891 ), #8159, .F. ) ;
#6485 = CARTESIAN_POINT ( 'NONE',  ( -8.000000000000028422, 55.99999999999999289, 3.999999999999996447 ) ) ;
#6486 = B_SPLINE_CURVE_WITH_KNOTS ( 'NONE', 3,
 ( #6874, #8961, #1428, #6194 ),
 .UNSPECIFIED., .F., .F.,
 ( 4, 4 ),
 ( 0.000000000000000000, 1.000000000000000000 ),
 .UNSPECIFIED. ) ;
#6487 = LINE ( 'NONE', #5123, #8620 ) ;
#6488 = DIRECTION ( 'NONE',  ( -0.2204660187209594724, 0.3108485172154351051, 0.9245366049726181368 ) ) ;
#6489 = CARTESIAN_POINT ( 'NONE',  ( 647.2168549253789251, 766.8070460709240024, 1311.806212403231712 ) ) ;
#6490 = CYLINDRICAL_SURFACE ( 'NONE', #6986, 4.799999999999999822 ) ;
#6491 = ORIENTED_EDGE ( 'NONE', *, *, #8897, .F. ) ;
#6492 = DIRECTION ( 'NONE',  ( -3.428155301009279818E-32, 8.955574241400646717E-33, 1.000000000000000000 ) ) ;
#6493 = DIRECTION ( 'NONE',  ( 1.000000000000000000, 2.832201593431524685E-16, 0.000000000000000000 ) ) ;
#6494 = AXIS2_PLACEMENT_3D ( 'NONE', #2007, #2686, #730 ) ;
#6495 = ORIENTED_EDGE ( 'NONE', *, *, #3315, .T. ) ;
#6496 = DIRECTION ( 'NONE',  ( -0.6501551545065341609, -0.3098309877324949002, -0.6937600695552398333 ) ) ;
#6497 = ORIENTED_EDGE ( 'NONE', *, *, #1310, .T. ) ;
#6498 = CARTESIAN_POINT ( 'NONE',  ( -0.5235231821729612323, -0.4686894778917967130, -0.06318560573929843383 ) ) ;
#6499 = DIRECTION ( 'NONE',  ( 0.1736481776669358545, 0.9848077530122071321, 0.000000000000000000 ) ) ;
#6500 = EDGE_CURVE ( 'NONE', #2181, #4208, #7436, .T. ) ;
#6501 = ORIENTED_EDGE ( 'NONE', *, *, #3881, .F. ) ;
#6502 = DIRECTION ( 'NONE',  ( 0.9944774410963874711, -0.007505490121482125652, 0.1046818359048862224 ) ) ;
#6503 = CARTESIAN_POINT ( 'NONE',  ( 1.860717438988274131, 0.000000000000000000, 1.868571428571427884 ) ) ;
#6504 = ORIENTED_EDGE ( 'NONE', *, *, #2649, .T. ) ;
#6505 = B_SPLINE_CURVE_WITH_KNOTS ( 'NONE', 3,
 ( #3222, #3901, #7358, #7311, #1085, #452, #5318 ),
 .UNSPECIFIED., .F., .F.,
 ( 4, 1, 1, 1, 4 ),
 ( 0.000000000000000000, 0.2500000000000000000, 0.5000000000000000000, 0.7500000000000000000, 1.000000000000000000 ),
 .UNSPECIFIED. ) ;
#6506 = CARTESIAN_POINT ( 'NONE',  ( -0.8331427073512629455, -0.8607284425206918055, -0.1856071169090214856 ) ) ;
#6507 = ORIENTED_EDGE ( 'NONE', *, *, #8588, .F. ) ;
#6508 = CARTESIAN_POINT ( 'NONE',  ( -19.50000000000003197, 55.99999999999999289, 11.41619848709565765 ) ) ;
#6509 = VERTEX_POINT ( 'NONE', #4017 ) ;
#6510 = DIRECTION ( 'NONE',  ( 1.000000000000000000, 0.000000000000000000, 0.000000000000000000 ) ) ;
#6511 = CARTESIAN_POINT ( 'NONE',  ( 0.9303587194941093097, -1.611428571428680234, 1.868571428571427884 ) ) ;
#6512 = CARTESIAN_POINT ( 'NONE',  ( -10.75000000000003730, 32.50000000000000000, 3.500000000000003109 ) ) ;
#6513 = ORIENTED_EDGE ( 'NONE', *, *, #6039, .F. ) ;
#6514 = CARTESIAN_POINT ( 'NONE',  ( -55.32150568668554769, -10.05399444193674796, 8.000000000000000000 ) ) ;
#6515 = PLANE ( 'NONE',  #7752 ) ;
#6516 = ORIENTED_EDGE ( 'NONE', *, *, #641, .F. ) ;
#6517 = AXIS2_PLACEMENT_3D ( 'NONE', #6656, #1976, #1247 ) ;
#6518 = VERTEX_POINT ( 'NONE', #8116 ) ;
#6519 = CARTESIAN_POINT ( 'NONE',  ( 0.000000000000000000, 0.000000000000000000, -1.599999999999997202 ) ) ;
#6520 = EDGE_CURVE ( 'NONE', #1879, #87, #1117, .T. ) ;
#6521 = CARTESIAN_POINT ( 'NONE',  ( -45.00000000000004263, 37.69999999999999574, 4.000000000000003553 ) ) ;
#6522 =( GEOMETRIC_REPRESENTATION_CONTEXT ( 3 ) GLOBAL_UNCERTAINTY_ASSIGNED_CONTEXT ( ( #6706 ) ) GLOBAL_UNIT_ASSIGNED_CONTEXT ( ( #6854, #8253, #4032 ) ) REPRESENTATION_CONTEXT ( 'NONE', 'WORKASPACE' ) );
#6523 = CARTESIAN_POINT ( 'NONE',  ( 648.1914771441853418, 824.1160609647228057, 1302.682286176011985 ) ) ;
#6524 = ORIENTED_EDGE ( 'NONE', *, *, #8946, .T. ) ;
#6525 = CARTESIAN_POINT ( 'NONE',  ( -0.3411484343693316212, -0.1602735806466998314, -0.01840781869357627221 ) ) ;
#6526 = DIRECTION ( 'NONE',  ( 1.110223024625149884E-16, 1.000000000000000000, 0.000000000000000000 ) ) ;
#6527 = ADVANCED_FACE ( 'NONE', ( #1937 ), #1205, .T. ) ;
#6528 = PRODUCT_DEFINITION_CONTEXT ( 'detailed design', #8933, 'design' ) ;
#6529 = CARTESIAN_POINT ( 'NONE',  ( 0.1732440987208885841, 0.1802393575533467462, -1.099999999999996758 ) ) ;
#6530 = DIRECTION ( 'NONE',  ( -0.9714137623810678024, -0.1555226214723467171, -0.1793544436779513640 ) ) ;
#6531 = CARTESIAN_POINT ( 'NONE',  ( 642.5804342113424354, 823.9716065378046324, 1296.623847219861318 ) ) ;
#6532 = DIRECTION ( 'NONE',  ( -0.1610798504276397536, -0.3465180766742045337, -0.9241095737650482089 ) ) ;
#6533 = ADVANCED_FACE ( 'NONE', ( #5428 ), #1300, .F. ) ;
#6534 = DIRECTION ( 'NONE',  ( 0.6501551545066180937, 0.3098309877324748607, 0.6937600695551702223 ) ) ;
#6535 = VERTEX_POINT ( 'NONE', #3887 ) ;
#6536 = DIRECTION ( 'NONE',  ( -0.7147638640827028711, -0.08345099778860992634, -0.6943691738330907137 ) ) ;
#6537 = DIRECTION ( 'NONE',  ( -0.000000000000000000, -1.000000000000000000, -0.000000000000000000 ) ) ;
#6538 = EDGE_LOOP ( 'NONE', ( #6613, #7548, #498, #3473 ) ) ;
#6539 = ADVANCED_FACE ( 'NONE', ( #434, #7695 ), #5100, .T. ) ;
#6540 = DIRECTION ( 'NONE',  ( 0.5000000000000005551, 0.8660254037844382635, 0.000000000000000000 ) ) ;
#6541 = ORIENTED_EDGE ( 'NONE', *, *, #7854, .T. ) ;
#6542 = CARTESIAN_POINT ( 'NONE',  ( -0.4552788489097642222, -0.3861371515596190851, -0.04575659269836336585 ) ) ;
#6543 = VECTOR ( 'NONE', #1608, 1000.000000000000000 ) ;
#6544 = PLANE ( 'NONE',  #1590 ) ;
#6545 = VERTEX_POINT ( 'NONE', #1475 ) ;
#6546 = PLANE ( 'NONE',  #8356 ) ;
#6547 = PLANE ( 'NONE',  #455 ) ;
#6548 = ORIENTED_EDGE ( 'NONE', *, *, #625, .T. ) ;
#6549 = CARTESIAN_POINT ( 'NONE',  ( 2.309401076758504701, 0.000000000000000000, 0.1199999999999951106 ) ) ;
#6550 = EDGE_LOOP ( 'NONE', ( #6608, #6026 ) ) ;
#6551 = DIRECTION ( 'NONE',  ( -1.110223024625150254E-16, -1.000000000000000000, 0.000000000000000000 ) ) ;
#6552 = CIRCLE ( 'NONE', #1763, 1.024999999999999911 ) ;
#6553 = DIRECTION ( 'NONE',  ( -0.08803429357919559384, 0.9376491420330599347, -0.3362499808158784242 ) ) ;
#6554 = EDGE_CURVE ( 'NONE', #1777, #4361, #100, .T. ) ;
#6555 = VERTEX_POINT ( 'NONE', #53 ) ;
#6556 =( NAMED_UNIT ( * ) SI_UNIT ( $, .STERADIAN. ) SOLID_ANGLE_UNIT ( ) );
#6557 = DIRECTION ( 'NONE',  ( 0.9848077530122077983, -0.1736481776669323573, 0.000000000000000000 ) ) ;
#6558 = CARTESIAN_POINT ( 'NONE',  ( 0.1776728161206955758, -0.1759305495812324427, -1.099999999999996758 ) ) ;
#6559 = ORIENTED_EDGE ( 'NONE', *, *, #763, .F. ) ;
#6560 = CARTESIAN_POINT ( 'NONE',  ( -0.1544648534360301695, 0.3275374857838464493, -5.595407092523485559E-05 ) ) ;
#6561 = CARTESIAN_POINT ( 'NONE',  ( 0.8345832224707083746, 0.8592898288773964666, -0.1855975253287969751 ) ) ;
#6562 = ORIENTED_EDGE ( 'NONE', *, *, #2863, .T. ) ;
#6563 = ORIENTED_EDGE ( 'NONE', *, *, #4864, .F. ) ;
#6564 = VECTOR ( 'NONE', #5938, 1000.000000000000227 ) ;
#6565 = CARTESIAN_POINT ( 'NONE',  ( 647.4073718172098779, 822.6546845252759113, 1298.217660773081207 ) ) ;
#6566 = ADVANCED_FACE ( 'NONE', ( #8374 ), #5474, .F. ) ;
#6567 = AXIS2_PLACEMENT_3D ( 'NONE', #5210, #1801, #4568 ) ;
#6568 = CARTESIAN_POINT ( 'NONE',  ( 0.2249545328357471785, 0.1091103562089745793, -1.099999999999996758 ) ) ;
#6569 = ORIENTED_EDGE ( 'NONE', *, *, #2287, .T. ) ;
#6570 = DIRECTION ( 'NONE',  ( 0.000000000000000000, 0.000000000000000000, -1.000000000000000000 ) ) ;
#6571 = CARTESIAN_POINT ( 'NONE',  ( -19.50000000000003197, 30.50000000000000000, 0.000000000000000000 ) ) ;
#6572 = DIRECTION ( 'NONE',  ( -0.000000000000000000, -1.000000000000000000, -0.000000000000000000 ) ) ;
#6573 = DIRECTION ( 'NONE',  ( -0.1610798504276342025, -0.3465180766741942087, -0.9241095737650530939 ) ) ;
#6574 = DIRECTION ( 'NONE',  ( -0.08803429357918918230, 0.9376491420330504978, -0.3362499808159062908 ) ) ;
#6575 = DIRECTION ( 'NONE',  ( 1.000000000000000000, 0.000000000000000000, 0.000000000000000000 ) ) ;
#6576 = AXIS2_PLACEMENT_3D ( 'NONE', #7069, #161, #8710 ) ;
#6577 = FACE_OUTER_BOUND ( 'NONE', #6192, .T. ) ;
#6578 = ORIENTED_EDGE ( 'NONE', *, *, #5692, .F. ) ;
#6579 = CARTESIAN_POINT ( 'NONE',  ( 0.05711157449751064208, 1.196892597155330140, -0.1855446002210631162 ) ) ;
#6580 = DIRECTION ( 'NONE',  ( 0.1610798504276435839, 0.3465180766742076424, 0.9241095737650464326 ) ) ;
#6581 = ORIENTED_EDGE ( 'NONE', *, *, #2839, .F. ) ;
#6582 = AXIS2_PLACEMENT_3D ( 'NONE', #2555, #1874, #4642 ) ;
#6583 = CARTESIAN_POINT ( 'NONE',  ( -0.5087433070440573468, -0.5885633575209943125, -0.07765802454805871557 ) ) ;
#6584 = ORIENTED_EDGE ( 'NONE', *, *, #5692, .T. ) ;
#6585 = CARTESIAN_POINT ( 'NONE',  ( -0.8361759912694153307, -0.8575050536983180871, -0.1855446092705256844 ) ) ;
#6586 = DIRECTION ( 'NONE',  ( -0.08803429357919559384, 0.9376491420330599347, -0.3362499808158784242 ) ) ;
#6587 = VERTEX_POINT ( 'NONE', #4064 ) ;
#6588 = CARTESIAN_POINT ( 'NONE',  ( -11.50000000000001776, 59.00000000000000000, -3.999999999999996447 ) ) ;
#6589 = ADVANCED_FACE ( 'NONE', ( #6883 ), #8408, .T. ) ;
#6590 = CARTESIAN_POINT ( 'NONE',  ( 653.9013305599936530, 778.8089447081461003, 1316.758203375771927 ) ) ;
#6591 = ORIENTED_EDGE ( 'NONE', *, *, #4009, .T. ) ;
#6592 = CARTESIAN_POINT ( 'NONE',  ( -0.3132217520766325536, -0.1716433664880195886, 0.000000000000000000 ) ) ;
#6593 = CIRCLE ( 'NONE', #4120, 4.999999999999997335 ) ;
#6594 = VERTEX_POINT ( 'NONE', #705 ) ;
#6595 = DIRECTION ( 'NONE',  ( -0.4853498590909188781, 0.5191253948383091066, -0.7035228061082277051 ) ) ;
#6596 = EDGE_CURVE ( 'NONE', #2029, #8105, #6929, .T. ) ;
#6597 = CARTESIAN_POINT ( 'NONE',  ( -76.88665920154704736, -20.19710534951443748, 4.499999999999990230 ) ) ;
#6598 = CARTESIAN_POINT ( 'NONE',  ( -55.32150568668554769, -10.05399444193674796, 0.000000000000000000 ) ) ;
#6599 = AXIS2_PLACEMENT_3D ( 'NONE', #7012, #6930, #6288 ) ;
#6600 = CIRCLE ( 'NONE', #8330, 6.997699999999954734 ) ;
#6601 = CARTESIAN_POINT ( 'NONE',  ( -55.32150568668554769, -10.05399444193674796, 0.000000000000000000 ) ) ;
#6602 = CARTESIAN_POINT ( 'NONE',  ( 0.2406817437717589936, -0.06861390558446367471, -1.099999999999996758 ) ) ;
#6603 = VERTEX_POINT ( 'NONE', #8923 ) ;
#6604 = DIRECTION ( 'NONE',  ( -0.08803429357919559384, 0.9376491420330599347, -0.3362499808158784242 ) ) ;
#6605 = DIRECTION ( 'NONE',  ( 0.000000000000000000, 0.000000000000000000, 1.000000000000000000 ) ) ;
#6606 = ORIENTED_EDGE ( 'NONE', *, *, #8492, .F. ) ;
#6607 = ADVANCED_FACE ( 'NONE', ( #2154 ), #6246, .F. ) ;
#6608 = ORIENTED_EDGE ( 'NONE', *, *, #2431, .T. ) ;
#6609 = FACE_OUTER_BOUND ( 'NONE', #7285, .T. ) ;
#6610 = AXIS2_PLACEMENT_3D ( 'NONE', #2681, #2848, #8900 ) ;
#6611 = FACE_OUTER_BOUND ( 'NONE', #7406, .T. ) ;
#6612 = DIRECTION ( 'NONE',  ( 0.08803429357919534404, -0.9376491420330603788, 0.3362499808158775916 ) ) ;
#6613 = ORIENTED_EDGE ( 'NONE', *, *, #1277, .F. ) ;
#6614 = CARTESIAN_POINT ( 'NONE',  ( 0.1736980455768616372, 0.1798037396531088072, -1.099999999999996758 ) ) ;
#6615 = DIRECTION ( 'NONE',  ( 0.08803429357919534404, -0.9376491420330603788, 0.3362499808158775916 ) ) ;
#6616 = PRODUCT_DEFINITION_CONTEXT ( 'detailed design', #3483, 'design' ) ;
#6617 = FACE_OUTER_BOUND ( 'NONE', #1473, .T. ) ;
#6618 = VECTOR ( 'NONE', #5125, 1000.000000000000114 ) ;
#6619 = CARTESIAN_POINT ( 'NONE',  ( -0.3095718221970134021, 0.1745440702303480141, -0.01639061254347928820 ) ) ;
#6620 = FACE_BOUND ( 'NONE', #4630, .T. ) ;
#6621 = FILL_AREA_STYLE_COLOUR ( '', #8375 ) ;
#6622 = DIRECTION ( 'NONE',  ( 1.000000000000000000, -2.775557561562890957E-15, 0.000000000000000000 ) ) ;
#6623 = LINE ( 'NONE', #2988, #8867 ) ;
#6624 = CARTESIAN_POINT ( 'NONE',  ( -0.1441529478701322753, -0.7662457743807696842, -0.07799399127410031052 ) ) ;
#6625 = VERTEX_POINT ( 'NONE', #5517 ) ;
#6626 = LINE ( 'NONE', #399, #2526 ) ;
#6627 = ORIENTED_EDGE ( 'NONE', *, *, #7210, .F. ) ;
#6628 = LINE ( 'NONE', #3224, #8081 ) ;
#6629 = CIRCLE ( 'NONE', #1846, 4.770000000000026219 ) ;
#6630 = FILL_AREA_STYLE_COLOUR ( '', #6670 ) ;
#6631 = VERTEX_POINT ( 'NONE', #2701 ) ;
#6632 = DIRECTION ( 'NONE',  ( 0.000000000000000000, 0.000000000000000000, -1.000000000000000000 ) ) ;
#6633 = EDGE_CURVE ( 'NONE', #7851, #906, #8241, .T. ) ;
#6634 = DIRECTION ( 'NONE',  ( -0.9714137623811028854, -0.1555226214722985612, -0.1793544436778032047 ) ) ;
#6635 = ORIENTED_EDGE ( 'NONE', *, *, #6225, .F. ) ;
#6636 = FACE_OUTER_BOUND ( 'NONE', #4126, .T. ) ;
#6637 = AXIS2_PLACEMENT_3D ( 'NONE', #3588, #2350, #8035 ) ;
#6638 = VERTEX_POINT ( 'NONE', #8289 ) ;
#6639 = CARTESIAN_POINT ( 'NONE',  ( 31.99999999999996447, 32.50000000000000000, 11.99999999999999645 ) ) ;
#6640 = DIRECTION ( 'NONE',  ( -0.000000000000000000, -1.000000000000000000, -0.000000000000000000 ) ) ;
#6641 = EDGE_CURVE ( 'NONE', #2452, #2140, #4107, .T. ) ;
#6642 = ORIENTED_EDGE ( 'NONE', *, *, #8658, .T. ) ;
#6643 = VECTOR ( 'NONE', #7401, 1000.000000000000000 ) ;
#6644 = DIRECTION ( 'NONE',  ( -1.000000000000000000, -2.832201593431525178E-16, 0.000000000000000000 ) ) ;
#6645 = CARTESIAN_POINT ( 'NONE',  ( -0.3830732459087771158, 0.4802727190506145272, -0.005503671348411343089 ) ) ;
#6646 = ORIENTED_EDGE ( 'NONE', *, *, #8318, .F. ) ;
#6647 = LINE ( 'NONE', #8826, #6306 ) ;
#6648 = DIRECTION ( 'NONE',  ( -0.1610798504276397536, -0.3465180766742045337, -0.9241095737650482089 ) ) ;
#6649 = EDGE_CURVE ( 'NONE', #480, #6177, #7569, .T. ) ;
#6650 = ORIENTED_EDGE ( 'NONE', *, *, #4448, .F. ) ;
#6651 = ORIENTED_EDGE ( 'NONE', *, *, #3842, .T. ) ;
#6652 = COLOUR_RGB ( '',0.7921568627450980005, 0.8196078431372548767, 0.9333333333333333481 ) ;
#6653 = DIRECTION ( 'NONE',  ( 0.08803429357919548282, -0.9376491420330601567, 0.3362499808158780912 ) ) ;
#6654 = CYLINDRICAL_SURFACE ( 'NONE', #4268, 7.499999999999990230 ) ;
#6655 = VECTOR ( 'NONE', #2607, 1000.000000000000114 ) ;
#6656 = CARTESIAN_POINT ( 'NONE',  ( -22.90013928550543554, -33.64466763093365387, 0.000000000000000000 ) ) ;
#6657 = CARTESIAN_POINT ( 'NONE',  ( -0.1157214820160720747, 0.2216396306715384679, -1.099999999999996758 ) ) ;
#6658 = VERTEX_POINT ( 'NONE', #3474 ) ;
#6659 = DIRECTION ( 'NONE',  ( 0.08803429357919559384, -0.9376491420330599347, 0.3362499808158784242 ) ) ;
#6660 = EDGE_CURVE ( 'NONE', #2957, #8741, #748, .T. ) ;
#6661 = AXIS2_PLACEMENT_3D ( 'NONE', #3738, #6469, #5108 ) ;
#6662 = DIRECTION ( 'NONE',  ( -0.4999999999999995004, 0.8660254037844389297, 0.000000000000000000 ) ) ;
#6663 = CARTESIAN_POINT ( 'NONE',  ( -0.3198299260002215871, 0.1657605765981451373, -0.01683376518574891678 ) ) ;
#6664 = VERTEX_POINT ( 'NONE', #1349 ) ;
#6665 = EDGE_CURVE ( 'NONE', #8090, #8510, #8558, .T. ) ;
#6666 = CARTESIAN_POINT ( 'NONE',  ( 99.99999999999995737, -3.469446951953614189E-15, -1.459999999999995968 ) ) ;
#6667 = CARTESIAN_POINT ( 'NONE',  ( 2.309401076758504701, 0.000000000000000000, 0.1199999999999951106 ) ) ;
#6668 = LINE ( 'NONE', #1945, #3210 ) ;
#6669 = CARTESIAN_POINT ( 'NONE',  ( -0.1468656525825773052, -0.6002387821391703682, -0.04898022725188867776 ) ) ;
#6670 = COLOUR_RGB ( '',0.7921568627450980005, 0.8196078431372548767, 0.9333333333333333481 ) ;
#6671 = EDGE_CURVE ( 'NONE', #2769, #7559, #5558, .T. ) ;
#6672 = ORIENTED_EDGE ( 'NONE', *, *, #5287, .T. ) ;
#6673 = CARTESIAN_POINT ( 'NONE',  ( -0.4846489891225723157, -0.5674829656593357585, -0.07143181335557494127 ) ) ;
#6674 = EDGE_CURVE ( 'NONE', #8892, #1364, #523, .T. ) ;
#6675 = VERTEX_POINT ( 'NONE', #1696 ) ;
#6676 = CARTESIAN_POINT ( 'NONE',  ( -0.5640554016789205427, 0.1584243957402011183, -0.04409130875901888513 ) ) ;
#6677 = PRODUCT_DEFINITION ( 'UNKNOWN', '', #2031, #2528 ) ;
#6678 = SURFACE_STYLE_USAGE ( .BOTH. , #7498 ) ;
#6679 = EDGE_CURVE ( 'NONE', #5608, #238, #3485, .T. ) ;
#6680 = ORIENTED_EDGE ( 'NONE', *, *, #5422, .T. ) ;
#6681 = DIRECTION ( 'NONE',  ( 0.4999999999999998890, 0.8660254037844387076, 0.000000000000000000 ) ) ;
#6682 = AXIS2_PLACEMENT_3D ( 'NONE', #6639, #1648, #462 ) ;
#6683 = DIRECTION ( 'NONE',  ( 1.000000000000000000, -1.020425574104004246E-16, -0.000000000000000000 ) ) ;
#6684 = DIRECTION ( 'NONE',  ( -1.000000000000000000, 1.942890293094020494E-16, 0.000000000000000000 ) ) ;
#6685 = VERTEX_POINT ( 'NONE', #5194 ) ;
#6686 = CARTESIAN_POINT ( 'NONE',  ( 0.1481791854663547237, -0.4777979090792611183, -0.03219359972750313742 ) ) ;
#6687 = CARTESIAN_POINT ( 'NONE',  ( 653.2465241796104465, 828.7010248057237050, 1297.577165595801716 ) ) ;
#6688 = CIRCLE ( 'NONE', #1611, 6.624999999999920064 ) ;
#6689 = EDGE_LOOP ( 'NONE', ( #8327, #4098, #7357, #3236 ) ) ;
#6690 = CARTESIAN_POINT ( 'NONE',  ( 649.0084615234644616, 761.8322041019046083, 1315.159731924721427 ) ) ;
#6691 = CARTESIAN_POINT ( 'NONE',  ( -1.154700538379252350, 1.879999999999992788, 1.599999999999997202 ) ) ;
#6692 = ORIENTED_EDGE ( 'NONE', *, *, #3063, .F. ) ;
#6693 = CARTESIAN_POINT ( 'NONE',  ( 99.99999999999995737, 61.00000000000000000, -16.00000000000000000 ) ) ;
#6694 = CARTESIAN_POINT ( 'NONE',  ( -1.287498407577816639, -0.1603930370021044993, -0.007003512763968655630 ) ) ;
#6695 = ORIENTED_EDGE ( 'NONE', *, *, #1823, .T. ) ;
#6696 = VECTOR ( 'NONE', #8856, 1000.000000000000000 ) ;
#6697 = CARTESIAN_POINT ( 'NONE',  ( 0.2262728214071849098, -0.1063043286627096684, -1.099999999999996758 ) ) ;
#6698 = CARTESIAN_POINT ( 'NONE',  ( -0.2291401384215685511, -0.1002011349464093648, -1.099999999999996758 ) ) ;
#6699 = CARTESIAN_POINT ( 'NONE',  ( -0.1043252100549688088, 1.193419446631843739, -0.1855446092705256844 ) ) ;
#6700 = LINE ( 'NONE', #4613, #6318 ) ;
#6701 = VECTOR ( 'NONE', #6681, 1000.000000000000000 ) ;
#6702 = ADVANCED_FACE ( 'NONE', ( #1096, #3730, #1052 ), #8730, .T. ) ;
#6703 = ORIENTED_EDGE ( 'NONE', *, *, #1672, .T. ) ;
#6704 = DIRECTION ( 'NONE',  ( -0.000000000000000000, -0.000000000000000000, -1.000000000000000000 ) ) ;
#6705 = FACE_BOUND ( 'NONE', #2640, .T. ) ;
#6706 = UNCERTAINTY_MEASURE_WITH_UNIT (LENGTH_MEASURE( 1.000000000000000082E-05 ), #6854, 'distance_accuracy_value', 'NONE');
#6707 = DIRECTION ( 'NONE',  ( 0.6123724356957938042, 0.3535533905932728982, 0.7071067811865486830 ) ) ;
#6708 = AXIS2_PLACEMENT_3D ( 'NONE', #6932, #1258, #5523 ) ;
#6709 = VERTEX_POINT ( 'NONE', #3140 ) ;
#6710 = CARTESIAN_POINT ( 'NONE',  ( 0.4514953139753274947, -0.5384220745978478551, -0.06318560573890688592 ) ) ;
#6711 = LINE ( 'NONE', #8713, #8157 ) ;
#6712 = CARTESIAN_POINT ( 'NONE',  ( 2.323442952138088272E-16, 2.092771362693152337, -1.599999999999997202 ) ) ;
#6713 = CARTESIAN_POINT ( 'NONE',  ( -0.1475215003480873643, -0.5431168696654441463, -0.04068993536774807157 ) ) ;
#6714 = ADVANCED_FACE ( 'NONE', ( #5238 ), #8774, .T. ) ;
#6715 = FACE_OUTER_BOUND ( 'NONE', #4586, .T. ) ;
#6716 = ORIENTED_EDGE ( 'NONE', *, *, #3302, .T. ) ;
#6717 = CYLINDRICAL_SURFACE ( 'NONE', #1511, 3.499999999999978240 ) ;
#6718 = ORIENTED_EDGE ( 'NONE', *, *, #5528, .F. ) ;
#6719 = FACE_OUTER_BOUND ( 'NONE', #3676, .T. ) ;
#6720 = CARTESIAN_POINT ( 'NONE',  ( 0.8309168231347141553, -0.8627496783802646174, -0.1855779694352535647 ) ) ;
#6721 = ORIENTED_EDGE ( 'NONE', *, *, #6829, .F. ) ;
#6722 = CARTESIAN_POINT ( 'NONE',  ( 99.99999999999995737, 0.000000000000000000, 1.460000000000003073 ) ) ;
#6723 = DIRECTION ( 'NONE',  ( 0.08323793849061703054, 0.9858896826756152754, -0.1452342218266987339 ) ) ;
#6724 = DIRECTION ( 'NONE',  ( -0.7660444431189762371, 0.6427876096865415834, 0.000000000000000000 ) ) ;
#6725 = CARTESIAN_POINT ( 'NONE',  ( 0.3233427874217639775, 0.1638654761633856483, -0.01704255743488480856 ) ) ;
#6726 = AXIS2_PLACEMENT_3D ( 'NONE', #2527, #5305, #1301 ) ;
#6727 = EDGE_CURVE ( 'NONE', #3377, #7309, #8682, .T. ) ;
#6728 = EDGE_CURVE ( 'NONE', #1297, #7179, #2553, .T. ) ;
#6729 = CARTESIAN_POINT ( 'NONE',  ( -10.75000000000003730, 32.50000000000000000, -10.49999999999999467 ) ) ;
#6730 = VERTEX_POINT ( 'NONE', #2458 ) ;
#6731 = DIRECTION ( 'NONE',  ( 0.08803429357919728693, -0.9376491420330527182, 0.3362499808158980197 ) ) ;
#6732 = LINE ( 'NONE', #4602, #1121 ) ;
#6733 = AXIS2_PLACEMENT_3D ( 'NONE', #2078, #7795, #2163 ) ;
#6734 = VERTEX_POINT ( 'NONE', #5281 ) ;
#6735 = LINE ( 'NONE', #512, #6888 ) ;
#6736 = CARTESIAN_POINT ( 'NONE',  ( 0.2222148463932455131, -0.1146708022528170057, -1.099999999999996758 ) ) ;
#6737 = ORIENTED_EDGE ( 'NONE', *, *, #7742, .T. ) ;
#6738 = EDGE_CURVE ( 'NONE', #6913, #1750, #270, .T. ) ;
#6739 = AXIS2_PLACEMENT_3D ( 'NONE', #8290, #4241, #838 ) ;
#6740 = VECTOR ( 'NONE', #1547, 1000.000000000000114 ) ;
#6741 = CARTESIAN_POINT ( 'NONE',  ( -0.1517857706097996973, -0.3372265239102445467, -0.006944503301090088065 ) ) ;
#6742 = CARTESIAN_POINT ( 'NONE',  ( -0.3319985242765180478, -0.1611659215506461296, -0.01765771477023336811 ) ) ;
#6743 = DIRECTION ( 'NONE',  ( -1.000000000000000000, 0.000000000000000000, 0.000000000000000000 ) ) ;
#6744 = EDGE_LOOP ( 'NONE', ( #7694, #4151, #4874, #8129 ) ) ;
#6745 = DIRECTION ( 'NONE',  ( 0.08803429357938899469, -0.9376491420331114490, 0.3362499808156841352 ) ) ;
#6746 = EDGE_CURVE ( 'NONE', #4957, #1420, #8709, .T. ) ;
#6747 = AXIS2_PLACEMENT_3D ( 'NONE', #8447, #4314, #2226 ) ;
#6748 = VERTEX_POINT ( 'NONE', #1138 ) ;
#6749 = FACE_OUTER_BOUND ( 'NONE', #7828, .T. ) ;
#6750 = DIRECTION ( 'NONE',  ( 2.334869823772500133E-16, 1.000000000000000000, 0.000000000000000000 ) ) ;
#6751 = CIRCLE ( 'NONE', #7762, 48.99999999999995026 ) ;
#6752 = CARTESIAN_POINT ( 'NONE',  ( -40.00000000000003553, 32.65471698113206855, -7.999999999999992895 ) ) ;
#6753 = EDGE_CURVE ( 'NONE', #7388, #6603, #7234, .T. ) ;
#6754 = ORIENTED_EDGE ( 'NONE', *, *, #5717, .T. ) ;
#6755 = PRESENTATION_STYLE_ASSIGNMENT (( #7352 ) ) ;
#6756 = AXIS2_PLACEMENT_3D ( 'NONE', #7521, #4960, #566 ) ;
#6757 = PLANE ( 'NONE',  #603 ) ;
#6758 = EDGE_CURVE ( 'NONE', #2091, #2069, #3200, .T. ) ;
#6759 = CARTESIAN_POINT ( 'NONE',  ( 0.1207527918034023706, -0.2189242003603764086, -1.099999999999996758 ) ) ;
#6760 = EDGE_CURVE ( 'NONE', #4964, #7101, #3092, .T. ) ;
#6761 = CARTESIAN_POINT ( 'NONE',  ( 0.3018085676027015829, 0.2011711265037796625, 0.000000000000000000 ) ) ;
#6762 = ORIENTED_EDGE ( 'NONE', *, *, #1011, .F. ) ;
#6763 = CARTESIAN_POINT ( 'NONE',  ( 0.09981119836032642523, -0.2292131310710765479, -1.099999999999996758 ) ) ;
#6764 = DIRECTION ( 'NONE',  ( 0.000000000000000000, 0.000000000000000000, 1.000000000000000000 ) ) ;
#6765 = ORIENTED_EDGE ( 'NONE', *, *, #7501, .F. ) ;
#6766 = DIRECTION ( 'NONE',  ( 0.000000000000000000, 1.000000000000000000, 0.000000000000000000 ) ) ;
#6767 = CARTESIAN_POINT ( 'NONE',  ( -19.50000000000003197, 52.99999999999999289, -3.999999999999996447 ) ) ;
#6768 = EDGE_LOOP ( 'NONE', ( #6085, #8965, #3729, #5840 ) ) ;
#6769 = CARTESIAN_POINT ( 'NONE',  ( 69.62140237615136584, 0.8126188716606752571, 0.000000000000000000 ) ) ;
#6770 = CARTESIAN_POINT ( 'NONE',  ( 0.7834936490538902953, 9.595029894661246912E-17, 5.777789833161697049E-30 ) ) ;
#6771 = LINE ( 'NONE', #6002, #5447 ) ;
#6772 = VECTOR ( 'NONE', #2144, 1000.000000000000000 ) ;
#6773 = CARTESIAN_POINT ( 'NONE',  ( 99.99999999999995737, 4.499999999999997335, 16.00000000000000000 ) ) ;
#6774 = ORIENTED_EDGE ( 'NONE', *, *, #6061, .F. ) ;
#6775 = EDGE_CURVE ( 'NONE', #5622, #6594, #1165, .T. ) ;
#6776 = CARTESIAN_POINT ( 'NONE',  ( -7.148195861669416198E-19, -0.006438522443797178169, -3.999994818175235611 ) ) ;
#6777 = DIRECTION ( 'NONE',  ( 0.000000000000000000, -1.000000000000000000, 7.228014483236707402E-16 ) ) ;
#6778 = VERTEX_POINT ( 'NONE', #6327 ) ;
#6779 = VECTOR ( 'NONE', #1332, 1000.000000000000114 ) ;
#6780 = DIRECTION ( 'NONE',  ( -0.7865843770359566278, -0.5707271346689253289, -0.2357022603955137574 ) ) ;
#6781 = CARTESIAN_POINT ( 'NONE',  ( 0.1552116540267442779, 0.3237706888158354834, -0.01671332141990040931 ) ) ;
#6782 = ORIENTED_EDGE ( 'NONE', *, *, #5422, .F. ) ;
#6783 = EDGE_LOOP ( 'NONE', ( #2407, #2586, #1905, #7218 ) ) ;
#6784 = CIRCLE ( 'NONE', #3883, 4.999999999999997335 ) ;
#6785 = ADVANCED_FACE ( 'NONE', ( #8461 ), #2902, .F. ) ;
#6786 = CARTESIAN_POINT ( 'NONE',  ( -0.02697841726614913505, -0.2485400671959486774, -1.099999999999996758 ) ) ;
#6787 = DIRECTION ( 'NONE',  ( 1.020425574104004246E-16, 1.000000000000000000, 0.000000000000000000 ) ) ;
#6788 = DIRECTION ( 'NONE',  ( 1.000000000000000000, 0.000000000000000000, -0.000000000000000000 ) ) ;
#6789 = ORIENTED_EDGE ( 'NONE', *, *, #6415, .T. ) ;
#6790 = CARTESIAN_POINT ( 'NONE',  ( -14.21773040215867212, 15.59572001967669763, 4.749999999999997335 ) ) ;
#6791 = ORIENTED_EDGE ( 'NONE', *, *, #158, .F. ) ;
#6792 = DIRECTION ( 'NONE',  ( 0.1736481776669323296, 0.9848077530122076872, 0.000000000000000000 ) ) ;
#6793 = AXIS2_PLACEMENT_3D ( 'NONE', #6767, #3951, #2547 ) ;
#6794 = DIRECTION ( 'NONE',  ( 0.9999715213305175876, -0.007546954877966125831, -0.000000000000000000 ) ) ;
#6795 = PRODUCT_DEFINITION_CONTEXT ( 'detailed design', #1926, 'design' ) ;
#6796 = CARTESIAN_POINT ( 'NONE',  ( -0.1318513288453074250, -0.2124034535541247104, -1.099999999999996758 ) ) ;
#6797 = VECTOR ( 'NONE', #13, 1000.000000000000000 ) ;
#6798 = ORIENTED_EDGE ( 'NONE', *, *, #2998, .F. ) ;
#6799 = CARTESIAN_POINT ( 'NONE',  ( 0.4558267358734816033, 0.1596078897269595787, -0.03000572151973679436 ) ) ;
#6800 = ORIENTED_EDGE ( 'NONE', *, *, #1261, .T. ) ;
#6801 = CARTESIAN_POINT ( 'NONE',  ( -1.110223024625156540E-16, -1.000000000000005773, -1.700000000000000178 ) ) ;
#6802 = CARTESIAN_POINT ( 'NONE',  ( 644.4802513054943347, 829.2190376137073144, 1302.803773789190700 ) ) ;
#6803 = VECTOR ( 'NONE', #5372, 1000.000000000000000 ) ;
#6804 = ADVANCED_FACE ( 'NONE', ( #8415, #4281 ), #6282, .F. ) ;
#6805 = CARTESIAN_POINT ( 'NONE',  ( 0.3376899659106730178, 0.1610167434695775057, 0.000000000000000000 ) ) ;
#6806 = ORIENTED_EDGE ( 'NONE', *, *, #2212, .T. ) ;
#6807 = CARTESIAN_POINT ( 'NONE',  ( -1.154700538379252350, 1.999999999999890754, 1.480000000000002203 ) ) ;
#6808 = CARTESIAN_POINT ( 'NONE',  ( 237.5620429796554447, -1457.405391546714782, 661.7886961661088208 ) ) ;
#6809 = ORIENTED_EDGE ( 'NONE', *, *, #5810, .T. ) ;
#6810 = DIRECTION ( 'NONE',  ( 3.312599504346026509E-32, 8.955574241400638506E-33, 1.000000000000000000 ) ) ;
#6811 = CARTESIAN_POINT ( 'NONE',  ( 0.1292490986361805039, -1.190714019399768953, -0.1855446092705256844 ) ) ;
#6812 = VERTEX_POINT ( 'NONE', #3650 ) ;
#6813 = CARTESIAN_POINT ( 'NONE',  ( 644.5830440328846862, 852.7364676137256083, 1287.430044667061111 ) ) ;
#6814 = CARTESIAN_POINT ( 'NONE',  ( -7.000000000000033751, 52.49999999999999289, 0.000000000000000000 ) ) ;
#6815 = AXIS2_PLACEMENT_3D ( 'NONE', #1281, #3372, #8143 ) ;
#6816 = VECTOR ( 'NONE', #7731, 1000.000000000000000 ) ;
#6817 = CARTESIAN_POINT ( 'NONE',  ( 99.99999999999995737, 0.000000000000000000, -11.99999999999999645 ) ) ;
#6818 = ADVANCED_FACE ( 'NONE', ( #50 ), #6470, .T. ) ;
#6819 = EDGE_CURVE ( 'NONE', #1481, #4297, #5380, .T. ) ;
#6820 = CARTESIAN_POINT ( 'NONE',  ( -12.52500000000001634, 59.00000000000000000, -3.999999999999996447 ) ) ;
#6821 = ORIENTED_EDGE ( 'NONE', *, *, #4460, .F. ) ;
#6822 = TOROIDAL_SURFACE ( 'NONE', #7837, 6.275000000000000355, 0.2000000000000000111 ) ;
#6823 = CARTESIAN_POINT ( 'NONE',  ( -0.1903814225755473544, -0.3066914228452288782, -0.01690487344975510897 ) ) ;
#6824 = CARTESIAN_POINT ( 'NONE',  ( 0.1494552465624021664, 0.8610789751755110188, -0.006944503301090088065 ) ) ;
#6825 = ORIENTED_EDGE ( 'NONE', *, *, #1823, .F. ) ;
#6826 = CARTESIAN_POINT ( 'NONE',  ( -0.2291401384216032455, 0.1002011349465342649, -1.099999999999996758 ) ) ;
#6827 = CARTESIAN_POINT ( 'NONE',  ( 0.1484526392520178484, 0.4461748084015644267, -0.02848600086196258901 ) ) ;
#6828 = VERTEX_POINT ( 'NONE', #5642 ) ;
#6829 = EDGE_CURVE ( 'NONE', #5765, #1290, #4628, .T. ) ;
#6830 = CIRCLE ( 'NONE', #6106, 7.500000000000054179 ) ;
#6831 = EDGE_LOOP ( 'NONE', ( #377, #647, #2262, #1533 ) ) ;
#6832 = CARTESIAN_POINT ( 'NONE',  ( -51.00000000000002842, 37.69999999999999574, 8.000000000000000000 ) ) ;
#6833 = FACE_OUTER_BOUND ( 'NONE', #6882, .T. ) ;
#6834 = CARTESIAN_POINT ( 'NONE',  ( -11.50000000000001776, 59.00000000000000000, -16.00000000000000000 ) ) ;
#6835 = AXIS2_PLACEMENT_3D ( 'NONE', #1003, #7864, #3726 ) ;
#6836 = DIRECTION ( 'NONE',  ( 0.6501551545066130977, 0.3098309877324713080, 0.6937600695551763286 ) ) ;
#6837 = ORIENTED_EDGE ( 'NONE', *, *, #5634, .F. ) ;
#6838 = DIRECTION ( 'NONE',  ( 0.4999999999999998335, 0.8660254037844387076, 0.000000000000000000 ) ) ;
#6839 = VERTEX_POINT ( 'NONE', #4924 ) ;
#6840 = DIRECTION ( 'NONE',  ( 3.428155301009279818E-32, -8.955574241400646717E-33, -1.000000000000000000 ) ) ;
#6841 = CARTESIAN_POINT ( 'NONE',  ( 1.189627661050844720, 0.1388928851894927208, -0.1855446092705256844 ) ) ;
#6842 = CIRCLE ( 'NONE', #8008, 0.7834936490538917386 ) ;
#6843 = EDGE_CURVE ( 'NONE', #5951, #2915, #2241, .T. ) ;
#6844 = DIRECTION ( 'NONE',  ( 0.4999999999999996669, -0.8660254037844388186, 0.000000000000000000 ) ) ;
#6845 = ORIENTED_EDGE ( 'NONE', *, *, #7896, .F. ) ;
#6846 = CARTESIAN_POINT ( 'NONE',  ( 0.5481978627190648989, -0.6230197438264925003, -0.08834831416673662174 ) ) ;
#6847 = CARTESIAN_POINT ( 'NONE',  ( 0.5351777788734812802, 0.1587605666194713827, -0.04004804279064777539 ) ) ;
#6848 = EDGE_LOOP ( 'NONE', ( #8, #6495 ) ) ;
#6849 = CARTESIAN_POINT ( 'NONE',  ( 0.2097430909579825475, -0.1360788281502128827, -1.099999999999996758 ) ) ;
#6850 = AXIS2_PLACEMENT_3D ( 'NONE', #8983, #8260, #6941 ) ;
#6851 = CARTESIAN_POINT ( 'NONE',  ( 0.3039668737107176222, 0.1851906122637275720, 0.000000000000000000 ) ) ;
#6852 = VERTEX_POINT ( 'NONE', #5014 ) ;
#6853 = CARTESIAN_POINT ( 'NONE',  ( 0.1499970567476680006, -0.4206422842372298243, -5.595407092523485559E-05 ) ) ;
#6854 =( LENGTH_UNIT ( ) NAMED_UNIT ( * ) SI_UNIT ( .MILLI., .METRE. ) );
#6855 = VERTEX_POINT ( 'NONE', #2966 ) ;
#6856 = DIRECTION ( 'NONE',  ( -1.000000000000000000, 0.000000000000000000, 0.000000000000000000 ) ) ;
#6857 = CARTESIAN_POINT ( 'NONE',  ( 0.8350642389451101710, -0.8587652181180488453, -0.1855846815800171745 ) ) ;
#6858 = VERTEX_POINT ( 'NONE', #236 ) ;
#6859 = CARTESIAN_POINT ( 'NONE',  ( 0.2080235751308057157, 0.1386585453183597494, -1.099999999999996758 ) ) ;
#6860 = CARTESIAN_POINT ( 'NONE',  ( 99.99999999999995737, 4.499999999999997335, -12.00000000000001066 ) ) ;
#6861 = LINE ( 'NONE', #767, #7621 ) ;
#6862 = CARTESIAN_POINT ( 'NONE',  ( 647.5351167088795137, 824.9133518147726818, 1289.997362610962227 ) ) ;
#6863 = ORIENTED_EDGE ( 'NONE', *, *, #7176, .F. ) ;
#6864 = EDGE_CURVE ( 'NONE', #2714, #1297, #7690, .T. ) ;
#6865 = CARTESIAN_POINT ( 'NONE',  ( 648.8958811877648714, 816.3897407887329791, 1305.339270129951501 ) ) ;
#6866 = CARTESIAN_POINT ( 'NONE',  ( 0.1318513288453074250, 0.2124034535542218549, -1.099999999999996758 ) ) ;
#6867 = ORIENTED_EDGE ( 'NONE', *, *, #6395, .F. ) ;
#6868 = DIRECTION ( 'NONE',  ( 0.000000000000000000, -3.469446951953613696E-16, -1.000000000000000000 ) ) ;
#6869 = CARTESIAN_POINT ( 'NONE',  ( 0.2262728214071849098, -0.1063043286627096684, -1.099999999999996758 ) ) ;
#6870 = TOROIDAL_SURFACE ( 'NONE', #3251, 6.100000000000000533, 0.05000000000000000278 ) ;
#6871 = EDGE_LOOP ( 'NONE', ( #8213, #8866, #4410, #7918 ) ) ;
#6872 = EDGE_CURVE ( 'NONE', #3406, #5659, #7558, .T. ) ;
#6873 = ORIENTED_EDGE ( 'NONE', *, *, #5876, .F. ) ;
#6875 = AXIS2_PLACEMENT_3D ( 'NONE', #2234, #1350, #3049 ) ;
#6874 = CARTESIAN_POINT ( 'NONE',  ( 646.6135301248077667, 827.4905830956387263, 1303.893779532351346 ) ) ;
#6876 = PLANE ( 'NONE',  #6144 ) ;
#6877 = CARTESIAN_POINT ( 'NONE',  ( -0.8361759912694083363, 0.8575050536983319649, -0.1855446092705256844 ) ) ;
#6878 = EDGE_CURVE ( 'NONE', #8874, #6555, #922, .T. ) ;
#6879 = CARTESIAN_POINT ( 'NONE',  ( -0.5514955263831917698, 0.5027665893354734683, -0.07143181335578818736 ) ) ;
#6880 = ORIENTED_EDGE ( 'NONE', *, *, #6254, .F. ) ;
#6881 = CARTESIAN_POINT ( 'NONE',  ( 0.1615731425277031064, -0.2602832582350722568, -0.5500000000000018208 ) ) ;
#6882 = EDGE_LOOP ( 'NONE', ( #2707, #1953, #2224, #7478 ) ) ;
#6883 = FACE_OUTER_BOUND ( 'NONE', #3036, .T. ) ;
#6884 = AXIS2_PLACEMENT_3D ( 'NONE', #3594, #7639, #777 ) ;
#6885 = CARTESIAN_POINT ( 'NONE',  ( 2.394627985313250592E-17, -2.092771362693152337, -1.599999999999997202 ) ) ;
#6886 = EDGE_CURVE ( 'NONE', #2470, #3648, #6688, .T. ) ;
#6887 = AXIS2_PLACEMENT_3D ( 'NONE', #2201, #6381, #5695 ) ;
#6888 = VECTOR ( 'NONE', #3287, 1000.000000000000000 ) ;
#6889 =( LENGTH_UNIT ( ) NAMED_UNIT ( * ) SI_UNIT ( .MILLI., .METRE. ) );
#6890 = EDGE_CURVE ( 'NONE', #3554, #6625, #6391, .T. ) ;
#6891 = CARTESIAN_POINT ( 'NONE',  ( -12.52500000000001634, 59.00000000000000000, 3.999999999999996447 ) ) ;
#6892 = EDGE_LOOP ( 'NONE', ( #8060, #5389, #1308, #7432 ) ) ;
#6893 = CARTESIAN_POINT ( 'NONE',  ( 0.3280435550834029379, -0.1622460825474458801, -0.01736885944623317579 ) ) ;
#6894 = AXIS2_PLACEMENT_3D ( 'NONE', #7503, #7365, #6684 ) ;
#6895 = CARTESIAN_POINT ( 'NONE',  ( 0.8885889698817718285, -0.1520489778466320996, -0.1042718349897315128 ) ) ;
#6896 = CARTESIAN_POINT ( 'NONE',  ( -10.75000000000003730, 44.00000000000001421, 8.700000000000008171 ) ) ;
#6897 = ORIENTED_EDGE ( 'NONE', *, *, #5786, .T. ) ;
#6898 = LINE ( 'NONE', #2892, #7454 ) ;
#6899 = VECTOR ( 'NONE', #2264, 1000.000000000000000 ) ;
#6900 = DIRECTION ( 'NONE',  ( 1.000000000000000000, 1.174552353525962019E-15, 0.000000000000000000 ) ) ;
#6901 = EDGE_LOOP ( 'NONE', ( #8358, #4123, #7243, #4542 ) ) ;
#6902 = PLANE ( 'NONE',  #2060 ) ;
#6903 = DIRECTION ( 'NONE',  ( 0.08803429357919508036, -0.9376491420330606008, 0.3362499808158768699 ) ) ;
#6904 = CARTESIAN_POINT ( 'NONE',  ( 0.9089847619943441925, -0.9456877939120339471, -0.07554460927052669694 ) ) ;
#6905 = B_SPLINE_CURVE_WITH_KNOTS ( 'NONE', 3,
 ( #6402, #7670, #4172, #6942, #119, #2263, #5536, #5033, #4256, #3581, #8305, #2086, #4855, #4901, #1412, #3538, #722, #3494, #28, #8348, #6303, #75, #2847, #7306, #1726, #3756, #4534, #3672, #8617, #5223 ),
 .UNSPECIFIED., .F., .F.,
 ( 4, 2, 2, 1, 2, 2, 2, 1, 1, 2, 2, 2, 1, 1, 1, 2, 2, 4 ),
 ( 0.000000000000000000, 0.06250000000000098532, 0.07812500000000111022, 0.09375000000000122125, 0.1250000000000014710, 0.1406250000000015821, 0.1562500000000016931, 0.1875000000000019151, 0.2187500000000021649, 0.2343750000000021927, 0.2500000000000022204, 0.3750000000000033307, 0.4375000000000037192, 0.4687500000000039413, 0.4843750000000040523, 0.4921875000000039413, 0.5000000000000037748, 1.000000000000000000 ),
 .UNSPECIFIED. ) ;
#6906 = DIRECTION ( 'NONE',  ( 0.1610798504276475807, 0.3465180766741972063, 0.9241095737650496522 ) ) ;
#6907 = EDGE_LOOP ( 'NONE', ( #6789, #1925 ) ) ;
#6908 = CARTESIAN_POINT ( 'NONE',  ( 1.196288096311275195, 0.05830968922698742674, -0.1855446123991202900 ) ) ;
#6909 = ADVANCED_FACE ( 'NONE', ( #879 ), #787, .F. ) ;
#6910 = DIRECTION ( 'NONE',  ( -1.000000000000000000, 0.000000000000000000, 0.000000000000000000 ) ) ;
#6911 = VECTOR ( 'NONE', #1722, 1000.000000000000000 ) ;
#6912 = DIRECTION ( 'NONE',  ( -1.000000000000000000, 0.000000000000000000, -0.000000000000000000 ) ) ;
#6913 = VERTEX_POINT ( 'NONE', #186 ) ;
#6914 = B_SPLINE_CURVE_WITH_KNOTS ( 'NONE', 3,
 ( #8851, #7453, #8175, #7314 ),
 .UNSPECIFIED., .F., .F.,
 ( 4, 4 ),
 ( 0.000000000000000000, 1.000000000000000000 ),
 .UNSPECIFIED. ) ;
#6915 = PLANE ( 'NONE',  #2542 ) ;
#6916 = CARTESIAN_POINT ( 'NONE',  ( 0.1445189134468576331, 0.7456662662513476869, -0.07401953042712461350 ) ) ;
#6917 = AXIS2_PLACEMENT_3D ( 'NONE', #8353, #7674, #6989 ) ;
#6918 = ORIENTED_EDGE ( 'NONE', *, *, #25, .F. ) ;
#6919 = AXIS2_PLACEMENT_3D ( 'NONE', #6601, #5963, #7916 ) ;
#6920 = EDGE_CURVE ( 'NONE', #1279, #1481, #6830, .T. ) ;
#6921 = ORIENTED_EDGE ( 'NONE', *, *, #3827, .F. ) ;
#6922 = CARTESIAN_POINT ( 'NONE',  ( -0.1909196776041927057, -0.3075585148038101346, -0.006944503301090088065 ) ) ;
#6923 = CARTESIAN_POINT ( 'NONE',  ( 0.000000000000000000, 0.000000000000000000, 0.000000000000000000 ) ) ;
#6924 = ADVANCED_FACE ( 'NONE', ( #2872 ), #5889, .F. ) ;
#6925 = CARTESIAN_POINT ( 'NONE',  ( 652.9419002082286170, 763.7066815776864814, 1319.356980345531156 ) ) ;
#6926 = CARTESIAN_POINT ( 'NONE',  ( -0.4044511169923436511, 0.3248851877449370207, -0.03461362789770798531 ) ) ;
#6927 = VERTEX_POINT ( 'NONE', #7578 ) ;
#6928 = ORIENTED_EDGE ( 'NONE', *, *, #507, .F. ) ;
#6929 = LINE ( 'NONE', #7010, #7106 ) ;
#6930 = DIRECTION ( 'NONE',  ( -0.000000000000000000, -0.000000000000000000, -1.000000000000000000 ) ) ;
#6931 = CARTESIAN_POINT ( 'NONE',  ( 0.2846881726100009002, 0.1337482110282534054, -0.5500000000000018208 ) ) ;
#6932 = CARTESIAN_POINT ( 'NONE',  ( 0.000000000000000000, 0.000000000000000000, 1.599999999999997202 ) ) ;
#6933 = ORIENTED_EDGE ( 'NONE', *, *, #2934, .T. ) ;
#6934 = DIRECTION ( 'NONE',  ( -0.08803429357919534404, 0.9376491420330603788, -0.3362499808158775916 ) ) ;
#6935 = CARTESIAN_POINT ( 'NONE',  ( 0.8192915663351431066, -0.1538679449659811627, -0.08915171368534763330 ) ) ;
#6936 = DIRECTION ( 'NONE',  ( 0.08481502208364284645, 0.05653362882484315455, -0.9947916167926055264 ) ) ;
#6937 = ORIENTED_EDGE ( 'NONE', *, *, #4937, .T. ) ;
#6938 = CARTESIAN_POINT ( 'NONE',  ( -0.02249955031902173275, -0.2490262372639856503, -1.099999999999996758 ) ) ;
#6939 = LINE ( 'NONE', #8941, #8532 ) ;
#6940 = ORIENTED_EDGE ( 'NONE', *, *, #5805, .T. ) ;
#6941 = DIRECTION ( 'NONE',  ( -0.6501551545065398230, -0.3098309877324870731, -0.6937600695552380570 ) ) ;
#6942 = CARTESIAN_POINT ( 'NONE',  ( -0.1489051610435693784, 0.3448632281105382114, -0.01828103526044775815 ) ) ;
#6943 = FACE_OUTER_BOUND ( 'NONE', #7688, .T. ) ;
#6944 = EDGE_CURVE ( 'NONE', #3830, #5112, #8808, .T. ) ;
#6945 = DIRECTION ( 'NONE',  ( 0.6501551545066212023, 0.3098309877324741390, 0.6937600695551675578 ) ) ;
#6946 = VERTEX_POINT ( 'NONE', #5355 ) ;
#6947 = EDGE_CURVE ( 'NONE', #8545, #1514, #1263, .T. ) ;
#6948 = CARTESIAN_POINT ( 'NONE',  ( 1.194135603941166801, -0.1002820265453979731, -0.1855446092705118066 ) ) ;
#6949 =( LENGTH_UNIT ( ) NAMED_UNIT ( * ) SI_UNIT ( .MILLI., .METRE. ) );
#6950 = CARTESIAN_POINT ( 'NONE',  ( 0.1106175492958383355, 0.2242159673608024040, -1.099999999999996758 ) ) ;
#6951 = ORIENTED_EDGE ( 'NONE', *, *, #2428, .T. ) ;
#6952 = CARTESIAN_POINT ( 'NONE',  ( -0.1732444538684249635, 0.1802397270410371899, -1.099999999999996758 ) ) ;
#6953 = CARTESIAN_POINT ( 'NONE',  ( -2.000000000000029310, 61.00000000000000000, -4.000000000000003553 ) ) ;
#6954 = ORIENTED_EDGE ( 'NONE', *, *, #6380, .T. ) ;
#6955 = VECTOR ( 'NONE', #8861, 1000.000000000000227 ) ;
#6956 = ORIENTED_EDGE ( 'NONE', *, *, #1091, .F. ) ;
#6957 = CARTESIAN_POINT ( 'NONE',  ( -58.07025870089196928, -22.86473448054507429, 7.945869359040284685 ) ) ;
#6958 = DIRECTION ( 'NONE',  ( 1.000000000000000000, 2.775557561562894802E-16, 0.000000000000000000 ) ) ;
#6959 = CARTESIAN_POINT ( 'NONE',  ( -1.154700538379252350, 1.999999999999890754, 1.599999999999997202 ) ) ;
#6960 = CARTESIAN_POINT ( 'NONE',  ( -1.154700538379224817, -2.000000000000112799, 1.480000000000002203 ) ) ;
#6961 = CARTESIAN_POINT ( 'NONE',  ( -40.00000000000003553, 42.69999999999999574, 4.000000000000003553 ) ) ;
#6962 = ORIENTED_EDGE ( 'NONE', *, *, #227, .T. ) ;
#6963 = AXIS2_PLACEMENT_3D ( 'NONE', #7254, #5794, #1024 ) ;
#6964 = EDGE_LOOP ( 'NONE', ( #1526, #7273, #5500, #2827 ) ) ;
#6965 = CARTESIAN_POINT ( 'NONE',  ( 0.1487386123792656667, -0.3993128751437546864, -0.02344718124826316100 ) ) ;
#6966 = PRODUCT_DEFINITION_SHAPE ( 'NONE', 'NONE',  #898 ) ;
#6967 = CARTESIAN_POINT ( 'NONE',  ( -0.2846881726099870225, -0.1337482110281562608, -0.5500000000000018208 ) ) ;
#6968 = VECTOR ( 'NONE', #2613, 1000.000000000000114 ) ;
#6969 = ADVANCED_FACE ( 'NONE', ( #2625 ), #5251, .F. ) ;
#6970 = CARTESIAN_POINT ( 'NONE',  ( 0.7837155174636958321, 0.7902750678592443956, -0.1587879453398168550 ) ) ;
#6971 = DIRECTION ( 'NONE',  ( -0.6501551545065580306, -0.3098309877324584294, -0.6937600695552338381 ) ) ;
#6972 = ORIENTED_EDGE ( 'NONE', *, *, #4319, .T. ) ;
#6973 = CARTESIAN_POINT ( 'NONE',  ( 1.154700538379252350, -2.000000000000001776, 0.1199999999999951106 ) ) ;
#6974 = AXIS2_PLACEMENT_3D ( 'NONE', #1914, #7502, #4683 ) ;
#6975 = ADVANCED_FACE ( 'NONE', ( #7448 ), #8170, .F. ) ;
#6976 = CARTESIAN_POINT ( 'NONE',  ( 2.309401076758504701, 0.000000000000000000, 1.599999999999997202 ) ) ;
#6977 = CARTESIAN_POINT ( 'NONE',  ( -19.50000000000003197, 32.50000000000000000, 9.999999999999994671 ) ) ;
#6978 =( NAMED_UNIT ( * ) SI_UNIT ( $, .STERADIAN. ) SOLID_ANGLE_UNIT ( ) );
#6979 = ORIENTED_EDGE ( 'NONE', *, *, #6872, .T. ) ;
#6980 = CARTESIAN_POINT ( 'NONE',  ( -6.938893903907228378E-15, -0.2501218099538043971, -1.099999999999996758 ) ) ;
#6981 = DIRECTION ( 'NONE',  ( -3.428155301009279818E-32, 8.955574241400646717E-33, 1.000000000000000000 ) ) ;
#6982 = LINE ( 'NONE', #4900, #6123 ) ;
#6983 = EDGE_CURVE ( 'NONE', #1882, #1103, #3348, .T. ) ;
#6984 = PLANE ( 'NONE',  #4664 ) ;
#6985 = DIRECTION ( 'NONE',  ( 0.000000000000000000, 0.000000000000000000, 1.000000000000000000 ) ) ;
#6986 = AXIS2_PLACEMENT_3D ( 'NONE', #3670, #1630, #117 ) ;
#6987 = CARTESIAN_POINT ( 'NONE',  ( 0.8001704588754404712, 0.7935384897186925635, -0.005503671348411343089 ) ) ;
#6988 = EDGE_LOOP ( 'NONE', ( #3952, #8231, #6285, #6446, #6109, #4311, #8155, #2591, #7171, #4385, #7977, #1392, #1911, #7359, #8352, #5003, #8320, #8549, #5947, #257, #5212, #5944, #2609, #233, #576, #6504, #4826, #5996 ) ) ;
#6989 = DIRECTION ( 'NONE',  ( 0.000000000000000000, 1.000000000000000000, -3.469446951953613696E-16 ) ) ;
#6990 = VECTOR ( 'NONE', #8515, 999.9999999999998863 ) ;
#6991 = CARTESIAN_POINT ( 'NONE',  ( -0.5651880915511068304, 0.6378153712870995307, -0.09320693467567688073 ) ) ;
#6992 = CARTESIAN_POINT ( 'NONE',  ( 0.006198299983575100702, -2.787645556184909168, 8.000000000000000000 ) ) ;
#6993 = ORIENTED_EDGE ( 'NONE', *, *, #5798, .F. ) ;
#6994 = CARTESIAN_POINT ( 'NONE',  ( 647.5934602860418181, 830.4370494986450240, 1300.390882230521584 ) ) ;
#6995 = CARTESIAN_POINT ( 'NONE',  ( -39.28047365029421911, 43.20789564955592965, 7.917844878916328710 ) ) ;
#6996 = VERTEX_POINT ( 'NONE', #7403 ) ;
#6997 = EDGE_CURVE ( 'NONE', #177, #8079, #8417, .T. ) ;
#6998 = ADVANCED_FACE ( 'NONE', ( #4075 ), #4714, .F. ) ;
#6999 = B_SPLINE_CURVE_WITH_KNOTS ( 'NONE', 3,
 ( #7623, #1574, #6213, #8298 ),
 .UNSPECIFIED., .F., .F.,
 ( 4, 4 ),
 ( 0.000000000000000000, 1.000000000000000000 ),
 .UNSPECIFIED. ) ;
#7000 = ORIENTED_EDGE ( 'NONE', *, *, #6365, .T. ) ;
#7001 = CARTESIAN_POINT ( 'NONE',  ( -59.81474252150936621, -23.69955136502172621, 7.505659503898610474 ) ) ;
#7002 = CARTESIAN_POINT ( 'NONE',  ( -0.2080235751308057157, 0.1386585453183458716, -1.099999999999996758 ) ) ;
#7003 = DIRECTION ( 'NONE',  ( 0.07765672251501591627, 0.7154165806567363006, -0.6943691738330909358 ) ) ;
#7004 = EDGE_LOOP ( 'NONE', ( #6450, #5833, #3864, #323 ) ) ;
#7005 = CARTESIAN_POINT ( 'NONE',  ( -0.4572627022201200542, 0.3885240701965552157, -0.04612237365631599584 ) ) ;
#7006 = CARTESIAN_POINT ( 'NONE',  ( -0.2262728214071849098, -0.1063043286626957906, -1.099999999999996758 ) ) ;
#7007 = EDGE_CURVE ( 'NONE', #541, #2283, #2032, .T. ) ;
#7008 = ORIENTED_EDGE ( 'NONE', *, *, #3030, .F. ) ;
#7009 = EDGE_LOOP ( 'NONE', ( #106, #8516, #8020, #914 ) ) ;
#7010 = CARTESIAN_POINT ( 'NONE',  ( -19.50000000000003197, 32.69999999999999574, 9.999999999999994671 ) ) ;
#7011 = TOROIDAL_SURFACE ( 'NONE', #3825, 1.857443727270239986, 0.1499999999999999944 ) ;
#7012 = CARTESIAN_POINT ( 'NONE',  ( 66.49534884672320345, 0.3601997724940186885, 0.000000000000000000 ) ) ;
#7013 = EDGE_CURVE ( 'NONE', #4818, #586, #3946, .T. ) ;
#7014 = CARTESIAN_POINT ( 'NONE',  ( 0.7312302920925146665, -0.7230133619979334236, -0.1320186572509452760 ) ) ;
#7015 = VECTOR ( 'NONE', #3761, 1000.000000000000000 ) ;
#7016 = CARTESIAN_POINT ( 'NONE',  ( -54.70522151952335577, -17.09815470596434750, 8.000000000000000000 ) ) ;
#7017 = ORIENTED_EDGE ( 'NONE', *, *, #8658, .F. ) ;
#7018 = CARTESIAN_POINT ( 'NONE',  ( 0.3046041416110631395, -0.1820468759046456331, -0.01634261529886993358 ) ) ;
#7019 = CARTESIAN_POINT ( 'NONE',  ( 0.7942275935003293430, -0.1544503289998069573, -0.08400489824619987445 ) ) ;
#7020 = ADVANCED_FACE ( 'NONE', ( #6715, #8212 ), #1991, .F. ) ;
#7021 = VECTOR ( 'NONE', #3301, 1000.000000000000000 ) ;
#7022 = LINE ( 'NONE', #112, #5564 ) ;
#7023 = VECTOR ( 'NONE', #2816, 1000.000000000000000 ) ;
#7024 = EDGE_LOOP ( 'NONE', ( #6216, #5052 ) ) ;
#7025 = FACE_OUTER_BOUND ( 'NONE', #5688, .T. ) ;
#7026 = CARTESIAN_POINT ( 'NONE',  ( 66.49534884672320345, 0.3601997724940186885, 4.749999999999997335 ) ) ;
#7027 = EDGE_CURVE ( 'NONE', #5928, #6406, #6999, .T. ) ;
#7028 = CARTESIAN_POINT ( 'NONE',  ( -0.2249545328356916674, 0.1091103562088635570, -1.099999999999996758 ) ) ;
#7029 = FACE_OUTER_BOUND ( 'NONE', #254, .T. ) ;
#7030 = FACE_OUTER_BOUND ( 'NONE', #6744, .T. ) ;
#7031 = CARTESIAN_POINT ( 'NONE',  ( 0.2483133094921333162, 0.02899138370390796915, -1.099999999999996758 ) ) ;
#7032 = AXIS2_PLACEMENT_3D ( 'NONE', #7220, #211, #7942 ) ;
#7033 = ORIENTED_EDGE ( 'NONE', *, *, #3897, .F. ) ;
#7034 = CARTESIAN_POINT ( 'NONE',  ( -1.189627661050837837, -0.1388928851894094540, -0.1855446092705256844 ) ) ;
#7035 = CARTESIAN_POINT ( 'NONE',  ( -10.75000000000003730, 44.00000000000001421, 6.999999999999999112 ) ) ;
#7036 = CARTESIAN_POINT ( 'NONE',  ( 0.2483133094921610717, -0.02899138370379694685, -1.099999999999996758 ) ) ;
#7037 = ORIENTED_EDGE ( 'NONE', *, *, #925, .F. ) ;
#7038 = CARTESIAN_POINT ( 'NONE',  ( -56.07101043356151138, -21.90800092411834754, 8.000000000000000000 ) ) ;
#7039 = CARTESIAN_POINT ( 'NONE',  ( -6.938893903907228378E-15, -0.2501218099538043971, -1.099999999999996758 ) ) ;
#7040 = DIRECTION ( 'NONE',  ( -1.020425574104004122E-16, -1.000000000000000000, 0.000000000000000000 ) ) ;
#7041 = CARTESIAN_POINT ( 'NONE',  ( -0.2846881726099800836, 0.1337482110282256498, -0.5500000000000018208 ) ) ;
#7042 = VERTEX_POINT ( 'NONE', #1402 ) ;
#7043 = EDGE_CURVE ( 'NONE', #8418, #8777, #292, .T. ) ;
#7044 = EDGE_CURVE ( 'NONE', #1481, #2322, #2933, .T. ) ;
#7045 =( LENGTH_UNIT ( ) NAMED_UNIT ( * ) SI_UNIT ( .MILLI., .METRE. ) );
#7046 = AXIS2_PLACEMENT_3D ( 'NONE', #252, #2440, #2488 ) ;
#7047 = VERTEX_POINT ( 'NONE', #6294 ) ;
#7048 = CARTESIAN_POINT ( 'NONE',  ( -10.47500000000001741, 59.00000000000000000, -16.00000000000000000 ) ) ;
#7049 = DIRECTION ( 'NONE',  ( 1.000000000000000000, 2.775557561562894802E-16, 0.000000000000000000 ) ) ;
#7050 = CARTESIAN_POINT ( 'NONE',  ( 0.01351552776398395883, 0.2497563872750768743, -1.099999999999996758 ) ) ;
#7051 = VERTEX_POINT ( 'NONE', #1485 ) ;
#7052 = CARTESIAN_POINT ( 'NONE',  ( -38.49999999999938183, 44.00000000000000711, 8.000000000000000000 ) ) ;
#7053 = DIRECTION ( 'NONE',  ( 0.000000000000000000, -1.000000000000000000, 0.000000000000000000 ) ) ;
#7054 = EDGE_CURVE ( 'NONE', #6664, #8552, #5814, .T. ) ;
#7055 = ORIENTED_EDGE ( 'NONE', *, *, #8054, .T. ) ;
#7056 = EDGE_LOOP ( 'NONE', ( #8471, #2941, #1127, #5591 ) ) ;
#7057 = ADVANCED_FACE ( 'NONE', ( #715 ), #3787, .F. ) ;
#7058 = CIRCLE ( 'NONE', #7211, 3.499999999999996003 ) ;
#7059 = CARTESIAN_POINT ( 'NONE',  ( -69.52050424064245249, -12.97418753811105319, 0.000000000000000000 ) ) ;
#7060 = CARTESIAN_POINT ( 'NONE',  ( 0.5771739589224381684, 0.5341153654311127097, -0.07935066120120363997 ) ) ;
#7061 = CONICAL_SURFACE ( 'NONE', #548, 6.662717692106524758, 0.2617993877991466878 ) ;
#7062 = CARTESIAN_POINT ( 'NONE',  ( 0.7598443660428630952, 0.1552180122304925303, -0.07717157839192063939 ) ) ;
#7063 = ORIENTED_EDGE ( 'NONE', *, *, #3218, .F. ) ;
#7064 = DIRECTION ( 'NONE',  ( -0.6501551545066227566, -0.3098309877324679773, -0.6937600695551688901 ) ) ;
#7065 = DIRECTION ( 'NONE',  ( 0.4999999999999996669, -0.8660254037844388186, 0.000000000000000000 ) ) ;
#7066 = AXIS2_PLACEMENT_3D ( 'NONE', #6925, #741, #1513 ) ;
#7067 = CARTESIAN_POINT ( 'NONE',  ( 26.99999999999996803, 52.49999999999999289, 0.000000000000000000 ) ) ;
#7068 = ORIENTED_EDGE ( 'NONE', *, *, #7136, .T. ) ;
#7069 = CARTESIAN_POINT ( 'NONE',  ( 0.000000000000000000, 0.000000000000000000, 0.000000000000000000 ) ) ;
#7070 = DIRECTION ( 'NONE',  ( 0.000000000000000000, 0.000000000000000000, 1.000000000000000000 ) ) ;
#7071 = CARTESIAN_POINT ( 'NONE',  ( 652.9463019229075371, 763.6597991205861717, 1319.373792844571881 ) ) ;
#7072 = ADVANCED_FACE ( 'NONE', ( #8429 ), #2795, .F. ) ;
#7073 = DIRECTION ( 'NONE',  ( -0.08803429357919534404, 0.9376491420330603788, -0.3362499808158775916 ) ) ;
#7074 = LINE ( 'NONE', #1539, #2825 ) ;
#7075 = B_SPLINE_SURFACE_WITH_KNOTS ( 'NONE', 3, 1, ( 
 ( #8835, #2610 ),
 ( #8156, #4698 ),
 ( #8198, #7479 ),
 ( #6592, #4365 ),
 ( #3683, #4317 ),
 ( #4408, #7866 ),
 ( #365, #1646 ) ),
 .UNSPECIFIED., .F., .F., .F.,
 ( 4, 1, 1, 1, 4 ),
 ( 2, 2 ),
 ( 0.000000000000000000, 0.2500000000000000000, 0.5000000000000000000, 0.7500000000000000000, 1.000000000000000000 ),
 ( 0.000000000000000000, 1.000000000000000000 ),
 .UNSPECIFIED. ) ;
#7076 = AXIS2_PLACEMENT_3D ( 'NONE', #4210, #6981, #2040 ) ;
#7077 = CARTESIAN_POINT ( 'NONE',  ( 53.85925382924440186, -1.434450794419367403, 0.000000000000000000 ) ) ;
#7078 = VERTEX_POINT ( 'NONE', #5611 ) ;
#7079 = LINE ( 'NONE', #7175, #8802 ) ;
#7080 = AXIS2_PLACEMENT_3D ( 'NONE', #8071, #8236, #1847 ) ;
#7081 = CARTESIAN_POINT ( 'NONE',  ( -0.7644888956940162350, 0.8088890057096723707, -0.1587879453404012486 ) ) ;
#7082 = ORIENTED_EDGE ( 'NONE', *, *, #4805, .F. ) ;
#7083 = LINE ( 'NONE', #1500, #7635 ) ;
#7084 = EDGE_CURVE ( 'NONE', #7330, #4964, #8384, .T. ) ;
#7085 = DIRECTION ( 'NONE',  ( 1.000000000000000000, -1.020425574104004246E-16, 0.000000000000000000 ) ) ;
#7086 = CARTESIAN_POINT ( 'NONE',  ( 646.1333838053667478, 781.9643478373196785, 1306.773092744951100 ) ) ;
#7087 = VERTEX_POINT ( 'NONE', #4936 ) ;
#7088 = CARTESIAN_POINT ( 'NONE',  ( 648.0776489007258760, 825.2799792174622553, 1302.240257125010430 ) ) ;
#7089 = ORIENTED_EDGE ( 'NONE', *, *, #724, .T. ) ;
#7090 = VECTOR ( 'NONE', #1607, 1000.000000000000000 ) ;
#7091 = FILL_AREA_STYLE ('',( #5051 ) ) ;
#7092 = ORIENTED_EDGE ( 'NONE', *, *, #3456, .T. ) ;
#7093 = CARTESIAN_POINT ( 'NONE',  ( -11.50000000000001776, 59.00000000000000000, -3.999999999999996447 ) ) ;
#7094 = CARTESIAN_POINT ( 'NONE',  ( -266.3373459811442672, 55.99999999999999289, 3.999999999999996447 ) ) ;
#7095 = ORIENTED_EDGE ( 'NONE', *, *, #8904, .T. ) ;
#7096 = DIRECTION ( 'NONE',  ( -0.1054859255419168806, 0.04955792051542522170, -0.9931851448882790256 ) ) ;
#7097 = VECTOR ( 'NONE', #7239, 1000.000000000000114 ) ;
#7098 = DIRECTION ( 'NONE',  ( 0.08803429357919559384, -0.9376491420330599347, 0.3362499808158784242 ) ) ;
#7099 = VERTEX_POINT ( 'NONE', #6390 ) ;
#7100 = EDGE_CURVE ( 'NONE', #2051, #2654, #1757, .T. ) ;
#7101 = VERTEX_POINT ( 'NONE', #2435 ) ;
#7102 = CIRCLE ( 'NONE', #4198, 6.997700000000444120 ) ;
#7103 = VECTOR ( 'NONE', #2866, 1000.000000000000000 ) ;
#7104 = CARTESIAN_POINT ( 'NONE',  ( 649.5077806607630464, 823.0045959119962617, 1292.113629164231043 ) ) ;
#7105 = ORIENTED_EDGE ( 'NONE', *, *, #4727, .F. ) ;
#7106 = VECTOR ( 'NONE', #3388, 1000.000000000000000 ) ;
#7107 = LINE ( 'NONE', #4199, #3173 ) ;
#7108 = CARTESIAN_POINT ( 'NONE',  ( 1.019599786745171377, 0.1487793371939660214, -0.1325942090173451160 ) ) ;
#7109 = ORIENTED_EDGE ( 'NONE', *, *, #5783, .F. ) ;
#7110 = CARTESIAN_POINT ( 'NONE',  ( -19.50000000000003197, 32.50000000000000000, -11.99999999999999645 ) ) ;
#7111 = B_SPLINE_CURVE_WITH_KNOTS ( 'NONE', 3,
 ( #1284, #6826, #1838, #8146, #8785, #1880, #4734 ),
 .UNSPECIFIED., .F., .F.,
 ( 4, 1, 1, 1, 4 ),
 ( 0.000000000000000000, 0.2500000000000000000, 0.5000000000000000000, 0.7500000000000000000, 1.000000000000000000 ),
 .UNSPECIFIED. ) ;
#7112 = ADVANCED_FACE ( 'NONE', ( #5170 ), #2980, .F. ) ;
#7113 = EDGE_CURVE ( 'NONE', #3311, #6377, #933, .T. ) ;
#7114 = DIRECTION ( 'NONE',  ( -1.020425574104004122E-16, -1.000000000000000000, 0.000000000000000000 ) ) ;
#7115 = AXIS2_PLACEMENT_3D ( 'NONE', #1007, #3772, #6551 ) ;
#7116 = PLANE ( 'NONE',  #6156 ) ;
#7117 = APPLICATION_PROTOCOL_DEFINITION ( 'draft international standard', 'automotive_design', 1998, #1044 ) ;
#7118 = ORIENTED_EDGE ( 'NONE', *, *, #948, .T. ) ;
#7119 = CARTESIAN_POINT ( 'NONE',  ( -0.1745366508429241348, -0.1789887077792151615, -1.099999999999996758 ) ) ;
#7120 = LINE ( 'NONE', #3752, #5020 ) ;
#7121 = CARTESIAN_POINT ( 'NONE',  ( -1.196764637637445894, 0.06140550424703350441, -0.1855445971994662546 ) ) ;
#7122 = AXIS2_PLACEMENT_3D ( 'NONE', #1227, #5451, #2001 ) ;
#7123 = ORIENTED_EDGE ( 'NONE', *, *, #149, .F. ) ;
#7124 = LINE ( 'NONE', #1080, #8428 ) ;
#7125 = CARTESIAN_POINT ( 'NONE',  ( 644.7150954732527453, 851.3299939006766408, 1287.934419638280815 ) ) ;
#7126 = B_SPLINE_CURVE_WITH_KNOTS ( 'NONE', 3,
 ( #8293, #2792, #5435, #2073, #4843, #5565, #7616 ),
 .UNSPECIFIED., .F., .F.,
 ( 4, 1, 1, 1, 4 ),
 ( 0.000000000000000000, 0.2500000000000000000, 0.5000000000000000000, 0.7500000000000000000, 1.000000000000000000 ),
 .UNSPECIFIED. ) ;
#7127 = EDGE_CURVE ( 'NONE', #1876, #5221, #5215, .T. ) ;
#7128 = ORIENTED_EDGE ( 'NONE', *, *, #7313, .F. ) ;
#7129 = CARTESIAN_POINT ( 'NONE',  ( 69.62140237615138005, 0.8126188716606752571, 4.749999999999997335 ) ) ;
#7130 = VERTEX_POINT ( 'NONE', #5887 ) ;
#7131 = LINE ( 'NONE', #2269, #4597 ) ;
#7132 = SURFACE_STYLE_USAGE ( .BOTH. , #7177 ) ;
#7133 = ORIENTED_EDGE ( 'NONE', *, *, #7264, .F. ) ;
#7134 = AXIS2_PLACEMENT_3D ( 'NONE', #1272, #26, #5450 ) ;
#7135 = LINE ( 'NONE', #3086, #7775 ) ;
#7136 = EDGE_CURVE ( 'NONE', #5592, #7388, #2393, .T. ) ;
#7137 = DIRECTION ( 'NONE',  ( -0.6463286431205078619, -0.2424950178137289247, 0.7235022124482567429 ) ) ;
#7138 = ORIENTED_EDGE ( 'NONE', *, *, #7331, .T. ) ;
#7139 = LINE ( 'NONE', #176, #7919 ) ;
#7140 = ORIENTED_EDGE ( 'NONE', *, *, #7560, .F. ) ;
#7141 = PLANE ( 'NONE',  #4987 ) ;
#7142 = VECTOR ( 'NONE', #243, 1000.000000000000000 ) ;
#7143 = ADVANCED_FACE ( 'NONE', ( #3025 ), #5655, .T. ) ;
#7144 = DIRECTION ( 'NONE',  ( -1.000000000000000000, -2.775557561562894802E-16, 0.000000000000000000 ) ) ;
#7145 = PLANE ( 'NONE',  #824 ) ;
#7146 = DIRECTION ( 'NONE',  ( -0.6501551545066143190, -0.3098309877324747497, -0.6937600695551737751 ) ) ;
#7147 = EDGE_LOOP ( 'NONE', ( #6774, #554, #1627, #5411 ) ) ;
#7148 = DIRECTION ( 'NONE',  ( -3.428155301009279818E-32, 8.955574241400646717E-33, 1.000000000000000000 ) ) ;
#7149 = CARTESIAN_POINT ( 'NONE',  ( 657.7855561093025472, 766.0149224362935456, 1324.525492863711179 ) ) ;
#7150 = EDGE_CURVE ( 'NONE', #8578, #378, #881, .T. ) ;
#7151 = ORIENTED_EDGE ( 'NONE', *, *, #2287, .F. ) ;
#7152 = EDGE_LOOP ( 'NONE', ( #1865, #2250, #1006, #8313 ) ) ;
#7153 = DIRECTION ( 'NONE',  ( 0.2204660187209047384, -0.3108485172154302201, -0.9245366049726327917 ) ) ;
#7154 = DIRECTION ( 'NONE',  ( 0.3779644730092291960, 0.6546536707079800843, -0.6546536707079729789 ) ) ;
#7155 = LINE ( 'NONE', #3021, #3953 ) ;
#7156 = ORIENTED_EDGE ( 'NONE', *, *, #6015, .F. ) ;
#7157 = CARTESIAN_POINT ( 'NONE',  ( 649.6683955281919225, 823.1848972967039799, 1291.087368354111504 ) ) ;
#7158 = DIRECTION ( 'NONE',  ( -1.000000000000000000, 0.000000000000000000, 0.000000000000000000 ) ) ;
#7159 = EDGE_CURVE ( 'NONE', #4653, #2734, #3115, .T. ) ;
#7160 = DIRECTION ( 'NONE',  ( 0.000000000000000000, 0.000000000000000000, -1.000000000000000000 ) ) ;
#7161 = EDGE_CURVE ( 'NONE', #6171, #7309, #145, .T. ) ;
#7162 = CONTEXT_DEPENDENT_SHAPE_REPRESENTATION ( #579, #3131 ) ;
#7163 = DIRECTION ( 'NONE',  ( -0.000000000000000000, -0.000000000000000000, -1.000000000000000000 ) ) ;
#7164 = VECTOR ( 'NONE', #2981, 1000.000000000000000 ) ;
#7165 = LINE ( 'NONE', #8613, #8501 ) ;
#7166 = FACE_OUTER_BOUND ( 'NONE', #8267, .T. ) ;
#7167 = VERTEX_POINT ( 'NONE', #6485 ) ;
#7168 = DIRECTION ( 'NONE',  ( -0.08803429357919559384, 0.9376491420330599347, -0.3362499808158784242 ) ) ;
#7169 = DIRECTION ( 'NONE',  ( 0.000000000000000000, 0.000000000000000000, -1.000000000000000000 ) ) ;
#7170 = VECTOR ( 'NONE', #2660, 1000.000000000000000 ) ;
#7171 = ORIENTED_EDGE ( 'NONE', *, *, #4839, .T. ) ;
#7172 = AXIS2_PLACEMENT_3D ( 'NONE', #4869, #3549, #1423 ) ;
#7173 = LINE ( 'NONE', #3718, #7015 ) ;
#7174 = ORIENTED_EDGE ( 'NONE', *, *, #1698, .T. ) ;
#7175 = CARTESIAN_POINT ( 'NONE',  ( 31.99999999999995737, 0.000000000000000000, -11.99999999999999645 ) ) ;
#7176 = EDGE_CURVE ( 'NONE', #1596, #7078, #5931, .T. ) ;
#7177 = SURFACE_SIDE_STYLE ('',( #2317 ) ) ;
#7178 = VECTOR ( 'NONE', #1110, 1000.000000000000000 ) ;
#7179 = VERTEX_POINT ( 'NONE', #2483 ) ;
#7180 = ADVANCED_FACE ( 'NONE', ( #4480 ), #8518, .T. ) ;
#7181 = CARTESIAN_POINT ( 'NONE',  ( -77.21296809598231903, -22.04769505010484210, 2.973832615833761572 ) ) ;
#7182 = VECTOR ( 'NONE', #8275, 1000.000000000000000 ) ;
#7183 = DIRECTION ( 'NONE',  ( 0.1227878039689773021, 0.6963642403200215325, -0.7071067811865442421 ) ) ;
#7184 = ORIENTED_EDGE ( 'NONE', *, *, #2784, .F. ) ;
#7185 = CARTESIAN_POINT ( 'NONE',  ( -0.2483133094921124995, -0.02899138370389409136, -1.099999999999996758 ) ) ;
#7186 = EDGE_LOOP ( 'NONE', ( #485, #3779 ) ) ;
#7187 = DIRECTION ( 'NONE',  ( 0.000000000000000000, -0.000000000000000000, 1.000000000000000000 ) ) ;
#7188 = AXIS2_PLACEMENT_3D ( 'NONE', #5494, #2804, #2172 ) ;
#7189 = DIRECTION ( 'NONE',  ( -0.08803429357919534404, 0.9376491420330603788, -0.3362499808158775916 ) ) ;
#7190 = EDGE_CURVE ( 'NONE', #7746, #1415, #7212, .T. ) ;
#7191 = LINE ( 'NONE', #5913, #5939 ) ;
#7192 = SHAPE_REPRESENTATION_RELATIONSHIP ( 'NONE' , 'NONE' ,  #3795, #4303 ) ;
#7193 = DIRECTION ( 'NONE',  ( 0.1736481776669323296, 0.9848077530122076872, 0.000000000000000000 ) ) ;
#7194 = DIRECTION ( 'NONE',  ( 0.1736481776669358545, 0.9848077530122071321, 0.000000000000000000 ) ) ;
#7195 = ORIENTED_EDGE ( 'NONE', *, *, #3698, .F. ) ;
#7196 = TOROIDAL_SURFACE ( 'NONE', #2406, 4.450000000000000178, 0.2000000000000000111 ) ;
#7197 = CARTESIAN_POINT ( 'NONE',  ( -0.1253354148190166661, 0.2163262287921408067, -1.099999999999996758 ) ) ;
#7198 = CARTESIAN_POINT ( 'NONE',  ( 642.4395524324809230, 850.2455854436128675, 1285.506259394841209 ) ) ;
#7199 = ORIENTED_EDGE ( 'NONE', *, *, #425, .F. ) ;
#7200 = ADVANCED_FACE ( 'NONE', ( #1623 ), #8030, .F. ) ;
#7201 = EDGE_LOOP ( 'NONE', ( #8979, #8011, #51, #1944, #8882, #8594 ) ) ;
#7202 = PRODUCT ( 'Newport-SM-25', 'Newport-SM-25', '', ( #8522 ) ) ;
#7203 = ADVANCED_FACE ( 'NONE', ( #2979 ), #2299, .T. ) ;
#7204 = CARTESIAN_POINT ( 'NONE',  ( 31.99999999999995737, 1.199999999999999734, 1.460000000000003073 ) ) ;
#7205 = SURFACE_STYLE_USAGE ( .BOTH. , #3107 ) ;
#7206 = VECTOR ( 'NONE', #8494, 1000.000000000000114 ) ;
#7207 = PLANE ( 'NONE',  #6567 ) ;
#7208 = VERTEX_POINT ( 'NONE', #3748 ) ;
#7209 = CARTESIAN_POINT ( 'NONE',  ( -0.7497724123315361311, -0.1554342520140062078, -0.07522651171110023016 ) ) ;
#7210 = EDGE_CURVE ( 'NONE', #6115, #8597, #4358, .T. ) ;
#7211 = AXIS2_PLACEMENT_3D ( 'NONE', #2867, #5637, #4371 ) ;
#7212 = LINE ( 'NONE', #4387, #2045 ) ;
#7213 = DIRECTION ( 'NONE',  ( 0.08803429357919534404, -0.9376491420330603788, 0.3362499808158775916 ) ) ;
#7214 = CARTESIAN_POINT ( 'NONE',  ( 649.2488615925826707, 803.0410630859734056, 1305.251293650300340 ) ) ;
#7215 = CARTESIAN_POINT ( 'NONE',  ( 0.4589442440213962748, 0.5449503446909162996, -0.06504171769690755833 ) ) ;
#7216 = DIRECTION ( 'NONE',  ( -0.2204660187209577515, 0.3108485172156449927, 0.9245366049725479707 ) ) ;
#7217 = PLANE ( 'NONE',  #314 ) ;
#7218 = ORIENTED_EDGE ( 'NONE', *, *, #6451, .T. ) ;
#7219 = DIRECTION ( 'NONE',  ( 0.7660444431189750158, -0.6427876096865430267, 0.000000000000000000 ) ) ;
#7220 = CARTESIAN_POINT ( 'NONE',  ( 99.99999999999995737, 0.000000000000000000, 11.99999999999999645 ) ) ;
#7221 = ADVANCED_FACE ( 'NONE', ( #3344 ), #7390, .T. ) ;
#7222 =( GEOMETRIC_REPRESENTATION_CONTEXT ( 3 ) GLOBAL_UNCERTAINTY_ASSIGNED_CONTEXT ( ( #342 ) ) GLOBAL_UNIT_ASSIGNED_CONTEXT ( ( #8712, #7938, #1723 ) ) REPRESENTATION_CONTEXT ( 'NONE', 'WORKASPACE' ) );
#7223 = VERTEX_POINT ( 'NONE', #6841 ) ;
#7224 = CARTESIAN_POINT ( 'NONE',  ( -1.628127759114639250, 0.9399999999999825162, 1.599999999999997202 ) ) ;
#7225 = VERTEX_POINT ( 'NONE', #4065 ) ;
#7226 = CARTESIAN_POINT ( 'NONE',  ( -0.8192915663359070511, 0.1538679449660352028, -0.08915171368550860176 ) ) ;
#7227 = CARTESIAN_POINT ( 'NONE',  ( -5.055563173821026268, 9.969247618609081485, 6.999999999999999112 ) ) ;
#7228 = ORIENTED_EDGE ( 'NONE', *, *, #6380, .F. ) ;
#7229 = CARTESIAN_POINT ( 'NONE',  ( -46.00000000000004263, 32.69999999999999574, 4.000000000000003553 ) ) ;
#7230 = CARTESIAN_POINT ( 'NONE',  ( -26.03138600932633295, 16.25718898737822826, 0.000000000000000000 ) ) ;
#7231 = EDGE_LOOP ( 'NONE', ( #2243, #3318, #4743, #8063 ) ) ;
#7232 = CARTESIAN_POINT ( 'NONE',  ( 651.0095474641658484, 784.2880802453124716, 1311.976293266620814 ) ) ;
#7233 = ORIENTED_EDGE ( 'NONE', *, *, #3764, .F. ) ;
#7234 = LINE ( 'NONE', #1742, #873 ) ;
#7235 = AXIS2_PLACEMENT_3D ( 'NONE', #588, #497, #3274 ) ;
#7236 = EDGE_CURVE ( 'NONE', #5742, #271, #617, .T. ) ;
#7237 = CARTESIAN_POINT ( 'NONE',  ( 54.03290200691138523, -0.4496430414070579085, 6.999999999999999112 ) ) ;
#7238 = AXIS2_PLACEMENT_3D ( 'NONE', #59, #7656, #8378 ) ;
#7239 = DIRECTION ( 'NONE',  ( -0.7147638640827018719, 0.08345099778860985695, -0.6943691738330916019 ) ) ;
#7240 = B_SPLINE_CURVE_WITH_KNOTS ( 'NONE', 3,
 ( #2315, #3677, #7903, #907, #8624, #4495, #7226, #358, #997, #7949, #5903, #7995, #1778, #5039, #3361, #3903, #7407, #6676, #2630, #3856, #3950, #8722 ),
 .UNSPECIFIED., .F., .F.,
 ( 4, 2, 2, 1, 1, 2, 2, 2, 1, 1, 2, 2, 4 ),
 ( 0.000000000000000000, 0.2499999999999953926, 0.3749999999999929501, 0.4374999999999917288, 0.4687499999999912847, 0.4843749999999913403, 0.4999999999999913403, 0.6249999999999931166, 0.6874999999999940048, 0.7187499999999944489, 0.7343749999999946709, 0.7499999999999948930, 1.000000000000000000 ),
 .UNSPECIFIED. ) ;
#7241 = DIRECTION ( 'NONE',  ( 0.3779644730092273086, -0.6546536707079786410, -0.6546536707079756434 ) ) ;
#7242 = DIRECTION ( 'NONE',  ( 0.000000000000000000, -1.734723475976807094E-16, -1.000000000000000000 ) ) ;
#7243 = ORIENTED_EDGE ( 'NONE', *, *, #4197, .F. ) ;
#7244 = CARTESIAN_POINT ( 'NONE',  ( -2.000000000000022649, 52.99999999999999289, -11.99999999999999645 ) ) ;
#7245 = CARTESIAN_POINT ( 'NONE',  ( 0.8319063604774051823, 0.8618672604358418310, -0.1855944456733704673 ) ) ;
#7246 = ORIENTED_EDGE ( 'NONE', *, *, #2247, .T. ) ;
#7247 = VECTOR ( 'NONE', #8370, 1000.000000000000114 ) ;
#7248 = ORIENTED_EDGE ( 'NONE', *, *, #6760, .F. ) ;
#7249 = CARTESIAN_POINT ( 'NONE',  ( 1.196357065066905312, -0.1396785649193238443, -0.1790072184736021810 ) ) ;
#7250 = CARTESIAN_POINT ( 'NONE',  ( -0.02249955031903561053, 0.2490262372640827948, -1.099999999999996758 ) ) ;
#7251 = AXIS2_PLACEMENT_3D ( 'NONE', #585, #4675, #7451 ) ;
#7252 = CARTESIAN_POINT ( 'NONE',  ( 0.2080235751308057157, 0.1386585453183597494, -1.099999999999996758 ) ) ;
#7253 = ORIENTED_EDGE ( 'NONE', *, *, #8095, .T. ) ;
#7254 = CARTESIAN_POINT ( 'NONE',  ( 646.9345689757852824, 827.6904854681824872, 1296.411774227110755 ) ) ;
#7255 = CARTESIAN_POINT ( 'NONE',  ( -0.2454279539716650027, 0.04899927627667610697, -1.099999999999996758 ) ) ;
#7256 = UNCERTAINTY_MEASURE_WITH_UNIT (LENGTH_MEASURE( 1.000000000000000082E-05 ), #7293, 'distance_accuracy_value', 'NONE');
#7257 = DIRECTION ( 'NONE',  ( -0.1558988946809336251, -0.1857930678174672390, -0.9701425001453328756 ) ) ;
#7258 = ADVANCED_FACE ( 'NONE', ( #5476 ), #1903, .F. ) ;
#7259 = CARTESIAN_POINT ( 'NONE',  ( 69.44841944302376646, -0.1683728883453763370, 0.003873537999836459099 ) ) ;
#7260 = CARTESIAN_POINT ( 'NONE',  ( -49.70522151952334866, -17.09815470596434750, 8.000000000000000000 ) ) ;
#7261 = PLANE ( 'NONE',  #1477 ) ;
#7262 = ORIENTED_EDGE ( 'NONE', *, *, #1779, .F. ) ;
#7263 = FACE_OUTER_BOUND ( 'NONE', #599, .T. ) ;
#7264 = EDGE_CURVE ( 'NONE', #8396, #6509, #8202, .T. ) ;
#7265 = CARTESIAN_POINT ( 'NONE',  ( -0.1352307931668050023, -1.094164528315394236, -0.1554475972621505164 ) ) ;
#7266 = VECTOR ( 'NONE', #891, 1000.000000000000000 ) ;
#7267 = ORIENTED_EDGE ( 'NONE', *, *, #616, .F. ) ;
#7268 = FACE_OUTER_BOUND ( 'NONE', #3802, .T. ) ;
#7269 = ORIENTED_EDGE ( 'NONE', *, *, #2599, .F. ) ;
#7270 = CARTESIAN_POINT ( 'NONE',  ( -0.6191837004448101922, -0.5855404100374947962, -0.09320693467595010662 ) ) ;
#7271 = EDGE_CURVE ( 'NONE', #5112, #212, #7525, .T. ) ;
#7272 = PRODUCT ( 'Alley Jig Design Split Micrometer Hole', 'Alley Jig Design Split Micrometer Hole', '', ( #4207 ) ) ;
#7273 = ORIENTED_EDGE ( 'NONE', *, *, #7536, .T. ) ;
#7274 = CARTESIAN_POINT ( 'NONE',  ( -22.90013928550547107, -33.64466763093366808, 0.000000000000000000 ) ) ;
#7275 = DIRECTION ( 'NONE',  ( -1.110223024625150131E-16, -1.000000000000000000, -4.006689065479319709E-18 ) ) ;
#7276 = ORIENTED_EDGE ( 'NONE', *, *, #8668, .F. ) ;
#7277 = DIRECTION ( 'NONE',  ( -0.6501551545066105442, -0.3098309877324739170, -0.6937600695551775498 ) ) ;
#7278 = ORIENTED_EDGE ( 'NONE', *, *, #7765, .F. ) ;
#7279 = CARTESIAN_POINT ( 'NONE',  ( 0.3003672735761298007, 0.2002104289819950367, -0.01690487344975510897 ) ) ;
#7280 = VECTOR ( 'NONE', #8985, 1000.000000000000227 ) ;
#7281 = DIRECTION ( 'NONE',  ( 0.000000000000000000, 0.000000000000000000, -1.000000000000000000 ) ) ;
#7282 = ORIENTED_EDGE ( 'NONE', *, *, #6225, .T. ) ;
#7283 = DIRECTION ( 'NONE',  ( -0.08803429357919508036, 0.9376491420330606008, -0.3362499808158768699 ) ) ;
#7284 = CARTESIAN_POINT ( 'NONE',  ( -0.1428897158718689386, 0.2052802584941865183, -1.099999999999996758 ) ) ;
#7285 = EDGE_LOOP ( 'NONE', ( #3447, #4558, #6695, #6821 ) ) ;
#7286 = DIRECTION ( 'NONE',  ( 0.08803429357919508036, -0.9376491420330606008, 0.3362499808158768699 ) ) ;
#7287 = CYLINDRICAL_SURFACE ( 'NONE', #1521, 4.449999999999971756 ) ;
#7288 = EDGE_CURVE ( 'NONE', #3177, #7130, #1982, .T. ) ;
#7289 = ORIENTED_EDGE ( 'NONE', *, *, #703, .F. ) ;
#7290 = EDGE_LOOP ( 'NONE', ( #5257, #187, #7092, #5635 ) ) ;
#7291 = VECTOR ( 'NONE', #4347, 1000.000000000000000 ) ;
#7292 = CARTESIAN_POINT ( 'NONE',  ( -56.07101043356156822, -21.90800092411833333, 0.000000000000000000 ) ) ;
#7293 =( LENGTH_UNIT ( ) NAMED_UNIT ( * ) SI_UNIT ( .MILLI., .METRE. ) );
#7294 = CARTESIAN_POINT ( 'NONE',  ( -0.1106175492957897633, 0.2242159673608024040, -1.099999999999996758 ) ) ;
#7295 = EDGE_LOOP ( 'NONE', ( #5545, #8237 ) ) ;
#7296 = DIRECTION ( 'NONE',  ( -0.9830072456193863495, -0.02719023690004990224, 0.1815418576447504484 ) ) ;
#7297 = DIRECTION ( 'NONE',  ( 0.000000000000000000, 0.000000000000000000, -1.000000000000000000 ) ) ;
#7298 = CARTESIAN_POINT ( 'NONE',  ( -54.70522151952335577, -17.09815470596434750, 8.000000000000000000 ) ) ;
#7299 = EDGE_CURVE ( 'NONE', #1049, #3546, #8160, .T. ) ;
#7300 = CONTEXT_DEPENDENT_SHAPE_REPRESENTATION ( #5050, #1531 ) ;
#7301 = CARTESIAN_POINT ( 'NONE',  ( 646.6135301248077667, 827.4905830956387263, 1303.893779532351346 ) ) ;
#7302 = DIRECTION ( 'NONE',  ( -0.6501551545066180937, -0.3098309877324748607, -0.6937600695551702223 ) ) ;
#7303 = CARTESIAN_POINT ( 'NONE',  ( -266.3373459811442672, 61.00000000000000000, 3.999999999999996447 ) ) ;
#7304 = CIRCLE ( 'NONE', #8459, 4.450000000000007283 ) ;
#7305 = CARTESIAN_POINT ( 'NONE',  ( -19.50000000000003197, 32.50000000000000000, 0.000000000000000000 ) ) ;
#7306 = CARTESIAN_POINT ( 'NONE',  ( -0.1449414225157126257, 0.7227857716339750604, -0.06971584903556581059 ) ) ;
#7307 = LINE ( 'NONE', #3308, #836 ) ;
#7308 = ADVANCED_FACE ( 'NONE', ( #3300 ), #3888, .F. ) ;
#7309 = VERTEX_POINT ( 'NONE', #8751 ) ;
#7310 = AXIS2_PLACEMENT_3D ( 'NONE', #1414, #2090, #6091 ) ;
#7311 = CARTESIAN_POINT ( 'NONE',  ( -0.2406817437717312380, -0.06861390558444979693, -1.099999999999996758 ) ) ;
#7312 = ORIENTED_EDGE ( 'NONE', *, *, #7948, .F. ) ;
#7313 = EDGE_CURVE ( 'NONE', #2311, #5787, #4694, .T. ) ;
#7314 = CARTESIAN_POINT ( 'NONE',  ( -0.02697841726614913505, -0.2485400671959486774, -1.099999999999996758 ) ) ;
#7315 = ORIENTED_EDGE ( 'NONE', *, *, #73, .F. ) ;
#7316 = CARTESIAN_POINT ( 'NONE',  ( 0.5724802147649560302, 0.5870829615162442838, -0.5500000000000018208 ) ) ;
#7317 = DIRECTION ( 'NONE',  ( 9.972689056473997227E-19, -0.08715574274766231533, -0.9961946980917452121 ) ) ;
#7318 = ORIENTED_EDGE ( 'NONE', *, *, #1851, .T. ) ;
#7319 = CARTESIAN_POINT ( 'NONE',  ( -1.154700538379224817, -2.000000000000112799, 0.1199999999999951106 ) ) ;
#7320 = VECTOR ( 'NONE', #4728, 1000.000000000000000 ) ;
#7321 = ORIENTED_EDGE ( 'NONE', *, *, #1710, .F. ) ;
#7322 = CARTESIAN_POINT ( 'NONE',  ( -38.42905613487440775, 10.34360167969249034, 0.000000000000000000 ) ) ;
#7323 = AXIS2_PLACEMENT_3D ( 'NONE', #7333, #5156, #3921 ) ;
#7324 = DIRECTION ( 'NONE',  ( 0.000000000000000000, 0.000000000000000000, 1.000000000000000000 ) ) ;
#7325 = EDGE_LOOP ( 'NONE', ( #2777, #2600, #3947, #7947 ) ) ;
#7326 = AXIS2_PLACEMENT_3D ( 'NONE', #6519, #3106, #1711 ) ;
#7327 = CIRCLE ( 'NONE', #504, 8.000000000000000000 ) ;
#7328 = DIRECTION ( 'NONE',  ( 0.9714137623810861211, 0.1555226214723315625, 0.1793544436778652384 ) ) ;
#7329 = CARTESIAN_POINT ( 'NONE',  ( 648.2392958915335157, 813.7939001330638575, 1301.395223091791649 ) ) ;
#7330 = VERTEX_POINT ( 'NONE', #6157 ) ;
#7331 = EDGE_CURVE ( 'NONE', #877, #5221, #1852, .T. ) ;
#7332 = CARTESIAN_POINT ( 'NONE',  ( -0.1318513288453074250, -0.2124034535541247104, -1.099999999999996758 ) ) ;
#7333 = CARTESIAN_POINT ( 'NONE',  ( 0.000000000000000000, 0.000000000000000000, -3.999994818175235611 ) ) ;
#7334 = ORIENTED_EDGE ( 'NONE', *, *, #4759, .F. ) ;
#7335 = B_SPLINE_CURVE_WITH_KNOTS ( 'NONE', 3,
 ( #7461, #7589, #2638, #6862 ),
 .UNSPECIFIED., .F., .F.,
 ( 4, 4 ),
 ( 0.000000000000000000, 1.000000000000000000 ),
 .UNSPECIFIED. ) ;
#7336 = ORIENTED_EDGE ( 'NONE', *, *, #810, .T. ) ;
#7337 = ADVANCED_FACE ( 'NONE', ( #3935, #1938, #6705, #4702 ), #483, .T. ) ;
#7338 = CARTESIAN_POINT ( 'NONE',  ( -0.9157647040538077210, 0.9391239044457266871, -0.07554460927052669694 ) ) ;
#7339 = AXIS2_PLACEMENT_3D ( 'NONE', #3138, #8004, #547 ) ;
#7340 = PLANE ( 'NONE',  #3410 ) ;
#7341 = DIRECTION ( 'NONE',  ( 0.08803429357919534404, -0.9376491420330603788, 0.3362499808158775916 ) ) ;
#7342 = FACE_OUTER_BOUND ( 'NONE', #5677, .T. ) ;
#7343 = EDGE_CURVE ( 'NONE', #4761, #877, #1206, .T. ) ;
#7344 = ORIENTED_EDGE ( 'NONE', *, *, #7054, .T. ) ;
#7345 = CARTESIAN_POINT ( 'NONE',  ( -48.00000000000004263, 37.69999999999999574, 4.000000000000003553 ) ) ;
#7346 = EDGE_CURVE ( 'NONE', #2151, #2042, #4019, .T. ) ;
#7347 = DIRECTION ( 'NONE',  ( -0.6662133453145483442, 0.000000000000000000, 0.7457612074416304360 ) ) ;
#7348 = CARTESIAN_POINT ( 'NONE',  ( -19.50000000000003197, 55.99999999999999289, 0.000000000000000000 ) ) ;
#7349 = VECTOR ( 'NONE', #6574, 1000.000000000000227 ) ;
#7350 = CARTESIAN_POINT ( 'NONE',  ( -0.3163063356181258778, 0.1684402751811336918, -0.01666428900707478400 ) ) ;
#7351 = ORIENTED_EDGE ( 'NONE', *, *, #4751, .T. ) ;
#7352 = SURFACE_STYLE_USAGE ( .BOTH. , #4440 ) ;
#7353 = AXIS2_PLACEMENT_3D ( 'NONE', #8310, #2725, #8268 ) ;
#7354 = PLANE ( 'NONE',  #2068 ) ;
#7355 = DIRECTION ( 'NONE',  ( 0.000000000000000000, 0.000000000000000000, 1.000000000000000000 ) ) ;
#7356 = CARTESIAN_POINT ( 'NONE',  ( -0.1445189134468531922, -0.7456662662514055295, -0.07401953042713545206 ) ) ;
#7357 = ORIENTED_EDGE ( 'NONE', *, *, #6727, .T. ) ;
#7358 = CARTESIAN_POINT ( 'NONE',  ( -0.2454279539717413305, -0.04899927627659284024, -1.099999999999996758 ) ) ;
#7359 = ORIENTED_EDGE ( 'NONE', *, *, #4357, .T. ) ;
#7360 = DIRECTION ( 'NONE',  ( -0.4986799762411405768, 0.5188157011179267419, -0.6943691738330910468 ) ) ;
#7361 =( NAMED_UNIT ( * ) SI_UNIT ( $, .STERADIAN. ) SOLID_ANGLE_UNIT ( ) );
#7362 = ORIENTED_EDGE ( 'NONE', *, *, #3506, .T. ) ;
#7363 = DIRECTION ( 'NONE',  ( 0.000000000000000000, -1.000000000000000000, 0.000000000000000000 ) ) ;
#7364 = CARTESIAN_POINT ( 'NONE',  ( 646.6584802076655478, 820.8182484290149432, 1293.887535362491917 ) ) ;
#7365 = DIRECTION ( 'NONE',  ( -1.373830901348298248E-16, -0.7071067811865462405, 0.7071067811865487940 ) ) ;
#7366 = VECTOR ( 'NONE', #7216, 1000.000000000000000 ) ;
#7367 = ORIENTED_EDGE ( 'NONE', *, *, #6738, .F. ) ;
#7368 = CARTESIAN_POINT ( 'NONE',  ( 0.1412401969335901342, -0.9971677872691393496, -0.1252111656947467733 ) ) ;
#7369 = CARTESIAN_POINT ( 'NONE',  ( 0.000000000000000000, 52.99999999999999289, 3.999999999999996447 ) ) ;
#7370 = VECTOR ( 'NONE', #6438, 1000.000000000000227 ) ;
#7371 = EDGE_LOOP ( 'NONE', ( #4415, #4225, #7857, #1405 ) ) ;
#7372 = AXIS2_PLACEMENT_3D ( 'NONE', #4, #2782, #6279 ) ;
#7373 = EDGE_CURVE ( 'NONE', #1966, #8626, #1892, .T. ) ;
#7374 = DIRECTION ( 'NONE',  ( 0.08803429357919534404, -0.9376491420330603788, 0.3362499808158775916 ) ) ;
#7375 = CARTESIAN_POINT ( 'NONE',  ( -0.8952639264971709032, 0.9404943899663231743, -0.005503671348411343089 ) ) ;
#7376 = EDGE_LOOP ( 'NONE', ( #8045, #1810, #1004, #6548 ) ) ;
#7377 = FACE_OUTER_BOUND ( 'NONE', #3298, .T. ) ;
#7378 = CARTESIAN_POINT ( 'NONE',  ( 0.8353974264365890967, 0.8584118559390729875, -0.1855779694352535647 ) ) ;
#7379 = ORIENTED_EDGE ( 'NONE', *, *, #709, .T. ) ;
#7380 = APPLICATION_CONTEXT ( 'automotive_design' ) ;
#7381 = CIRCLE ( 'NONE', #3462, 0.1500000000000001887 ) ;
#7382 = DIRECTION ( 'NONE',  ( 0.6501551545067006943, 0.3098309877324483264, 0.6937600695551047192 ) ) ;
#7383 = CARTESIAN_POINT ( 'NONE',  ( -0.3423596826168384677, -0.1608426323383843615, -0.007003512763968655630 ) ) ;
#7384 = VECTOR ( 'NONE', #4474, 1000.000000000000000 ) ;
#7385 = EDGE_CURVE ( 'NONE', #480, #2091, #8606, .T. ) ;
#7386 = CYLINDRICAL_SURFACE ( 'NONE', #7080, 6.624999999999891642 ) ;
#7387 = CARTESIAN_POINT ( 'NONE',  ( -0.1058664573324388791, 0.2264912728631718331, -1.099999999999996758 ) ) ;
#7388 = VERTEX_POINT ( 'NONE', #569 ) ;
#7389 = DIRECTION ( 'NONE',  ( 0.000000000000000000, 0.000000000000000000, 1.000000000000000000 ) ) ;
#7390 = SPHERICAL_SURFACE ( 'NONE', #736, 1.590000000000000080 ) ;
#7391 = PLANE ( 'NONE',  #1376 ) ;
#7392 = MANIFOLD_SOLID_BREP ( 'Side Chamfer ', #122 ) ;
#7393 = CONTEXT_DEPENDENT_SHAPE_REPRESENTATION ( #1632, #1764 ) ;
#7394 = DIRECTION ( 'NONE',  ( -0.002223483773949266277, 0.9999975280568982328, 0.000000000000000000 ) ) ;
#7395 = ORIENTED_EDGE ( 'NONE', *, *, #7946, .T. ) ;
#7396 = CARTESIAN_POINT ( 'NONE',  ( 0.5651880915497471403, -0.6378153712857821400, -0.09320693467526279530 ) ) ;
#7397 = CARTESIAN_POINT ( 'NONE',  ( -1.196357065066912195, 0.1396785649193515999, -0.1790072184736021810 ) ) ;
#7398 = ADVANCED_FACE ( 'NONE', ( #780 ), #7011, .T. ) ;
#7399 = CARTESIAN_POINT ( 'NONE',  ( 2.309401076758504701, 0.000000000000000000, 1.480000000000002203 ) ) ;
#7400 = EDGE_CURVE ( 'NONE', #4401, #4911, #5282, .T. ) ;
#7401 = DIRECTION ( 'NONE',  ( 1.000000000000000000, 0.000000000000000000, 0.000000000000000000 ) ) ;
#7402 = COLOUR_RGB ( '',0.7921568627450980005, 0.8196078431372548767, 0.9333333333333333481 ) ;
#7403 = CARTESIAN_POINT ( 'NONE',  ( -14.39137857982562174, 14.61091226666445841, 0.000000000000000000 ) ) ;
#7404 = ORIENTED_EDGE ( 'NONE', *, *, #1773, .F. ) ;
#7405 = CARTESIAN_POINT ( 'NONE',  ( 0.09213865896851025639, -0.2325189102971025878, -1.099999999999996758 ) ) ;
#7406 = EDGE_LOOP ( 'NONE', ( #4979, #1041, #2364, #4272 ) ) ;
#7407 = CARTESIAN_POINT ( 'NONE',  ( -0.5717774114308583622, 0.1583336873848661674, -0.04520848661068450902 ) ) ;
#7408 = CARTESIAN_POINT ( 'NONE',  ( -19.50000000000003197, 32.50000000000000000, 0.000000000000000000 ) ) ;
#7409 = ORIENTED_EDGE ( 'NONE', *, *, #1368, .F. ) ;
#7410 = DIRECTION ( 'NONE',  ( -1.000000000000000000, 2.334869823772503585E-16, -3.373122925974755498E-32 ) ) ;
#7411 = AXIS2_PLACEMENT_3D ( 'NONE', #7868, #6155, #5602 ) ;
#7412 = CARTESIAN_POINT ( 'NONE',  ( 31.99999999999995737, 1.199999999999999734, 0.000000000000000000 ) ) ;
#7413 = DIRECTION ( 'NONE',  ( -0.000000000000000000, -0.000000000000000000, -1.000000000000000000 ) ) ;
#7414 = CARTESIAN_POINT ( 'NONE',  ( 0.3042526831176090019, 0.1827359650516668932, -0.01634740505108284170 ) ) ;
#7415 = LINE ( 'NONE', #6597, #7885 ) ;
#7416 = AXIS2_PLACEMENT_3D ( 'NONE', #8563, #8657, #198 ) ;
#7417 = ORIENTED_EDGE ( 'NONE', *, *, #1065, .T. ) ;
#7418 = EDGE_CURVE ( 'NONE', #4291, #6161, #6148, .T. ) ;
#7419 = DIRECTION ( 'NONE',  ( -0.6501551545066105442, -0.3098309877324739170, -0.6937600695551775498 ) ) ;
#7420 = CARTESIAN_POINT ( 'NONE',  ( 0.2291401384215963066, -0.1002011349463677314, -1.099999999999996758 ) ) ;
#7421 = ORIENTED_EDGE ( 'NONE', *, *, #1932, .F. ) ;
#7422 = DIRECTION ( 'NONE',  ( -0.08803429357919508036, 0.9376491420330606008, -0.3362499808158768699 ) ) ;
#7423 = CARTESIAN_POINT ( 'NONE',  ( 0.3376899659106730178, -0.1610167434695081168, 0.000000000000000000 ) ) ;
#7424 = EDGE_LOOP ( 'NONE', ( #2662, #797, #5614, #5356 ) ) ;
#7425 = VECTOR ( 'NONE', #6179, 1000.000000000000114 ) ;
#7426 = EDGE_CURVE ( 'NONE', #1550, #2067, #5732, .T. ) ;
#7427 = CARTESIAN_POINT ( 'NONE',  ( -0.1495600417456832698, -0.5782164300757591802, -0.006944503301090088065 ) ) ;
#7428 = EDGE_CURVE ( 'NONE', #3467, #1984, #919, .T. ) ;
#7429 = CARTESIAN_POINT ( 'NONE',  ( -0.2406817437717312380, -0.06861390558444979693, -1.099999999999996758 ) ) ;
#7430 = EDGE_CURVE ( 'NONE', #6131, #6852, #5696, .T. ) ;
#7431 = CARTESIAN_POINT ( 'NONE',  ( 647.3325426676680081, 823.4516862960037997, 1297.931848289391837 ) ) ;
#7432 = ORIENTED_EDGE ( 'NONE', *, *, #1134, .F. ) ;
#7433 = CARTESIAN_POINT ( 'NONE',  ( -7.000000000000034639, 45.99999999999999289, 7.960204194457804352E-16 ) ) ;
#7434 = CIRCLE ( 'NONE', #5538, 0.7834936490538917386 ) ;
#7435 = VERTEX_POINT ( 'NONE', #2864 ) ;
#7436 = LINE ( 'NONE', #8750, #6244 ) ;
#7437 = CARTESIAN_POINT ( 'NONE',  ( 4.336889308158831857E-16, 1.857443727270250644, -0.6312498056815705194 ) ) ;
#7438 = UNCERTAINTY_MEASURE_WITH_UNIT (LENGTH_MEASURE( 1.000000000000000082E-05 ), #3008, 'distance_accuracy_value', 'NONE');
#7439 = CARTESIAN_POINT ( 'NONE',  ( 1.867895859018013567E-16, 0.8000000000000047073, -11.59999999999999964 ) ) ;
#7440 = AXIS2_PLACEMENT_3D ( 'NONE', #8747, #6612, #1157 ) ;
#7441 = ORIENTED_EDGE ( 'NONE', *, *, #606, .F. ) ;
#7442 = CARTESIAN_POINT ( 'NONE',  ( -46.00000000000004263, 32.69999999999999574, -7.999999999999992895 ) ) ;
#7443 = B_SPLINE_CURVE_WITH_KNOTS ( 'NONE', 3,
 ( #8292, #6970, #1397, #2929, #2835, #2203, #886, #6335, #4288, #4158, #7060, #5605, #752, #6208, #795, #8972, #3522, #6250, #4976, #2115, #1479, #1524 ),
 .UNSPECIFIED., .F., .F.,
 ( 4, 2, 2, 1, 1, 2, 2, 2, 1, 1, 2, 2, 4 ),
 ( 0.000000000000000000, 0.2499999999999992784, 0.3749999999999988898, 0.4374999999999987232, 0.4687499999999986677, 0.4843749999999987232, 0.4999999999999987788, 0.6249999999999994449, 0.6874999999999997780, 0.7187499999999998890, 0.7343749999999998890, 0.7499999999999997780, 1.000000000000000000 ),
 .UNSPECIFIED. ) ;
#7444 = DIRECTION ( 'NONE',  ( -0.6123724356957930270, -0.3535533905932726206, 0.7071067811865494601 ) ) ;
#7445 = DIRECTION ( 'NONE',  ( 0.08803429357919508036, -0.9376491420330606008, 0.3362499808158768699 ) ) ;
#7446 = CARTESIAN_POINT ( 'NONE',  ( 0.1018936698160069487, -0.2283036096131785264, -1.099999999999996758 ) ) ;
#7447 = EDGE_CURVE ( 'NONE', #5203, #3855, #6006, .T. ) ;
#7448 = FACE_OUTER_BOUND ( 'NONE', #3635, .T. ) ;
#7449 = ORIENTED_EDGE ( 'NONE', *, *, #6727, .F. ) ;
#7450 = CARTESIAN_POINT ( 'NONE',  ( 0.03432284125395868024, -0.2477428479100013403, -1.099999999999996758 ) ) ;
#7451 = DIRECTION ( 'NONE',  ( 1.000000000000000000, 0.000000000000000000, 0.000000000000000000 ) ) ;
#7452 = ORIENTED_EDGE ( 'NONE', *, *, #815, .F. ) ;
#7453 = CARTESIAN_POINT ( 'NONE',  ( -0.09963426738922426251, -0.2324024803750151524, -1.099999999999996758 ) ) ;
#7454 = VECTOR ( 'NONE', #4851, 1000.000000000000000 ) ;
#7455 = FILL_AREA_STYLE ('',( #456 ) ) ;
#7456 = ORIENTED_EDGE ( 'NONE', *, *, #27, .F. ) ;
#7457 = CARTESIAN_POINT ( 'NONE',  ( 653.3382967248296609, 807.9286860312065528, 1308.888066878381323 ) ) ;
#7458 = CARTESIAN_POINT ( 'NONE',  ( 644.3726979337827743, 800.7173306779800441, 1300.048093128641540 ) ) ;
#7459 = CYLINDRICAL_SURFACE ( 'NONE', #5163, 4.999999999999997335 ) ;
#7460 = CIRCLE ( 'NONE', #4109, 1.700000000000010614 ) ;
#7461 = CARTESIAN_POINT ( 'NONE',  ( 647.3796365224003466, 825.5393349393499420, 1290.296664124151448 ) ) ;
#7462 = EDGE_LOOP ( 'NONE', ( #5160, #6765 ) ) ;
#7463 = LINE ( 'NONE', #2558, #2318 ) ;
#7464 = LINE ( 'NONE', #3238, #828 ) ;
#7465 = AXIS2_PLACEMENT_3D ( 'NONE', #7934, #3116, #8032 ) ;
#7466 = ORIENTED_EDGE ( 'NONE', *, *, #2597, .F. ) ;
#7467 = CARTESIAN_POINT ( 'NONE',  ( 653.7762482075894468, 828.3099615454434570, 1297.834967808041483 ) ) ;
#7468 = CARTESIAN_POINT ( 'NONE',  ( 0.1445102423191742813, 0.7461510558948116767, -0.07411275388914484452 ) ) ;
#7469 = ORIENTED_EDGE ( 'NONE', *, *, #3478, .T. ) ;
#7470 = ADVANCED_FACE ( 'NONE', ( #4414 ), #7141, .T. ) ;
#7471 = ORIENTED_EDGE ( 'NONE', *, *, #724, .F. ) ;
#7472 = AXIS2_PLACEMENT_3D ( 'NONE', #1983, #8076, #1353 ) ;
#7473 = CIRCLE ( 'NONE', #5296, 1.024999999999998135 ) ;
#7474 = CARTESIAN_POINT ( 'NONE',  ( -0.9137831317018174637, 0.9415847874556793062, -0.07554460927052669694 ) ) ;
#7475 = CARTESIAN_POINT ( 'NONE',  ( 648.9847587118442789, 805.8540105120729322, 1304.242543707851382 ) ) ;
#7476 = EDGE_CURVE ( 'NONE', #7388, #5271, #8181, .T. ) ;
#7477 = DIRECTION ( 'NONE',  ( 0.9714137623809497857, 0.1555226214725123901, 0.1793544436784467178 ) ) ;
#7478 = ORIENTED_EDGE ( 'NONE', *, *, #8095, .F. ) ;
#7479 = CARTESIAN_POINT ( 'NONE',  ( -0.2130846182839471470, -0.1308578476732491502, -1.099999999999996758 ) ) ;
#7480 = ORIENTED_EDGE ( 'NONE', *, *, #3972, .T. ) ;
#7481 = CARTESIAN_POINT ( 'NONE',  ( 0.1745366508430351571, 0.1789887077794372061, -1.099999999999996758 ) ) ;
#7482 = CARTESIAN_POINT ( 'NONE',  ( -2.000000000000029310, 61.00000000000000000, 3.999999999999996447 ) ) ;
#7483 = CIRCLE ( 'NONE', #5012, 4.735000000000098019 ) ;
#7484 = LINE ( 'NONE', #6752, #7021 ) ;
#7485 = ORIENTED_EDGE ( 'NONE', *, *, #8398, .F. ) ;
#7486 = EDGE_CURVE ( 'NONE', #5758, #3855, #5633, .T. ) ;
#7487 = DIRECTION ( 'NONE',  ( -0.000000000000000000, -0.000000000000000000, -1.000000000000000000 ) ) ;
#7488 = VECTOR ( 'NONE', #822, 1000.000000000000000 ) ;
#7489 = VERTEX_POINT ( 'NONE', #4797 ) ;
#7490 = CARTESIAN_POINT ( 'NONE',  ( 0.2178001925594863497, -0.1228491913547874459, -1.099999999999996758 ) ) ;
#7491 = DIRECTION ( 'NONE',  ( 1.334402673828313339E-16, 1.000000000000000000, 0.000000000000000000 ) ) ;
#7492 = CARTESIAN_POINT ( 'NONE',  ( -0.8001704588753988379, -0.7935384897185399078, -0.005503671348411343089 ) ) ;
#7493 = ORIENTED_EDGE ( 'NONE', *, *, #4751, .F. ) ;
#7494 = CARTESIAN_POINT ( 'NONE',  ( 646.9345689757865330, 827.6904854681829420, 1296.411774227111209 ) ) ;
#7495 = CARTESIAN_POINT ( 'NONE',  ( -38.65036860342180347, 17.41549637398182071, 52.39473502807132377 ) ) ;
#7496 = ORIENTED_EDGE ( 'NONE', *, *, #1231, .F. ) ;
#7497 = PLANE ( 'NONE',  #7557 ) ;
#7498 = SURFACE_SIDE_STYLE ('',( #1131 ) ) ;
#7499 = VERTEX_POINT ( 'NONE', #7571 ) ;
#7500 = CARTESIAN_POINT ( 'NONE',  ( 646.5827028556481082, 829.7102256082840768, 1302.136038924900959 ) ) ;
#7501 = EDGE_CURVE ( 'NONE', #3792, #7051, #8316, .T. ) ;
#7502 = DIRECTION ( 'NONE',  ( -0.000000000000000000, -0.000000000000000000, 1.000000000000000000 ) ) ;
#7503 = CARTESIAN_POINT ( 'NONE',  ( 1.154700538379252350, 2.000000000000001776, 0.1199999999999951106 ) ) ;
#7504 = AXIS2_PLACEMENT_3D ( 'NONE', #2781, #7826, #139 ) ;
#7505 = LINE ( 'NONE', #4817, #4842 ) ;
#7506 = ORIENTED_EDGE ( 'NONE', *, *, #7299, .T. ) ;
#7507 = CYLINDRICAL_SURFACE ( 'NONE', #5074, 8.000000000000058620 ) ;
#7508 = CARTESIAN_POINT ( 'NONE',  ( 0.1613400328479355772, 0.3182245122607951782, -0.006944503301090088065 ) ) ;
#7509 = ORIENTED_EDGE ( 'NONE', *, *, #1437, .F. ) ;
#7510 = AXIS2_PLACEMENT_3D ( 'NONE', #7549, #4866, #6912 ) ;
#7511 = LINE ( 'NONE', #5462, #4132 ) ;
#7512 = CARTESIAN_POINT ( 'NONE',  ( 0.1487127974917275830, 0.4064246039200493099, -0.02416805707674878761 ) ) ;
#7513 = EDGE_LOOP ( 'NONE', ( #2824, #3812, #6376, #1922 ) ) ;
#7514 = EDGE_CURVE ( 'NONE', #3697, #4222, #3643, .T. ) ;
#7515 = AXIS2_PLACEMENT_3D ( 'NONE', #830, #4464, #7873 ) ;
#7516 = PLANE ( 'NONE',  #8546 ) ;
#7517 = DIRECTION ( 'NONE',  ( -0.1255644851156104969, -0.9920854600676555224, -0.000000000000000000 ) ) ;
#7518 = CARTESIAN_POINT ( 'NONE',  ( 0.000000000000000000, 0.000000000000000000, -1.700000000000000178 ) ) ;
#7519 = SHAPE_REPRESENTATION ( 'Alley Jig Design Split Base', ( #4639 ), #8263 ) ;
#7520 = EDGE_LOOP ( 'NONE', ( #6271, #8177, #1645, #1474 ) ) ;
#7521 = CARTESIAN_POINT ( 'NONE',  ( 1.154700538379252350, -2.000000000000001776, 1.599999999999997202 ) ) ;
#7522 = ORIENTED_EDGE ( 'NONE', *, *, #5025, .F. ) ;
#7523 = CARTESIAN_POINT ( 'NONE',  ( 0.000000000000000000, 0.000000000000000000, -0.6312498056815705194 ) ) ;
#7524 = PRESENTATION_LAYER_ASSIGNMENT (  '', '', ( #2747 ) ) ;
#7525 = LINE ( 'NONE', #1160, #6968 ) ;
#7526 = CARTESIAN_POINT ( 'NONE',  ( 69.44977210575977722, -0.1607447605068562657, 0.000000000000000000 ) ) ;
#7527 = AXIS2_PLACEMENT_3D ( 'NONE', #5424, #8833, #4791 ) ;
#7528 = ORIENTED_EDGE ( 'NONE', *, *, #7611, .F. ) ;
#7529 = CARTESIAN_POINT ( 'NONE',  ( 0.3711955948616786904, -0.4675409719298691535, -0.04575659269819475766 ) ) ;
#7530 = CARTESIAN_POINT ( 'NONE',  ( 0.3411484343694287658, 0.1602735806468663649, -0.01840781869357627221 ) ) ;
#7531 = ORIENTED_EDGE ( 'NONE', *, *, #5708, .T. ) ;
#7532 = CARTESIAN_POINT ( 'NONE',  ( 0.2262728214071849098, -0.1063043286627096684, -1.099999999999996758 ) ) ;
#7533 = AXIS2_PLACEMENT_3D ( 'NONE', #185, #7286, #1656 ) ;
#7534 = CARTESIAN_POINT ( 'NONE',  ( -0.2055940580920345706, -0.1423034473981982240, -1.099999999999996758 ) ) ;
#7535 = ORIENTED_EDGE ( 'NONE', *, *, #8163, .T. ) ;
#7536 = EDGE_CURVE ( 'NONE', #6631, #5193, #7415, .T. ) ;
#7537 = CARTESIAN_POINT ( 'NONE',  ( 0.06371178680805722472, -0.2419577080546020387, -1.099999999999996758 ) ) ;
#7538 = EDGE_LOOP ( 'NONE', ( #5110, #4424, #129, #3352 ) ) ;
#7539 = CARTESIAN_POINT ( 'NONE',  ( 0.02697841726621852398, -0.2485400671959903107, -1.099999999999996758 ) ) ;
#7540 = CIRCLE ( 'NONE', #858, 4.799999999999998934 ) ;
#7541 = ORIENTED_EDGE ( 'NONE', *, *, #1507, .F. ) ;
#7542 = CARTESIAN_POINT ( 'NONE',  ( 0.1924284163752898458, -0.1597770853568047933, -1.099999999999996758 ) ) ;
#7543 = CARTESIAN_POINT ( 'NONE',  ( 647.2140778579004063, 824.7134494422277839, 1297.479367916201909 ) ) ;
#7544 =( GEOMETRIC_REPRESENTATION_CONTEXT ( 3 ) GLOBAL_UNCERTAINTY_ASSIGNED_CONTEXT ( ( #438 ) ) GLOBAL_UNIT_ASSIGNED_CONTEXT ( ( #1331, #1144, #8103 ) ) REPRESENTATION_CONTEXT ( 'NONE', 'WORKASPACE' ) );
#7545 = CARTESIAN_POINT ( 'NONE',  ( 649.6683955281915814, 823.1848972967051168, 1291.087368354111732 ) ) ;
#7546 = DIRECTION ( 'NONE',  ( 0.000000000000000000, -1.000000000000000000, 0.000000000000000000 ) ) ;
#7547 = EDGE_CURVE ( 'NONE', #5659, #3406, #2956, .T. ) ;
#7548 = ORIENTED_EDGE ( 'NONE', *, *, #5634, .T. ) ;
#7549 = CARTESIAN_POINT ( 'NONE',  ( -266.3373459811442672, 55.99999999999999289, 3.999999999999996447 ) ) ;
#7550 = VECTOR ( 'NONE', #5958, 1000.000000000000000 ) ;
#7551 = SURFACE_STYLE_FILL_AREA ( #6184 ) ;
#7552 = CARTESIAN_POINT ( 'NONE',  ( 0.1496347106601861321, 0.4194641360146522668, -0.006944503301090088065 ) ) ;
#7553 = ORIENTED_EDGE ( 'NONE', *, *, #4108, .F. ) ;
#7554 = FACE_OUTER_BOUND ( 'NONE', #4052, .T. ) ;
#7555 = CARTESIAN_POINT ( 'NONE',  ( 0.1482136023514279699, 0.4742643627122062888, -0.03174305410542252459 ) ) ;
#7556 = ORIENTED_EDGE ( 'NONE', *, *, #4197, .T. ) ;
#7557 = AXIS2_PLACEMENT_3D ( 'NONE', #4034, #6810, #587 ) ;
#7558 = CIRCLE ( 'NONE', #7843, 3.750000000000148326 ) ;
#7559 = VERTEX_POINT ( 'NONE', #5195 ) ;
#7560 = EDGE_CURVE ( 'NONE', #6168, #302, #7914, .T. ) ;
#7561 = DIRECTION ( 'NONE',  ( -0.08803429357919700937, 0.9376491420330569371, -0.3362499808158863068 ) ) ;
#7562 = CARTESIAN_POINT ( 'NONE',  ( -77.99999999999987210, -21.52393324585229095, 0.000000000000000000 ) ) ;
#7563 = CARTESIAN_POINT ( 'NONE',  ( 646.7081733415230929, 820.9251492556688845, 1294.172623165991354 ) ) ;
#7564 = AXIS2_PLACEMENT_3D ( 'NONE', #5179, #8529, #7941 ) ;
#7565 = CARTESIAN_POINT ( 'NONE',  ( -0.5298068793709571622, 0.4763458490105103582, -0.06504171769680608395 ) ) ;
#7566 = ORIENTED_EDGE ( 'NONE', *, *, #3302, .F. ) ;
#7567 = CARTESIAN_POINT ( 'NONE',  ( 2.205478028304258764, 0.05999999999999061639, 1.599999999999997202 ) ) ;
#7568 = ORIENTED_EDGE ( 'NONE', *, *, #2784, .T. ) ;
#7569 = LINE ( 'NONE', #3564, #3774 ) ;
#7570 = B_SPLINE_CURVE_WITH_KNOTS ( 'NONE', 3,
 ( #958, #3728, #5047, #5678, #5004, #6506, #1597, #5864, #3046, #2230 ),
 .UNSPECIFIED., .F., .F.,
 ( 4, 3, 3, 4 ),
 ( 1.084202172485503953E-19, 2.520687103428810192E-06, 5.041377495044080357E-06, 8.629767795653209056E-06 ),
 .UNSPECIFIED. ) ;
#7571 = CARTESIAN_POINT ( 'NONE',  ( 646.5981304745480429, 822.0972106832105055, 1293.752310689970727 ) ) ;
#7572 = CARTESIAN_POINT ( 'NONE',  ( -0.1428897158718689386, -0.2052802584941310071, -1.099999999999996758 ) ) ;
#7573 = FACE_OUTER_BOUND ( 'NONE', #6198, .T. ) ;
#7574 = ORIENTED_EDGE ( 'NONE', *, *, #2198, .F. ) ;
#7575 = DIRECTION ( 'NONE',  ( -3.466673899897024536E-32, -4.006689065479291976E-18, 1.000000000000000000 ) ) ;
#7576 = AXIS2_PLACEMENT_3D ( 'NONE', #1079, #1169, #3120 ) ;
#7577 = EDGE_CURVE ( 'NONE', #3423, #2714, #5868, .T. ) ;
#7578 = CARTESIAN_POINT ( 'NONE',  ( -10.75000000000003730, 32.50000000000000000, -3.500000000000003109 ) ) ;
#7579 = CARTESIAN_POINT ( 'NONE',  ( 0.1018936698160069487, -0.2283036096131785264, -1.099999999999996758 ) ) ;
#7580 = VERTEX_POINT ( 'NONE', #2418 ) ;
#7581 = DIRECTION ( 'NONE',  ( 0.08803429357919534404, -0.9376491420330603788, 0.3362499808158775916 ) ) ;
#7582 = DIRECTION ( 'NONE',  ( 0.000000000000000000, 0.000000000000000000, -1.000000000000000000 ) ) ;
#7583 = ORIENTED_EDGE ( 'NONE', *, *, #562, .F. ) ;
#7584 = CARTESIAN_POINT ( 'NONE',  ( 53.85925382924440186, -1.434450794419270370, 6.999999999999999112 ) ) ;
#7585 = EDGE_CURVE ( 'NONE', #8542, #6812, #3959, .T. ) ;
#7586 = DIRECTION ( 'NONE',  ( -1.000000000000000000, 1.020425574104004246E-16, -0.000000000000000000 ) ) ;
#7587 = DIRECTION ( 'NONE',  ( 1.000000000000000000, 0.000000000000000000, 0.000000000000000000 ) ) ;
#7588 = EDGE_CURVE ( 'NONE', #5514, #6509, #3235, .T. ) ;
#7589 = CARTESIAN_POINT ( 'NONE',  ( 647.4314596745673498, 825.3307171766314241, 1290.196804901367614 ) ) ;
#7590 = ORIENTED_EDGE ( 'NONE', *, *, #5111, .F. ) ;
#7591 = CARTESIAN_POINT ( 'NONE',  ( -76.88665920154704736, -20.19710534951443748, 2.566987298107767490 ) ) ;
#7592 = DIRECTION ( 'NONE',  ( 0.000000000000000000, 1.000000000000000000, -1.734723475976808080E-16 ) ) ;
#7593 = FACE_OUTER_BOUND ( 'NONE', #8769, .T. ) ;
#7594 = ORIENTED_EDGE ( 'NONE', *, *, #8332, .T. ) ;
#7595 = CARTESIAN_POINT ( 'NONE',  ( -266.3373459811442672, 61.00000000000000000, -3.999999999999996447 ) ) ;
#7596 = CARTESIAN_POINT ( 'NONE',  ( 0.3039668737107453778, -0.1851906122636443053, 0.000000000000000000 ) ) ;
#7597 = ORIENTED_EDGE ( 'NONE', *, *, #8607, .T. ) ;
#7598 = ORIENTED_EDGE ( 'NONE', *, *, #5308, .F. ) ;
#7599 = ORIENTED_EDGE ( 'NONE', *, *, #2946, .T. ) ;
#7601 = AXIS2_PLACEMENT_3D ( 'NONE', #3175, #1731, #4492 ) ;
#7600 = CARTESIAN_POINT ( 'NONE',  ( 646.5522227171766190, 821.9984530313579398, 1293.488939461451309 ) ) ;
#7602 = ADVANCED_FACE ( 'NONE', ( #3094 ), #8100, .T. ) ;
#7603 = FACE_BOUND ( 'NONE', #5088, .T. ) ;
#7604 = CARTESIAN_POINT ( 'NONE',  ( -0.8326925207963811193, 0.8611461228322375705, -0.1856031583492151471 ) ) ;
#7605 = DIRECTION ( 'NONE',  ( 0.08803429357919534404, -0.9376491420330603788, 0.3362499808158775916 ) ) ;
#7606 = VERTEX_POINT ( 'NONE', #8776 ) ;
#7607 = ORIENTED_EDGE ( 'NONE', *, *, #4990, .T. ) ;
#7608 = CARTESIAN_POINT ( 'NONE',  ( 647.2140778579004063, 824.7134494422277839, 1297.479367916201909 ) ) ;
#7609 = AXIS2_PLACEMENT_3D ( 'NONE', #5207, #2972, #7925 ) ;
#7610 = AXIS2_PLACEMENT_3D ( 'NONE', #8276, #1379, #8827 ) ;
#7611 = EDGE_CURVE ( 'NONE', #5482, #7099, #4461, .T. ) ;
#7612 = CARTESIAN_POINT ( 'NONE',  ( -0.3376899659106660789, 0.1610167434695497501, 0.000000000000000000 ) ) ;
#7613 = AXIS2_PLACEMENT_3D ( 'NONE', #5377, #4739, #7382 ) ;
#7614 = CIRCLE ( 'NONE', #655, 4.649999999999822720 ) ;
#7615 = CARTESIAN_POINT ( 'NONE',  ( 0.5674346639496161693, -0.5222173394503500932, -0.07630245999698931358 ) ) ;
#7616 = CARTESIAN_POINT ( 'NONE',  ( -0.1745366508429241348, -0.1789887077792151615, -1.099999999999996758 ) ) ;
#7617 = VERTEX_POINT ( 'NONE', #7960 ) ;
#7618 = ADVANCED_FACE ( 'NONE', ( #3913 ), #369, .T. ) ;
#7619 = CARTESIAN_POINT ( 'NONE',  ( 0.3003969937441022808, -0.1969918972189316220, -0.01674248924559557095 ) ) ;
#7620 = EDGE_CURVE ( 'NONE', #2042, #3199, #7460, .T. ) ;
#7621 = VECTOR ( 'NONE', #2047, 1000.000000000000000 ) ;
#7622 = ADVANCED_FACE ( 'NONE', ( #1744 ), #8009, .F. ) ;
#7623 = CARTESIAN_POINT ( 'NONE',  ( 649.6009470797979475, 822.8732348823967868, 1291.722930564731996 ) ) ;
#7624 = CYLINDRICAL_SURFACE ( 'NONE', #1219, 7.499999999999990230 ) ;
#7625 = ORIENTED_EDGE ( 'NONE', *, *, #2256, .T. ) ;
#7626 = CARTESIAN_POINT ( 'NONE',  ( -0.01351552776397701994, -0.2497563872749936076, -1.099999999999996758 ) ) ;
#7627 = VECTOR ( 'NONE', #2655, 1000.000000000000000 ) ;
#7628 = DIRECTION ( 'NONE',  ( -0.08803429357919545506, 0.9376491420330602677, -0.3362499808158776471 ) ) ;
#7629 = EDGE_LOOP ( 'NONE', ( #2426, #6979 ) ) ;
#7630 = FACE_OUTER_BOUND ( 'NONE', #727, .T. ) ;
#7631 = CARTESIAN_POINT ( 'NONE',  ( 69.62140237615138005, 0.8126188716606752571, 4.749999999999997335 ) ) ;
#7632 = LINE ( 'NONE', #6304, #5306 ) ;
#7633 = ORIENTED_EDGE ( 'NONE', *, *, #1599, .F. ) ;
#7634 = CARTESIAN_POINT ( 'NONE',  ( -0.9664416801746580354, 0.9910935419185779027, -0.005503680371526931125 ) ) ;
#7635 = VECTOR ( 'NONE', #865, 1000.000000000000000 ) ;
#7636 = CARTESIAN_POINT ( 'NONE',  ( 652.9463019229077645, 763.6597991205849212, 1319.373792844571653 ) ) ;
#7637 = VERTEX_POINT ( 'NONE', #6687 ) ;
#7638 = DIRECTION ( 'NONE',  ( 0.000000000000000000, 0.000000000000000000, 1.000000000000000000 ) ) ;
#7639 = DIRECTION ( 'NONE',  ( -0.9848077530122072432, 0.1736481776669352717, 0.000000000000000000 ) ) ;
#7640 = CIRCLE ( 'NONE', #676, 2.999999999999995559 ) ;
#7641 = ORIENTED_EDGE ( 'NONE', *, *, #7979, .F. ) ;
#7642 = VECTOR ( 'NONE', #1604, 1000.000000000000000 ) ;
#7643 = EDGE_CURVE ( 'NONE', #7823, #2906, #5912, .T. ) ;
#7644 = ORIENTED_EDGE ( 'NONE', *, *, #8512, .T. ) ;
#7645 = LINE ( 'NONE', #7048, #1151 ) ;
#7646 = FACE_OUTER_BOUND ( 'NONE', #6964, .T. ) ;
#7647 = CARTESIAN_POINT ( 'NONE',  ( -63.64255635432972014, -23.76525047424265935, 6.877959568533577261 ) ) ;
#7648 = CARTESIAN_POINT ( 'NONE',  ( -0.6422591314844438015, 0.6136395537318996007, -0.09979297218044777540 ) ) ;
#7649 = CARTESIAN_POINT ( 'NONE',  ( -0.2222148463932455131, -0.1146708022528725168, -1.099999999999996758 ) ) ;
#7650 = EDGE_LOOP ( 'NONE', ( #414, #4180, #8287, #6137 ) ) ;
#7651 = ORIENTED_EDGE ( 'NONE', *, *, #4643, .T. ) ;
#7652 = CARTESIAN_POINT ( 'NONE',  ( -14.21773040215869699, 15.59572001967665678, 0.000000000000000000 ) ) ;
#7653 = CIRCLE ( 'NONE', #3583, 4.449999999999971756 ) ;
#7654 = DIRECTION ( 'NONE',  ( 0.07953050092227215151, -0.3298668251559629394, -0.9406714501272894768 ) ) ;
#7655 = ADVANCED_FACE ( 'NONE', ( #4549 ), #1070, .T. ) ;
#7656 = DIRECTION ( 'NONE',  ( 0.000000000000000000, -1.734723475976807094E-16, -1.000000000000000000 ) ) ;
#7657 = CARTESIAN_POINT ( 'NONE',  ( 0.4746887619024883764, 0.1594309081947204720, -0.03222967016136708135 ) ) ;
#7658 = ORIENTED_EDGE ( 'NONE', *, *, #3026, .F. ) ;
#7659 = CARTESIAN_POINT ( 'NONE',  ( 648.9847587118442789, 805.8540105120729322, 1304.242543707851382 ) ) ;
#7660 = DIRECTION ( 'NONE',  ( 1.000000000000000000, 0.000000000000000000, 0.000000000000000000 ) ) ;
#7661 = CYLINDRICAL_SURFACE ( 'NONE', #926, 4.799999999999999822 ) ;
#7662 = SHAPE_DEFINITION_REPRESENTATION ( #6966, #8742 ) ;
#7663 = ORIENTED_EDGE ( 'NONE', *, *, #7643, .F. ) ;
#7664 = CARTESIAN_POINT ( 'NONE',  ( 647.2140778579004063, 824.7134494422277839, 1297.479367916201909 ) ) ;
#7665 = EDGE_CURVE ( 'NONE', #7309, #6171, #1504, .T. ) ;
#7666 = CARTESIAN_POINT ( 'NONE',  ( 0.3349526197566051189, 0.4354308262226149195, -0.03879293470140105643 ) ) ;
#7667 = ADVANCED_FACE ( 'NONE', ( #8684 ), #8733, .T. ) ;
#7668 = CARTESIAN_POINT ( 'NONE',  ( 1.085418506076504919, -1.880000000000006555, 0.000000000000000000 ) ) ;
#7669 = STYLED_ITEM ( 'NONE', ( #5926 ), #4381 ) ;
#7670 = CARTESIAN_POINT ( 'NONE',  ( -0.1701907275867878822, 0.3061427396474116769, -0.01587959585754625952 ) ) ;
#7671 = CARTESIAN_POINT ( 'NONE',  ( 0.000000000000000000, 0.000000000000000000, -11.59999999999999964 ) ) ;
#7672 = CARTESIAN_POINT ( 'NONE',  ( 0.9110182193746707568, 0.9252421302624880273, -0.005503671348411343089 ) ) ;
#7673 = ORIENTED_EDGE ( 'NONE', *, *, #7264, .T. ) ;
#7674 = DIRECTION ( 'NONE',  ( -0.1046847845180460534, -3.450383912339419233E-16, -0.9945054529214056860 ) ) ;
#7675 = ADVANCED_FACE ( 'NONE', ( #4599 ), #505, .T. ) ;
#7676 = CARTESIAN_POINT ( 'NONE',  ( 647.3185096206132130, 775.6719059573540562, 1309.733882671521314 ) ) ;
#7677 = CARTESIAN_POINT ( 'NONE',  ( 0.1207527918033746150, 0.2189242003604596754, -1.099999999999996758 ) ) ;
#7678 = VECTOR ( 'NONE', #605, 1000.000000000000000 ) ;
#7679 = VERTEX_POINT ( 'NONE', #6226 ) ;
#7680 = DIRECTION ( 'NONE',  ( 0.000000000000000000, 0.000000000000000000, -1.000000000000000000 ) ) ;
#7681 = DIRECTION ( 'NONE',  ( -1.000000000000000000, -0.000000000000000000, -0.000000000000000000 ) ) ;
#7682 = ORIENTED_EDGE ( 'NONE', *, *, #7027, .F. ) ;
#7683 = ADVANCED_FACE ( 'NONE', ( #8266 ), #4133, .T. ) ;
#7684 = EDGE_LOOP ( 'NONE', ( #3132, #6642, #239, #1519, #5027, #7568, #3982, #6762, #4393 ) ) ;
#7685 = FACE_BOUND ( 'NONE', #7629, .T. ) ;
#7686 = CARTESIAN_POINT ( 'NONE',  ( -0.1732444538684249635, 0.1802397270410371899, -1.099999999999996758 ) ) ;
#7687 = CARTESIAN_POINT ( 'NONE',  ( 0.05425946477573967419, -1.196478639085091222, -0.1855446116177938976 ) ) ;
#7688 = EDGE_LOOP ( 'NONE', ( #6464, #5284, #1571, #1204 ) ) ;
#7689 = CARTESIAN_POINT ( 'NONE',  ( -0.3387742927905132984, 0.2460230989152545622, -0.02248601727114536014 ) ) ;
#7690 = LINE ( 'NONE', #1433, #6543 ) ;
#7691 = EDGE_LOOP ( 'NONE', ( #6258, #5875 ) ) ;
#7692 = ADVANCED_FACE ( 'NONE', ( #5366, #8821 ), #4089, .T. ) ;
#7693 = VECTOR ( 'NONE', #1803, 1000.000000000000227 ) ;
#7694 = ORIENTED_EDGE ( 'NONE', *, *, #6665, .F. ) ;
#7695 = FACE_OUTER_BOUND ( 'NONE', #7684, .T. ) ;
#7696 = B_SPLINE_SURFACE_WITH_KNOTS ( 'NONE', 3, 1, ( 
 ( #3368, #6135 ),
 ( #8902, #2683 ),
 ( #5456, #8223 ),
 ( #6307, #30 ),
 ( #2899, #8351 ),
 ( #3496, #5037 ),
 ( #1540, #7031 ) ),
 .UNSPECIFIED., .F., .F., .F.,
 ( 4, 1, 1, 1, 4 ),
 ( 2, 2 ),
 ( 0.000000000000000000, 0.2500000000000000000, 0.5000000000000000000, 0.7500000000000000000, 1.000000000000000000 ),
 ( 0.006366829785429100295, 1.000000000000000000 ),
 .UNSPECIFIED. ) ;
#7697 = ADVANCED_FACE ( 'NONE', ( #4175 ), #6870, .T. ) ;
#7698 = CARTESIAN_POINT ( 'NONE',  ( -0.3018085676027015829, 0.2011711265037796625, 0.000000000000000000 ) ) ;
#7699 = EDGE_CURVE ( 'NONE', #8800, #2404, #4394, .T. ) ;
#7700 = VECTOR ( 'NONE', #5750, 1000.000000000000000 ) ;
#7701 = DIRECTION ( 'NONE',  ( -0.08803429357919523301, 0.9376491420330602677, -0.3362499808158777581 ) ) ;
#7702 = DIRECTION ( 'NONE',  ( -0.08803429357919559384, 0.9376491420330599347, -0.3362499808158784242 ) ) ;
#7703 = VERTEX_POINT ( 'NONE', #4685 ) ;
#7704 = CARTESIAN_POINT ( 'NONE',  ( 0.3198299260002701594, -0.1657605765981035040, -0.01683376518574891678 ) ) ;
#7705 = VECTOR ( 'NONE', #8571, 1000.000000000000227 ) ;
#7706 = CARTESIAN_POINT ( 'NONE',  ( 1.189627661050858487, -0.1388928851893955763, -0.1855446092705256844 ) ) ;
#7707 = CARTESIAN_POINT ( 'NONE',  ( -76.88665920154704736, -20.19710534951443748, 0.000000000000000000 ) ) ;
#7708 = APPLICATION_PROTOCOL_DEFINITION ( 'draft international standard', 'automotive_design', 1998, #2437 ) ;
#7709 = ORIENTED_EDGE ( 'NONE', *, *, #6947, .F. ) ;
#7710 = CARTESIAN_POINT ( 'NONE',  ( -0.1300350166469274593, -1.197954329803074813, -0.1785173072915841042 ) ) ;
#7711 = EDGE_CURVE ( 'NONE', #4517, #6855, #7335, .T. ) ;
#7712 = LINE ( 'NONE', #851, #2296 ) ;
#7713 = CARTESIAN_POINT ( 'NONE',  ( -1.194975953550184045, -0.08523039047611535857, -0.1855446221401338414 ) ) ;
#7714 = CARTESIAN_POINT ( 'NONE',  ( -51.00000000000002842, 61.00000000000000000, 16.00000000000000000 ) ) ;
#7715 = ADVANCED_FACE ( 'NONE', ( #1370 ), #5539, .F. ) ;
#7716 = CARTESIAN_POINT ( 'NONE',  ( 0.1732444538684388413, -0.1802397270410371899, -1.099999999999996758 ) ) ;
#7717 = CIRCLE ( 'NONE', #5682, 0.2000000000000392852 ) ;
#7718 = CYLINDRICAL_SURFACE ( 'NONE', #346, 4.250000000000081712 ) ;
#7719 = ORIENTED_EDGE ( 'NONE', *, *, #5812, .T. ) ;
#7720 = CARTESIAN_POINT ( 'NONE',  ( 1.189627661050858487, -0.1388928851893955763, -0.1855446092705256844 ) ) ;
#7721 = AXIS2_PLACEMENT_3D ( 'NONE', #4756, #4024, #14 ) ;
#7722 = DIRECTION ( 'NONE',  ( 0.08803429357919508036, -0.9376491420330606008, 0.3362499808158768699 ) ) ;
#7723 = CARTESIAN_POINT ( 'NONE',  ( 0.2488749066003395627, 0.02418126363633310572, -1.099999999999996758 ) ) ;
#7724 = ORIENTED_EDGE ( 'NONE', *, *, #572, .F. ) ;
#7725 = CARTESIAN_POINT ( 'NONE',  ( -0.3003672735761159229, -0.2002104289819395255, -0.01690487344975510897 ) ) ;
#7726 = EDGE_CURVE ( 'NONE', #274, #4446, #3642, .T. ) ;
#7727 = DIRECTION ( 'NONE',  ( -0.9714137623810596978, -0.1555226214723589018, -0.1793544436779851148 ) ) ;
#7728 = LINE ( 'NONE', #5426, #7488 ) ;
#7729 = EDGE_LOOP ( 'NONE', ( #6581, #6562, #2205, #8489, #4890 ) ) ;
#7730 = ORIENTED_EDGE ( 'NONE', *, *, #278, .T. ) ;
#7731 = DIRECTION ( 'NONE',  ( -0.000000000000000000, -0.000000000000000000, -1.000000000000000000 ) ) ;
#7732 = DIRECTION ( 'NONE',  ( 1.360567432138672328E-16, 1.000000000000000000, -0.000000000000000000 ) ) ;
#7733 = FACE_OUTER_BOUND ( 'NONE', #7290, .T. ) ;
#7734 = EDGE_LOOP ( 'NONE', ( #889, #5863, #3191, #7951 ) ) ;
#7735 = VECTOR ( 'NONE', #1075, 1000.000000000000000 ) ;
#7736 = CARTESIAN_POINT ( 'NONE',  ( -0.8361759912694083363, 0.8575050536983319649, -0.1855446092705256844 ) ) ;
#7737 = CARTESIAN_POINT ( 'NONE',  ( 652.8846779174020867, 764.3161535200088110, 1319.138417857990362 ) ) ;
#7738 = ORIENTED_EDGE ( 'NONE', *, *, #6679, .T. ) ;
#7739 = ORIENTED_EDGE ( 'NONE', *, *, #3806, .T. ) ;
#7740 = VECTOR ( 'NONE', #1118, 1000.000000000000000 ) ;
#7741 = CARTESIAN_POINT ( 'NONE',  ( -22.90013928550547107, -33.64466763093366808, 0.000000000000000000 ) ) ;
#7742 = EDGE_CURVE ( 'NONE', #4008, #4710, #4773, .T. ) ;
#7743 = DIRECTION ( 'NONE',  ( -0.6427876096865414723, -0.7660444431189761261, 0.000000000000000000 ) ) ;
#7744 = VECTOR ( 'NONE', #4206, 1000.000000000000000 ) ;
#7745 = DIRECTION ( 'NONE',  ( -0.9848077530122070211, 0.1736481776669358545, 0.000000000000000000 ) ) ;
#7746 = VERTEX_POINT ( 'NONE', #6773 ) ;
#7747 = CARTESIAN_POINT ( 'NONE',  ( 67.88492059948210056, -9.035458658461461567, 8.000000000000000000 ) ) ;
#7748 = DIRECTION ( 'NONE',  ( -0.08803429357919875797, 0.9376491420330641535, -0.3362499808158659342 ) ) ;
#7749 = VECTOR ( 'NONE', #1566, 1000.000000000000000 ) ;
#7750 = CARTESIAN_POINT ( 'NONE',  ( 31.99999999999996447, 32.50000000000000000, -11.99999999999999645 ) ) ;
#7751 = EDGE_CURVE ( 'NONE', #7047, #364, #2723, .T. ) ;
#7752 = AXIS2_PLACEMENT_3D ( 'NONE', #329, #277, #1839 ) ;
#7753 = APPLICATION_PROTOCOL_DEFINITION ( 'draft international standard', 'automotive_design', 1998, #2564 ) ;
#7754 = ORIENTED_EDGE ( 'NONE', *, *, #7113, .T. ) ;
#7755 = B_SPLINE_CURVE_WITH_KNOTS ( 'NONE', 3,
 ( #3350, #1210, #8165, #2534, #1941, #8080, #1857, #3393, #1168, #8801, #2579, #5350, #8121, #1897, #5650, #4243, #7615, #7788, #4336, #7014, #2748 ),
 .UNSPECIFIED., .F., .F.,
 ( 4, 2, 2, 1, 2, 2, 2, 1, 1, 2, 2, 4 ),
 ( 0.000000000000000000, 0.1249999999999978628, 0.1874999999999967526, 0.2187499999999962252, 0.2343749999999961142, 0.2499999999999959477, 0.3749999999999956701, 0.4374999999999955591, 0.4687499999999956701, 0.4843749999999956701, 0.4999999999999956701, 1.000000000000000000 ),
 .UNSPECIFIED. ) ;
#7756 = DIRECTION ( 'NONE',  ( -0.000000000000000000, 0.000000000000000000, -1.000000000000000000 ) ) ;
#7757 = FACE_OUTER_BOUND ( 'NONE', #1222, .T. ) ;
#7758 = DIRECTION ( 'NONE',  ( 0.08803429358604358823, -0.9376491420297089485, 0.3362499808234299392 ) ) ;
#7759 = LINE ( 'NONE', #3626, #5824 ) ;
#7760 = CARTESIAN_POINT ( 'NONE',  ( 651.8365113123298897, 783.2132720914692072, 1316.293133341151361 ) ) ;
#7761 = DIRECTION ( 'NONE',  ( -0.1610798504276388654, -0.3465180766741912666, -0.9241095737650534270 ) ) ;
#7762 = AXIS2_PLACEMENT_3D ( 'NONE', #8618, #4444, #6493 ) ;
#7763 = ORIENTED_EDGE ( 'NONE', *, *, #8694, .F. ) ;
#7764 = CARTESIAN_POINT ( 'NONE',  ( -0.6338962498738596185, 0.5959807186652898991, -0.005503680371526931125 ) ) ;
#7765 = EDGE_CURVE ( 'NONE', #5737, #1882, #5410, .T. ) ;
#7766 = DIRECTION ( 'NONE',  ( -0.000000000000000000, 1.734723475976807094E-16, 1.000000000000000000 ) ) ;
#7767 = EDGE_LOOP ( 'NONE', ( #3766, #6516, #4377, #8145 ) ) ;
#7768 = FACE_OUTER_BOUND ( 'NONE', #2987, .T. ) ;
#7769 = CARTESIAN_POINT ( 'NONE',  ( -7.000000000000033751, 52.49999999999999289, -4.799999999999999822 ) ) ;
#7770 = CARTESIAN_POINT ( 'NONE',  ( -10.75000000000003730, 34.89999999999999858, 8.700000000000009948 ) ) ;
#7771 = ORIENTED_EDGE ( 'NONE', *, *, #8407, .T. ) ;
#7772 = CARTESIAN_POINT ( 'NONE',  ( -39.45405613487440633, 10.34360167969249034, 0.000000000000000000 ) ) ;
#7773 = EDGE_LOOP ( 'NONE', ( #1659, #624, #3542, #8502 ) ) ;
#7774 = SURFACE_STYLE_FILL_AREA ( #7091 ) ;
#7775 = VECTOR ( 'NONE', #6502, 1000.000000000000114 ) ;
#7776 = ORIENTED_EDGE ( 'NONE', *, *, #763, .T. ) ;
#7777 =( NAMED_UNIT ( * ) SI_UNIT ( $, .STERADIAN. ) SOLID_ANGLE_UNIT ( ) );
#7778 = CARTESIAN_POINT ( 'NONE',  ( -0.1700863687544018621, 0.1832752439042545367, -1.099999999999996758 ) ) ;
#7779 = DIRECTION ( 'NONE',  ( 0.08803429357919534404, -0.9376491420330603788, 0.3362499808158775916 ) ) ;
#7780 = EDGE_LOOP ( 'NONE', ( #5497, #3139, #3016, #904 ) ) ;
#7781 = EDGE_CURVE ( 'NONE', #877, #1017, #1963, .T. ) ;
#7782 = CARTESIAN_POINT ( 'NONE',  ( -76.88665920154704736, -20.19710534951443748, 0.000000000000000000 ) ) ;
#7783 = CARTESIAN_POINT ( 'NONE',  ( -0.2097430909579686698, -0.1360788281502267605, -1.099999999999996758 ) ) ;
#7784 = EDGE_CURVE ( 'NONE', #216, #5829, #7505, .T. ) ;
#7785 = ORIENTED_EDGE ( 'NONE', *, *, #3565, .F. ) ;
#7786 = VERTEX_POINT ( 'NONE', #6820 ) ;
#7787 = CIRCLE ( 'NONE', #4012, 1.590000000000005631 ) ;
#7788 = CARTESIAN_POINT ( 'NONE',  ( 0.5717848413221635617, -0.5275307322918657560, -0.07765802454801924715 ) ) ;
#7789 = STYLED_ITEM ( 'NONE', ( #6755 ), #4174 ) ;
#7790 = CARTESIAN_POINT ( 'NONE',  ( 0.7497724123309300603, 0.1554342520140857553, -0.07522651171098687639 ) ) ;
#7791 = EDGE_LOOP ( 'NONE', ( #3866, #8812, #6951, #5415, #146 ) ) ;
#7792 = DIRECTION ( 'NONE',  ( -0.000000000000000000, -1.000000000000000000, -0.000000000000000000 ) ) ;
#7793 = DIRECTION ( 'NONE',  ( -0.000000000000000000, -0.000000000000000000, -1.000000000000000000 ) ) ;
#7794 = AXIS2_PLACEMENT_3D ( 'NONE', #5638, #4277, #8918 ) ;
#7795 = DIRECTION ( 'NONE',  ( 1.373830901348298248E-16, 0.7071067811865462405, 0.7071067811865487940 ) ) ;
#7796 = ADVANCED_FACE ( 'NONE', ( #595 ), #7696, .F. ) ;
#7797 = SHAPE_DEFINITION_REPRESENTATION ( #4436, #3508 ) ;
#7798 = ORIENTED_EDGE ( 'NONE', *, *, #8407, .F. ) ;
#7799 = CARTESIAN_POINT ( 'NONE',  ( 69.44909946789871924, -0.1645594793796192612, 0.007747097795026287523 ) ) ;
#7800 = DIRECTION ( 'NONE',  ( -1.110223024625149884E-16, -1.000000000000000000, 0.000000000000000000 ) ) ;
#7801 = DIRECTION ( 'NONE',  ( 1.000000000000000000, -1.942890293094020494E-16, 0.000000000000000000 ) ) ;
#7802 = EDGE_LOOP ( 'NONE', ( #1271, #7531, #22, #2038, #7754 ) ) ;
#7803 = LINE ( 'NONE', #944, #7705 ) ;
#7804 = DIRECTION ( 'NONE',  ( -0.08803429357918918230, 0.9376491420330504978, -0.3362499808159062908 ) ) ;
#7805 = EDGE_CURVE ( 'NONE', #7130, #1777, #2266, .T. ) ;
#7806 = B_SPLINE_SURFACE_WITH_KNOTS ( 'NONE', 3, 1, ( 
 ( #5414, #3824 ),
 ( #7375, #510 ),
 ( #6010, #5370 ),
 ( #4004, #8736 ),
 ( #6645, #7284 ),
 ( #5964, #3193 ),
 ( #3962, #2601 ) ),
 .UNSPECIFIED., .F., .F., .F.,
 ( 4, 1, 1, 1, 4 ),
 ( 2, 2 ),
 ( 0.000000000000000000, 0.2500000000000000000, 0.5000000000000000000, 0.7500000000000000000, 1.000000000000000000 ),
 ( 0.005003337589465000311, 1.000000000000000000 ),
 .UNSPECIFIED. ) ;
#7807 = ORIENTED_EDGE ( 'NONE', *, *, #7044, .F. ) ;
#7808 =( GEOMETRIC_REPRESENTATION_CONTEXT ( 3 ) GLOBAL_UNCERTAINTY_ASSIGNED_CONTEXT ( ( #3163 ) ) GLOBAL_UNIT_ASSIGNED_CONTEXT ( ( #1043, #1270, #5274 ) ) REPRESENTATION_CONTEXT ( 'NONE', 'WORKASPACE' ) );
#7809 = CARTESIAN_POINT ( 'NONE',  ( 649.0084615234635521, 761.8322041019046083, 1315.159731924721655 ) ) ;
#7810 = VERTEX_POINT ( 'NONE', #7809 ) ;
#7811 = EDGE_CURVE ( 'NONE', #7208, #1193, #2131, .T. ) ;
#7812 = CARTESIAN_POINT ( 'NONE',  ( -49.70522151952334156, -17.09815470596434750, 8.000000000000000000 ) ) ;
#7813 = AXIS2_PLACEMENT_3D ( 'NONE', #6022, #6788, #3338 ) ;
#7814 = ORIENTED_EDGE ( 'NONE', *, *, #5479, .T. ) ;
#7815 = CARTESIAN_POINT ( 'NONE',  ( -5.055563173821026268, 9.969247618609081485, 0.000000000000000000 ) ) ;
#7816 = DIRECTION ( 'NONE',  ( -1.000000000000000000, 1.020425574104004122E-16, 0.000000000000000000 ) ) ;
#7817 = EDGE_LOOP ( 'NONE', ( #2842, #326, #1034, #1045 ) ) ;
#7818 = LINE ( 'NONE', #6549, #6034 ) ;
#7819 = ORIENTED_EDGE ( 'NONE', *, *, #3617, .T. ) ;
#7820 = CIRCLE ( 'NONE', #6078, 4.735000000000098019 ) ;
#7821 = EDGE_CURVE ( 'NONE', #5622, #3516, #5087, .T. ) ;
#7822 = DIRECTION ( 'NONE',  ( -1.110223024625150008E-16, -1.000000000000000000, -4.006689065479319709E-18 ) ) ;
#7823 = VERTEX_POINT ( 'NONE', #1452 ) ;
#7824 = CIRCLE ( 'NONE', #2887, 6.049999999999998934 ) ;
#7825 = SHAPE_REPRESENTATION_RELATIONSHIP ( 'NONE' , 'NONE' ,  #1947, #1173 ) ;
#7826 = DIRECTION ( 'NONE',  ( 0.08803429357919534404, -0.9376491420330603788, 0.3362499808158775916 ) ) ;
#7827 = LINE ( 'NONE', #7094, #4612 ) ;
#7828 = EDGE_LOOP ( 'NONE', ( #7625, #4584, #2862, #1132 ) ) ;
#7829 = CARTESIAN_POINT ( 'NONE',  ( -0.1616275256917307224, 0.3188332002127119980, -5.595407092523485559E-05 ) ) ;
#7830 = CARTESIAN_POINT ( 'NONE',  ( 0.000000000000000000, 0.000000000000000000, -1.700000000000000178 ) ) ;
#7831 = ORIENTED_EDGE ( 'NONE', *, *, #8350, .T. ) ;
#7832 = ORIENTED_EDGE ( 'NONE', *, *, #4157, .F. ) ;
#7833 = PRESENTATION_LAYER_ASSIGNMENT (  '', '', ( #1887 ) ) ;
#7834 = EDGE_CURVE ( 'NONE', #629, #8841, #4833, .T. ) ;
#7835 = ADVANCED_FACE ( 'NONE', ( #1586 ), #7718, .T. ) ;
#7836 = CARTESIAN_POINT ( 'NONE',  ( 0.2483133094921610717, -0.02899138370379694685, -1.099999999999996758 ) ) ;
#7837 = AXIS2_PLACEMENT_3D ( 'NONE', #3708, #245, #8562 ) ;
#7838 = CARTESIAN_POINT ( 'NONE',  ( 648.2392958915335157, 813.7939001330638575, 1301.395223091791649 ) ) ;
#7839 = ORIENTED_EDGE ( 'NONE', *, *, #7711, .T. ) ;
#7840 = CYLINDRICAL_SURFACE ( 'NONE', #1755, 3.499999999999996003 ) ;
#7841 = PRODUCT_RELATED_PRODUCT_CATEGORY ( 'part', '', ( #7202 ) ) ;
#7842 = CARTESIAN_POINT ( 'NONE',  ( -1.373412796484938081, 0.1603503954266949361, -0.007003500707411514092 ) ) ;
#7843 = AXIS2_PLACEMENT_3D ( 'NONE', #143, #1561, #1516 ) ;
#7844 = CARTESIAN_POINT ( 'NONE',  ( 647.3149358089509633, 823.6392161244106092, 1297.864598293230529 ) ) ;
#7845 = PRODUCT_CONTEXT ( 'NONE', #8648, 'mechanical' ) ;
#7846 = ORIENTED_EDGE ( 'NONE', *, *, #477, .F. ) ;
#7847 = CARTESIAN_POINT ( 'NONE',  ( -1.085418506076532452, 1.879999999999895532, 1.599999999999997202 ) ) ;
#7848 = DIRECTION ( 'NONE',  ( -0.08803429357919559384, 0.9376491420330599347, -0.3362499808158784242 ) ) ;
#7849 = PLANE ( 'NONE',  #2928 ) ;
#7850 = AXIS2_PLACEMENT_3D ( 'NONE', #8932, #1213, #8844 ) ;
#7851 = VERTEX_POINT ( 'NONE', #4354 ) ;
#7852 = CARTESIAN_POINT ( 'NONE',  ( -0.1736980455768130649, -0.1798037396529839071, -1.099999999999996758 ) ) ;
#7853 = CARTESIAN_POINT ( 'NONE',  ( -10.75000000000003730, 34.89999999999999858, -6.999999999999999112 ) ) ;
#7854 = EDGE_CURVE ( 'NONE', #5879, #8953, #7856, .T. ) ;
#7855 = ORIENTED_EDGE ( 'NONE', *, *, #1901, .T. ) ;
#7856 = LINE ( 'NONE', #7129, #2384 ) ;
#7857 = ORIENTED_EDGE ( 'NONE', *, *, #3797, .F. ) ;
#7858 = LINE ( 'NONE', #4402, #968 ) ;
#7859 = ADVANCED_FACE ( 'NONE', ( #905 ), #5816, .F. ) ;
#7860 = CARTESIAN_POINT ( 'NONE',  ( 2.105131328310489547, 73.00821050377537347, 3.499999999999989342 ) ) ;
#7861 = ORIENTED_EDGE ( 'NONE', *, *, #6173, .T. ) ;
#7862 = VECTOR ( 'NONE', #2305, 1000.000000000000227 ) ;
#7863 = CYLINDRICAL_SURFACE ( 'NONE', #5746, 49.99999999999994316 ) ;
#7864 = DIRECTION ( 'NONE',  ( 0.000000000000000000, 0.000000000000000000, 1.000000000000000000 ) ) ;
#7865 = VERTEX_POINT ( 'NONE', #4993 ) ;
#7866 = CARTESIAN_POINT ( 'NONE',  ( -0.2249545328356986063, -0.1091103562088080459, -1.099999999999996758 ) ) ;
#7867 = ORIENTED_EDGE ( 'NONE', *, *, #4899, .F. ) ;
#7868 = CARTESIAN_POINT ( 'NONE',  ( 31.99999999999996447, 0.000000000000000000, 0.000000000000000000 ) ) ;
#7869 = ADVANCED_FACE ( 'NONE', ( #3629 ), #8533, .T. ) ;
#7870 = DIRECTION ( 'NONE',  ( 0.7491429046843413042, -0.5530469664342682057, 0.3645873849695863700 ) ) ;
#7871 = CARTESIAN_POINT ( 'NONE',  ( -7.000000000000033751, 52.49999999999999289, 0.000000000000000000 ) ) ;
#7872 = CARTESIAN_POINT ( 'NONE',  ( 0.8361759912693944585, -0.8575050536982903315, -0.1855446092705256844 ) ) ;
#7873 = DIRECTION ( 'NONE',  ( 1.000000000000000000, 2.710505431213758620E-16, 0.000000000000000000 ) ) ;
#7874 = VERTEX_POINT ( 'NONE', #8395 ) ;
#7875 = DIRECTION ( 'NONE',  ( -0.1610798504276400589, -0.3465180766742037566, -0.9241095737650486530 ) ) ;
#7876 = PLANE ( 'NONE',  #3547 ) ;
#7877 = ORIENTED_EDGE ( 'NONE', *, *, #7926, .F. ) ;
#7878 = ORIENTED_EDGE ( 'NONE', *, *, #4937, .F. ) ;
#7879 = LINE ( 'NONE', #1664, #2682 ) ;
#7880 = AXIS2_PLACEMENT_3D ( 'NONE', #7664, #8301, #1489 ) ;
#7881 = LINE ( 'NONE', #7927, #7384 ) ;
#7882 = DIRECTION ( 'NONE',  ( -0.08803429357919523301, 0.9376491420330602677, -0.3362499808158777581 ) ) ;
#7883 = ORIENTED_EDGE ( 'NONE', *, *, #6434, .T. ) ;
#7884 = CARTESIAN_POINT ( 'NONE',  ( -0.7666485184188132074, -0.1550687777489490882, -0.07850248259629741265 ) ) ;
#7885 = VECTOR ( 'NONE', #8053, 1000.000000000000227 ) ;
#7886 = CARTESIAN_POINT ( 'NONE',  ( -0.3423596838973766432, 0.1608426329400836075, -0.007003500707411514092 ) ) ;
#7887 = UNCERTAINTY_MEASURE_WITH_UNIT (LENGTH_MEASURE( 1.000000000000000082E-05 ), #202, 'distance_accuracy_value', 'NONE');
#7888 = LINE ( 'NONE', #1119, #3690 ) ;
#7889 = DIRECTION ( 'NONE',  ( 0.000000000000000000, 0.000000000000000000, 1.000000000000000000 ) ) ;
#7890 = VECTOR ( 'NONE', #1532, 1000.000000000000114 ) ;
#7891 = DIRECTION ( 'NONE',  ( 0.08803429358158529339, -0.9376491420317439873, 0.3362499808189225448 ) ) ;
#7892 = FACE_OUTER_BOUND ( 'NONE', #6550, .T. ) ;
#7893 = FACE_OUTER_BOUND ( 'NONE', #8681, .T. ) ;
#7894 = ORIENTED_EDGE ( 'NONE', *, *, #6092, .T. ) ;
#7895 = CARTESIAN_POINT ( 'NONE',  ( 655.9330654178256736, 779.7771665448100293, 1318.926203593131504 ) ) ;
#7896 = EDGE_CURVE ( 'NONE', #1129, #8822, #435, .T. ) ;
#7897 = CARTESIAN_POINT ( 'NONE',  ( -0.1318513288452935472, 0.2124034535541940993, -1.099999999999996758 ) ) ;
#7898 = VECTOR ( 'NONE', #1798, 999.9999999999998863 ) ;
#7899 = ORIENTED_EDGE ( 'NONE', *, *, #1523, .T. ) ;
#7900 = VECTOR ( 'NONE', #8002, 1000.000000000000000 ) ;
#7901 = CARTESIAN_POINT ( 'NONE',  ( -0.3429597328047622740, -0.4425245908177958265, -0.04028158175584072020 ) ) ;
#7902 = ORIENTED_EDGE ( 'NONE', *, *, #4056, .F. ) ;
#7903 = CARTESIAN_POINT ( 'NONE',  ( -1.026809936953802183, 0.1473164162843453306, -0.1378998664341530289 ) ) ;
#7904 = DIRECTION ( 'NONE',  ( 0.000000000000000000, 0.000000000000000000, -1.000000000000000000 ) ) ;
#7905 = VERTEX_POINT ( 'NONE', #307 ) ;
#7906 = LINE ( 'NONE', #1691, #2700 ) ;
#7907 = CIRCLE ( 'NONE', #5578, 4.250000000000009770 ) ;
#7908 = CARTESIAN_POINT ( 'NONE',  ( -22.90013928550543554, -33.64466763093365387, 4.749999999999997335 ) ) ;
#7909 = ORIENTED_EDGE ( 'NONE', *, *, #1643, .T. ) ;
#7910 = LINE ( 'NONE', #4457, #2112 ) ;
#7911 = ORIENTED_EDGE ( 'NONE', *, *, #7346, .T. ) ;
#7912 = CARTESIAN_POINT ( 'NONE',  ( 0.1292490986361805039, -1.190714019399768953, -0.1855446092705256844 ) ) ;
#7913 = CIRCLE ( 'NONE', #942, 1.700000000000010614 ) ;
#7914 = LINE ( 'NONE', #5240, #4554 ) ;
#7915 = ORIENTED_EDGE ( 'NONE', *, *, #4816, .T. ) ;
#7916 = DIRECTION ( 'NONE',  ( -0.7660444431189754599, 0.6427876096865423605, 0.000000000000000000 ) ) ;
#7917 = CARTESIAN_POINT ( 'NONE',  ( 0.2080235751308404102, -0.1386585453183181160, -1.099999999999996758 ) ) ;
#7918 = ORIENTED_EDGE ( 'NONE', *, *, #5111, .T. ) ;
#7919 = VECTOR ( 'NONE', #8450, 1000.000000000000114 ) ;
#7920 = DIRECTION ( 'NONE',  ( 0.4986799762411407988, 0.5188157011179266309, -0.6943691738330910468 ) ) ;
#7921 = CARTESIAN_POINT ( 'NONE',  ( -39.45405613487440633, 10.34360167969249034, 0.000000000000000000 ) ) ;
#7922 = VERTEX_POINT ( 'NONE', #947 ) ;
#7923 = VERTEX_POINT ( 'NONE', #8089 ) ;
#7924 = EDGE_CURVE ( 'NONE', #7042, #1879, #8765, .T. ) ;
#7925 = DIRECTION ( 'NONE',  ( 0.9714137623810685795, 0.1555226214723445521, 0.1793544436779494489 ) ) ;
#7926 = EDGE_CURVE ( 'NONE', #1201, #5765, #6505, .T. ) ;
#7927 = CARTESIAN_POINT ( 'NONE',  ( 0.1738917329749053997, -0.1796154368898655873, -1.099999999999996758 ) ) ;
#7928 = DIRECTION ( 'NONE',  ( -1.110223024625150131E-16, -1.000000000000000000, -4.006689065479291976E-18 ) ) ;
#7929 = EDGE_LOOP ( 'NONE', ( #2021, #1732, #8127, #5631 ) ) ;
#7930 = DIRECTION ( 'NONE',  ( 0.1736481776669351329, 0.9848077530122071321, 0.000000000000000000 ) ) ;
#7931 = CIRCLE ( 'NONE', #971, 7.500000000000178524 ) ;
#7932 = CARTESIAN_POINT ( 'NONE',  ( -0.4282873383180535454, 0.1608037750113477937, -0.007003500707411514092 ) ) ;
#7933 = EDGE_CURVE ( 'NONE', #5129, #5093, #7173, .T. ) ;
#7934 = CARTESIAN_POINT ( 'NONE',  ( -2.000000000000029310, 52.49999999999999289, 0.000000000000000000 ) ) ;
#7935 = DIRECTION ( 'NONE',  ( 1.000000000000000000, -6.938893903907222067E-15, 0.000000000000000000 ) ) ;
#7936 = VECTOR ( 'NONE', #6186, 1000.000000000000114 ) ;
#7937 = DIRECTION ( 'NONE',  ( -0.000000000000000000, -0.000000000000000000, -1.000000000000000000 ) ) ;
#7938 =( NAMED_UNIT ( * ) PLANE_ANGLE_UNIT ( ) SI_UNIT ( $, .RADIAN. ) );
#7939 = CARTESIAN_POINT ( 'NONE',  ( 647.5351167088796274, 824.9133518147739323, 1289.997362610962000 ) ) ;
#7940 = ORIENTED_EDGE ( 'NONE', *, *, #2000, .F. ) ;
#7941 = DIRECTION ( 'NONE',  ( 0.08803429357940195654, -0.9376491420326944493, 0.3362499808168438742 ) ) ;
#7942 = DIRECTION ( 'NONE',  ( 1.000000000000000000, 0.000000000000000000, -0.000000000000000000 ) ) ;
#7943 = CIRCLE ( 'NONE', #5606, 3.499999999999996003 ) ;
#7944 = ORIENTED_EDGE ( 'NONE', *, *, #6674, .F. ) ;
#7945 = CYLINDRICAL_SURFACE ( 'NONE', #7601, 7.499999999999990230 ) ;
#7946 = EDGE_CURVE ( 'NONE', #2654, #2051, #8186, .T. ) ;
#7947 = ORIENTED_EDGE ( 'NONE', *, *, #427, .T. ) ;
#7948 = EDGE_CURVE ( 'NONE', #1279, #1826, #3127, .T. ) ;
#7949 = CARTESIAN_POINT ( 'NONE',  ( -0.7768562495812448843, 0.1548418141623601751, -0.08051921999202550639 ) ) ;
#7950 = DIRECTION ( 'NONE',  ( -1.000000000000000000, -2.775557561562894802E-16, -3.020171088909235447E-16 ) ) ;
#7951 = ORIENTED_EDGE ( 'NONE', *, *, #2568, .F. ) ;
#7952 = DIRECTION ( 'NONE',  ( -0.5023995340230814621, -0.5152146723878707757, -0.6943691738330912688 ) ) ;
#7953 = LINE ( 'NONE', #6503, #5 ) ;
#7954 = ORIENTED_EDGE ( 'NONE', *, *, #897, .F. ) ;
#7955 = CARTESIAN_POINT ( 'NONE',  ( -10.75000000000003730, 32.50000000000000000, 10.49999999999999467 ) ) ;
#7956 = ORIENTED_EDGE ( 'NONE', *, *, #7643, .T. ) ;
#7957 = CARTESIAN_POINT ( 'NONE',  ( -0.1738917329748637663, 0.1796154368899766096, -1.099999999999996758 ) ) ;
#7958 = MECHANICAL_DESIGN_GEOMETRIC_PRESENTATION_REPRESENTATION (  '', ( #556 ), #7808 ) ;
#7959 = EDGE_CURVE ( 'NONE', #8105, #2324, #5901, .T. ) ;
#7960 = CARTESIAN_POINT ( 'NONE',  ( -15.95421217882807241, 5.747642489554561251, 0.000000000000000000 ) ) ;
#7961 = AXIS2_PLACEMENT_3D ( 'NONE', #5019, #4566, #2339 ) ;
#7962 = ORIENTED_EDGE ( 'NONE', *, *, #4450, .T. ) ;
#7963 = FACE_OUTER_BOUND ( 'NONE', #279, .T. ) ;
#7964 = LINE ( 'NONE', #140, #3878 ) ;
#7965 = ORIENTED_EDGE ( 'NONE', *, *, #5308, .T. ) ;
#7966 = LINE ( 'NONE', #2380, #3180 ) ;
#7967 = CARTESIAN_POINT ( 'NONE',  ( -0.2454279539717413305, -0.04899927627659284024, -1.099999999999996758 ) ) ;
#7968 = ORIENTED_EDGE ( 'NONE', *, *, #6665, .T. ) ;
#7969 = VECTOR ( 'NONE', #3428, 1000.000000000000114 ) ;
#7970 = ORIENTED_EDGE ( 'NONE', *, *, #4564, .T. ) ;
#7971 = EDGE_CURVE ( 'NONE', #6535, #6913, #5743, .T. ) ;
#7972 = CARTESIAN_POINT ( 'NONE',  ( 1.199062802707435926, -0.1165037252843503790, -0.1790072184736021810 ) ) ;
#7973 = CLOSED_SHELL ( 'NONE', ( #3731, #3437, #5974, #8717, #550, #1232, #8274, #3857, #463, #5834, #4858, #5030, #8017, #8010, #6539, #2059, #5852, #6331, #4827 ) ) ;
#7974 = ADVANCED_FACE ( 'NONE', ( #3081 ), #2359, .T. ) ;
#7975 = FACE_OUTER_BOUND ( 'NONE', #269, .T. ) ;
#7976 = CARTESIAN_POINT ( 'NONE',  ( 647.4249786759255585, 822.4671546968691018, 1298.284910769251837 ) ) ;
#7977 = ORIENTED_EDGE ( 'NONE', *, *, #5025, .T. ) ;
#7978 = CARTESIAN_POINT ( 'NONE',  ( -0.6729754305013486704, -0.1569114017855277599, -0.06122988177187364822 ) ) ;
#7979 = EDGE_CURVE ( 'NONE', #3554, #3505, #6626, .T. ) ;
#7980 = CARTESIAN_POINT ( 'NONE',  ( -1.287498419049418086, 0.1603930383777263380, -0.007003500707411514092 ) ) ;
#7981 = DIRECTION ( 'NONE',  ( -0.9714137623810646938, -0.1555226214723550160, -0.1793544436779615225 ) ) ;
#7982 = AXIS2_PLACEMENT_3D ( 'NONE', #3299, #6659, #5979 ) ;
#7983 = PLANE ( 'NONE',  #8806 ) ;
#7984 = LINE ( 'NONE', #1578, #6477 ) ;
#7985 = LINE ( 'NONE', #988, #7366 ) ;
#7986 = DIRECTION ( 'NONE',  ( -0.1736481776669352162, -0.9848077530122071321, 0.000000000000000000 ) ) ;
#7987 = ORIENTED_EDGE ( 'NONE', *, *, #73, .T. ) ;
#7988 = DIRECTION ( 'NONE',  ( 0.1558988946809340970, 0.1857930678174677663, -0.9701425001453327646 ) ) ;
#7989 = CARTESIAN_POINT ( 'NONE',  ( 0.09213865896851025639, -0.2325189102971025878, -1.099999999999996758 ) ) ;
#7990 = AXIS2_PLACEMENT_3D ( 'NONE', #2539, #1312, #4672 ) ;
#7991 = ORIENTED_EDGE ( 'NONE', *, *, #27, .T. ) ;
#7992 = CARTESIAN_POINT ( 'NONE',  ( -0.3349526197568092334, -0.4354308262227230553, -0.03879293470143049816 ) ) ;
#7993 = ADVANCED_FACE ( 'NONE', ( #5183 ), #7945, .T. ) ;
#7994 = ORIENTED_EDGE ( 'NONE', *, *, #7288, .T. ) ;
#7995 = CARTESIAN_POINT ( 'NONE',  ( -0.7291199881956205164, 0.1559000146689688560, -0.07110469472194677620 ) ) ;
#7996 = VECTOR ( 'NONE', #5712, 1000.000000000000114 ) ;
#7997 = CARTESIAN_POINT ( 'NONE',  ( -46.00000000000004263, 37.69999999999998863, 4.000000000000003553 ) ) ;
#7998 = ADVANCED_FACE ( 'NONE', ( #7268 ), #3684, .T. ) ;
#7999 = B_SPLINE_SURFACE_WITH_KNOTS ( 'NONE', 3, 1, ( 
 ( #5518, #4886 ),
 ( #7612, #1395 ),
 ( #2878, #3520 ),
 ( #2834, #5647 ),
 ( #5604, #4974 ),
 ( #2155, #4930 ),
 ( #7698, #8556 ) ),
 .UNSPECIFIED., .F., .F., .F.,
 ( 4, 1, 1, 1, 4 ),
 ( 2, 2 ),
 ( 0.000000000000000000, 0.2500000000000000000, 0.5000000000000000000, 0.7500000000000000000, 1.000000000000000000 ),
 ( 0.000000000000000000, 1.000000000000000000 ),
 .UNSPECIFIED. ) ;
#8000 = VERTEX_POINT ( 'NONE', #5270 ) ;
#8001 = LINE ( 'NONE', #6769, #3070 ) ;
#8002 = DIRECTION ( 'NONE',  ( -0.000000000000000000, -0.000000000000000000, -1.000000000000000000 ) ) ;
#8003 = ORIENTED_EDGE ( 'NONE', *, *, #2200, .F. ) ;
#8004 = DIRECTION ( 'NONE',  ( -0.08803429357919559384, 0.9376491420330599347, -0.3362499808158784242 ) ) ;
#8005 = ORIENTED_EDGE ( 'NONE', *, *, #8887, .F. ) ;
#8006 = CARTESIAN_POINT ( 'NONE',  ( 0.1485401712869424129, -0.4352069977484416818, -0.02725670338774656767 ) ) ;
#8007 = ADVANCED_FACE ( 'NONE', ( #1821 ), #3859, .F. ) ;
#8008 = AXIS2_PLACEMENT_3D ( 'NONE', #755, #4202, #2884 ) ;
#8009 = CYLINDRICAL_SURFACE ( 'NONE', #339, 3.499999999999996003 ) ;
#8010 = ADVANCED_FACE ( 'NONE', ( #3401 ), #6126, .T. ) ;
#8011 = ORIENTED_EDGE ( 'NONE', *, *, #4435, .T. ) ;
#8012 = DIRECTION ( 'NONE',  ( 0.6501551545066180937, 0.3098309877324748607, 0.6937600695551702223 ) ) ;
#8013 = ADVANCED_FACE ( 'NONE', ( #1993 ), #6717, .T. ) ;
#8014 = CARTESIAN_POINT ( 'NONE',  ( 0.8579078152920888156, -0.1606026648448138916, -0.007003500707418452986 ) ) ;
#8015 = VERTEX_POINT ( 'NONE', #1315 ) ;
#8016 = DIRECTION ( 'NONE',  ( -0.7660444431189754599, 0.6427876096865423605, 0.000000000000000000 ) ) ;
#8017 = ADVANCED_FACE ( 'NONE', ( #539, #6169 ), #3312, .F. ) ;
#8018 = CARTESIAN_POINT ( 'NONE',  ( 2.170837012152995626, 0.000000000000000000, 1.599999999999997202 ) ) ;
#8019 = EDGE_CURVE ( 'NONE', #1013, #5951, #6082, .T. ) ;
#8020 = ORIENTED_EDGE ( 'NONE', *, *, #5267, .F. ) ;
#8021 = ORIENTED_EDGE ( 'NONE', *, *, #4887, .F. ) ;
#8022 = APPLICATION_CONTEXT ( 'automotive_design' ) ;
#8023 = CIRCLE ( 'NONE', #167, 0.05000000000000873190 ) ;
#8024 = CYLINDRICAL_SURFACE ( 'NONE', #5300, 5.000000000000004441 ) ;
#8025 = CARTESIAN_POINT ( 'NONE',  ( -0.3027332121683587451, -0.1869596304166221135, -0.01643165774312810301 ) ) ;
#8026 = LINE ( 'NONE', #3155, #4908 ) ;
#8027 = CYLINDRICAL_SURFACE ( 'NONE', #2648, 4.758500000000008612 ) ;
#8028 = VERTEX_POINT ( 'NONE', #5400 ) ;
#8029 = DIRECTION ( 'NONE',  ( 0.000000000000000000, 1.043936067042438934E-16, 1.000000000000000000 ) ) ;
#8030 = PLANE ( 'NONE',  #4507 ) ;
#8031 = ADVANCED_FACE ( 'NONE', ( #8252 ), #8172, .T. ) ;
#8032 = DIRECTION ( 'NONE',  ( 1.334402673828313339E-16, 1.000000000000000000, 0.000000000000000000 ) ) ;
#8033 = CARTESIAN_POINT ( 'NONE',  ( -1.154700538379224817, -2.000000000000112799, 1.480000000000002203 ) ) ;
#8034 = CARTESIAN_POINT ( 'NONE',  ( 652.4180961614322314, 769.2856939727837471, 1317.356292959670782 ) ) ;
#8035 = DIRECTION ( 'NONE',  ( 0.000000000000000000, 1.000000000000000000, -2.891205793294675861E-16 ) ) ;
#8036 = VECTOR ( 'NONE', #6794, 1000.000000000000114 ) ;
#8037 = CARTESIAN_POINT ( 'NONE',  ( 657.2942598202320141, 771.6094263807779043, 1322.559493481331401 ) ) ;
#8038 = CARTESIAN_POINT ( 'NONE',  ( 642.5804342113424354, 823.9716065378046324, 1296.623847219861318 ) ) ;
#8039 = CARTESIAN_POINT ( 'NONE',  ( 0.1058664573324596958, -0.2264912728631024441, -1.099999999999996758 ) ) ;
#8040 = VERTEX_POINT ( 'NONE', #6896 ) ;
#8041 = EDGE_CURVE ( 'NONE', #5601, #8834, #6593, .T. ) ;
#8042 = CARTESIAN_POINT ( 'NONE',  ( 652.8890796320814616, 764.2692710629069097, 1319.155230357041546 ) ) ;
#8043 = EDGE_LOOP ( 'NONE', ( #8704, #1977, #4250, #761, #4545, #5711, #8653 ) ) ;
#8044 = DIRECTION ( 'NONE',  ( 0.000000000000000000, 0.000000000000000000, -1.000000000000000000 ) ) ;
#8045 = ORIENTED_EDGE ( 'NONE', *, *, #2912, .F. ) ;
#8046 = DIRECTION ( 'NONE',  ( 0.000000000000000000, -1.734723475976808574E-16, -1.000000000000000000 ) ) ;
#8047 = DIRECTION ( 'NONE',  ( 0.000000000000000000, 0.000000000000000000, -1.000000000000000000 ) ) ;
#8048 = CARTESIAN_POINT ( 'NONE',  ( 0.1732456016586558789, -0.1802409041089386710, -1.099999999999996758 ) ) ;
#8049 = VECTOR ( 'NONE', #2945, 1000.000000000000227 ) ;
#8050 = ORIENTED_EDGE ( 'NONE', *, *, #5141, .T. ) ;
#8051 = DIRECTION ( 'NONE',  ( 1.000000000000000000, 0.000000000000000000, 0.000000000000000000 ) ) ;
#8052 = VECTOR ( 'NONE', #2569, 1000.000000000000000 ) ;
#8053 = DIRECTION ( 'NONE',  ( 0.1736481776669391297, 0.9848077530122064660, -0.000000000000000000 ) ) ;
#8054 = EDGE_CURVE ( 'NONE', #1796, #3197, #1266, .T. ) ;
#8055 = ORIENTED_EDGE ( 'NONE', *, *, #394, .T. ) ;
#8056 = VECTOR ( 'NONE', #4020, 1000.000000000000000 ) ;
#8057 = CIRCLE ( 'NONE', #1235, 6.499999999999999112 ) ;
#8058 = CARTESIAN_POINT ( 'NONE',  ( 644.5830440328846862, 852.7364676137256083, 1287.430044667061111 ) ) ;
#8059 = DIRECTION ( 'NONE',  ( -0.7457612074416960501, 0.000000000000000000, -0.6662133453144747364 ) ) ;
#8060 = ORIENTED_EDGE ( 'NONE', *, *, #3842, .F. ) ;
#8061 = DIRECTION ( 'NONE',  ( -1.000000000000000000, -0.000000000000000000, 0.000000000000000000 ) ) ;
#8062 = DIRECTION ( 'NONE',  ( 1.387778780781446464E-15, 1.000000000000000000, -1.734723475976808080E-16 ) ) ;
#8063 = ORIENTED_EDGE ( 'NONE', *, *, #5971, .F. ) ;
#8064 = AXIS2_PLACEMENT_3D ( 'NONE', #120, #2896, #5666 ) ;
#8065 = ORIENTED_EDGE ( 'NONE', *, *, #8101, .T. ) ;
#8066 = DIRECTION ( 'NONE',  ( 0.6501551545066186488, 0.3098309877324711969, 0.6937600695551714436 ) ) ;
#8067 = ADVANCED_FACE ( 'NONE', ( #8978 ), #7661, .F. ) ;
#8068 = CIRCLE ( 'NONE', #5886, 0.2000000000000196065 ) ;
#8069 = EDGE_CURVE ( 'NONE', #5071, #1290, #7022, .T. ) ;
#8070 = FACE_OUTER_BOUND ( 'NONE', #289, .T. ) ;
#8071 = CARTESIAN_POINT ( 'NONE',  ( 651.6257875192196707, 777.7245362510817586, 1314.330043132330502 ) ) ;
#8072 = DIRECTION ( 'NONE',  ( -3.466673899897024536E-32, -4.006689065479291976E-18, 1.000000000000000000 ) ) ;
#8073 = ORIENTED_EDGE ( 'NONE', *, *, #6017, .T. ) ;
#8074 = DIRECTION ( 'NONE',  ( 0.000000000000000000, 0.000000000000000000, 1.000000000000000000 ) ) ;
#8075 = UNCERTAINTY_MEASURE_WITH_UNIT (LENGTH_MEASURE( 1.000000000000000082E-05 ), #6889, 'distance_accuracy_value', 'NONE');
#8076 = DIRECTION ( 'NONE',  ( -0.000000000000000000, -0.000000000000000000, -1.000000000000000000 ) ) ;
#8077 = CIRCLE ( 'NONE', #4152, 4.650000000000066969 ) ;
#8078 = DIRECTION ( 'NONE',  ( -0.1610798504276342025, -0.3465180766741942087, -0.9241095737650530939 ) ) ;
#8079 = VERTEX_POINT ( 'NONE', #20 ) ;
#8080 = CARTESIAN_POINT ( 'NONE',  ( 0.4044511169921095606, -0.3248851877444984826, -0.03461362789764824144 ) ) ;
#8081 = VECTOR ( 'NONE', #1824, 1000.000000000000114 ) ;
#8082 = CARTESIAN_POINT ( 'NONE',  ( -0.2488749066003465016, -0.02418126363629147235, -1.099999999999996758 ) ) ;
#8083 = CARTESIAN_POINT ( 'NONE',  ( 0.9592865532822292263, -0.9980206734297170090, -0.005503671348411343089 ) ) ;
#8084 = CARTESIAN_POINT ( 'NONE',  ( -0.1453976602424896514, -0.6985439289772811255, -0.06506076610190564269 ) ) ;
#8085 = VECTOR ( 'NONE', #2064, 1000.000000000000000 ) ;
#8086 = EDGE_CURVE ( 'NONE', #1631, #7580, #1662, .T. ) ;
#8087 = CARTESIAN_POINT ( 'NONE',  ( -0.6338962535133787490, -0.5959807222613577871, -0.005503671348411343089 ) ) ;
#8088 = ORIENTED_EDGE ( 'NONE', *, *, #427, .F. ) ;
#8089 = CARTESIAN_POINT ( 'NONE',  ( -51.00000000000002842, 37.69999999999999574, 4.000000000000003553 ) ) ;
#8090 = VERTEX_POINT ( 'NONE', #1445 ) ;
#8091 = CARTESIAN_POINT ( 'NONE',  ( -9.050000000000030909, 34.89999999999999858, -6.999999999999999112 ) ) ;
#8092 = DIRECTION ( 'NONE',  ( 0.000000000000000000, 0.000000000000000000, -1.000000000000000000 ) ) ;
#8093 = ORIENTED_EDGE ( 'NONE', *, *, #6319, .F. ) ;
#8094 = DIRECTION ( 'NONE',  ( -2.334869823772503585E-16, -1.000000000000000000, 0.000000000000000000 ) ) ;
#8095 = EDGE_CURVE ( 'NONE', #5427, #2452, #1486, .T. ) ;
#8096 = CARTESIAN_POINT ( 'NONE',  ( 644.5027022504118577, 829.3230064933475205, 1302.591956144750156 ) ) ;
#8097 = DIRECTION ( 'NONE',  ( 0.000000000000000000, 0.000000000000000000, 1.000000000000000000 ) ) ;
#8098 = CARTESIAN_POINT ( 'NONE',  ( 0.3027332121683518062, 0.1869596304166359912, -0.01643165774312810301 ) ) ;
#8099 = ADVANCED_FACE ( 'NONE', ( #801 ), #7116, .F. ) ;
#8100 = PLANE ( 'NONE',  #5134 ) ;
#8101 = EDGE_CURVE ( 'NONE', #3197, #5951, #2122, .T. ) ;
#8102 = ORIENTED_EDGE ( 'NONE', *, *, #4116, .T. ) ;
#8103 =( NAMED_UNIT ( * ) SI_UNIT ( $, .STERADIAN. ) SOLID_ANGLE_UNIT ( ) );
#8104 = DIRECTION ( 'NONE',  ( 0.08803429357919559384, -0.9376491420330599347, 0.3362499808158784242 ) ) ;
#8105 = VERTEX_POINT ( 'NONE', #6977 ) ;
#8106 = DIRECTION ( 'NONE',  ( 0.9714137623810653599, 0.1555226214723433587, 0.1793544436779680451 ) ) ;
#8107 = CARTESIAN_POINT ( 'NONE',  ( 0.1477322601293385718, 0.5226979765796957444, -0.03793186839465038929 ) ) ;
#8108 = ORIENTED_EDGE ( 'NONE', *, *, #2219, .T. ) ;
#8109 = CARTESIAN_POINT ( 'NONE',  ( -53.54191701026447703, -7.933163243472026949, 0.000000000000000000 ) ) ;
#8110 = CARTESIAN_POINT ( 'NONE',  ( -0.2343715281923064442, -0.08778266593793826456, -1.099999999999996758 ) ) ;
#8111 = PLANE ( 'NONE',  #845 ) ;
#8112 = ADVANCED_FACE ( 'NONE', ( #3620 ), #4894, .F. ) ;
#8113 = ADVANCED_BREP_SHAPE_REPRESENTATION ( '', ( #1174, #1391, #4381, #4639 ), #6522 ) ;
#8114 = CARTESIAN_POINT ( 'NONE',  ( 647.4073718172098779, 822.6546845252759113, 1298.217660773081207 ) ) ;
#8115 = ORIENTED_EDGE ( 'NONE', *, *, #7373, .T. ) ;
#8116 = CARTESIAN_POINT ( 'NONE',  ( -0.3003672735761228618, 0.2002104289820644256, -0.01690487344975510897 ) ) ;
#8117 = DIRECTION ( 'NONE',  ( -0.000000000000000000, -1.000000000000000000, -0.000000000000000000 ) ) ;
#8118 = CARTESIAN_POINT ( 'NONE',  ( 1.085418506076504919, -1.880000000000006555, 1.599999999999997202 ) ) ;
#8119 = VECTOR ( 'NONE', #5552, 1000.000000000000114 ) ;
#8120 = VERTEX_POINT ( 'NONE', #5657 ) ;
#8121 = CARTESIAN_POINT ( 'NONE',  ( 0.5121705176900888112, -0.4549329960272456841, -0.06017499044280868320 ) ) ;
#8122 = CARTESIAN_POINT ( 'NONE',  ( -0.2501407563289953506, 1.387778780781445676E-14, -1.099999999999996758 ) ) ;
#8123 = CARTESIAN_POINT ( 'NONE',  ( 644.9203750550367431, 826.4223029724586240, 1302.845106668170729 ) ) ;
#8124 = CARTESIAN_POINT ( 'NONE',  ( 0.02697841726621852398, -0.2485400671959903107, -1.099999999999996758 ) ) ;
#8125 = PRODUCT_DEFINITION_FORMATION_WITH_SPECIFIED_SOURCE ( 'ANY', '', #7272, .NOT_KNOWN. ) ;
#8126 = CARTESIAN_POINT ( 'NONE',  ( 0.2130846182839610248, 0.1308578476732769058, -1.099999999999996758 ) ) ;
#8127 = ORIENTED_EDGE ( 'NONE', *, *, #5449, .T. ) ;
#8128 = CARTESIAN_POINT ( 'NONE',  ( 644.5830440328846862, 852.7364676137256083, 1287.430044667061111 ) ) ;
#8129 = ORIENTED_EDGE ( 'NONE', *, *, #1708, .T. ) ;
#8130 = DIRECTION ( 'NONE',  ( -0.08803429357919534404, 0.9376491420330603788, -0.3362499808158775916 ) ) ;
#8131 = CARTESIAN_POINT ( 'NONE',  ( 648.2392958915335157, 813.7939001330638575, 1301.395223091791649 ) ) ;
#8132 =( REPRESENTATION_RELATIONSHIP ('NONE','NONE', #74, #3508 ) REPRESENTATION_RELATIONSHIP_WITH_TRANSFORMATION ( #344 )SHAPE_REPRESENTATION_RELATIONSHIP( ) );
#8133 = ORIENTED_EDGE ( 'NONE', *, *, #5731, .F. ) ;
#8134 = CARTESIAN_POINT ( 'NONE',  ( 1.503311176370402481E-18, 0.006438522443797178169, -3.999994818175235611 ) ) ;
#8135 = EDGE_CURVE ( 'NONE', #8834, #7923, #6392, .T. ) ;
#8136 = AXIS2_PLACEMENT_3D ( 'NONE', #16, #5567, #8338 ) ;
#8137 = DIRECTION ( 'NONE',  ( 0.000000000000000000, -1.043936067042438934E-16, -1.000000000000000000 ) ) ;
#8138 = CARTESIAN_POINT ( 'NONE',  ( -33.70817006588726628, -27.55393194660668499, 10.96274812381584773 ) ) ;
#8139 = DIRECTION ( 'NONE',  ( -0.08803429357919534404, 0.9376491420330603788, -0.3362499808158775916 ) ) ;
#8140 = EDGE_CURVE ( 'NONE', #364, #7042, #2925, .T. ) ;
#8141 = AXIS2_PLACEMENT_3D ( 'NONE', #2922, #7098, #2149 ) ;
#8142 = ORIENTED_EDGE ( 'NONE', *, *, #7044, .T. ) ;
#8143 = DIRECTION ( 'NONE',  ( 0.1610798504276338139, 0.3465180766741977059, 0.9241095737650519837 ) ) ;
#8144 = CARTESIAN_POINT ( 'NONE',  ( 0.2475313329836498211, -0.03568906935939863967, -1.099999999999996758 ) ) ;
#8145 = ORIENTED_EDGE ( 'NONE', *, *, #5054, .F. ) ;
#8146 = CARTESIAN_POINT ( 'NONE',  ( -0.2406817437717104213, 0.06861390558451918587, -1.099999999999996758 ) ) ;
#8147 = CARTESIAN_POINT ( 'NONE',  ( 0.1472010468384401527, 0.5729012677959592903, -0.04487256049455513873 ) ) ;
#8148 = ADVANCED_FACE ( 'NONE', ( #5751 ), #8385, .F. ) ;
#8149 = VERTEX_POINT ( 'NONE', #7750 ) ;
#8150 = AXIS2_PLACEMENT_3D ( 'NONE', #2895, #1493, #5618 ) ;
#8151 = CARTESIAN_POINT ( 'NONE',  ( 0.2262728214072334820, 0.1063043286628068129, -1.099999999999996758 ) ) ;
#8152 = EDGE_CURVE ( 'NONE', #2239, #2670, #8342, .T. ) ;
#8153 = CARTESIAN_POINT ( 'NONE',  ( -0.3004086760824004054, -0.1957267638224569062, -0.01667865961926806584 ) ) ;
#8154 = CARTESIAN_POINT ( 'NONE',  ( -0.03618690572197019728, 1.197298200243973598, -0.1855446063565233117 ) ) ;
#8155 = ORIENTED_EDGE ( 'NONE', *, *, #2506, .T. ) ;
#8156 = CARTESIAN_POINT ( 'NONE',  ( -0.3018085676026738273, -0.1957547294766104340, 0.000000000000000000 ) ) ;
#8157 = VECTOR ( 'NONE', #488, 1000.000000000000114 ) ;
#8158 = VERTEX_POINT ( 'NONE', #2255 ) ;
#8159 = CYLINDRICAL_SURFACE ( 'NONE', #6101, 1.024999999999998135 ) ;
#8160 = LINE ( 'NONE', #4749, #7740 ) ;
#8161 = CARTESIAN_POINT ( 'NONE',  ( -0.9592865468020100872, -0.9980206666878321808, -0.005503680371533870019 ) ) ;
#8162 = AXIS2_PLACEMENT_3D ( 'NONE', #8929, #2620, #1942 ) ;
#8163 = EDGE_CURVE ( 'NONE', #8874, #3562, #157, .T. ) ;
#8164 = ORIENTED_EDGE ( 'NONE', *, *, #3750, .F. ) ;
#8165 = CARTESIAN_POINT ( 'NONE',  ( 0.3387742927900955769, -0.2460230989146597325, -0.02248601727107167256 ) ) ;
#8166 = DIRECTION ( 'NONE',  ( 0.9848077530122070211, -0.1736481776669358545, 0.000000000000000000 ) ) ;
#8167 = ORIENTED_EDGE ( 'NONE', *, *, #2710, .T. ) ;
#8168 = DIRECTION ( 'NONE',  ( 0.08803429357919534404, -0.9376491420330603788, 0.3362499808158775916 ) ) ;
#8169 = CARTESIAN_POINT ( 'NONE',  ( 0.1157214820161275859, -0.2216396306714829567, -1.099999999999996758 ) ) ;
#8170 = PLANE ( 'NONE',  #7990 ) ;
#8171 = ORIENTED_EDGE ( 'NONE', *, *, #7805, .F. ) ;
#8172 = CYLINDRICAL_SURFACE ( 'NONE', #2088, 4.735000000000098019 ) ;
#8173 = DIRECTION ( 'NONE',  ( 1.000000000000000000, 0.000000000000000000, 0.000000000000000000 ) ) ;
#8174 = ORIENTED_EDGE ( 'NONE', *, *, #7765, .T. ) ;
#8175 = CARTESIAN_POINT ( 'NONE',  ( -0.06467663019618698217, -0.2444480182556457160, -1.099999999999996758 ) ) ;
#8176 = ADVANCED_FACE ( 'NONE', ( #3529 ), #4342, .F. ) ;
#8177 = ORIENTED_EDGE ( 'NONE', *, *, #4396, .T. ) ;
#8178 = DIRECTION ( 'NONE',  ( -0.000000000000000000, -0.000000000000000000, -1.000000000000000000 ) ) ;
#8179 = CARTESIAN_POINT ( 'NONE',  ( -0.7834936490538902953, 0.000000000000000000, 1.599999999999997202 ) ) ;
#8180 = DIRECTION ( 'NONE',  ( -0.08803429357919534404, 0.9376491420330603788, -0.3362499808158775916 ) ) ;
#8181 = CIRCLE ( 'NONE', #6432, 3.499999999999799716 ) ;
#8182 = CARTESIAN_POINT ( 'NONE',  ( -14.21773040215869699, 15.59572001967665678, 1.000000000000000888 ) ) ;
#8183 = EDGE_LOOP ( 'NONE', ( #7362, #6275, #3614, #7658 ) ) ;
#8184 = SURFACE_SIDE_STYLE ('',( #7551 ) ) ;
#8185 = DIRECTION ( 'NONE',  ( -0.6501551545060543225, -0.3098309877321446804, -0.6937600695558459041 ) ) ;
#8186 = CIRCLE ( 'NONE', #8764, 6.050000000000089528 ) ;
#8187 = EDGE_LOOP ( 'NONE', ( #4795, #1856, #7334, #40 ) ) ;
#8188 = DIRECTION ( 'NONE',  ( 0.08803429357919508036, -0.9376491420330606008, 0.3362499808158768699 ) ) ;
#8189 = CARTESIAN_POINT ( 'NONE',  ( 0.1710450338366447387, 0.3096352968793638083, -0.01622930875416637997 ) ) ;
#8190 = EDGE_LOOP ( 'NONE', ( #2757, #7709, #4076, #4278 ) ) ;
#8191 = ORIENTED_EDGE ( 'NONE', *, *, #1243, .T. ) ;
#8192 = AXIS2_PLACEMENT_3D ( 'NONE', #148, #3611, #3567 ) ;
#8193 = AXIS2_PLACEMENT_3D ( 'NONE', #6458, #1092, #7275 ) ;
#8194 = CARTESIAN_POINT ( 'NONE',  ( -0.1740862074524618386, 0.1794279471132309567, -1.099999999999996758 ) ) ;
#8195 = DIRECTION ( 'NONE',  ( 0.08803429357919534404, -0.9376491420330603788, 0.3362499808158775916 ) ) ;
#8196 = CARTESIAN_POINT ( 'NONE',  ( 648.0317411433537700, 825.1812215656100307, 1301.976885896480098 ) ) ;
#8197 = ORIENTED_EDGE ( 'NONE', *, *, #6248, .T. ) ;
#8198 = CARTESIAN_POINT ( 'NONE',  ( -0.3039668737107245611, -0.1851906122636443053, 0.000000000000000000 ) ) ;
#8199 = EDGE_CURVE ( 'NONE', #3993, #8828, #1404, .T. ) ;
#8200 = ORIENTED_EDGE ( 'NONE', *, *, #5643, .T. ) ;
#8201 = PLANE ( 'NONE',  #2034 ) ;
#8202 = LINE ( 'NONE', #7482, #3058 ) ;
#8203 = CIRCLE ( 'NONE', #1679, 1.700000000000008837 ) ;
#8204 = ADVANCED_FACE ( 'NONE', ( #4848 ), #7624, .T. ) ;
#8205 = CARTESIAN_POINT ( 'NONE',  ( -0.8952639205186894156, -0.9404943837237056403, -0.005503680371533870019 ) ) ;
#8206 = ORIENTED_EDGE ( 'NONE', *, *, #5971, .T. ) ;
#8207 = CARTESIAN_POINT ( 'NONE',  ( 648.1292530245600574, 814.9659615606049101, 1300.974910615781482 ) ) ;
#8208 = LINE ( 'NONE', #2028, #4382 ) ;
#8209 = EDGE_LOOP ( 'NONE', ( #6067, #7641, #7269, #3974 ) ) ;
#8210 = CARTESIAN_POINT ( 'NONE',  ( 0.1355729733231239575, -0.2100932097154339928, -1.099999999999996758 ) ) ;
#8211 = EDGE_CURVE ( 'NONE', #912, #4191, #8468, .T. ) ;
#8212 = FACE_BOUND ( 'NONE', #6455, .T. ) ;
#8213 = ORIENTED_EDGE ( 'NONE', *, *, #5995, .F. ) ;
#8214 = VECTOR ( 'NONE', #6410, 1000.000000000000000 ) ;
#8215 = DIRECTION ( 'NONE',  ( 0.08803429357919470566, -0.9376491420330607118, 0.3362499808158766479 ) ) ;
#8216 = VERTEX_POINT ( 'NONE', #985 ) ;
#8217 = CARTESIAN_POINT ( 'NONE',  ( 0.8299852910303440190, 0.8634984783813665077, -0.1855446092705256844 ) ) ;
#8218 = ORIENTED_EDGE ( 'NONE', *, *, #2033, .F. ) ;
#8219 = CARTESIAN_POINT ( 'NONE',  ( 0.2055940580920900818, -0.1423034473982676129, -1.099999999999996758 ) ) ;
#8220 = LINE ( 'NONE', #5363, #2194 ) ;
#8221 = FACE_OUTER_BOUND ( 'NONE', #7767, .T. ) ;
#8222 = VECTOR ( 'NONE', #5105, 1000.000000000000000 ) ;
#8223 = CARTESIAN_POINT ( 'NONE',  ( 0.2343715281922856275, 0.08778266593800765349, -1.099999999999996758 ) ) ;
#8224 = ORIENTED_EDGE ( 'NONE', *, *, #516, .T. ) ;
#8225 = SURFACE_SIDE_STYLE ('',( #2685 ) ) ;
#8226 = CARTESIAN_POINT ( 'NONE',  ( 0.02697841726616995173, 0.2485400671961152108, -1.099999999999996758 ) ) ;
#8227 = VERTEX_POINT ( 'NONE', #2438 ) ;
#8228 = CIRCLE ( 'NONE', #538, 0.1999999999999901579 ) ;
#8229 = CARTESIAN_POINT ( 'NONE',  ( -0.02249955031902173275, -0.2490262372639856503, -1.099999999999996758 ) ) ;
#8230 = CARTESIAN_POINT ( 'NONE',  ( 0.2097430909579825475, -0.1360788281502128827, -1.099999999999996758 ) ) ;
#8231 = ORIENTED_EDGE ( 'NONE', *, *, #2157, .T. ) ;
#8232 = AXIS2_PLACEMENT_3D ( 'NONE', #1262, #1946, #4027 ) ;
#8233 = CARTESIAN_POINT ( 'NONE',  ( -0.9089847619943164370, 0.9456877939120894583, -0.07554460927052669694 ) ) ;
#8234 = CARTESIAN_POINT ( 'NONE',  ( 0.08848920863310100193, -0.8152114204030003197, -0.5500000000000018208 ) ) ;
#8235 = CARTESIAN_POINT ( 'NONE',  ( 644.6774808132377075, 803.8013802183447751, 1299.646383247051062 ) ) ;
#8236 = DIRECTION ( 'NONE',  ( -0.08803429357919534404, 0.9376491420330603788, -0.3362499808158775916 ) ) ;
#8237 = ORIENTED_EDGE ( 'NONE', *, *, #2198, .T. ) ;
#8238 = DIRECTION ( 'NONE',  ( -0.6662133453145483442, 0.000000000000000000, 0.7457612074416304360 ) ) ;
#8239 = EDGE_CURVE ( 'NONE', #4014, #602, #8659, .T. ) ;
#8240 = ORIENTED_EDGE ( 'NONE', *, *, #4043, .F. ) ;
#8241 = LINE ( 'NONE', #4240, #1601 ) ;
#8242 = CIRCLE ( 'NONE', #411, 4.999999999999997335 ) ;
#8243 = DIRECTION ( 'NONE',  ( 0.08803429357919559384, -0.9376491420330599347, 0.3362499808158784242 ) ) ;
#8244 = EDGE_CURVE ( 'NONE', #7435, #8542, #388, .T. ) ;
#8245 = CARTESIAN_POINT ( 'NONE',  ( 0.5215622569954379006, -0.5997654799049586538, -0.08106766492341269115 ) ) ;
#8246 = DIRECTION ( 'NONE',  ( 0.9971920195509303975, 0.07488708930073938175, -1.299083918575641891E-17 ) ) ;
#8247 = ORIENTED_EDGE ( 'NONE', *, *, #7150, .T. ) ;
#8248 = CARTESIAN_POINT ( 'NONE',  ( 1.085418506076504919, 1.879999999999992788, 1.599999999999997202 ) ) ;
#8249 = EDGE_CURVE ( 'NONE', #7922, #1336, #646, .T. ) ;
#8250 = AXIS2_PLACEMENT_3D ( 'NONE', #5640, #4879, #8414 ) ;
#8251 = DIRECTION ( 'NONE',  ( 0.000000000000000000, 1.000000000000000000, -1.734723475976807094E-16 ) ) ;
#8252 = FACE_OUTER_BOUND ( 'NONE', #4097, .T. ) ;
#8253 =( NAMED_UNIT ( * ) PLANE_ANGLE_UNIT ( ) SI_UNIT ( $, .RADIAN. ) );
#8254 = ORIENTED_EDGE ( 'NONE', *, *, #6641, .T. ) ;
#8255 = LINE ( 'NONE', #6259, #6280 ) ;
#8256 = B_SPLINE_CURVE_WITH_KNOTS ( 'NONE', 3,
 ( #6859, #6178, #8304, #4171, #5491, #2043, #4722 ),
 .UNSPECIFIED., .F., .F.,
 ( 4, 1, 1, 1, 4 ),
 ( 0.000000000000000000, 0.2500000000000000000, 0.5000000000000000000, 0.7500000000000000000, 1.000000000000000000 ),
 .UNSPECIFIED. ) ;
#8257 = CARTESIAN_POINT ( 'NONE',  ( 640.3723986260959009, 824.0939733649677237, 1296.056174335270498 ) ) ;
#8258 = VECTOR ( 'NONE', #8950, 1000.000000000000000 ) ;
#8259 = ORIENTED_EDGE ( 'NONE', *, *, #622, .T. ) ;
#8260 = DIRECTION ( 'NONE',  ( -0.08803429357919534404, 0.9376491420330603788, -0.3362499808158775916 ) ) ;
#8261 = CARTESIAN_POINT ( 'NONE',  ( 99.99999999999995737, 1.199999999999999734, 16.00000000000000000 ) ) ;
#8262 = CIRCLE ( 'NONE', #430, 6.474999999999954348 ) ;
#8263 =( GEOMETRIC_REPRESENTATION_CONTEXT ( 3 ) GLOBAL_UNCERTAINTY_ASSIGNED_CONTEXT ( ( #7438 ) ) GLOBAL_UNIT_ASSIGNED_CONTEXT ( ( #3008, #5008, #7777 ) ) REPRESENTATION_CONTEXT ( 'NONE', 'WORKASPACE' ) );
#8264 = DIRECTION ( 'NONE',  ( 0.1610798504276574616, 0.3465180766741983165, 0.9241095737650476538 ) ) ;
#8265 = ADVANCED_FACE ( 'NONE', ( #3027 ), #1073, .T. ) ;
#8266 = FACE_OUTER_BOUND ( 'NONE', #3685, .T. ) ;
#8267 = EDGE_LOOP ( 'NONE', ( #1446, #2333, #5723, #6651 ) ) ;
#8268 = DIRECTION ( 'NONE',  ( -1.000000000000000000, 0.000000000000000000, 0.000000000000000000 ) ) ;
#8269 = B_SPLINE_CURVE_WITH_KNOTS ( 'NONE', 3,
 ( #1363, #116, #24, #2893, #6218, #2801, #5573, #7666, #4439, #8525, #3073, #5893, #2304, #7215, #987, #1031, #3712, #3624, #3799, #5756, #2397 ),
 .UNSPECIFIED., .F., .F.,
 ( 4, 2, 2, 1, 2, 2, 2, 1, 1, 2, 2, 4 ),
 ( 0.000000000000000000, 0.1249999999999995559, 0.1874999999999992784, 0.2187499999999991396, 0.2343749999999990563, 0.2499999999999989730, 0.3749999999999994449, 0.4374999999999995559, 0.4687499999999995559, 0.4843749999999998335, 0.5000000000000001110, 1.000000000000000000 ),
 .UNSPECIFIED. ) ;
#8270 = AXIS2_PLACEMENT_3D ( 'NONE', #3343, #7389, #8837 ) ;
#8271 = CARTESIAN_POINT ( 'NONE',  ( 645.5844082644747459, 853.3533174354329276, 1286.023076081350609 ) ) ;
#8272 = CARTESIAN_POINT ( 'NONE',  ( 0.1814897351919281254, 0.3072564577989295165, -0.006944503301090088065 ) ) ;
#8273 = ORIENTED_EDGE ( 'NONE', *, *, #3142, .T. ) ;
#8274 = ADVANCED_FACE ( 'NONE', ( #8708 ), #5289, .T. ) ;
#8275 = DIRECTION ( 'NONE',  ( 1.000000000000000000, -1.942890293094020494E-16, 0.000000000000000000 ) ) ;
#8276 = CARTESIAN_POINT ( 'NONE',  ( -7.000000000000033751, 52.49999999999999289, 0.000000000000000000 ) ) ;
#8277 = ORIENTED_EDGE ( 'NONE', *, *, #4703, .F. ) ;
#8278 = VECTOR ( 'NONE', #3178, 1000.000000000000227 ) ;
#8279 = AXIS2_PLACEMENT_3D ( 'NONE', #1175, #1949, #2669 ) ;
#8280 = VERTEX_POINT ( 'NONE', #6529 ) ;
#8281 = EDGE_CURVE ( 'NONE', #2480, #7087, #5797, .T. ) ;
#8282 = PLANE ( 'NONE',  #8894 ) ;
#8283 = CARTESIAN_POINT ( 'NONE',  ( -0.8339026322486536857, 0.8599793969537028460, -0.1856042097749879827 ) ) ;
#8284 = EDGE_CURVE ( 'NONE', #5524, #7078, #8329, .T. ) ;
#8285 = VECTOR ( 'NONE', #3955, 1000.000000000000000 ) ;
#8286 = CARTESIAN_POINT ( 'NONE',  ( 644.5251290454243644, 853.3533174354330413, 1287.208836401181316 ) ) ;
#8287 = ORIENTED_EDGE ( 'NONE', *, *, #3093, .T. ) ;
#8288 = ORIENTED_EDGE ( 'NONE', *, *, #8101, .F. ) ;
#8289 = CARTESIAN_POINT ( 'NONE',  ( 45.58031608298559689, 43.99999999999999289, -11.99999999999999645 ) ) ;
#8290 = CARTESIAN_POINT ( 'NONE',  ( 647.3325426676680081, 823.4516862960037997, 1297.931848289391837 ) ) ;
#8291 = CIRCLE ( 'NONE', #2347, 4.000000000000000000 ) ;
#8292 = CARTESIAN_POINT ( 'NONE',  ( 0.8361759912694499697, 0.8575050536983180871, -0.1855446092705256844 ) ) ;
#8293 = CARTESIAN_POINT ( 'NONE',  ( -0.2080235751307571435, -0.1386585453182764827, -1.099999999999996758 ) ) ;
#8294 = VERTEX_POINT ( 'NONE', #3710 ) ;
#8295 = CARTESIAN_POINT ( 'NONE',  ( -54.70522151952335577, -17.09815470596434750, 8.000000000000000000 ) ) ;
#8296 =( REPRESENTATION_RELATIONSHIP ('NONE','NONE', #74, #8742 ) REPRESENTATION_RELATIONSHIP_WITH_TRANSFORMATION ( #250 )SHAPE_REPRESENTATION_RELATIONSHIP( ) );
#8297 = AXIS2_PLACEMENT_3D ( 'NONE', #2836, #105, #1570 ) ;
#8298 = CARTESIAN_POINT ( 'NONE',  ( 649.6683955281919225, 823.1848972967039799, 1291.087368354111504 ) ) ;
#8299 = CARTESIAN_POINT ( 'NONE',  ( 0.1499956107483754741, -0.8649807416831051254, -5.595407092523485559E-05 ) ) ;
#8300 = ORIENTED_EDGE ( 'NONE', *, *, #8332, .F. ) ;
#8301 = DIRECTION ( 'NONE',  ( -0.08803429357919508036, 0.9376491420330606008, -0.3362499808158768699 ) ) ;
#8302 = DIRECTION ( 'NONE',  ( -0.6662133453145482331, 0.000000000000000000, 0.7457612074416303249 ) ) ;
#8303 = EDGE_LOOP ( 'NONE', ( #3289, #674, #1581, #5968 ) ) ;
#8304 = CARTESIAN_POINT ( 'NONE',  ( 0.2005467581562697665, 0.1494605406868049213, -1.099999999999996758 ) ) ;
#8305 = CARTESIAN_POINT ( 'NONE',  ( -0.1486762560382855203, 0.4187328981189437638, -0.02547105208624750664 ) ) ;
#8306 = CARTESIAN_POINT ( 'NONE',  ( 0.1736980455769449039, -0.1798037396529561516, -1.099999999999996758 ) ) ;
#8307 = EDGE_CURVE ( 'NONE', #4516, #7499, #4417, .T. ) ;
#8308 = CARTESIAN_POINT ( 'NONE',  ( 644.8272086360013873, 826.5536640020586674, 1303.235805267661362 ) ) ;
#8309 = ORIENTED_EDGE ( 'NONE', *, *, #6365, .F. ) ;
#8310 = CARTESIAN_POINT ( 'NONE',  ( -45.00000000000004263, 37.69999999999999574, 28.50000000000001066 ) ) ;
#8311 = CARTESIAN_POINT ( 'NONE',  ( -0.6253470833686183283, 0.6899840747410708186, -0.1112760821231484065 ) ) ;
#8312 = LINE ( 'NONE', #6230, #7936 ) ;
#8313 = ORIENTED_EDGE ( 'NONE', *, *, #7426, .T. ) ;
#8314 = CARTESIAN_POINT ( 'NONE',  ( -1.110223024625156540E-16, -1.000000000000005773, -4.006689065479315087E-18 ) ) ;
#8315 = DIRECTION ( 'NONE',  ( -0.000000000000000000, -1.000000000000000000, -0.000000000000000000 ) ) ;
#8316 = CIRCLE ( 'NONE', #4399, 0.8000000000000047073 ) ;
#8317 = ORIENTED_EDGE ( 'NONE', *, *, #4116, .F. ) ;
#8318 = EDGE_CURVE ( 'NONE', #7179, #8396, #5871, .T. ) ;
#8319 = ORIENTED_EDGE ( 'NONE', *, *, #562, .T. ) ;
#8320 = ORIENTED_EDGE ( 'NONE', *, *, #7699, .T. ) ;
#8322 = VECTOR ( 'NONE', #8574, 1000.000000000000000 ) ;
#8321 = CARTESIAN_POINT ( 'NONE',  ( -15.95421217882807241, 5.747642489554561251, 0.000000000000000000 ) ) ;
#8323 = CARTESIAN_POINT ( 'NONE',  ( -2.000000000000030198, 45.99999999999999289, 7.960204194457804352E-16 ) ) ;
#8324 = CARTESIAN_POINT ( 'NONE',  ( -1.577210584358113010E-11, -1.197708322671492409, -0.1855446119988987674 ) ) ;
#8325 = DIRECTION ( 'NONE',  ( -0.08803429357920176945, 0.9376491420330509419, -0.3362499808159017944 ) ) ;
#8326 = EDGE_LOOP ( 'NONE', ( #4218, #680, #731, #6513 ) ) ;
#8327 = ORIENTED_EDGE ( 'NONE', *, *, #1517, .F. ) ;
#8328 = CARTESIAN_POINT ( 'NONE',  ( 0.1489051610435739581, -0.3448632281105577513, -0.01828103526044883367 ) ) ;
#8329 = CIRCLE ( 'NONE', #2095, 1.700000000000010614 ) ;
#8330 = AXIS2_PLACEMENT_3D ( 'NONE', #8582, #3814, #6634 ) ;
#8331 = ADVANCED_FACE ( 'NONE', ( #6617 ), #2300, .T. ) ;
#8332 = EDGE_CURVE ( 'NONE', #1279, #3900, #5432, .T. ) ;
#8333 = CARTESIAN_POINT ( 'NONE',  ( 647.3325426676680081, 823.4516862960037997, 1297.931848289391837 ) ) ;
#8334 = VECTOR ( 'NONE', #4868, 1000.000000000000000 ) ;
#8335 = DIRECTION ( 'NONE',  ( 0.08803429357919534404, -0.9376491420330603788, 0.3362499808158775916 ) ) ;
#8336 = DIRECTION ( 'NONE',  ( 0.6427876096865414723, 0.7660444431189762371, 0.000000000000000000 ) ) ;
#8337 = EDGE_LOOP ( 'NONE', ( #8825, #6867, #5228, #8673 ) ) ;
#8338 = DIRECTION ( 'NONE',  ( -0.2204660187209547262, 0.3108485172154358822, 0.9245366049726189139 ) ) ;
#8339 = VECTOR ( 'NONE', #4087, 1000.000000000000114 ) ;
#8340 = CARTESIAN_POINT ( 'NONE',  ( 0.1700863687544157399, 0.1832752439042406589, -1.099999999999996758 ) ) ;
#8341 = PRODUCT_DEFINITION_SHAPE ( 'NONE', 'NONE',  #4118 ) ;
#8342 = LINE ( 'NONE', #759, #2671 ) ;
#8343 = ORIENTED_EDGE ( 'NONE', *, *, #5922, .F. ) ;
#8344 = CARTESIAN_POINT ( 'NONE',  ( 653.2920366104494860, 807.9066408058008619, 1308.838704168651930 ) ) ;
#8345 = AXIS2_PLACEMENT_3D ( 'NONE', #335, #479, #3109 ) ;
#8346 = CARTESIAN_POINT ( 'NONE',  ( 646.8307471942673601, 828.7962864055925820, 1296.015223398740545 ) ) ;
#8347 = CARTESIAN_POINT ( 'NONE',  ( 31.99999999999995737, 1.199999999999996181, -1.460000000000003073 ) ) ;
#8348 = CARTESIAN_POINT ( 'NONE',  ( -0.1471401283354896172, 0.5800618841723684804, -0.04580466453883669242 ) ) ;
#8349 = DIRECTION ( 'NONE',  ( -0.000000000000000000, -1.000000000000000000, -0.000000000000000000 ) ) ;
#8350 = EDGE_CURVE ( 'NONE', #1797, #4008, #4573, .T. ) ;
#8351 = CARTESIAN_POINT ( 'NONE',  ( 0.2454279539717274528, 0.04899927627670386254, -1.099999999999996758 ) ) ;
#8352 = ORIENTED_EDGE ( 'NONE', *, *, #3780, .T. ) ;
#8353 = CARTESIAN_POINT ( 'NONE',  ( -38.49999999999938183, 42.69999999999999574, -8.000000000000000000 ) ) ;
#8354 = EDGE_CURVE ( 'NONE', #3993, #5742, #6487, .T. ) ;
#8355 = CARTESIAN_POINT ( 'NONE',  ( -0.3922209550272555689, 0.4861516264997313153, -0.05003158142724869334 ) ) ;
#8356 = AXIS2_PLACEMENT_3D ( 'NONE', #315, #1047, #2500 ) ;
#8357 = CARTESIAN_POINT ( 'NONE',  ( 0.09981119836029866965, 0.2292131310711875702, -1.099999999999996758 ) ) ;
#8358 = ORIENTED_EDGE ( 'NONE', *, *, #3665, .T. ) ;
#8359 = DIRECTION ( 'NONE',  ( -0.9714137623810690236, -0.1555226214723452460, -0.1793544436779468676 ) ) ;
#8360 = CYLINDRICAL_SURFACE ( 'NONE', #3838, 1.700000000000010614 ) ;
#8361 = VERTEX_POINT ( 'NONE', #2345 ) ;
#8362 = EDGE_CURVE ( 'NONE', #4653, #1796, #7888, .T. ) ;
#8363 = VECTOR ( 'NONE', #5466, 1000.000000000000114 ) ;
#8364 = EDGE_CURVE ( 'NONE', #6314, #1238, #3256, .T. ) ;
#8365 = VERTEX_POINT ( 'NONE', #8521 ) ;
#8366 = CARTESIAN_POINT ( 'NONE',  ( -0.1814897351919211865, -0.3072564577989433943, -0.006944503301090088065 ) ) ;
#8367 = CARTESIAN_POINT ( 'NONE',  ( 99.99999999999995737, 4.499999999999997335, -11.99999999999999645 ) ) ;
#8368 = CARTESIAN_POINT ( 'NONE',  ( 0.1043252100550243200, -1.193419446631774239, -0.1855446092705256844 ) ) ;
#8369 = EDGE_LOOP ( 'NONE', ( #7861, #7968 ) ) ;
#8370 = DIRECTION ( 'NONE',  ( 0.9945054529214056860, -1.353091730329184356E-16, 0.1046847845180460118 ) ) ;
#8371 = DIRECTION ( 'NONE',  ( 0.08803429357919534404, -0.9376491420330603788, 0.3362499808158775916 ) ) ;
#8372 = ORIENTED_EDGE ( 'NONE', *, *, #3551, .F. ) ;
#8373 = ORIENTED_EDGE ( 'NONE', *, *, #8054, .F. ) ;
#8374 = FACE_OUTER_BOUND ( 'NONE', #3481, .T. ) ;
#8375 = COLOUR_RGB ( '',0.7921568627450980005, 0.8196078431372548767, 0.9333333333333333481 ) ;
#8376 = LINE ( 'NONE', #1522, #1082 ) ;
#8377 = ADVANCED_FACE ( 'NONE', ( #4437 ), #2394, .T. ) ;
#8378 = DIRECTION ( 'NONE',  ( 0.000000000000000000, -1.000000000000000000, 2.891205793294675861E-16 ) ) ;
#8379 = DIRECTION ( 'NONE',  ( -0.1227878039689733886, -0.6963642403200146491, 0.7071067811865516806 ) ) ;
#8380 = ORIENTED_EDGE ( 'NONE', *, *, #5157, .F. ) ;
#8381 = AXIS2_PLACEMENT_3D ( 'NONE', #1535, #7628, #2213 ) ;
#8382 = DIRECTION ( 'NONE',  ( -0.9848077530122070211, 0.1736481776669358268, 0.000000000000000000 ) ) ;
#8383 = AXIS2_PLACEMENT_3D ( 'NONE', #3246, #609, #7477 ) ;
#8384 = LINE ( 'NONE', #846, #8718 ) ;
#8385 = PLANE ( 'NONE',  #6733 ) ;
#8386 = DIRECTION ( 'NONE',  ( 0.000000000000000000, 0.000000000000000000, 0.9999999999999998890 ) ) ;
#8387 = VERTEX_POINT ( 'NONE', #6885 ) ;
#8388 = ADVANCED_FACE ( 'NONE', ( #8880 ), #571, .F. ) ;
#8389 = FACE_OUTER_BOUND ( 'NONE', #8540, .T. ) ;
#8390 = DIRECTION ( 'NONE',  ( 1.000000000000000000, 0.000000000000000000, -0.000000000000000000 ) ) ;
#8391 = CARTESIAN_POINT ( 'NONE',  ( -8.000000000000028422, 52.99999999999999289, 11.99999999999999645 ) ) ;
#8392 = AXIS2_PLACEMENT_3D ( 'NONE', #470, #5966, #6013 ) ;
#8393 = LINE ( 'NONE', #2215, #7996 ) ;
#8394 = DIRECTION ( 'NONE',  ( 0.5307170387723743055, -0.6044840504520667679, -0.5940862374316925321 ) ) ;
#8395 = CARTESIAN_POINT ( 'NONE',  ( 646.7690103112850011, 826.8645999710603292, 1303.594478019150756 ) ) ;
#8396 = VERTEX_POINT ( 'NONE', #8840 ) ;
#8397 = CARTESIAN_POINT ( 'NONE',  ( 1.192753240668052772, 0.1121220684960483327, -0.1855446092705256844 ) ) ;
#8398 = EDGE_CURVE ( 'NONE', #5787, #2311, #3836, .T. ) ;
#8399 = CARTESIAN_POINT ( 'NONE',  ( -0.2856044799841921944, 0.3916947470060253567, -0.02928441174428061955 ) ) ;
#8400 = CARTESIAN_POINT ( 'NONE',  ( 0.09213865896849637860, 0.2325189102972691213, -1.099999999999996758 ) ) ;
#8401 = CIRCLE ( 'NONE', #8977, 7.500000000000033751 ) ;
#8402 = ORIENTED_EDGE ( 'NONE', *, *, #5752, .T. ) ;
#8403 = CARTESIAN_POINT ( 'NONE',  ( 647.4073718172098779, 822.6546845252759113, 1298.217660773081207 ) ) ;
#8404 = CARTESIAN_POINT ( 'NONE',  ( 647.4249786759255585, 822.4671546968691018, 1298.284910769251837 ) ) ;
#8405 = CARTESIAN_POINT ( 'NONE',  ( -10.75000000000003730, 32.50000000000000000, -10.49999999999999467 ) ) ;
#8406 = ORIENTED_EDGE ( 'NONE', *, *, #7560, .T. ) ;
#8407 = EDGE_CURVE ( 'NONE', #1631, #8953, #8752, .T. ) ;
#8408 = CONICAL_SURFACE ( 'NONE', #5233, 2.092771362693152337, 0.08726646259972013764 ) ;
#8409 = EDGE_LOOP ( 'NONE', ( #2750, #1908, #2785, #6409 ) ) ;
#8410 = CARTESIAN_POINT ( 'NONE',  ( 69.44977210575986248, -0.1607447605068285101, 4.749999999999997335 ) ) ;
#8411 = DIRECTION ( 'NONE',  ( -1.000000000000000000, -1.179611963664230402E-14, -3.035766082959416360E-16 ) ) ;
#8412 = CARTESIAN_POINT ( 'NONE',  ( 0.07930401860247598966, -1.195342909303107160, -0.1855446189087534004 ) ) ;
#8413 = ORIENTED_EDGE ( 'NONE', *, *, #616, .T. ) ;
#8414 = DIRECTION ( 'NONE',  ( -1.110223024625150131E-16, -1.000000000000000000, 0.000000000000000000 ) ) ;
#8415 = FACE_OUTER_BOUND ( 'NONE', #4968, .T. ) ;
#8416 = VERTEX_POINT ( 'NONE', #1208 ) ;
#8417 = CIRCLE ( 'NONE', #8279, 6.275000000000307665 ) ;
#8418 = VERTEX_POINT ( 'NONE', #2529 ) ;
#8419 = PRODUCT_DEFINITION_SHAPE ( 'NONE', 'NONE',  #340 ) ;
#8420 = ADVANCED_FACE ( 'NONE', ( #4798 ), #4285, .F. ) ;
#8421 = ADVANCED_FACE ( 'NONE', ( #2576 ), #4066, .F. ) ;
#8422 = CARTESIAN_POINT ( 'NONE',  ( 646.9785861225755070, 827.2216608971669984, 1296.579899217520278 ) ) ;
#8423 = AXIS2_PLACEMENT_3D ( 'NONE', #7908, #8678, #5234 ) ;
#8424 = CARTESIAN_POINT ( 'NONE',  ( 0.000000000000000000, 0.000000000000000000, -0.6181764442694248629 ) ) ;
#8425 = DIRECTION ( 'NONE',  ( -0.08803429357919670406, 0.9376491420330581583, -0.3362499808158826986 ) ) ;
#8426 = VERTEX_POINT ( 'NONE', #527 ) ;
#8427 = DIRECTION ( 'NONE',  ( -0.1736481776669361043, -0.9848077530122070211, 0.000000000000000000 ) ) ;
#8428 = VECTOR ( 'NONE', #8714, 1000.000000000000000 ) ;
#8429 = FACE_OUTER_BOUND ( 'NONE', #6783, .T. ) ;
#8430 = ADVANCED_FACE ( 'NONE', ( #4750 ), #7391, .F. ) ;
#8431 = B_SPLINE_CURVE_WITH_KNOTS ( 'NONE', 3,
 ( #2622, #2445, #5268, #3943, #4670, #7989, #3124, #7446, #8039, #1214, #8169, #6759, #1125, #4712, #3354, #2668 ),
 .UNSPECIFIED., .F., .F.,
 ( 4, 1, 1, 1, 2, 1, 1, 1, 1, 1, 1, 1, 4 ),
 ( 0.000000000000000000, 0.1981379646100789871, 0.3962759292201580297, 0.5944138938302370168, 0.7925518584403160594, 0.8184828761352760385, 0.8444138938302370168, 0.8703449115251969959, 0.8962759292201579742, 0.9222069469151179533, 0.9481379646100790426, 0.9740689823050390217, 1.000000000000000000 ),
 .UNSPECIFIED. ) ;
#8432 = DIRECTION ( 'NONE',  ( 0.000000000000000000, 0.000000000000000000, -1.000000000000000000 ) ) ;
#8433 = VERTEX_POINT ( 'NONE', #3391 ) ;
#8434 = LINE ( 'NONE', #5124, #3449 ) ;
#8435 = CARTESIAN_POINT ( 'NONE',  ( -1.085418506076476941, -1.880000000000103810, 1.599999999999997202 ) ) ;
#8436 = DIRECTION ( 'NONE',  ( -1.000000000000000000, 0.000000000000000000, -0.000000000000000000 ) ) ;
#8437 = CARTESIAN_POINT ( 'NONE',  ( -19.50000000000003197, 30.50000000000000000, 0.000000000000000000 ) ) ;
#8438 = DIRECTION ( 'NONE',  ( 0.000000000000000000, 0.000000000000000000, -1.000000000000000000 ) ) ;
#8439 = VECTOR ( 'NONE', #8178, 1000.000000000000000 ) ;
#8440 = CARTESIAN_POINT ( 'NONE',  ( 0.1837800884150544989, 0.1696535721154995846, -1.099999999999996758 ) ) ;
#8441 = VERTEX_POINT ( 'NONE', #6071 ) ;
#8442 = EDGE_CURVE ( 'NONE', #2787, #5384, #1894, .T. ) ;
#8443 = LINE ( 'NONE', #5541, #6481 ) ;
#8444 = FILL_AREA_STYLE_COLOUR ( '', #2137 ) ;
#8445 = VERTEX_POINT ( 'NONE', #8118 ) ;
#8446 = CARTESIAN_POINT ( 'NONE',  ( -69.52050424064245249, -12.97418753811104075, 8.000000000000000000 ) ) ;
#8447 = CARTESIAN_POINT ( 'NONE',  ( 648.2392958915335157, 813.7939001330638575, 1301.395223091791649 ) ) ;
#8448 = DIRECTION ( 'NONE',  ( 1.000000000000000000, 0.000000000000000000, 0.000000000000000000 ) ) ;
#8449 = EDGE_LOOP ( 'NONE', ( #6680, #7318, #492, #3585 ) ) ;
#8450 = DIRECTION ( 'NONE',  ( -0.4999999999999998335, -0.8660254037844387076, 0.000000000000000000 ) ) ;
#8451 = ORIENTED_EDGE ( 'NONE', *, *, #4333, .F. ) ;
#8452 = DIRECTION ( 'NONE',  ( -0.000000000000000000, -0.000000000000000000, -1.000000000000000000 ) ) ;
#8453 = VERTEX_POINT ( 'NONE', #3254 ) ;
#8454 = B_SPLINE_SURFACE_WITH_KNOTS ( 'NONE', 3, 1, ( 
 ( #3407, #1411 ),
 ( #6261, #8219 ),
 ( #636, #1999 ),
 ( #4769, #7542 ),
 ( #1321, #4813 ),
 ( #1365, #2128 ),
 ( #5535, #590 ) ),
 .UNSPECIFIED., .F., .F., .F.,
 ( 4, 1, 1, 1, 4 ),
 ( 2, 2 ),
 ( 0.000000000000000000, 0.2500000000000000000, 0.5000000000000000000, 0.7500000000000000000, 1.000000000000000000 ),
 ( 0.005003345792300349648, 1.000000000000000000 ),
 .UNSPECIFIED. ) ;
#8455 = CARTESIAN_POINT ( 'NONE',  ( 2.105131328310489547, 73.00821050377537347, 3.499999999999989342 ) ) ;
#8456 = DIRECTION ( 'NONE',  ( -1.000000000000000000, 1.942890293094020494E-16, 0.000000000000000000 ) ) ;
#8457 = DIRECTION ( 'NONE',  ( -0.6501551545066162063, -0.3098309877324738060, -0.6937600695551724428 ) ) ;
#8458 = EDGE_LOOP ( 'NONE', ( #1890, #8273 ) ) ;
#8459 = AXIS2_PLACEMENT_3D ( 'NONE', #1721, #4483, #1030 ) ;
#8460 = FACE_OUTER_BOUND ( 'NONE', #1499, .T. ) ;
#8461 = FACE_OUTER_BOUND ( 'NONE', #8409, .T. ) ;
#8462 = EDGE_LOOP ( 'NONE', ( #3304, #4420, #5005, #7819 ) ) ;
#8463 = EDGE_LOOP ( 'NONE', ( #306, #1442 ) ) ;
#8464 = AXIS2_PLACEMENT_3D ( 'NONE', #3252, #6028, #8796 ) ;
#8465 = PLANE ( 'NONE',  #54 ) ;
#8466 = EDGE_CURVE ( 'NONE', #3792, #7679, #4665, .T. ) ;
#8467 = LINE ( 'NONE', #2248, #2874 ) ;
#8468 = CIRCLE ( 'NONE', #7465, 6.499999999999999112 ) ;
#8469 = CARTESIAN_POINT ( 'NONE',  ( 648.0171320319856250, 824.9243881218696970, 1301.859313977891588 ) ) ;
#8470 = CIRCLE ( 'NONE', #7610, 6.499999999999999112 ) ;
#8471 = ORIENTED_EDGE ( 'NONE', *, *, #4056, .T. ) ;
#8472 = DIRECTION ( 'NONE',  ( 0.000000000000000000, 0.000000000000000000, -1.000000000000000000 ) ) ;
#8473 = EDGE_CURVE ( 'NONE', #7786, #2446, #1163, .T. ) ;
#8474 = CARTESIAN_POINT ( 'NONE',  ( 0.5618511322434880384, -0.1584500896405300063, -0.04377340042965870148 ) ) ;
#8475 = DIRECTION ( 'NONE',  ( 0.7660444431189750158, -0.6427876096865430267, 0.000000000000000000 ) ) ;
#8476 = AXIS2_PLACEMENT_3D ( 'NONE', #649, #8359, #1378 ) ;
#8477 = SHAPE_DEFINITION_REPRESENTATION ( #8341, #1311 ) ;
#8478 = EDGE_LOOP ( 'NONE', ( #2666, #7855, #5336, #7663 ) ) ;
#8479 = CARTESIAN_POINT ( 'NONE',  ( -38.49999999999938183, 43.26650763079985040, 8.000000000000000000 ) ) ;
#8480 = CARTESIAN_POINT ( 'NONE',  ( 45.58031608298559689, 33.99999999999998579, 12.00000000000001066 ) ) ;
#8481 = CARTESIAN_POINT ( 'NONE',  ( -1.197496208898203518, 0.02253926236762959778, -0.1855446070539099046 ) ) ;
#8482 = EDGE_CURVE ( 'NONE', #7606, #3177, #7484, .T. ) ;
#8483 = EDGE_LOOP ( 'NONE', ( #2760, #6372 ) ) ;
#8484 = DIRECTION ( 'NONE',  ( 0.000000000000000000, 0.000000000000000000, 1.000000000000000000 ) ) ;
#8485 = CARTESIAN_POINT ( 'NONE',  ( 0.2080235751308057157, 0.1386585453183597494, -1.099999999999996758 ) ) ;
#8486 = ORIENTED_EDGE ( 'NONE', *, *, #3019, .F. ) ;
#8487 = CARTESIAN_POINT ( 'NONE',  ( 0.2549160713667536493, 0.1699148359110697060, -0.5500000000000018208 ) ) ;
#8488 = VECTOR ( 'NONE', #7804, 1000.000000000000227 ) ;
#8489 = ORIENTED_EDGE ( 'NONE', *, *, #7784, .F. ) ;
#8490 = CARTESIAN_POINT ( 'NONE',  ( 45.58031608298559689, 33.99999999999998579, -229.4623459811442387 ) ) ;
#8491 =( NAMED_UNIT ( * ) PLANE_ANGLE_UNIT ( ) SI_UNIT ( $, .RADIAN. ) );
#8492 = EDGE_CURVE ( 'NONE', #8441, #2629, #1254, .T. ) ;
#8493 = ORIENTED_EDGE ( 'NONE', *, *, #3134, .T. ) ;
#8494 = DIRECTION ( 'NONE',  ( 0.3779644730092268090, -0.6546536707079785300, 0.6546536707079759765 ) ) ;
#8495 = EDGE_CURVE ( 'NONE', #6946, #3563, #4265, .T. ) ;
#8496 = DIRECTION ( 'NONE',  ( -0.9848077530122070211, 0.1736481776669358545, 0.000000000000000000 ) ) ;
#8497 = ORIENTED_EDGE ( 'NONE', *, *, #2232, .F. ) ;
#8498 = LINE ( 'NONE', #6413, #6468 ) ;
#8499 = ORIENTED_EDGE ( 'NONE', *, *, #7430, .T. ) ;
#8500 = DIRECTION ( 'NONE',  ( -1.110223024625150131E-16, -1.000000000000000000, 0.000000000000000000 ) ) ;
#8501 = VECTOR ( 'NONE', #940, 1000.000000000000114 ) ;
#8502 = ORIENTED_EDGE ( 'NONE', *, *, #7013, .F. ) ;
#8503 = CARTESIAN_POINT ( 'NONE',  ( -0.1534636753231163886, 0.1975001589623465170, -1.099999999999996758 ) ) ;
#8504 = DIRECTION ( 'NONE',  ( 0.9848077530122070211, -0.1736481776669360211, 0.000000000000000000 ) ) ;
#8505 = EDGE_LOOP ( 'NONE', ( #6897, #6754, #6782, #8616 ) ) ;
#8506 = VECTOR ( 'NONE', #4261, 1000.000000000000227 ) ;
#8507 = CARTESIAN_POINT ( 'NONE',  ( -0.06371178680802946914, 0.2419577080547130610, -1.099999999999996758 ) ) ;
#8508 = CARTESIAN_POINT ( 'NONE',  ( 0.3411484343694287658, 0.1602735806468663649, -0.01840781869357627221 ) ) ;
#8509 = EDGE_LOOP ( 'NONE', ( #4523, #3455 ) ) ;
#8510 = VERTEX_POINT ( 'NONE', #2745 ) ;
#8511 = DIRECTION ( 'NONE',  ( 0.000000000000000000, 0.000000000000000000, 1.000000000000000000 ) ) ;
#8512 = EDGE_CURVE ( 'NONE', #6855, #6430, #5570, .T. ) ;
#8513 = CARTESIAN_POINT ( 'NONE',  ( 0.1300350166469621538, 1.197954329803227580, -0.1785173072915910431 ) ) ;
#8514 = MECHANICAL_DESIGN_GEOMETRIC_PRESENTATION_REPRESENTATION (  '', ( #7789 ), #4163 ) ;
#8515 = DIRECTION ( 'NONE',  ( -7.850462293418878299E-17, -0.7071067811865515695, 0.7071067811865435759 ) ) ;
#8516 = ORIENTED_EDGE ( 'NONE', *, *, #6500, .F. ) ;
#8517 = CARTESIAN_POINT ( 'NONE',  ( -0.1745366508429518904, 0.1789887077794094505, -1.099999999999996758 ) ) ;
#8518 = PLANE ( 'NONE',  #7416 ) ;
#8519 = EDGE_CURVE ( 'NONE', #6406, #632, #1818, .T. ) ;
#8520 = VECTOR ( 'NONE', #2984, 1000.000000000000000 ) ;
#8521 = CARTESIAN_POINT ( 'NONE',  ( 2.334869823772505557E-16, 1.000000000000000000, -1.700000000000000178 ) ) ;
#8522 = PRODUCT_CONTEXT ( 'NONE', #2564, 'mechanical' ) ;
#8523 = ORIENTED_EDGE ( 'NONE', *, *, #679, .T. ) ;
#8524 = DIRECTION ( 'NONE',  ( -1.000000000000000000, 0.000000000000000000, 0.000000000000000000 ) ) ;
#8525 = CARTESIAN_POINT ( 'NONE',  ( 0.3483020042697152485, 0.4472577711103306042, -0.04129309890165295399 ) ) ;
#8526 = EDGE_CURVE ( 'NONE', #6839, #2540, #653, .T. ) ;
#8527 = CARTESIAN_POINT ( 'NONE',  ( 0.000000000000000000, 0.000000000000000000, 0.000000000000000000 ) ) ;
#8528 = ORIENTED_EDGE ( 'NONE', *, *, #2223, .F. ) ;
#8529 = DIRECTION ( 'NONE',  ( -0.9830072456193912345, -0.02719023690006008159, 0.1815418576447223598 ) ) ;
#8530 = LINE ( 'NONE', #3627, #3121 ) ;
#8531 = ORIENTED_EDGE ( 'NONE', *, *, #2309, .F. ) ;
#8532 = VECTOR ( 'NONE', #2716, 999.9999999999998863 ) ;
#8533 = PLANE ( 'NONE',  #1076 ) ;
#8534 = ORIENTED_EDGE ( 'NONE', *, *, #5505, .T. ) ;
#8535 = CARTESIAN_POINT ( 'NONE',  ( -0.4416291394337381049, -0.3696857971583786817, -0.04261325564149329864 ) ) ;
#8536 = CIRCLE ( 'NONE', #1875, 1.024999999999999911 ) ;
#8537 = FACE_OUTER_BOUND ( 'NONE', #3057, .T. ) ;
#8538 = EDGE_LOOP ( 'NONE', ( #3737, #3472, #7902, #6364 ) ) ;
#8539 = CARTESIAN_POINT ( 'NONE',  ( -2.000000000000022649, 52.99999999999999289, 11.99999999999999645 ) ) ;
#8540 = EDGE_LOOP ( 'NONE', ( #4551, #7522, #4896, #2341, #1241 ) ) ;
#8541 = CARTESIAN_POINT ( 'NONE',  ( -0.2501407563289953506, 1.387778780781445676E-14, -1.099999999999996758 ) ) ;
#8542 = VERTEX_POINT ( 'NONE', #7059 ) ;
#8543 = CARTESIAN_POINT ( 'NONE',  ( -11.50000000000001776, 59.00000000000000000, -16.00000000000000000 ) ) ;
#8544 = DIRECTION ( 'NONE',  ( 1.000000000000000000, 2.832201593431524685E-16, 0.000000000000000000 ) ) ;
#8545 = VERTEX_POINT ( 'NONE', #4156 ) ;
#8546 = AXIS2_PLACEMENT_3D ( 'NONE', #4055, #2519, #1883 ) ;
#8547 = CARTESIAN_POINT ( 'NONE',  ( 649.5077806607644106, 823.0045959119975123, 1292.113629164231725 ) ) ;
#8548 = DIRECTION ( 'NONE',  ( 0.6501551545066971416, 0.3098309877324552652, 0.6937600695551048302 ) ) ;
#8549 = ORIENTED_EDGE ( 'NONE', *, *, #4108, .T. ) ;
#8550 = CARTESIAN_POINT ( 'NONE',  ( -0.1903814225755542933, 0.3066914228452427560, -0.01690487344975510897 ) ) ;
#8551 = CARTESIAN_POINT ( 'NONE',  ( -0.1745366508429241348, -0.1789887077792151615, -1.099999999999996758 ) ) ;
#8552 = VERTEX_POINT ( 'NONE', #6205 ) ;
#8553 = ORIENTED_EDGE ( 'NONE', *, *, #4085, .T. ) ;
#8554 = CIRCLE ( 'NONE', #4645, 4.000000000000000000 ) ;
#8555 = ADVANCED_FACE ( 'NONE', ( #1438 ), #4196, .F. ) ;
#8556 = CARTESIAN_POINT ( 'NONE',  ( -0.2080235751308057157, 0.1386585453183458716, -1.099999999999996758 ) ) ;
#8557 = EDGE_CURVE ( 'NONE', #6858, #8836, #353, .T. ) ;
#8558 = CIRCLE ( 'NONE', #8855, 4.770000000000037765 ) ;
#8559 = CARTESIAN_POINT ( 'NONE',  ( 0.01351552776398395883, 0.2497563872750768743, -1.099999999999996758 ) ) ;
#8560 = CARTESIAN_POINT ( 'NONE',  ( -8.881784197001252816E-17, -0.8000000000000047073, -11.59999999999999964 ) ) ;
#8561 = EDGE_LOOP ( 'NONE', ( #870, #2959, #990, #4106 ) ) ;
#8562 = DIRECTION ( 'NONE',  ( 0.1610798504276501064, 0.3465180766741981500, 0.9241095737650489861 ) ) ;
#8563 = CARTESIAN_POINT ( 'NONE',  ( 99.99999999999995737, 0.000000000000000000, 11.99999999999999645 ) ) ;
#8564 = AXIS2_PLACEMENT_3D ( 'NONE', #2840, #7793, #7660 ) ;
#8565 = DIRECTION ( 'NONE',  ( -0.7546841976764024906, 0.1575399805934548370, 0.6368931749454838087 ) ) ;
#8566 = CARTESIAN_POINT ( 'NONE',  ( 69.44773203368573888, -0.1721849730995372862, 0.000000000000000000 ) ) ;
#8567 = DIRECTION ( 'NONE',  ( 0.000000000000000000, 0.000000000000000000, -1.000000000000000000 ) ) ;
#8568 = CARTESIAN_POINT ( 'NONE',  ( -1.189627661050837837, -0.1388928851894094540, -0.1855446092705256844 ) ) ;
#8569 = AXIS2_PLACEMENT_3D ( 'NONE', #766, #7073, #2803 ) ;
#8570 = ORIENTED_EDGE ( 'NONE', *, *, #6746, .T. ) ;
#8571 = DIRECTION ( 'NONE',  ( -0.08803429357921255249, 0.9376491420330352877, -0.3362499808159428172 ) ) ;
#8572 = CARTESIAN_POINT ( 'NONE',  ( -19.50000000000007105, 61.00000000000000000, 3.999999999999996447 ) ) ;
#8573 = ORIENTED_EDGE ( 'NONE', *, *, #7577, .T. ) ;
#8574 = DIRECTION ( 'NONE',  ( 0.000000000000000000, 0.000000000000000000, -1.000000000000000000 ) ) ;
#8575 = ORIENTED_EDGE ( 'NONE', *, *, #338, .F. ) ;
#8576 = CYLINDRICAL_SURFACE ( 'NONE', #2993, 10.00000000000000178 ) ;
#8577 = SURFACE_SIDE_STYLE ('',( #5815 ) ) ;
#8578 = VERTEX_POINT ( 'NONE', #8969 ) ;
#8579 = AXIS2_PLACEMENT_3D ( 'NONE', #6220, #4037, #2084 ) ;
#8580 = DIRECTION ( 'NONE',  ( -0.08803429357919534404, 0.9376491420330603788, -0.3362499808158775916 ) ) ;
#8581 = EDGE_CURVE ( 'NONE', #5957, #5765, #2927, .T. ) ;
#8582 = CARTESIAN_POINT ( 'NONE',  ( 646.9785861225755070, 827.2216608971669984, 1296.579899217520278 ) ) ;
#8583 = ORIENTED_EDGE ( 'NONE', *, *, #2316, .F. ) ;
#8584 = DIRECTION ( 'NONE',  ( -0.4999999999999996669, 0.8660254037844388186, 0.000000000000000000 ) ) ;
#8585 = ORIENTED_EDGE ( 'NONE', *, *, #3371, .F. ) ;
#8586 = DIRECTION ( 'NONE',  ( -0.2204660187210652489, 0.3108485172151773668, 0.9245366049726795321 ) ) ;
#8587 = APPLICATION_CONTEXT ( 'automotive_design' ) ;
#8588 = EDGE_CURVE ( 'NONE', #7617, #8828, #5295, .T. ) ;
#8589 = DIRECTION ( 'NONE',  ( -0.08803429357917183506, 0.9376491420330762550, -0.3362499808158390113 ) ) ;
#8590 = VECTOR ( 'NONE', #8166, 1000.000000000000114 ) ;
#8591 = ORIENTED_EDGE ( 'NONE', *, *, #3968, .F. ) ;
#8592 = DIRECTION ( 'NONE',  ( -0.9714137623810635835, -0.1555226214723368638, -0.1793544436779826445 ) ) ;
#8593 = CARTESIAN_POINT ( 'NONE',  ( -46.00000000000004263, 37.69999999999999574, 4.000000000000003553 ) ) ;
#8594 = ORIENTED_EDGE ( 'NONE', *, *, #7331, .F. ) ;
#8595 = CARTESIAN_POINT ( 'NONE',  ( -0.04680233716247012010, 0.2457807441469117560, -1.099999999999996758 ) ) ;
#8596 = DIRECTION ( 'NONE',  ( -0.08803429357919508036, 0.9376491420330606008, -0.3362499808158768699 ) ) ;
#8597 = VERTEX_POINT ( 'NONE', #6334 ) ;
#8598 = ADVANCED_FACE ( 'NONE', ( #4286 ), #8465, .T. ) ;
#8599 = ORIENTED_EDGE ( 'NONE', *, *, #871, .F. ) ;
#8600 = LINE ( 'NONE', #3788, #7898 ) ;
#8601 = VECTOR ( 'NONE', #1996, 1000.000000000000227 ) ;
#8602 = CARTESIAN_POINT ( 'NONE',  ( 99.99999999999995737, 0.000000000000000000, 1.460000000000003073 ) ) ;
#8603 = CARTESIAN_POINT ( 'NONE',  ( -0.1738917329748776441, -0.1796154368898239539, -1.099999999999996758 ) ) ;
#8604 = ORIENTED_EDGE ( 'NONE', *, *, #8086, .F. ) ;
#8605 = CARTESIAN_POINT ( 'NONE',  ( -0.7347883799823050621, -0.1557502960917981627, -0.07236281047677720069 ) ) ;
#8606 = CIRCLE ( 'NONE', #5854, 0.1500000000000001887 ) ;
#8607 = EDGE_CURVE ( 'NONE', #2457, #8441, #8376, .T. ) ;
#8608 = ADVANCED_FACE ( 'NONE', ( #56 ), #4130, .F. ) ;
#8609 = DIRECTION ( 'NONE',  ( 0.000000000000000000, 0.000000000000000000, 1.000000000000000000 ) ) ;
#8610 = CARTESIAN_POINT ( 'NONE',  ( -10.75000000000003730, 34.89999999999999858, 6.999999999999999112 ) ) ;
#8611 = CARTESIAN_POINT ( 'NONE',  ( 67.88492059948210056, -9.035458658461461567, 0.000000000000000000 ) ) ;
#8612 = VECTOR ( 'NONE', #200, 1000.000000000000000 ) ;
#8613 = CARTESIAN_POINT ( 'NONE',  ( -38.49999999999938183, 44.00000000000000711, -8.000000000000000000 ) ) ;
#8614 = DIRECTION ( 'NONE',  ( -0.6501551545066136528, -0.3098309877324756934, -0.6937600695551738861 ) ) ;
#8615 = CARTESIAN_POINT ( 'NONE',  ( -1.205161582790069463, 1.526556658859590243E-13, -0.1790072184736021810 ) ) ;
#8616 = ORIENTED_EDGE ( 'NONE', *, *, #561, .F. ) ;
#8617 = CARTESIAN_POINT ( 'NONE',  ( -0.1412401969336550545, 0.9971677872680586585, -0.1252111656944097096 ) ) ;
#8618 = CARTESIAN_POINT ( 'NONE',  ( -22.90013928550543554, -33.64466763093365387, 0.000000000000000000 ) ) ;
#8619 = EDGE_CURVE ( 'NONE', #5910, #141, #794, .T. ) ;
#8620 = VECTOR ( 'NONE', #1029, 1000.000000000000000 ) ;
#8621 = ORIENTED_EDGE ( 'NONE', *, *, #4975, .F. ) ;
#8622 = DIRECTION ( 'NONE',  ( -0.08803429357919471954, 0.9376491420330601567, -0.3362499808158780912 ) ) ;
#8623 = ORIENTED_EDGE ( 'NONE', *, *, #8152, .F. ) ;
#8624 = CARTESIAN_POINT ( 'NONE',  ( -0.8885889698831390682, 0.1520489778466905528, -0.1042718349900456226 ) ) ;
#8625 = DIRECTION ( 'NONE',  ( 0.000000000000000000, -1.734723475976807094E-16, -1.000000000000000000 ) ) ;
#8626 = VERTEX_POINT ( 'NONE', #102 ) ;
#8627 = LINE ( 'NONE', #5772, #5459 ) ;
#8628 = EDGE_CURVE ( 'NONE', #3697, #5928, #4334, .T. ) ;
#8629 = PLANE ( 'NONE',  #2768 ) ;
#8630 = ORIENTED_EDGE ( 'NONE', *, *, #5579, .T. ) ;
#8631 = DIRECTION ( 'NONE',  ( -1.000000000000000000, -0.000000000000000000, -0.000000000000000000 ) ) ;
#8632 = ORIENTED_EDGE ( 'NONE', *, *, #2309, .T. ) ;
#8633 = CARTESIAN_POINT ( 'NONE',  ( 0.1463584584115319720, -0.6372194421319776758, -0.05481519353779936571 ) ) ;
#8634 = AXIS2_PLACEMENT_3D ( 'NONE', #725, #76, #6224 ) ;
#8635 = DIRECTION ( 'NONE',  ( -0.000000000000000000, -1.000000000000000000, -0.000000000000000000 ) ) ;
#8636 = ADVANCED_FACE ( 'NONE', ( #3434 ), #7999, .F. ) ;
#8637 = ORIENTED_EDGE ( 'NONE', *, *, #1396, .T. ) ;
#8638 =( NAMED_UNIT ( * ) PLANE_ANGLE_UNIT ( ) SI_UNIT ( $, .RADIAN. ) );
#8639 = DIRECTION ( 'NONE',  ( 0.000000000000000000, 0.000000000000000000, 1.000000000000000000 ) ) ;
#8640 = DIRECTION ( 'NONE',  ( 0.000000000000000000, 0.000000000000000000, -1.000000000000000000 ) ) ;
#8641 = ORIENTED_EDGE ( 'NONE', *, *, #1658, .T. ) ;
#8642 = VECTOR ( 'NONE', #8097, 1000.000000000000000 ) ;
#8643 = CARTESIAN_POINT ( 'NONE',  ( -0.09213865896844780634, 0.2325189102972136101, -1.099999999999996758 ) ) ;
#8644 = DIRECTION ( 'NONE',  ( -0.08803429357919607956, 0.9376491420330607118, -0.3362499808158759262 ) ) ;
#8645 = EDGE_CURVE ( 'NONE', #3197, #2740, #380, .T. ) ;
#8646 = ORIENTED_EDGE ( 'NONE', *, *, #3835, .T. ) ;
#8647 = ORIENTED_EDGE ( 'NONE', *, *, #4745, .F. ) ;
#8648 = APPLICATION_CONTEXT ( 'automotive_design' ) ;
#8649 = PRODUCT ( 'Fibrearm_assembly_try3', 'Fibrearm_assembly_try3', '', ( #4895 ) ) ;
#8650 = DIRECTION ( 'NONE',  ( 0.08803429357919559384, -0.9376491420330599347, 0.3362499808158784242 ) ) ;
#8651 =( NAMED_UNIT ( * ) SI_UNIT ( $, .STERADIAN. ) SOLID_ANGLE_UNIT ( ) );
#8652 = FACE_OUTER_BOUND ( 'NONE', #6892, .T. ) ;
#8653 = ORIENTED_EDGE ( 'NONE', *, *, #6520, .T. ) ;
#8654 = FACE_OUTER_BOUND ( 'NONE', #6097, .T. ) ;
#8655 = ADVANCED_FACE ( 'NONE', ( #2385 ), #8024, .T. ) ;
#8656 = AXIS2_PLACEMENT_3D ( 'NONE', #7093, #3512, #4276 ) ;
#8657 = DIRECTION ( 'NONE',  ( 0.000000000000000000, 0.000000000000000000, 1.000000000000000000 ) ) ;
#8658 = EDGE_CURVE ( 'NONE', #7874, #2578, #7879, .T. ) ;
#8659 = LINE ( 'NONE', #5216, #4560 ) ;
#8660 = LINE ( 'NONE', #1808, #2658 ) ;
#8661 = AXIS2_PLACEMENT_3D ( 'NONE', #1769, #5937, #8614 ) ;
#8662 = CARTESIAN_POINT ( 'NONE',  ( 0.000000000000000000, 0.000000000000000000, -1.599999999999997202 ) ) ;
#8663 = CARTESIAN_POINT ( 'NONE',  ( 0.2501407563290161673, 5.551115123125782702E-14, -1.099999999999996758 ) ) ;
#8664 = FACE_OUTER_BOUND ( 'NONE', #1753, .T. ) ;
#8665 = ORIENTED_EDGE ( 'NONE', *, *, #7751, .F. ) ;
#8666 = CARTESIAN_POINT ( 'NONE',  ( 0.000000000000000000, 0.000000000000000000, -11.40000000000000036 ) ) ;
#8667 = CARTESIAN_POINT ( 'NONE',  ( -5.229211351487961679, 8.984439865596868913, 8.000000000000000000 ) ) ;
#8668 = EDGE_CURVE ( 'NONE', #2324, #2136, #2430, .T. ) ;
#8669 = AXIS2_PLACEMENT_3D ( 'NONE', #5439, #578, #7491 ) ;
#8670 = ORIENTED_EDGE ( 'NONE', *, *, #5550, .F. ) ;
#8671 = EDGE_CURVE ( 'NONE', #5787, #2951, #6474, .T. ) ;
#8672 = CARTESIAN_POINT ( 'NONE',  ( 647.7265912974132789, 822.8739649308508888, 1290.728706319231151 ) ) ;
#8673 = ORIENTED_EDGE ( 'NONE', *, *, #3334, .F. ) ;
#8674 = CARTESIAN_POINT ( 'NONE',  ( -0.3003672735761159229, -0.2002104289819395255, -0.01690487344975510897 ) ) ;
#8675 = CARTESIAN_POINT ( 'NONE',  ( -57.70522151952335577, -17.09815470596434750, 8.000000000000000000 ) ) ;
#8676 = ORIENTED_EDGE ( 'NONE', *, *, #5132, .T. ) ;
#8677 = FACE_OUTER_BOUND ( 'NONE', #8449, .T. ) ;
#8678 = DIRECTION ( 'NONE',  ( -0.000000000000000000, -0.000000000000000000, -1.000000000000000000 ) ) ;
#8679 = ORIENTED_EDGE ( 'NONE', *, *, #3063, .T. ) ;
#8680 = FACE_OUTER_BOUND ( 'NONE', #7802, .T. ) ;
#8681 = EDGE_LOOP ( 'NONE', ( #5754, #7140, #551, #8896 ) ) ;
#8682 = LINE ( 'NONE', #7322, #2473 ) ;
#8683 = AXIS2_PLACEMENT_3D ( 'NONE', #6175, #764, #8302 ) ;
#8684 = FACE_OUTER_BOUND ( 'NONE', #3976, .T. ) ;
#8685 = CIRCLE ( 'NONE', #5925, 4.450000000000215117 ) ;
#8686 = CARTESIAN_POINT ( 'NONE',  ( -22.90013928550543554, -33.64466763093365387, 3.250000000000002665 ) ) ;
#8687 = CARTESIAN_POINT ( 'NONE',  ( 45.58031608298559689, 43.99999999999999289, 11.99999999999999645 ) ) ;
#8688 = DIRECTION ( 'NONE',  ( 0.9848077530122070211, -0.1736481776669358545, 0.000000000000000000 ) ) ;
#8689 = ORIENTED_EDGE ( 'NONE', *, *, #3565, .T. ) ;
#8690 = CARTESIAN_POINT ( 'NONE',  ( -7.000000000000034639, 45.99999999999999289, 7.960204194457795477E-16 ) ) ;
#8691 = CARTESIAN_POINT ( 'NONE',  ( 0.8299852910303440190, 0.8634984783813665077, -0.1855446092705256844 ) ) ;
#8692 = VERTEX_POINT ( 'NONE', #5923 ) ;
#8693 = CIRCLE ( 'NONE', #1580, 3.499999999999996003 ) ;
#8694 = EDGE_CURVE ( 'NONE', #6812, #1103, #8600, .T. ) ;
#8695 = VERTEX_POINT ( 'NONE', #7204 ) ;
#8696 = DIRECTION ( 'NONE',  ( -0.08803429357919534404, 0.9376491420330603788, -0.3362499808158775916 ) ) ;
#8697 = CLOSED_SHELL ( 'NONE', ( #3264, #2818, #5149, #6399, #8937, #537, #706, #6104, #8031, #1455, #1483, #4652, #8608, #1877, #7835, #1149, #7692, #2651, #2166, #4185, #2436, #4391, #7618, #5347, #5768, #2619, #3944, #1425 ) ) ;
#8698 = CARTESIAN_POINT ( 'NONE',  ( -0.3093359896029698741, -0.1752208159565005197, -0.01640479522577176219 ) ) ;
#8699 = LINE ( 'NONE', #2387, #4038 ) ;
#8700 = VECTOR ( 'NONE', #2006, 1000.000000000000227 ) ;
#8701 = AXIS2_PLACEMENT_3D ( 'NONE', #6808, #1994, #4763 ) ;
#8702 = FACE_BOUND ( 'NONE', #979, .T. ) ;
#8703 = EDGE_CURVE ( 'NONE', #3900, #4297, #6160, .T. ) ;
#8704 = ORIENTED_EDGE ( 'NONE', *, *, #2428, .F. ) ;
#8705 = DIRECTION ( 'NONE',  ( -0.1610798504278068977, -0.3465180766742095853, -0.9241095737650173447 ) ) ;
#8706 = DIRECTION ( 'NONE',  ( 1.000000000000000000, 0.000000000000000000, 0.000000000000000000 ) ) ;
#8707 = PRODUCT_DEFINITION_CONTEXT ( 'detailed design', #5680, 'design' ) ;
#8708 = FACE_OUTER_BOUND ( 'NONE', #4469, .T. ) ;
#8709 = CIRCLE ( 'NONE', #4794, 3.000000000000002665 ) ;
#8710 = DIRECTION ( 'NONE',  ( -1.110223024625150131E-16, -1.000000000000000000, -4.006689065479291976E-18 ) ) ;
#8711 = FACE_OUTER_BOUND ( 'NONE', #8483, .T. ) ;
#8712 =( LENGTH_UNIT ( ) NAMED_UNIT ( * ) SI_UNIT ( .MILLI., .METRE. ) );
#8713 = CARTESIAN_POINT ( 'NONE',  ( 646.8622117377617542, 826.7331895823299419, 1303.203632613991203 ) ) ;
#8714 = DIRECTION ( 'NONE',  ( 0.000000000000000000, 0.000000000000000000, 1.000000000000000000 ) ) ;
#8715 = CARTESIAN_POINT ( 'NONE',  ( -0.1903814225755473544, -0.3066914228452288782, -0.01690487344975510897 ) ) ;
#8716 = AXIS2_PLACEMENT_3D ( 'NONE', #8091, #6766, #1866 ) ;
#8717 = ADVANCED_FACE ( 'NONE', ( #6609 ), #1229, .T. ) ;
#8718 = VECTOR ( 'NONE', #3618, 1000.000000000000114 ) ;
#8719 = VERTEX_POINT ( 'NONE', #3018 ) ;
#8720 = DIRECTION ( 'NONE',  ( 0.08803429357919534404, -0.9376491420330603788, 0.3362499808158775916 ) ) ;
#8721 = ORIENTED_EDGE ( 'NONE', *, *, #8473, .T. ) ;
#8722 = CARTESIAN_POINT ( 'NONE',  ( -0.3411484343693940713, 0.1602735806468524871, -0.01840781869357627221 ) ) ;
#8723 = AXIS2_PLACEMENT_3D ( 'NONE', #7543, #1324, #4086 ) ;
#8724 = ORIENTED_EDGE ( 'NONE', *, *, #4478, .T. ) ;
#8725 = DIRECTION ( 'NONE',  ( -3.466673899897024536E-32, -4.006689065479319709E-18, 1.000000000000000000 ) ) ;
#8726 = CARTESIAN_POINT ( 'NONE',  ( 0.3003672735761298007, 0.2002104289819950367, -0.01690487344975510897 ) ) ;
#8727 = ORIENTED_EDGE ( 'NONE', *, *, #4982, .F. ) ;
#8728 = DIRECTION ( 'NONE',  ( 0.6501551545066217574, 0.3098309877324726402, 0.6937600695551677799 ) ) ;
#8729 = ORIENTED_EDGE ( 'NONE', *, *, #3537, .T. ) ;
#8730 = PLANE ( 'NONE',  #6682 ) ;
#8731 = EDGE_CURVE ( 'NONE', #4291, #4170, #8772, .T. ) ;
#8732 = EDGE_CURVE ( 'NONE', #7167, #8396, #283, .T. ) ;
#8733 = PLANE ( 'NONE',  #2664 ) ;
#8734 = VERTEX_POINT ( 'NONE', #5881 ) ;
#8735 = CARTESIAN_POINT ( 'NONE',  ( 647.2140778579004063, 824.7134494422277839, 1297.479367916201909 ) ) ;
#8736 = CARTESIAN_POINT ( 'NONE',  ( -0.1534636753231163886, 0.1975001589623465170, -1.099999999999996758 ) ) ;
#8737 = ORIENTED_EDGE ( 'NONE', *, *, #561, .T. ) ;
#8738 = FACE_OUTER_BOUND ( 'NONE', #1371, .T. ) ;
#8739 = FACE_OUTER_BOUND ( 'NONE', #1707, .T. ) ;
#8740 = EDGE_LOOP ( 'NONE', ( #3502, #7082, #4649, #3464 ) ) ;
#8741 = VERTEX_POINT ( 'NONE', #4519 ) ;
#8742 = SHAPE_REPRESENTATION ( 'Alley Jig Design Split Micrometer Hole', ( #4639 ), #4054 ) ;
#8743 = AXIS2_PLACEMENT_3D ( 'NONE', #3133, #7363, #1090 ) ;
#8744 = CARTESIAN_POINT ( 'NONE',  ( 0.1745377901354663863, 0.1789898930742578331, -1.099999999999996758 ) ) ;
#8745 = DIRECTION ( 'NONE',  ( 0.000000000000000000, 0.000000000000000000, 1.000000000000000000 ) ) ;
#8746 = CYLINDRICAL_SURFACE ( 'NONE', #7813, 8.000000000000000000 ) ;
#8747 = CARTESIAN_POINT ( 'NONE',  ( 652.9463019229077645, 763.6597991205849212, 1319.373792844571653 ) ) ;
#8748 = ADVANCED_FACE ( 'NONE', ( #5835 ), #4360, .F. ) ;
#8749 = ORIENTED_EDGE ( 'NONE', *, *, #7007, .T. ) ;
#8750 = CARTESIAN_POINT ( 'NONE',  ( -46.00000000000004263, 32.69999999999999574, -7.999999999999992895 ) ) ;
#8751 = CARTESIAN_POINT ( 'NONE',  ( -38.42905613487440775, 10.34360167969249034, 8.000000000000000000 ) ) ;
#8752 = LINE ( 'NONE', #7526, #7170 ) ;
#8753 = EDGE_CURVE ( 'NONE', #2124, #4284, #1019, .T. ) ;
#8754 = CARTESIAN_POINT ( 'NONE',  ( -0.3008137166472454882, 0.1937516859821797333, -0.01661271922746843099 ) ) ;
#8755 = EDGE_LOOP ( 'NONE', ( #6809, #4059 ) ) ;
#8756 = CARTESIAN_POINT ( 'NONE',  ( 0.1903814225755473544, -0.3066914228452150004, -0.01690487344975510897 ) ) ;
#8757 = VECTOR ( 'NONE', #2575, 1000.000000000000000 ) ;
#8758 = CARTESIAN_POINT ( 'NONE',  ( -1.199062802707415276, -0.1165037252843781346, -0.1790072184736021810 ) ) ;
#8759 = CARTESIAN_POINT ( 'NONE',  ( 0.2249545328357610563, -0.1091103562087525347, -1.099999999999996758 ) ) ;
#8760 = EDGE_CURVE ( 'NONE', #1936, #7905, #2969, .T. ) ;
#8761 = CARTESIAN_POINT ( 'NONE',  ( -0.1476488979565639403, -0.5308050902536675109, -0.03901938995386344117 ) ) ;
#8762 = CARTESIAN_POINT ( 'NONE',  ( 0.3431035238127891351, 0.1611920933937555089, 0.000000000000000000 ) ) ;
#8763 = ORIENTED_EDGE ( 'NONE', *, *, #6746, .F. ) ;
#8764 = AXIS2_PLACEMENT_3D ( 'NONE', #8042, #2405, #6496 ) ;
#8765 = LINE ( 'NONE', #3808, #1951 ) ;
#8766 = ORIENTED_EDGE ( 'NONE', *, *, #1650, .F. ) ;
#8767 = DIRECTION ( 'NONE',  ( 0.000000000000000000, -1.000000000000000000, 0.000000000000000000 ) ) ;
#8768 = PRESENTATION_STYLE_ASSIGNMENT (( #6678 ) ) ;
#8769 = EDGE_LOOP ( 'NONE', ( #973, #5280, #5303, #8573 ) ) ;
#8770 = FACE_OUTER_BOUND ( 'NONE', #2258, .T. ) ;
#8771 = DIRECTION ( 'NONE',  ( -0.05375820197657992655, 0.08660077874591869118, 0.9947916167926053044 ) ) ;
#8772 = CIRCLE ( 'NONE', #7326, 1.100000000000006306 ) ;
#8773 = ORIENTED_EDGE ( 'NONE', *, *, #4333, .T. ) ;
#8774 = PLANE ( 'NONE',  #1021 ) ;
#8775 = AXIS2_PLACEMENT_3D ( 'NONE', #6063, #7517, #5378 ) ;
#8776 = CARTESIAN_POINT ( 'NONE',  ( -40.00000000000003553, 32.65471698113206855, -3.999999999999996447 ) ) ;
#8777 = VERTEX_POINT ( 'NONE', #7292 ) ;
#8778 = EDGE_CURVE ( 'NONE', #1248, #6093, #6454, .T. ) ;
#8779 = AXIS2_PLACEMENT_3D ( 'NONE', #6060, #6653, #2650 ) ;
#8780 = VECTOR ( 'NONE', #2859, 1000.000000000000227 ) ;
#8781 = DIRECTION ( 'NONE',  ( 0.9830072456193881258, 0.02719023690005346883, -0.1815418576447404286 ) ) ;
#8782 = ADVANCED_FACE ( 'NONE', ( #2692 ), #3634, .F. ) ;
#8783 = LINE ( 'NONE', #4553, #2280 ) ;
#8784 = ORIENTED_EDGE ( 'NONE', *, *, #7288, .F. ) ;
#8785 = CARTESIAN_POINT ( 'NONE',  ( -0.2454279539716650027, 0.04899927627667610697, -1.099999999999996758 ) ) ;
#8786 = FACE_BOUND ( 'NONE', #7691, .T. ) ;
#8787 = ORIENTED_EDGE ( 'NONE', *, *, #2698, .F. ) ;
#8788 = AXIS2_PLACEMENT_3D ( 'NONE', #2403, #945, #256 ) ;
#8789 = CARTESIAN_POINT ( 'NONE',  ( -0.1492697087174671422, -1.302670748118767152, -0.006944503301090088065 ) ) ;
#8790 = CARTESIAN_POINT ( 'NONE',  ( -42.00000000000003553, 37.69999999999999574, -7.999999999999986677 ) ) ;
#8791 = EDGE_CURVE ( 'NONE', #3082, #8158, #2538, .T. ) ;
#8792 = DIRECTION ( 'NONE',  ( 0.1610798504275370857, 0.3465180766741971508, 0.9241095737650690811 ) ) ;
#8793 = CARTESIAN_POINT ( 'NONE',  ( -0.1207527918033676761, 0.2189242003604457976, -1.099999999999996758 ) ) ;
#8794 = ORIENTED_EDGE ( 'NONE', *, *, #2541, .F. ) ;
#8795 = DIRECTION ( 'NONE',  ( 0.000000000000000000, 0.000000000000000000, 1.000000000000000000 ) ) ;
#8796 = DIRECTION ( 'NONE',  ( 1.000000000000000000, 2.775557561562894802E-16, 0.000000000000000000 ) ) ;
#8797 = DIRECTION ( 'NONE',  ( -0.05375820197658007227, -0.08660077874591862179, -0.9947916167926053044 ) ) ;
#8798 = EDGE_CURVE ( 'NONE', #5571, #5807, #3700, .T. ) ;
#8799 = AXIS2_PLACEMENT_3D ( 'NONE', #3118, #5800, #7891 ) ;
#8800 = VERTEX_POINT ( 'NONE', #6697 ) ;
#8801 = CARTESIAN_POINT ( 'NONE',  ( 0.4357474349133277358, -0.3625989147302379201, -0.04129309890167987690 ) ) ;
#8802 = VECTOR ( 'NONE', #2949, 1000.000000000000000 ) ;
#8803 = LINE ( 'NONE', #2580, #5977 ) ;
#8804 = DIRECTION ( 'NONE',  ( -3.428155301009279818E-32, 8.955574241400646717E-33, 1.000000000000000000 ) ) ;
#8805 = DIRECTION ( 'NONE',  ( 0.3673406315922915222, -0.2832101451022783767, -0.8859192254898425878 ) ) ;
#8806 = AXIS2_PLACEMENT_3D ( 'NONE', #6923, #4188, #6958 ) ;
#8807 = EDGE_CURVE ( 'NONE', #5061, #453, #475, .T. ) ;
#8808 = LINE ( 'NONE', #8846, #3203 ) ;
#8809 = ORIENTED_EDGE ( 'NONE', *, *, #3378, .T. ) ;
#8810 = CARTESIAN_POINT ( 'NONE',  ( 0.1058664573324596958, -0.2264912728631024441, -1.099999999999996758 ) ) ;
#8811 =( LENGTH_UNIT ( ) NAMED_UNIT ( * ) SI_UNIT ( .MILLI., .METRE. ) );
#8812 = ORIENTED_EDGE ( 'NONE', *, *, #5469, .T. ) ;
#8813 = EDGE_CURVE ( 'NONE', #3182, #3137, #935, .T. ) ;
#8814 = CARTESIAN_POINT ( 'NONE',  ( 0.000000000000000000, 0.000000000000000000, 0.000000000000000000 ) ) ;
#8815 = ORIENTED_EDGE ( 'NONE', *, *, #7236, .T. ) ;
#8816 = FACE_OUTER_BOUND ( 'NONE', #1576, .T. ) ;
#8817 = CARTESIAN_POINT ( 'NONE',  ( 644.5476997538880823, 829.5307000280138254, 1302.168211578570435 ) ) ;
#8818 = LINE ( 'NONE', #2595, #1970 ) ;
#8819 = CARTESIAN_POINT ( 'NONE',  ( 0.3349945607997867336, 0.1605136784185584586, -0.01788498830158913311 ) ) ;
#8820 = EDGE_CURVE ( 'NONE', #586, #7559, #6023, .T. ) ;
#8821 = FACE_OUTER_BOUND ( 'NONE', #144, .T. ) ;
#8822 = VERTEX_POINT ( 'NONE', #1198 ) ;
#8823 = PRESENTATION_STYLE_ASSIGNMENT (( #8951 ) ) ;
#8824 = FACE_OUTER_BOUND ( 'NONE', #7650, .T. ) ;
#8825 = ORIENTED_EDGE ( 'NONE', *, *, #2232, .T. ) ;
#8826 = CARTESIAN_POINT ( 'NONE',  ( -79.12760198974773118, -32.90612344303978176, 2.638981965313397460 ) ) ;
#8827 = DIRECTION ( 'NONE',  ( 1.334402673828313339E-16, 1.000000000000000000, 0.000000000000000000 ) ) ;
#8828 = VERTEX_POINT ( 'NONE', #8109 ) ;
#8829 = AXIS2_PLACEMENT_3D ( 'NONE', #2072, #8335, #5697 ) ;
#8830 = CARTESIAN_POINT ( 'NONE',  ( -0.1058664573324458180, -0.2264912728630330552, -1.099999999999996758 ) ) ;
#8831 = CARTESIAN_POINT ( 'NONE',  ( -0.3121778896363266997, -0.1716915651573391877, -0.01647142487429947844 ) ) ;
#8832 = TOROIDAL_SURFACE ( 'NONE', #3608, 4.649999999999999467, 0.2000000000000000111 ) ;
#8833 = DIRECTION ( 'NONE',  ( -0.08803429357919559384, 0.9376491420330599347, -0.3362499808158784242 ) ) ;
#8834 = VERTEX_POINT ( 'NONE', #6832 ) ;
#8835 = CARTESIAN_POINT ( 'NONE',  ( -0.3018085676026877051, -0.2011711265037519070, 0.000000000000000000 ) ) ;
#8836 = VERTEX_POINT ( 'NONE', #426 ) ;
#8837 = DIRECTION ( 'NONE',  ( 1.000000000000000000, 0.000000000000000000, -0.000000000000000000 ) ) ;
#8838 = DIRECTION ( 'NONE',  ( 1.000000000000000000, 2.775557561562894309E-16, 0.000000000000000000 ) ) ;
#8839 = EDGE_CURVE ( 'NONE', #5112, #2136, #1152, .T. ) ;
#8840 = CARTESIAN_POINT ( 'NONE',  ( -8.000000000000028422, 61.00000000000000000, 3.999999999999996447 ) ) ;
#8841 = VERTEX_POINT ( 'NONE', #8151 ) ;
#8842 = CARTESIAN_POINT ( 'NONE',  ( 0.3551947582060318576, -0.4533658226648413225, -0.04261325564149325007 ) ) ;
#8843 = SPHERICAL_SURFACE ( 'NONE', #7721, 1.590000000000000080 ) ;
#8844 = DIRECTION ( 'NONE',  ( 0.1610798504276475807, 0.3465180766741972063, 0.9241095737650496522 ) ) ;
#8845 = CARTESIAN_POINT ( 'NONE',  ( 99.99999999999995737, 32.50000000000000000, -11.99999999999999645 ) ) ;
#8846 = CARTESIAN_POINT ( 'NONE',  ( -46.04645567546442209, 42.69978418236399165, -8.000000000000000000 ) ) ;
#8847 = ORIENTED_EDGE ( 'NONE', *, *, #2212, .F. ) ;
#8848 = CARTESIAN_POINT ( 'NONE',  ( -1.154700538379252350, 1.999999999999890754, 0.1199999999999951106 ) ) ;
#8849 = DIRECTION ( 'NONE',  ( 0.000000000000000000, 0.000000000000000000, 1.000000000000000000 ) ) ;
#8850 = VERTEX_POINT ( 'NONE', #8744 ) ;
#8851 = CARTESIAN_POINT ( 'NONE',  ( -0.1318513288453074250, -0.2124034535541247104, -1.099999999999996758 ) ) ;
#8852 = CARTESIAN_POINT ( 'NONE',  ( 99.99999999999995737, 4.499999999999997335, 12.00000000000001066 ) ) ;
#8853 = VERTEX_POINT ( 'NONE', #1929 ) ;
#8854 = DIRECTION ( 'NONE',  ( 0.000000000000000000, -7.228014483236707402E-16, -1.000000000000000000 ) ) ;
#8855 = AXIS2_PLACEMENT_3D ( 'NONE', #663, #3433, #2876 ) ;
#8856 = DIRECTION ( 'NONE',  ( 0.08481502208364284645, -0.05653362882484318924, -0.9947916167926055264 ) ) ;
#8857 = CARTESIAN_POINT ( 'NONE',  ( 53.85925382924440186, -1.434450794419270370, 6.999999999999999112 ) ) ;
#8858 = CARTESIAN_POINT ( 'NONE',  ( 652.9419002082286170, 763.7066815776864814, 1319.356980345531156 ) ) ;
#8859 = ORIENTED_EDGE ( 'NONE', *, *, #679, .F. ) ;
#8860 = ADVANCED_FACE ( 'NONE', ( #1972 ), #7516, .F. ) ;
#8861 = DIRECTION ( 'NONE',  ( -0.08803429357915960873, 0.9376491420331936055, -0.3362499808155149927 ) ) ;
#8862 = PLANE ( 'NONE',  #6336 ) ;
#8863 = ORIENTED_EDGE ( 'NONE', *, *, #6660, .T. ) ;
#8864 = CARTESIAN_POINT ( 'NONE',  ( -0.1636149652514962138, -0.1891761046620143993, -1.099999999999996758 ) ) ;
#8865 = CARTESIAN_POINT ( 'NONE',  ( -63.64255635432972014, -23.76525047424265935, 7.276227445951209738 ) ) ;
#8866 = ORIENTED_EDGE ( 'NONE', *, *, #4563, .F. ) ;
#8867 = VECTOR ( 'NONE', #6536, 1000.000000000000000 ) ;
#8868 = EDGE_CURVE ( 'NONE', #3638, #2578, #5972, .T. ) ;
#8869 = ORIENTED_EDGE ( 'NONE', *, *, #6886, .F. ) ;
#8870 = DIRECTION ( 'NONE',  ( 0.9714137623810676914, 0.1555226214723578193, 0.1793544436779425100 ) ) ;
#8871 = CARTESIAN_POINT ( 'NONE',  ( -19.50000000000003197, 52.99999999999999289, 3.999999999999996447 ) ) ;
#8872 = ADVANCED_FACE ( 'NONE', ( #3201 ), #2485, .F. ) ;
#8873 = DIRECTION ( 'NONE',  ( 0.1610798504275244292, 0.3465180766736425388, 0.9241095737652793574 ) ) ;
#8874 = VERTEX_POINT ( 'NONE', #4918 ) ;
#8875 = CARTESIAN_POINT ( 'NONE',  ( 0.1903814225755126599, 0.3066914228453260227, -0.01690487344975510897 ) ) ;
#8876 = CIRCLE ( 'NONE', #6850, 6.099999999999888622 ) ;
#8877 = ORIENTED_EDGE ( 'NONE', *, *, #4157, .T. ) ;
#8878 = DIRECTION ( 'NONE',  ( 1.000000000000000000, 0.000000000000000000, 0.000000000000000000 ) ) ;
#8879 = DIRECTION ( 'NONE',  ( 0.000000000000000000, 0.000000000000000000, -1.000000000000000000 ) ) ;
#8880 = FACE_OUTER_BOUND ( 'NONE', #6016, .T. ) ;
#8881 = VECTOR ( 'NONE', #6164, 1000.000000000000114 ) ;
#8882 = ORIENTED_EDGE ( 'NONE', *, *, #7127, .T. ) ;
#8883 = FACE_OUTER_BOUND ( 'NONE', #3296, .T. ) ;
#8884 = EDGE_CURVE ( 'NONE', #2181, #7606, #4275, .T. ) ;
#8885 = EDGE_LOOP ( 'NONE', ( #4029, #7724, #2400, #3869 ) ) ;
#8886 = DIRECTION ( 'NONE',  ( -0.9714137623810766842, -0.1555226214723567923, -0.1793544436778942430 ) ) ;
#8887 = EDGE_CURVE ( 'NONE', #7851, #8000, #3555, .T. ) ;
#8888 = CYLINDRICAL_SURFACE ( 'NONE', #8669, 6.499999999999999112 ) ;
#8889 = DIRECTION ( 'NONE',  ( 0.6427876096865414723, 0.7660444431189762371, 0.000000000000000000 ) ) ;
#8890 = ORIENTED_EDGE ( 'NONE', *, *, #2506, .F. ) ;
#8891 = DIRECTION ( 'NONE',  ( 0.5000000000000006661, 0.8660254037844383745, 0.000000000000000000 ) ) ;
#8892 = VERTEX_POINT ( 'NONE', #827 ) ;
#8893 = DIRECTION ( 'NONE',  ( 0.6501551545066159843, 0.3098309877324751938, 0.6937600695551718877 ) ) ;
#8894 = AXIS2_PLACEMENT_3D ( 'NONE', #7562, #2016, #389 ) ;
#8895 = CARTESIAN_POINT ( 'NONE',  ( 0.8361759912693944585, -0.8575050536982903315, -0.1855446092705256844 ) ) ;
#8896 = ORIENTED_EDGE ( 'NONE', *, *, #2778, .F. ) ;
#8897 = EDGE_CURVE ( 'NONE', #3111, #1299, #5510, .T. ) ;
#8898 = DIRECTION ( 'NONE',  ( -0.08803429357919506648, 0.9376491420330604898, -0.3362499808158768144 ) ) ;
#8899 = CARTESIAN_POINT ( 'NONE',  ( 646.4895014291726056, 829.8416359970157146, 1302.526884330060966 ) ) ;
#8900 = DIRECTION ( 'NONE',  ( -1.000000000000000000, 1.942890293094020494E-16, 0.000000000000000000 ) ) ;
#8901 = AXIS2_PLACEMENT_3D ( 'NONE', #1600, #3686, #915 ) ;
#8902 = CARTESIAN_POINT ( 'NONE',  ( 0.4282873361213454522, 0.1608037743428547550, -0.007003512763968655630 ) ) ;
#8903 = ORIENTED_EDGE ( 'NONE', *, *, #6660, .F. ) ;
#8904 = EDGE_CURVE ( 'NONE', #1826, #2322, #8401, .T. ) ;
#8905 = LINE ( 'NONE', #3237, #8700 ) ;
#8906 = LINE ( 'NONE', #4138, #6059 ) ;
#8907 = VECTOR ( 'NONE', #8948, 1000.000000000000000 ) ;
#8908 = EDGE_LOOP ( 'NONE', ( #7798, #4621, #3671, #4828, #4614, #8319, #2443, #4934, #6606, #2817 ) ) ;
#8909 = CARTESIAN_POINT ( 'NONE',  ( 0.000000000000000000, 0.000000000000000000, -0.5000000000000004441 ) ) ;
#8910 = CARTESIAN_POINT ( 'NONE',  ( 0.2080235751308404102, -0.1386585453183181160, -1.099999999999996758 ) ) ;
#8911 = EDGE_LOOP ( 'NONE', ( #7574, #5776, #4605, #6524 ) ) ;
#8912 = EDGE_CURVE ( 'NONE', #7703, #7617, #90, .T. ) ;
#8913 = VECTOR ( 'NONE', #8797, 1000.000000000000114 ) ;
#8914 = TOROIDAL_SURFACE ( 'NONE', #7323, -0.006438522443797140872, 4.000000000000000000 ) ;
#8915 = CARTESIAN_POINT ( 'NONE',  ( -0.08031120315046130775, -0.2369572611374964888, -1.099999999999996758 ) ) ;
#8916 = CARTESIAN_POINT ( 'NONE',  ( 0.2483133094921333162, 0.02899138370390796915, -1.099999999999996758 ) ) ;
#8917 = EDGE_CURVE ( 'NONE', #3762, #7047, #2583, .T. ) ;
#8918 = DIRECTION ( 'NONE',  ( 0.000000000000000000, 0.000000000000000000, -1.000000000000000000 ) ) ;
#8919 = CARTESIAN_POINT ( 'NONE',  ( 647.4249786759255585, 822.4671546968691018, 1298.284910769251837 ) ) ;
#8920 = ORIENTED_EDGE ( 'NONE', *, *, #8839, .T. ) ;
#8921 = CARTESIAN_POINT ( 'NONE',  ( -76.20663060241875542, 26.52603562942729098, 3.250000000000002665 ) ) ;
#8922 = ORIENTED_EDGE ( 'NONE', *, *, #5505, .F. ) ;
#8923 = CARTESIAN_POINT ( 'NONE',  ( 646.0402696481266958, 853.4309074694888295, 1288.985004182771718 ) ) ;
#8924 = DIRECTION ( 'NONE',  ( 0.08803429357919534404, -0.9376491420330603788, 0.3362499808158775916 ) ) ;
#8925 = VECTOR ( 'NONE', #2087, 1000.000000000000114 ) ;
#8926 = CARTESIAN_POINT ( 'NONE',  ( 69.35035320921204516, -0.5611851037494314243, 4.749999999999997335 ) ) ;
#8927 = ORIENTED_EDGE ( 'NONE', *, *, #5001, .T. ) ;
#8928 = CYLINDRICAL_SURFACE ( 'NONE', #3024, 1.700000000000009726 ) ;
#8929 = CARTESIAN_POINT ( 'NONE',  ( 648.1468598832751695, 814.7784317321976459, 1301.042160611941199 ) ) ;
#8930 = EDGE_CURVE ( 'NONE', #3933, #8294, #7645, .T. ) ;
#8931 = ORIENTED_EDGE ( 'NONE', *, *, #7742, .F. ) ;
#8932 = CARTESIAN_POINT ( 'NONE',  ( 646.8307471942673601, 828.7962864055925820, 1296.015223398740545 ) ) ;
#8933 = APPLICATION_CONTEXT ( 'automotive_design' ) ;
#8934 = CARTESIAN_POINT ( 'NONE',  ( -40.00000000000003553, 42.69999999999999574, -4.000000000000003553 ) ) ;
#8935 = CIRCLE ( 'NONE', #8799, 0.05000000000001861983 ) ;
#8936 = CARTESIAN_POINT ( 'NONE',  ( 0.1499974470293014006, -0.3386469201728525835, -5.595407092523485559E-05 ) ) ;
#8937 = ADVANCED_FACE ( 'NONE', ( #7685, #2063 ), #44, .F. ) ;
#8938 =( LENGTH_UNIT ( ) NAMED_UNIT ( * ) SI_UNIT ( .MILLI., .METRE. ) );
#8939 = ORIENTED_EDGE ( 'NONE', *, *, #3134, .F. ) ;
#8940 = CARTESIAN_POINT ( 'NONE',  ( 656.8753388929942503, 765.5811590534677862, 1323.554228766331789 ) ) ;
#8941 = CARTESIAN_POINT ( 'NONE',  ( -1.628127759114639250, 0.9399999999999825162, 0.000000000000000000 ) ) ;
#8942 = VERTEX_POINT ( 'NONE', #2821 ) ;
#8943 = DIRECTION ( 'NONE',  ( 0.9714137623810676914, 0.1555226214723472722, 0.1793544436779516138 ) ) ;
#8944 = LINE ( 'NONE', #7458, #4073 ) ;
#8945 = DIRECTION ( 'NONE',  ( -0.08803429357919559384, 0.9376491420330599347, -0.3362499808158784242 ) ) ;
#8946 = EDGE_CURVE ( 'NONE', #5016, #5571, #6277, .T. ) ;
#8947 = EDGE_CURVE ( 'NONE', #5737, #8000, #782, .T. ) ;
#8948 = DIRECTION ( 'NONE',  ( 0.000000000000000000, 1.000000000000000000, -1.734723475976808574E-16 ) ) ;
#8949 = ORIENTED_EDGE ( 'NONE', *, *, #3426, .T. ) ;
#8950 = DIRECTION ( 'NONE',  ( -0.000000000000000000, -0.000000000000000000, -1.000000000000000000 ) ) ;
#8951 = SURFACE_STYLE_USAGE ( .BOTH. , #8184 ) ;
#8952 = FACE_BOUND ( 'NONE', #5921, .T. ) ;
#8953 = VERTEX_POINT ( 'NONE', #8410 ) ;
#8954 = PRESENTATION_LAYER_ASSIGNMENT (  '', '', ( #7789 ) ) ;
#8955 = CARTESIAN_POINT ( 'NONE',  ( -0.01351552776397701994, -0.2497563872749936076, -1.099999999999996758 ) ) ;
#8956 = CARTESIAN_POINT ( 'NONE',  ( 0.1352307931667604823, 1.094164528316168727, -0.1554475972623920454 ) ) ;
#8957 = ORIENTED_EDGE ( 'NONE', *, *, #8820, .T. ) ;
#8958 = VECTOR ( 'NONE', #895, 1000.000000000000000 ) ;
#8959 = ORIENTED_EDGE ( 'NONE', *, *, #8868, .T. ) ;
#8960 = AXIS2_PLACEMENT_3D ( 'NONE', #1431, #8963, #4189 ) ;
#8961 = CARTESIAN_POINT ( 'NONE',  ( 646.6653596061286180, 827.2818817670737417, 1303.794097812634618 ) ) ;
#8962 = PLANE ( 'NONE',  #1064 ) ;
#8963 = DIRECTION ( 'NONE',  ( 0.08803429357919508036, -0.9376491420330606008, 0.3362499808158768699 ) ) ;
#8964 = CARTESIAN_POINT ( 'NONE',  ( -61.20236144145427204, -1.505287146606623772, 3.499999999999989342 ) ) ;
#8965 = ORIENTED_EDGE ( 'NONE', *, *, #2649, .F. ) ;
#8966 = ORIENTED_EDGE ( 'NONE', *, *, #2076, .F. ) ;
#8967 = CARTESIAN_POINT ( 'NONE',  ( 0.000000000000000000, 0.000000000000000000, -1.599999999999997202 ) ) ;
#8968 = AXIS2_PLACEMENT_3D ( 'NONE', #71, #1490, #8390 ) ;
#8969 = CARTESIAN_POINT ( 'NONE',  ( 655.8857111229650627, 786.6118126533061741, 1317.179493788280297 ) ) ;
#8970 = CIRCLE ( 'NONE', #1728, 4.250000000000009770 ) ;
#8971 = EDGE_CURVE ( 'NONE', #7810, #1669, #7824, .T. ) ;
#8972 = CARTESIAN_POINT ( 'NONE',  ( 0.4552788489099701685, 0.3861371515596954684, -0.04575659269839525006 ) ) ;
#8973 = CARTESIAN_POINT ( 'NONE',  ( -40.03389286725685281, 43.15131540114300890, 4.000000000000003553 ) ) ;
#8974 = ORIENTED_EDGE ( 'NONE', *, *, #7933, .F. ) ;
#8975 = CARTESIAN_POINT ( 'NONE',  ( 0.3027183380972658933, -0.1862715073639026331, -0.01639510506427910297 ) ) ;
#8976 = CARTESIAN_POINT ( 'NONE',  ( 0.9216951846600467402, -0.1510491802180089771, -0.1119492937473644256 ) ) ;
#8977 = AXIS2_PLACEMENT_3D ( 'NONE', #4965, #4830, #2 ) ;
#8978 = FACE_OUTER_BOUND ( 'NONE', #2353, .T. ) ;
#8979 = ORIENTED_EDGE ( 'NONE', *, *, #7343, .F. ) ;
#8980 = CARTESIAN_POINT ( 'NONE',  ( 0.1428897158718897553, -0.2052802584941448849, -1.099999999999996758 ) ) ;
#8981 = DIRECTION ( 'NONE',  ( -1.000000000000000000, 0.000000000000000000, 0.000000000000000000 ) ) ;
#8982 = ORIENTED_EDGE ( 'NONE', *, *, #4907, .T. ) ;
#8983 = CARTESIAN_POINT ( 'NONE',  ( 652.9463019229077645, 763.6597991205849212, 1319.373792844571653 ) ) ;
#8984 = EDGE_CURVE ( 'NONE', #632, #7874, #6486, .T. ) ;
#8985 = DIRECTION ( 'NONE',  ( 0.9848077530122070211, -0.1736481776669358268, 0.000000000000000000 ) ) ;
#8986 = AXIS2_PLACEMENT_3D ( 'NONE', #6095, #509, #3415 ) ;
#8987 = CARTESIAN_POINT ( 'NONE',  ( 648.8636652176786583, 816.3204371733979769, 1305.154448215191678 ) ) ;
#8988 = CARTESIAN_POINT ( 'NONE',  ( 0.9157647040537939542, -0.9391239044456711760, -0.07554460927052669694 ) ) ;
#8989 = DIRECTION ( 'NONE',  ( 0.000000000000000000, 0.000000000000000000, -1.000000000000000000 ) ) ;
#8990 = VERTEX_POINT ( 'NONE', #7600 ) ;
#8991 = CARTESIAN_POINT ( 'NONE',  ( 1.196764637637522055, -0.06140550424693635989, -0.1855445971994731935 ) ) ;
#8992 = VECTOR ( 'NONE', #7930, 1000.000000000000114 ) ;
#8993 = ORIENTED_EDGE ( 'NONE', *, *, #7007, .F. ) ;
#8994 = NEXT_ASSEMBLY_USAGE_OCCURRENCE ( 'NAUO1', ' ', ' ', #735, #3453, $ ) ;
#8995 = NEXT_ASSEMBLY_USAGE_OCCURRENCE ( 'NAUO2', ' ', ' ', #735, #6677, $ ) ;
#8996 = NEXT_ASSEMBLY_USAGE_OCCURRENCE ( 'NAUO3', ' ', ' ', #735, #898, $ ) ;
#8997 = NEXT_ASSEMBLY_USAGE_OCCURRENCE ( 'NAUO4', ' ', ' ', #735, #340, $ ) ;
#8998 = NEXT_ASSEMBLY_USAGE_OCCURRENCE ( 'NAUO5', ' ', ' ', #735, #2343, $ ) ;
#8999 = NEXT_ASSEMBLY_USAGE_OCCURRENCE ( 'NAUO6', ' ', ' ', #735, #3958, $ ) ;
#9000 = NEXT_ASSEMBLY_USAGE_OCCURRENCE ( 'NAUO7', ' ', ' ', #735, #4118, $ ) ;
#9001 = NEXT_ASSEMBLY_USAGE_OCCURRENCE ( 'NAUO8', ' ', ' ', #735, #2343, $ ) ;
#9002 = NEXT_ASSEMBLY_USAGE_OCCURRENCE ( 'NAUO9', ' ', ' ', #735, #4118, $ ) ;
ENDSEC;
END-ISO-10303-21;
