ISO-10303-21;
HEADER;
FILE_DESCRIPTION(('Illustrative CAD - NOT vendor dimensions'),'2;1');
FILE_NAME('reference.step','2026-10-07',('CORNERSTONE'),(''),'reference generator','','');
FILE_SCHEMA(('CONFIG_CONTROL_DESIGN'));
ENDSEC;
DATA;
#1 = CARTESIAN_POINT('',(63.507222910,5.000000000,-0.147025710));
#2 = CARTESIAN_POINT('',(63.944447197,3.939339828,-0.103962877));
#3 = CARTESIAN_POINT('',(65.000000000,3.500000000,-0.000000000));
#4 = CARTESIAN_POINT('',(66.055552803,3.939339828,0.103962877));
#5 = CARTESIAN_POINT('',(66.492777090,5.000000000,0.147025710));
#6 = CARTESIAN_POINT('',(66.055552803,6.060660172,0.103962877));
#7 = CARTESIAN_POINT('',(65.000000000,6.500000000,0.000000000));
#8 = CARTESIAN_POINT('',(63.944447197,6.060660172,-0.103962877));
#9 = CARTESIAN_POINT('',(62.258266136,5.000000000,12.533845221));
#10 = CARTESIAN_POINT('',(62.695490423,3.939339828,12.576908054));
#11 = CARTESIAN_POINT('',(63.751043226,3.500000000,12.680870931));
#12 = CARTESIAN_POINT('',(64.806596029,3.939339828,12.784833808));
#13 = CARTESIAN_POINT('',(65.243820316,5.000000000,12.827896642));
#14 = CARTESIAN_POINT('',(64.806596029,6.060660172,12.784833808));
#15 = CARTESIAN_POINT('',(63.751043226,6.500000000,12.680870931));
#16 = CARTESIAN_POINT('',(62.695490423,6.060660172,12.576908054));
#17 = POLY_LOOP('',(#8,#7,#6,#5,#4,#3,#2,#1));
#18 = FACE_OUTER_BOUND('',#17,.T.);
#19 = DIRECTION('',(0.098017140,0.000000000,-0.995184727));
#20 = DIRECTION('',(0.919430800,0.382683432,0.090556030));
#21 = AXIS2_PLACEMENT_3D('',#8,#19,#20);
#22 = PLANE('',#21);
#23 = FACE_SURFACE('',(#18),#22,.T.);
#24 = POLY_LOOP('',(#9,#10,#11,#12,#13,#14,#15,#16));
#25 = FACE_OUTER_BOUND('',#24,.T.);
#26 = DIRECTION('',(-0.098017140,-0.000000000,0.995184727));
#27 = DIRECTION('',(0.380840707,-0.923879533,0.037509536));
#28 = AXIS2_PLACEMENT_3D('',#9,#26,#27);
#29 = PLANE('',#28);
#30 = FACE_SURFACE('',(#25),#29,.T.);
#31 = POLY_LOOP('',(#1,#2,#10,#9));
#32 = FACE_OUTER_BOUND('',#31,.T.);
#33 = DIRECTION('',(-0.919430800,-0.382683432,-0.090556030));
#34 = DIRECTION('',(0.380840707,-0.923879533,0.037509536));
#35 = AXIS2_PLACEMENT_3D('',#1,#33,#34);
#36 = PLANE('',#35);
#37 = FACE_SURFACE('',(#32),#36,.T.);
#38 = POLY_LOOP('',(#2,#3,#11,#10));
#39 = FACE_OUTER_BOUND('',#38,.T.);
#40 = DIRECTION('',(-0.380840707,-0.923879533,-0.037509536));
#41 = DIRECTION('',(0.919430800,-0.382683432,0.090556030));
#42 = AXIS2_PLACEMENT_3D('',#2,#40,#41);
#43 = PLANE('',#42);
#44 = FACE_SURFACE('',(#39),#43,.T.);
#45 = POLY_LOOP('',(#3,#4,#12,#11));
#46 = FACE_OUTER_BOUND('',#45,.T.);
#47 = DIRECTION('',(0.380840707,-0.923879533,0.037509536));
#48 = DIRECTION('',(0.919430800,0.382683432,0.090556030));
#49 = AXIS2_PLACEMENT_3D('',#3,#47,#48);
#50 = PLANE('',#49);
#51 = FACE_SURFACE('',(#46),#50,.T.);
#52 = POLY_LOOP('',(#4,#5,#13,#12));
#53 = FACE_OUTER_BOUND('',#52,.T.);
#54 = DIRECTION('',(0.919430800,-0.382683432,0.090556030));
#55 = DIRECTION('',(0.380840707,0.923879533,0.037509536));
#56 = AXIS2_PLACEMENT_3D('',#4,#54,#55);
#57 = PLANE('',#56);
#58 = FACE_SURFACE('',(#53),#57,.T.);
#59 = POLY_LOOP('',(#5,#6,#14,#13));
#60 = FACE_OUTER_BOUND('',#59,.T.);
#61 = DIRECTION('',(0.919430800,0.382683432,0.090556030));
#62 = DIRECTION('',(-0.380840707,0.923879533,-0.037509536));
#63 = AXIS2_PLACEMENT_3D('',#5,#61,#62);
#64 = PLANE('',#63);
#65 = FACE_SURFACE('',(#60),#64,.T.);
#66 = POLY_LOOP('',(#6,#7,#15,#14));
#67 = FACE_OUTER_BOUND('',#66,.T.);
#68 = DIRECTION('',(0.380840707,0.923879533,0.037509536));
#69 = DIRECTION('',(-0.919430800,0.382683432,-0.090556030));
#70 = AXIS2_PLACEMENT_3D('',#6,#68,#69);
#71 = PLANE('',#70);
#72 = FACE_SURFACE('',(#67),#71,.T.);
#73 = POLY_LOOP('',(#7,#8,#16,#15));
#74 = FACE_OUTER_BOUND('',#73,.T.);
#75 = DIRECTION('',(-0.380840707,0.923879533,-0.037509536));
#76 = DIRECTION('',(-0.919430800,-0.382683432,-0.090556030));
#77 = AXIS2_PLACEMENT_3D('',#7,#75,#76);
#78 = PLANE('',#77);
#79 = FACE_SURFACE('',(#74),#78,.T.);
#80 = POLY_LOOP('',(#8,#1,#9,#16));
#81 = FACE_OUTER_BOUND('',#80,.T.);
#82 = DIRECTION('',(-0.919430800,0.382683432,-0.090556030));
#83 = DIRECTION('',(-0.380840707,-0.923879533,-0.037509536));
#84 = AXIS2_PLACEMENT_3D('',#8,#82,#83);
#85 = PLANE('',#84);
#86 = FACE_SURFACE('',(#81),#85,.T.);
#87 = CLOSED_SHELL('',(#23,#30,#37,#44,#51,#58,#65,#72,#79,#86));
#88 = FACETED_BREP('gold cable',#87);
#89 = CARTESIAN_POINT('',(62.315632723,5.000000000,12.245443915));
#90 = CARTESIAN_POINT('',(62.736054725,3.939339828,12.372977535));
#91 = CARTESIAN_POINT('',(63.751043226,3.500000000,12.680870931));
#92 = CARTESIAN_POINT('',(64.766031727,3.939339828,12.988764327));
#93 = CARTESIAN_POINT('',(65.186453730,5.000000000,13.116297947));
#94 = CARTESIAN_POINT('',(64.766031727,6.060660172,12.988764327));
#95 = CARTESIAN_POINT('',(63.751043226,6.500000000,12.680870931));
#96 = CARTESIAN_POINT('',(62.736054725,6.060660172,12.372977535));
#97 = CARTESIAN_POINT('',(58.616759110,5.000000000,24.438996088));
#98 = CARTESIAN_POINT('',(59.037181112,3.939339828,24.566529708));
#99 = CARTESIAN_POINT('',(60.052169613,3.500000000,24.874423104));
#100 = CARTESIAN_POINT('',(61.067158114,3.939339828,25.182316499));
#101 = CARTESIAN_POINT('',(61.487580117,5.000000000,25.309850120));
#102 = CARTESIAN_POINT('',(61.067158114,6.060660172,25.182316499));
#103 = CARTESIAN_POINT('',(60.052169613,6.500000000,24.874423104));
#104 = CARTESIAN_POINT('',(59.037181112,6.060660172,24.566529708));
#105 = POLY_LOOP('',(#96,#95,#94,#93,#92,#91,#90,#89));
#106 = FACE_OUTER_BOUND('',#105,.T.);
#107 = DIRECTION('',(0.290284677,0.000000000,-0.956940336));
#108 = DIRECTION('',(0.884097590,0.382683432,0.268188072));
#109 = AXIS2_PLACEMENT_3D('',#96,#107,#108);
#110 = PLANE('',#109);
#111 = FACE_SURFACE('',(#106),#110,.T.);
#112 = POLY_LOOP('',(#97,#98,#99,#100,#101,#102,#103,#104));
#113 = FACE_OUTER_BOUND('',#112,.T.);
#114 = DIRECTION('',(-0.290284677,0.000000000,0.956940336));
#115 = DIRECTION('',(0.366205212,-0.923879533,0.111087137));
#116 = AXIS2_PLACEMENT_3D('',#97,#114,#115);
#117 = PLANE('',#116);
#118 = FACE_SURFACE('',(#113),#117,.T.);
#119 = POLY_LOOP('',(#89,#90,#98,#97));
#120 = FACE_OUTER_BOUND('',#119,.T.);
#121 = DIRECTION('',(-0.884097590,-0.382683432,-0.268188072));
#122 = DIRECTION('',(0.366205212,-0.923879533,0.111087137));
#123 = AXIS2_PLACEMENT_3D('',#89,#121,#122);
#124 = PLANE('',#123);
#125 = FACE_SURFACE('',(#120),#124,.T.);
#126 = POLY_LOOP('',(#90,#91,#99,#98));
#127 = FACE_OUTER_BOUND('',#126,.T.);
#128 = DIRECTION('',(-0.366205212,-0.923879533,-0.111087137));
#129 = DIRECTION('',(0.884097590,-0.382683432,0.268188072));
#130 = AXIS2_PLACEMENT_3D('',#90,#128,#129);
#131 = PLANE('',#130);
#132 = FACE_SURFACE('',(#127),#131,.T.);
#133 = POLY_LOOP('',(#91,#92,#100,#99));
#134 = FACE_OUTER_BOUND('',#133,.T.);
#135 = DIRECTION('',(0.366205212,-0.923879533,0.111087137));
#136 = DIRECTION('',(0.884097590,0.382683432,0.268188072));
#137 = AXIS2_PLACEMENT_3D('',#91,#135,#136);
#138 = PLANE('',#137);
#139 = FACE_SURFACE('',(#134),#138,.T.);
#140 = POLY_LOOP('',(#92,#93,#101,#100));
#141 = FACE_OUTER_BOUND('',#140,.T.);
#142 = DIRECTION('',(0.884097590,-0.382683432,0.268188072));
#143 = DIRECTION('',(0.366205212,0.923879533,0.111087137));
#144 = AXIS2_PLACEMENT_3D('',#92,#142,#143);
#145 = PLANE('',#144);
#146 = FACE_SURFACE('',(#141),#145,.T.);
#147 = POLY_LOOP('',(#93,#94,#102,#101));
#148 = FACE_OUTER_BOUND('',#147,.T.);
#149 = DIRECTION('',(0.884097590,0.382683432,0.268188072));
#150 = DIRECTION('',(-0.366205212,0.923879533,-0.111087137));
#151 = AXIS2_PLACEMENT_3D('',#93,#149,#150);
#152 = PLANE('',#151);
#153 = FACE_SURFACE('',(#148),#152,.T.);
#154 = POLY_LOOP('',(#94,#95,#103,#102));
#155 = FACE_OUTER_BOUND('',#154,.T.);
#156 = DIRECTION('',(0.366205212,0.923879533,0.111087137));
#157 = DIRECTION('',(-0.884097590,0.382683432,-0.268188072));
#158 = AXIS2_PLACEMENT_3D('',#94,#156,#157);
#159 = PLANE('',#158);
#160 = FACE_SURFACE('',(#155),#159,.T.);
#161 = POLY_LOOP('',(#95,#96,#104,#103));
#162 = FACE_OUTER_BOUND('',#161,.T.);
#163 = DIRECTION('',(-0.366205212,0.923879533,-0.111087137));
#164 = DIRECTION('',(-0.884097590,-0.382683432,-0.268188072));
#165 = AXIS2_PLACEMENT_3D('',#95,#163,#164);
#166 = PLANE('',#165);
#167 = FACE_SURFACE('',(#162),#166,.T.);
#168 = POLY_LOOP('',(#96,#89,#97,#104));
#169 = FACE_OUTER_BOUND('',#168,.T.);
#170 = DIRECTION('',(-0.884097590,0.382683432,-0.268188072));
#171 = DIRECTION('',(-0.366205212,-0.923879533,-0.111087137));
#172 = AXIS2_PLACEMENT_3D('',#96,#170,#171);
#173 = PLANE('',#172);
#174 = FACE_SURFACE('',(#169),#173,.T.);
#175 = CLOSED_SHELL('',(#111,#118,#125,#132,#139,#146,#153,#160,#167,#174));
#176 = FACETED_BREP('gold cable',#175);
#177 = CARTESIAN_POINT('',(58.729287717,5.000000000,24.167327998));
#178 = CARTESIAN_POINT('',(59.116750853,3.939339828,24.374431360));
#179 = CARTESIAN_POINT('',(60.052169613,3.500000000,24.874423104));
#180 = CARTESIAN_POINT('',(60.987588373,3.939339828,25.374414848));
#181 = CARTESIAN_POINT('',(61.375051510,5.000000000,25.581518209));
#182 = CARTESIAN_POINT('',(60.987588373,6.060660172,25.374414848));
#183 = CARTESIAN_POINT('',(60.052169613,6.500000000,24.874423104));
#184 = CARTESIAN_POINT('',(59.116750853,6.060660172,24.374431360));
#185 = CARTESIAN_POINT('',(52.722642903,5.000000000,35.404970041));
#186 = CARTESIAN_POINT('',(53.110106040,3.939339828,35.612073402));
#187 = CARTESIAN_POINT('',(54.045524800,3.500000000,36.112065146));
#188 = CARTESIAN_POINT('',(54.980943559,3.939339828,36.612056890));
#189 = CARTESIAN_POINT('',(55.368406696,5.000000000,36.819160252));
#190 = CARTESIAN_POINT('',(54.980943559,6.060660172,36.612056890));
#191 = CARTESIAN_POINT('',(54.045524800,6.500000000,36.112065146));
#192 = CARTESIAN_POINT('',(53.110106040,6.060660172,35.612073402));
#193 = POLY_LOOP('',(#184,#183,#182,#181,#180,#179,#178,#177));
#194 = FACE_OUTER_BOUND('',#193,.T.);
#195 = DIRECTION('',(0.471396737,0.000000000,-0.881921264));
#196 = DIRECTION('',(0.814789005,0.382683432,0.435513797));
#197 = AXIS2_PLACEMENT_3D('',#184,#195,#196);
#198 = PLANE('',#197);
#199 = FACE_SURFACE('',(#194),#198,.T.);
#200 = POLY_LOOP('',(#185,#186,#187,#188,#189,#190,#191,#192));
#201 = FACE_OUTER_BOUND('',#200,.T.);
#202 = DIRECTION('',(-0.471396737,0.000000000,0.881921264));
#203 = DIRECTION('',(0.337496657,-0.923879533,0.180395721));
#204 = AXIS2_PLACEMENT_3D('',#185,#202,#203);
#205 = PLANE('',#204);
#206 = FACE_SURFACE('',(#201),#205,.T.);
#207 = POLY_LOOP('',(#177,#178,#186,#185));
#208 = FACE_OUTER_BOUND('',#207,.T.);
#209 = DIRECTION('',(-0.814789005,-0.382683432,-0.435513797));
#210 = DIRECTION('',(0.337496657,-0.923879533,0.180395721));
#211 = AXIS2_PLACEMENT_3D('',#177,#209,#210);
#212 = PLANE('',#211);
#213 = FACE_SURFACE('',(#208),#212,.T.);
#214 = POLY_LOOP('',(#178,#179,#187,#186));
#215 = FACE_OUTER_BOUND('',#214,.T.);
#216 = DIRECTION('',(-0.337496657,-0.923879533,-0.180395721));
#217 = DIRECTION('',(0.814789005,-0.382683432,0.435513797));
#218 = AXIS2_PLACEMENT_3D('',#178,#216,#217);
#219 = PLANE('',#218);
#220 = FACE_SURFACE('',(#215),#219,.T.);
#221 = POLY_LOOP('',(#179,#180,#188,#187));
#222 = FACE_OUTER_BOUND('',#221,.T.);
#223 = DIRECTION('',(0.337496657,-0.923879533,0.180395721));
#224 = DIRECTION('',(0.814789005,0.382683432,0.435513797));
#225 = AXIS2_PLACEMENT_3D('',#179,#223,#224);
#226 = PLANE('',#225);
#227 = FACE_SURFACE('',(#222),#226,.T.);
#228 = POLY_LOOP('',(#180,#181,#189,#188));
#229 = FACE_OUTER_BOUND('',#228,.T.);
#230 = DIRECTION('',(0.814789005,-0.382683432,0.435513797));
#231 = DIRECTION('',(0.337496657,0.923879533,0.180395721));
#232 = AXIS2_PLACEMENT_3D('',#180,#230,#231);
#233 = PLANE('',#232);
#234 = FACE_SURFACE('',(#229),#233,.T.);
#235 = POLY_LOOP('',(#181,#182,#190,#189));
#236 = FACE_OUTER_BOUND('',#235,.T.);
#237 = DIRECTION('',(0.814789005,0.382683432,0.435513797));
#238 = DIRECTION('',(-0.337496657,0.923879533,-0.180395721));
#239 = AXIS2_PLACEMENT_3D('',#181,#237,#238);
#240 = PLANE('',#239);
#241 = FACE_SURFACE('',(#236),#240,.T.);
#242 = POLY_LOOP('',(#182,#183,#191,#190));
#243 = FACE_OUTER_BOUND('',#242,.T.);
#244 = DIRECTION('',(0.337496657,0.923879533,0.180395721));
#245 = DIRECTION('',(-0.814789005,0.382683432,-0.435513797));
#246 = AXIS2_PLACEMENT_3D('',#182,#244,#245);
#247 = PLANE('',#246);
#248 = FACE_SURFACE('',(#243),#247,.T.);
#249 = POLY_LOOP('',(#183,#184,#192,#191));
#250 = FACE_OUTER_BOUND('',#249,.T.);
#251 = DIRECTION('',(-0.337496657,0.923879533,-0.180395721));
#252 = DIRECTION('',(-0.814789005,-0.382683432,-0.435513797));
#253 = AXIS2_PLACEMENT_3D('',#183,#251,#252);
#254 = PLANE('',#253);
#255 = FACE_SURFACE('',(#250),#254,.T.);
#256 = POLY_LOOP('',(#184,#177,#185,#192));
#257 = FACE_OUTER_BOUND('',#256,.T.);
#258 = DIRECTION('',(-0.814789005,0.382683432,-0.435513797));
#259 = DIRECTION('',(-0.337496657,-0.923879533,-0.180395721));
#260 = AXIS2_PLACEMENT_3D('',#184,#258,#259);
#261 = PLANE('',#260);
#262 = FACE_SURFACE('',(#257),#261,.T.);
#263 = CLOSED_SHELL('',(#199,#206,#213,#220,#227,#234,#241,#248,#255,#262));
#264 = FACETED_BREP('gold cable',#263);
#265 = CARTESIAN_POINT('',(52.886009120,5.000000000,35.160475220));
#266 = CARTESIAN_POINT('',(53.225623399,3.939339828,35.439189457));
#267 = CARTESIAN_POINT('',(54.045524800,3.500000000,36.112065146));
#268 = CARTESIAN_POINT('',(54.865426200,3.939339828,36.784940836));
#269 = CARTESIAN_POINT('',(55.205040480,5.000000000,37.063655073));
#270 = CARTESIAN_POINT('',(54.865426200,6.060660172,36.784940836));
#271 = CARTESIAN_POINT('',(54.045524800,6.500000000,36.112065146));
#272 = CARTESIAN_POINT('',(53.225623399,6.060660172,35.439189457));
#273 = CARTESIAN_POINT('',(44.802425097,5.000000000,45.010350851));
#274 = CARTESIAN_POINT('',(45.142039377,3.939339828,45.289065087));
#275 = CARTESIAN_POINT('',(45.961940777,3.500000000,45.961940777));
#276 = CARTESIAN_POINT('',(46.781842177,3.939339828,46.634816467));
#277 = CARTESIAN_POINT('',(47.121456457,5.000000000,46.913530703));
#278 = CARTESIAN_POINT('',(46.781842177,6.060660172,46.634816467));
#279 = CARTESIAN_POINT('',(45.961940777,6.500000000,45.961940777));
#280 = CARTESIAN_POINT('',(45.142039377,6.060660172,45.289065087));
#281 = POLY_LOOP('',(#272,#271,#270,#269,#268,#267,#266,#265));
#282 = FACE_OUTER_BOUND('',#281,.T.);
#283 = DIRECTION('',(0.634393284,0.000000000,-0.773010453));
#284 = DIRECTION('',(0.714168536,0.382683432,0.586102971));
#285 = AXIS2_PLACEMENT_3D('',#272,#283,#284);
#286 = PLANE('',#285);
#287 = FACE_SURFACE('',(#282),#286,.T.);
#288 = POLY_LOOP('',(#273,#274,#275,#276,#277,#278,#279,#280));
#289 = FACE_OUTER_BOUND('',#288,.T.);
#290 = DIRECTION('',(-0.634393284,-0.000000000,0.773010453));
#291 = DIRECTION('',(0.295818294,-0.923879533,0.242771799));
#292 = AXIS2_PLACEMENT_3D('',#273,#290,#291);
#293 = PLANE('',#292);
#294 = FACE_SURFACE('',(#289),#293,.T.);
#295 = POLY_LOOP('',(#265,#266,#274,#273));
#296 = FACE_OUTER_BOUND('',#295,.T.);
#297 = DIRECTION('',(-0.714168536,-0.382683432,-0.586102971));
#298 = DIRECTION('',(0.295818294,-0.923879533,0.242771799));
#299 = AXIS2_PLACEMENT_3D('',#265,#297,#298);
#300 = PLANE('',#299);
#301 = FACE_SURFACE('',(#296),#300,.T.);
#302 = POLY_LOOP('',(#266,#267,#275,#274));
#303 = FACE_OUTER_BOUND('',#302,.T.);
#304 = DIRECTION('',(-0.295818294,-0.923879533,-0.242771799));
#305 = DIRECTION('',(0.714168536,-0.382683432,0.586102971));
#306 = AXIS2_PLACEMENT_3D('',#266,#304,#305);
#307 = PLANE('',#306);
#308 = FACE_SURFACE('',(#303),#307,.T.);
#309 = POLY_LOOP('',(#267,#268,#276,#275));
#310 = FACE_OUTER_BOUND('',#309,.T.);
#311 = DIRECTION('',(0.295818294,-0.923879533,0.242771799));
#312 = DIRECTION('',(0.714168536,0.382683432,0.586102971));
#313 = AXIS2_PLACEMENT_3D('',#267,#311,#312);
#314 = PLANE('',#313);
#315 = FACE_SURFACE('',(#310),#314,.T.);
#316 = POLY_LOOP('',(#268,#269,#277,#276));
#317 = FACE_OUTER_BOUND('',#316,.T.);
#318 = DIRECTION('',(0.714168536,-0.382683432,0.586102971));
#319 = DIRECTION('',(0.295818294,0.923879533,0.242771799));
#320 = AXIS2_PLACEMENT_3D('',#268,#318,#319);
#321 = PLANE('',#320);
#322 = FACE_SURFACE('',(#317),#321,.T.);
#323 = POLY_LOOP('',(#269,#270,#278,#277));
#324 = FACE_OUTER_BOUND('',#323,.T.);
#325 = DIRECTION('',(0.714168536,0.382683432,0.586102971));
#326 = DIRECTION('',(-0.295818294,0.923879533,-0.242771799));
#327 = AXIS2_PLACEMENT_3D('',#269,#325,#326);
#328 = PLANE('',#327);
#329 = FACE_SURFACE('',(#324),#328,.T.);
#330 = POLY_LOOP('',(#270,#271,#279,#278));
#331 = FACE_OUTER_BOUND('',#330,.T.);
#332 = DIRECTION('',(0.295818294,0.923879533,0.242771799));
#333 = DIRECTION('',(-0.714168536,0.382683432,-0.586102971));
#334 = AXIS2_PLACEMENT_3D('',#270,#332,#333);
#335 = PLANE('',#334);
#336 = FACE_SURFACE('',(#331),#335,.T.);
#337 = POLY_LOOP('',(#271,#272,#280,#279));
#338 = FACE_OUTER_BOUND('',#337,.T.);
#339 = DIRECTION('',(-0.295818294,0.923879533,-0.242771799));
#340 = DIRECTION('',(-0.714168536,-0.382683432,-0.586102971));
#341 = AXIS2_PLACEMENT_3D('',#271,#339,#340);
#342 = PLANE('',#341);
#343 = FACE_SURFACE('',(#338),#342,.T.);
#344 = POLY_LOOP('',(#272,#265,#273,#280));
#345 = FACE_OUTER_BOUND('',#344,.T.);
#346 = DIRECTION('',(-0.714168536,0.382683432,-0.586102971));
#347 = DIRECTION('',(-0.295818294,-0.923879533,-0.242771799));
#348 = AXIS2_PLACEMENT_3D('',#272,#346,#347);
#349 = PLANE('',#348);
#350 = FACE_SURFACE('',(#345),#349,.T.);
#351 = CLOSED_SHELL('',(#287,#294,#301,#308,#315,#322,#329,#336,#343,#350));
#352 = FACETED_BREP('gold cable',#351);
#353 = CARTESIAN_POINT('',(45.010350851,5.000000000,44.802425097));
#354 = CARTESIAN_POINT('',(45.289065087,3.939339828,45.142039377));
#355 = CARTESIAN_POINT('',(45.961940777,3.500000000,45.961940777));
#356 = CARTESIAN_POINT('',(46.634816467,3.939339828,46.781842177));
#357 = CARTESIAN_POINT('',(46.913530703,5.000000000,47.121456457));
#358 = CARTESIAN_POINT('',(46.634816467,6.060660172,46.781842177));
#359 = CARTESIAN_POINT('',(45.961940777,6.500000000,45.961940777));
#360 = CARTESIAN_POINT('',(45.289065087,6.060660172,45.142039377));
#361 = CARTESIAN_POINT('',(35.160475220,5.000000000,52.886009120));
#362 = CARTESIAN_POINT('',(35.439189457,3.939339828,53.225623399));
#363 = CARTESIAN_POINT('',(36.112065146,3.500000000,54.045524800));
#364 = CARTESIAN_POINT('',(36.784940836,3.939339828,54.865426200));
#365 = CARTESIAN_POINT('',(37.063655073,5.000000000,55.205040480));
#366 = CARTESIAN_POINT('',(36.784940836,6.060660172,54.865426200));
#367 = CARTESIAN_POINT('',(36.112065146,6.500000000,54.045524800));
#368 = CARTESIAN_POINT('',(35.439189457,6.060660172,53.225623399));
#369 = POLY_LOOP('',(#360,#359,#358,#357,#356,#355,#354,#353));
#370 = FACE_OUTER_BOUND('',#369,.T.);
#371 = DIRECTION('',(0.773010453,0.000000000,-0.634393284));
#372 = DIRECTION('',(0.586102971,0.382683432,0.714168536));
#373 = AXIS2_PLACEMENT_3D('',#360,#371,#372);
#374 = PLANE('',#373);
#375 = FACE_SURFACE('',(#370),#374,.T.);
#376 = POLY_LOOP('',(#361,#362,#363,#364,#365,#366,#367,#368));
#377 = FACE_OUTER_BOUND('',#376,.T.);
#378 = DIRECTION('',(-0.773010453,0.000000000,0.634393284));
#379 = DIRECTION('',(0.242771799,-0.923879533,0.295818294));
#380 = AXIS2_PLACEMENT_3D('',#361,#378,#379);
#381 = PLANE('',#380);
#382 = FACE_SURFACE('',(#377),#381,.T.);
#383 = POLY_LOOP('',(#353,#354,#362,#361));
#384 = FACE_OUTER_BOUND('',#383,.T.);
#385 = DIRECTION('',(-0.586102971,-0.382683432,-0.714168536));
#386 = DIRECTION('',(0.242771799,-0.923879533,0.295818294));
#387 = AXIS2_PLACEMENT_3D('',#353,#385,#386);
#388 = PLANE('',#387);
#389 = FACE_SURFACE('',(#384),#388,.T.);
#390 = POLY_LOOP('',(#354,#355,#363,#362));
#391 = FACE_OUTER_BOUND('',#390,.T.);
#392 = DIRECTION('',(-0.242771799,-0.923879533,-0.295818294));
#393 = DIRECTION('',(0.586102971,-0.382683432,0.714168536));
#394 = AXIS2_PLACEMENT_3D('',#354,#392,#393);
#395 = PLANE('',#394);
#396 = FACE_SURFACE('',(#391),#395,.T.);
#397 = POLY_LOOP('',(#355,#356,#364,#363));
#398 = FACE_OUTER_BOUND('',#397,.T.);
#399 = DIRECTION('',(0.242771799,-0.923879533,0.295818294));
#400 = DIRECTION('',(0.586102971,0.382683432,0.714168536));
#401 = AXIS2_PLACEMENT_3D('',#355,#399,#400);
#402 = PLANE('',#401);
#403 = FACE_SURFACE('',(#398),#402,.T.);
#404 = POLY_LOOP('',(#356,#357,#365,#364));
#405 = FACE_OUTER_BOUND('',#404,.T.);
#406 = DIRECTION('',(0.586102971,-0.382683432,0.714168536));
#407 = DIRECTION('',(0.242771799,0.923879533,0.295818294));
#408 = AXIS2_PLACEMENT_3D('',#356,#406,#407);
#409 = PLANE('',#408);
#410 = FACE_SURFACE('',(#405),#409,.T.);
#411 = POLY_LOOP('',(#357,#358,#366,#365));
#412 = FACE_OUTER_BOUND('',#411,.T.);
#413 = DIRECTION('',(0.586102971,0.382683432,0.714168536));
#414 = DIRECTION('',(-0.242771799,0.923879533,-0.295818294));
#415 = AXIS2_PLACEMENT_3D('',#357,#413,#414);
#416 = PLANE('',#415);
#417 = FACE_SURFACE('',(#412),#416,.T.);
#418 = POLY_LOOP('',(#358,#359,#367,#366));
#419 = FACE_OUTER_BOUND('',#418,.T.);
#420 = DIRECTION('',(0.242771799,0.923879533,0.295818294));
#421 = DIRECTION('',(-0.586102971,0.382683432,-0.714168536));
#422 = AXIS2_PLACEMENT_3D('',#358,#420,#421);
#423 = PLANE('',#422);
#424 = FACE_SURFACE('',(#419),#423,.T.);
#425 = POLY_LOOP('',(#359,#360,#368,#367));
#426 = FACE_OUTER_BOUND('',#425,.T.);
#427 = DIRECTION('',(-0.242771799,0.923879533,-0.295818294));
#428 = DIRECTION('',(-0.586102971,-0.382683432,-0.714168536));
#429 = AXIS2_PLACEMENT_3D('',#359,#427,#428);
#430 = PLANE('',#429);
#431 = FACE_SURFACE('',(#426),#430,.T.);
#432 = POLY_LOOP('',(#360,#353,#361,#368));
#433 = FACE_OUTER_BOUND('',#432,.T.);
#434 = DIRECTION('',(-0.586102971,0.382683432,-0.714168536));
#435 = DIRECTION('',(-0.242771799,-0.923879533,-0.295818294));
#436 = AXIS2_PLACEMENT_3D('',#360,#434,#435);
#437 = PLANE('',#436);
#438 = FACE_SURFACE('',(#433),#437,.T.);
#439 = CLOSED_SHELL('',(#375,#382,#389,#396,#403,#410,#417,#424,#431,#438));
#440 = FACETED_BREP('gold cable',#439);
#441 = CARTESIAN_POINT('',(35.404970041,5.000000000,52.722642903));
#442 = CARTESIAN_POINT('',(35.612073402,3.939339828,53.110106040));
#443 = CARTESIAN_POINT('',(36.112065146,3.500000000,54.045524800));
#444 = CARTESIAN_POINT('',(36.612056890,3.939339828,54.980943559));
#445 = CARTESIAN_POINT('',(36.819160252,5.000000000,55.368406696));
#446 = CARTESIAN_POINT('',(36.612056890,6.060660172,54.980943559));
#447 = CARTESIAN_POINT('',(36.112065146,6.500000000,54.045524800));
#448 = CARTESIAN_POINT('',(35.612073402,6.060660172,53.110106040));
#449 = CARTESIAN_POINT('',(24.167327998,5.000000000,58.729287717));
#450 = CARTESIAN_POINT('',(24.374431360,3.939339828,59.116750853));
#451 = CARTESIAN_POINT('',(24.874423104,3.500000000,60.052169613));
#452 = CARTESIAN_POINT('',(25.374414848,3.939339828,60.987588373));
#453 = CARTESIAN_POINT('',(25.581518209,5.000000000,61.375051510));
#454 = CARTESIAN_POINT('',(25.374414848,6.060660172,60.987588373));
#455 = CARTESIAN_POINT('',(24.874423104,6.500000000,60.052169613));
#456 = CARTESIAN_POINT('',(24.374431360,6.060660172,59.116750853));
#457 = POLY_LOOP('',(#448,#447,#446,#445,#444,#443,#442,#441));
#458 = FACE_OUTER_BOUND('',#457,.T.);
#459 = DIRECTION('',(0.881921264,0.000000000,-0.471396737));
#460 = DIRECTION('',(0.435513797,0.382683432,0.814789005));
#461 = AXIS2_PLACEMENT_3D('',#448,#459,#460);
#462 = PLANE('',#461);
#463 = FACE_SURFACE('',(#458),#462,.T.);
#464 = POLY_LOOP('',(#449,#450,#451,#452,#453,#454,#455,#456));
#465 = FACE_OUTER_BOUND('',#464,.T.);
#466 = DIRECTION('',(-0.881921264,0.000000000,0.471396737));
#467 = DIRECTION('',(0.180395721,-0.923879533,0.337496657));
#468 = AXIS2_PLACEMENT_3D('',#449,#466,#467);
#469 = PLANE('',#468);
#470 = FACE_SURFACE('',(#465),#469,.T.);
#471 = POLY_LOOP('',(#441,#442,#450,#449));
#472 = FACE_OUTER_BOUND('',#471,.T.);
#473 = DIRECTION('',(-0.435513797,-0.382683432,-0.814789005));
#474 = DIRECTION('',(0.180395721,-0.923879533,0.337496657));
#475 = AXIS2_PLACEMENT_3D('',#441,#473,#474);
#476 = PLANE('',#475);
#477 = FACE_SURFACE('',(#472),#476,.T.);
#478 = POLY_LOOP('',(#442,#443,#451,#450));
#479 = FACE_OUTER_BOUND('',#478,.T.);
#480 = DIRECTION('',(-0.180395721,-0.923879533,-0.337496657));
#481 = DIRECTION('',(0.435513797,-0.382683432,0.814789005));
#482 = AXIS2_PLACEMENT_3D('',#442,#480,#481);
#483 = PLANE('',#482);
#484 = FACE_SURFACE('',(#479),#483,.T.);
#485 = POLY_LOOP('',(#443,#444,#452,#451));
#486 = FACE_OUTER_BOUND('',#485,.T.);
#487 = DIRECTION('',(0.180395721,-0.923879533,0.337496657));
#488 = DIRECTION('',(0.435513797,0.382683432,0.814789005));
#489 = AXIS2_PLACEMENT_3D('',#443,#487,#488);
#490 = PLANE('',#489);
#491 = FACE_SURFACE('',(#486),#490,.T.);
#492 = POLY_LOOP('',(#444,#445,#453,#452));
#493 = FACE_OUTER_BOUND('',#492,.T.);
#494 = DIRECTION('',(0.435513797,-0.382683432,0.814789005));
#495 = DIRECTION('',(0.180395721,0.923879533,0.337496657));
#496 = AXIS2_PLACEMENT_3D('',#444,#494,#495);
#497 = PLANE('',#496);
#498 = FACE_SURFACE('',(#493),#497,.T.);
#499 = POLY_LOOP('',(#445,#446,#454,#453));
#500 = FACE_OUTER_BOUND('',#499,.T.);
#501 = DIRECTION('',(0.435513797,0.382683432,0.814789005));
#502 = DIRECTION('',(-0.180395721,0.923879533,-0.337496657));
#503 = AXIS2_PLACEMENT_3D('',#445,#501,#502);
#504 = PLANE('',#503);
#505 = FACE_SURFACE('',(#500),#504,.T.);
#506 = POLY_LOOP('',(#446,#447,#455,#454));
#507 = FACE_OUTER_BOUND('',#506,.T.);
#508 = DIRECTION('',(0.180395721,0.923879533,0.337496657));
#509 = DIRECTION('',(-0.435513797,0.382683432,-0.814789005));
#510 = AXIS2_PLACEMENT_3D('',#446,#508,#509);
#511 = PLANE('',#510);
#512 = FACE_SURFACE('',(#507),#511,.T.);
#513 = POLY_LOOP('',(#447,#448,#456,#455));
#514 = FACE_OUTER_BOUND('',#513,.T.);
#515 = DIRECTION('',(-0.180395721,0.923879533,-0.337496657));
#516 = DIRECTION('',(-0.435513797,-0.382683432,-0.814789005));
#517 = AXIS2_PLACEMENT_3D('',#447,#515,#516);
#518 = PLANE('',#517);
#519 = FACE_SURFACE('',(#514),#518,.T.);
#520 = POLY_LOOP('',(#448,#441,#449,#456));
#521 = FACE_OUTER_BOUND('',#520,.T.);
#522 = DIRECTION('',(-0.435513797,0.382683432,-0.814789005));
#523 = DIRECTION('',(-0.180395721,-0.923879533,-0.337496657));
#524 = AXIS2_PLACEMENT_3D('',#448,#522,#523);
#525 = PLANE('',#524);
#526 = FACE_SURFACE('',(#521),#525,.T.);
#527 = CLOSED_SHELL('',(#463,#470,#477,#484,#491,#498,#505,#512,#519,#526));
#528 = FACETED_BREP('gold cable',#527);
#529 = CARTESIAN_POINT('',(24.438996088,5.000000000,58.616759110));
#530 = CARTESIAN_POINT('',(24.566529708,3.939339828,59.037181112));
#531 = CARTESIAN_POINT('',(24.874423104,3.500000000,60.052169613));
#532 = CARTESIAN_POINT('',(25.182316499,3.939339828,61.067158114));
#533 = CARTESIAN_POINT('',(25.309850120,5.000000000,61.487580117));
#534 = CARTESIAN_POINT('',(25.182316499,6.060660172,61.067158114));
#535 = CARTESIAN_POINT('',(24.874423104,6.500000000,60.052169613));
#536 = CARTESIAN_POINT('',(24.566529708,6.060660172,59.037181112));
#537 = CARTESIAN_POINT('',(12.245443915,5.000000000,62.315632723));
#538 = CARTESIAN_POINT('',(12.372977535,3.939339828,62.736054725));
#539 = CARTESIAN_POINT('',(12.680870931,3.500000000,63.751043226));
#540 = CARTESIAN_POINT('',(12.988764327,3.939339828,64.766031727));
#541 = CARTESIAN_POINT('',(13.116297947,5.000000000,65.186453730));
#542 = CARTESIAN_POINT('',(12.988764327,6.060660172,64.766031727));
#543 = CARTESIAN_POINT('',(12.680870931,6.500000000,63.751043226));
#544 = CARTESIAN_POINT('',(12.372977535,6.060660172,62.736054725));
#545 = POLY_LOOP('',(#536,#535,#534,#533,#532,#531,#530,#529));
#546 = FACE_OUTER_BOUND('',#545,.T.);
#547 = DIRECTION('',(0.956940336,0.000000000,-0.290284677));
#548 = DIRECTION('',(0.268188072,0.382683432,0.884097590));
#549 = AXIS2_PLACEMENT_3D('',#536,#547,#548);
#550 = PLANE('',#549);
#551 = FACE_SURFACE('',(#546),#550,.T.);
#552 = POLY_LOOP('',(#537,#538,#539,#540,#541,#542,#543,#544));
#553 = FACE_OUTER_BOUND('',#552,.T.);
#554 = DIRECTION('',(-0.956940336,0.000000000,0.290284677));
#555 = DIRECTION('',(0.111087137,-0.923879533,0.366205212));
#556 = AXIS2_PLACEMENT_3D('',#537,#554,#555);
#557 = PLANE('',#556);
#558 = FACE_SURFACE('',(#553),#557,.T.);
#559 = POLY_LOOP('',(#529,#530,#538,#537));
#560 = FACE_OUTER_BOUND('',#559,.T.);
#561 = DIRECTION('',(-0.268188072,-0.382683432,-0.884097590));
#562 = DIRECTION('',(0.111087137,-0.923879533,0.366205212));
#563 = AXIS2_PLACEMENT_3D('',#529,#561,#562);
#564 = PLANE('',#563);
#565 = FACE_SURFACE('',(#560),#564,.T.);
#566 = POLY_LOOP('',(#530,#531,#539,#538));
#567 = FACE_OUTER_BOUND('',#566,.T.);
#568 = DIRECTION('',(-0.111087137,-0.923879533,-0.366205212));
#569 = DIRECTION('',(0.268188072,-0.382683432,0.884097590));
#570 = AXIS2_PLACEMENT_3D('',#530,#568,#569);
#571 = PLANE('',#570);
#572 = FACE_SURFACE('',(#567),#571,.T.);
#573 = POLY_LOOP('',(#531,#532,#540,#539));
#574 = FACE_OUTER_BOUND('',#573,.T.);
#575 = DIRECTION('',(0.111087137,-0.923879533,0.366205212));
#576 = DIRECTION('',(0.268188072,0.382683432,0.884097590));
#577 = AXIS2_PLACEMENT_3D('',#531,#575,#576);
#578 = PLANE('',#577);
#579 = FACE_SURFACE('',(#574),#578,.T.);
#580 = POLY_LOOP('',(#532,#533,#541,#540));
#581 = FACE_OUTER_BOUND('',#580,.T.);
#582 = DIRECTION('',(0.268188072,-0.382683432,0.884097590));
#583 = DIRECTION('',(0.111087137,0.923879533,0.366205212));
#584 = AXIS2_PLACEMENT_3D('',#532,#582,#583);
#585 = PLANE('',#584);
#586 = FACE_SURFACE('',(#581),#585,.T.);
#587 = POLY_LOOP('',(#533,#534,#542,#541));
#588 = FACE_OUTER_BOUND('',#587,.T.);
#589 = DIRECTION('',(0.268188072,0.382683432,0.884097590));
#590 = DIRECTION('',(-0.111087137,0.923879533,-0.366205212));
#591 = AXIS2_PLACEMENT_3D('',#533,#589,#590);
#592 = PLANE('',#591);
#593 = FACE_SURFACE('',(#588),#592,.T.);
#594 = POLY_LOOP('',(#534,#535,#543,#542));
#595 = FACE_OUTER_BOUND('',#594,.T.);
#596 = DIRECTION('',(0.111087137,0.923879533,0.366205212));
#597 = DIRECTION('',(-0.268188072,0.382683432,-0.884097590));
#598 = AXIS2_PLACEMENT_3D('',#534,#596,#597);
#599 = PLANE('',#598);
#600 = FACE_SURFACE('',(#595),#599,.T.);
#601 = POLY_LOOP('',(#535,#536,#544,#543));
#602 = FACE_OUTER_BOUND('',#601,.T.);
#603 = DIRECTION('',(-0.111087137,0.923879533,-0.366205212));
#604 = DIRECTION('',(-0.268188072,-0.382683432,-0.884097590));
#605 = AXIS2_PLACEMENT_3D('',#535,#603,#604);
#606 = PLANE('',#605);
#607 = FACE_SURFACE('',(#602),#606,.T.);
#608 = POLY_LOOP('',(#536,#529,#537,#544));
#609 = FACE_OUTER_BOUND('',#608,.T.);
#610 = DIRECTION('',(-0.268188072,0.382683432,-0.884097590));
#611 = DIRECTION('',(-0.111087137,-0.923879533,-0.366205212));
#612 = AXIS2_PLACEMENT_3D('',#536,#610,#611);
#613 = PLANE('',#612);
#614 = FACE_SURFACE('',(#609),#613,.T.);
#615 = CLOSED_SHELL('',(#551,#558,#565,#572,#579,#586,#593,#600,#607,#614));
#616 = FACETED_BREP('gold cable',#615);
#617 = CARTESIAN_POINT('',(12.533845221,5.000000000,62.258266136));
#618 = CARTESIAN_POINT('',(12.576908054,3.939339828,62.695490423));
#619 = CARTESIAN_POINT('',(12.680870931,3.500000000,63.751043226));
#620 = CARTESIAN_POINT('',(12.784833808,3.939339828,64.806596029));
#621 = CARTESIAN_POINT('',(12.827896642,5.000000000,65.243820316));
#622 = CARTESIAN_POINT('',(12.784833808,6.060660172,64.806596029));
#623 = CARTESIAN_POINT('',(12.680870931,6.500000000,63.751043226));
#624 = CARTESIAN_POINT('',(12.576908054,6.060660172,62.695490423));
#625 = CARTESIAN_POINT('',(-0.147025710,5.000000000,63.507222910));
#626 = CARTESIAN_POINT('',(-0.103962877,3.939339828,63.944447197));
#627 = CARTESIAN_POINT('',(0.000000000,3.500000000,65.000000000));
#628 = CARTESIAN_POINT('',(0.103962877,3.939339828,66.055552803));
#629 = CARTESIAN_POINT('',(0.147025710,5.000000000,66.492777090));
#630 = CARTESIAN_POINT('',(0.103962877,6.060660172,66.055552803));
#631 = CARTESIAN_POINT('',(0.000000000,6.500000000,65.000000000));
#632 = CARTESIAN_POINT('',(-0.103962877,6.060660172,63.944447197));
#633 = POLY_LOOP('',(#624,#623,#622,#621,#620,#619,#618,#617));
#634 = FACE_OUTER_BOUND('',#633,.T.);
#635 = DIRECTION('',(0.995184727,0.000000000,-0.098017140));
#636 = DIRECTION('',(0.090556030,0.382683432,0.919430800));
#637 = AXIS2_PLACEMENT_3D('',#624,#635,#636);
#638 = PLANE('',#637);
#639 = FACE_SURFACE('',(#634),#638,.T.);
#640 = POLY_LOOP('',(#625,#626,#627,#628,#629,#630,#631,#632));
#641 = FACE_OUTER_BOUND('',#640,.T.);
#642 = DIRECTION('',(-0.995184727,0.000000000,0.098017140));
#643 = DIRECTION('',(0.037509536,-0.923879533,0.380840707));
#644 = AXIS2_PLACEMENT_3D('',#625,#642,#643);
#645 = PLANE('',#644);
#646 = FACE_SURFACE('',(#641),#645,.T.);
#647 = POLY_LOOP('',(#617,#618,#626,#625));
#648 = FACE_OUTER_BOUND('',#647,.T.);
#649 = DIRECTION('',(-0.090556030,-0.382683432,-0.919430800));
#650 = DIRECTION('',(0.037509536,-0.923879533,0.380840707));
#651 = AXIS2_PLACEMENT_3D('',#617,#649,#650);
#652 = PLANE('',#651);
#653 = FACE_SURFACE('',(#648),#652,.T.);
#654 = POLY_LOOP('',(#618,#619,#627,#626));
#655 = FACE_OUTER_BOUND('',#654,.T.);
#656 = DIRECTION('',(-0.037509536,-0.923879533,-0.380840707));
#657 = DIRECTION('',(0.090556030,-0.382683432,0.919430800));
#658 = AXIS2_PLACEMENT_3D('',#618,#656,#657);
#659 = PLANE('',#658);
#660 = FACE_SURFACE('',(#655),#659,.T.);
#661 = POLY_LOOP('',(#619,#620,#628,#627));
#662 = FACE_OUTER_BOUND('',#661,.T.);
#663 = DIRECTION('',(0.037509536,-0.923879533,0.380840707));
#664 = DIRECTION('',(0.090556030,0.382683432,0.919430800));
#665 = AXIS2_PLACEMENT_3D('',#619,#663,#664);
#666 = PLANE('',#665);
#667 = FACE_SURFACE('',(#662),#666,.T.);
#668 = POLY_LOOP('',(#620,#621,#629,#628));
#669 = FACE_OUTER_BOUND('',#668,.T.);
#670 = DIRECTION('',(0.090556030,-0.382683432,0.919430800));
#671 = DIRECTION('',(0.037509536,0.923879533,0.380840707));
#672 = AXIS2_PLACEMENT_3D('',#620,#670,#671);
#673 = PLANE('',#672);
#674 = FACE_SURFACE('',(#669),#673,.T.);
#675 = POLY_LOOP('',(#621,#622,#630,#629));
#676 = FACE_OUTER_BOUND('',#675,.T.);
#677 = DIRECTION('',(0.090556030,0.382683432,0.919430800));
#678 = DIRECTION('',(-0.037509536,0.923879533,-0.380840707));
#679 = AXIS2_PLACEMENT_3D('',#621,#677,#678);
#680 = PLANE('',#679);
#681 = FACE_SURFACE('',(#676),#680,.T.);
#682 = POLY_LOOP('',(#622,#623,#631,#630));
#683 = FACE_OUTER_BOUND('',#682,.T.);
#684 = DIRECTION('',(0.037509536,0.923879533,0.380840707));
#685 = DIRECTION('',(-0.090556030,0.382683432,-0.919430800));
#686 = AXIS2_PLACEMENT_3D('',#622,#684,#685);
#687 = PLANE('',#686);
#688 = FACE_SURFACE('',(#683),#687,.T.);
#689 = POLY_LOOP('',(#623,#624,#632,#631));
#690 = FACE_OUTER_BOUND('',#689,.T.);
#691 = DIRECTION('',(-0.037509536,0.923879533,-0.380840707));
#692 = DIRECTION('',(-0.090556030,-0.382683432,-0.919430800));
#693 = AXIS2_PLACEMENT_3D('',#623,#691,#692);
#694 = PLANE('',#693);
#695 = FACE_SURFACE('',(#690),#694,.T.);
#696 = POLY_LOOP('',(#624,#617,#625,#632));
#697 = FACE_OUTER_BOUND('',#696,.T.);
#698 = DIRECTION('',(-0.090556030,0.382683432,-0.919430800));
#699 = DIRECTION('',(-0.037509536,-0.923879533,-0.380840707));
#700 = AXIS2_PLACEMENT_3D('',#624,#698,#699);
#701 = PLANE('',#700);
#702 = FACE_SURFACE('',(#697),#701,.T.);
#703 = CLOSED_SHELL('',(#639,#646,#653,#660,#667,#674,#681,#688,#695,#702));
#704 = FACETED_BREP('gold cable',#703);
#705 = CARTESIAN_POINT('',(0.147025710,5.000000000,63.507222910));
#706 = CARTESIAN_POINT('',(0.103962877,3.939339828,63.944447197));
#707 = CARTESIAN_POINT('',(0.000000000,3.500000000,65.000000000));
#708 = CARTESIAN_POINT('',(-0.103962877,3.939339828,66.055552803));
#709 = CARTESIAN_POINT('',(-0.147025710,5.000000000,66.492777090));
#710 = CARTESIAN_POINT('',(-0.103962877,6.060660172,66.055552803));
#711 = CARTESIAN_POINT('',(0.000000000,6.500000000,65.000000000));
#712 = CARTESIAN_POINT('',(0.103962877,6.060660172,63.944447197));
#713 = CARTESIAN_POINT('',(-12.533845221,5.000000000,62.258266136));
#714 = CARTESIAN_POINT('',(-12.576908054,3.939339828,62.695490423));
#715 = CARTESIAN_POINT('',(-12.680870931,3.500000000,63.751043226));
#716 = CARTESIAN_POINT('',(-12.784833808,3.939339828,64.806596029));
#717 = CARTESIAN_POINT('',(-12.827896642,5.000000000,65.243820316));
#718 = CARTESIAN_POINT('',(-12.784833808,6.060660172,64.806596029));
#719 = CARTESIAN_POINT('',(-12.680870931,6.500000000,63.751043226));
#720 = CARTESIAN_POINT('',(-12.576908054,6.060660172,62.695490423));
#721 = POLY_LOOP('',(#712,#711,#710,#709,#708,#707,#706,#705));
#722 = FACE_OUTER_BOUND('',#721,.T.);
#723 = DIRECTION('',(0.995184727,0.000000000,0.098017140));
#724 = DIRECTION('',(-0.090556030,0.382683432,0.919430800));
#725 = AXIS2_PLACEMENT_3D('',#712,#723,#724);
#726 = PLANE('',#725);
#727 = FACE_SURFACE('',(#722),#726,.T.);
#728 = POLY_LOOP('',(#713,#714,#715,#716,#717,#718,#719,#720));
#729 = FACE_OUTER_BOUND('',#728,.T.);
#730 = DIRECTION('',(-0.995184727,-0.000000000,-0.098017140));
#731 = DIRECTION('',(-0.037509536,-0.923879533,0.380840707));
#732 = AXIS2_PLACEMENT_3D('',#713,#730,#731);
#733 = PLANE('',#732);
#734 = FACE_SURFACE('',(#729),#733,.T.);
#735 = POLY_LOOP('',(#705,#706,#714,#713));
#736 = FACE_OUTER_BOUND('',#735,.T.);
#737 = DIRECTION('',(0.090556030,-0.382683432,-0.919430800));
#738 = DIRECTION('',(-0.037509536,-0.923879533,0.380840707));
#739 = AXIS2_PLACEMENT_3D('',#705,#737,#738);
#740 = PLANE('',#739);
#741 = FACE_SURFACE('',(#736),#740,.T.);
#742 = POLY_LOOP('',(#706,#707,#715,#714));
#743 = FACE_OUTER_BOUND('',#742,.T.);
#744 = DIRECTION('',(0.037509536,-0.923879533,-0.380840707));
#745 = DIRECTION('',(-0.090556030,-0.382683432,0.919430800));
#746 = AXIS2_PLACEMENT_3D('',#706,#744,#745);
#747 = PLANE('',#746);
#748 = FACE_SURFACE('',(#743),#747,.T.);
#749 = POLY_LOOP('',(#707,#708,#716,#715));
#750 = FACE_OUTER_BOUND('',#749,.T.);
#751 = DIRECTION('',(-0.037509536,-0.923879533,0.380840707));
#752 = DIRECTION('',(-0.090556030,0.382683432,0.919430800));
#753 = AXIS2_PLACEMENT_3D('',#707,#751,#752);
#754 = PLANE('',#753);
#755 = FACE_SURFACE('',(#750),#754,.T.);
#756 = POLY_LOOP('',(#708,#709,#717,#716));
#757 = FACE_OUTER_BOUND('',#756,.T.);
#758 = DIRECTION('',(-0.090556030,-0.382683432,0.919430800));
#759 = DIRECTION('',(-0.037509536,0.923879533,0.380840707));
#760 = AXIS2_PLACEMENT_3D('',#708,#758,#759);
#761 = PLANE('',#760);
#762 = FACE_SURFACE('',(#757),#761,.T.);
#763 = POLY_LOOP('',(#709,#710,#718,#717));
#764 = FACE_OUTER_BOUND('',#763,.T.);
#765 = DIRECTION('',(-0.090556030,0.382683432,0.919430800));
#766 = DIRECTION('',(0.037509536,0.923879533,-0.380840707));
#767 = AXIS2_PLACEMENT_3D('',#709,#765,#766);
#768 = PLANE('',#767);
#769 = FACE_SURFACE('',(#764),#768,.T.);
#770 = POLY_LOOP('',(#710,#711,#719,#718));
#771 = FACE_OUTER_BOUND('',#770,.T.);
#772 = DIRECTION('',(-0.037509536,0.923879533,0.380840707));
#773 = DIRECTION('',(0.090556030,0.382683432,-0.919430800));
#774 = AXIS2_PLACEMENT_3D('',#710,#772,#773);
#775 = PLANE('',#774);
#776 = FACE_SURFACE('',(#771),#775,.T.);
#777 = POLY_LOOP('',(#711,#712,#720,#719));
#778 = FACE_OUTER_BOUND('',#777,.T.);
#779 = DIRECTION('',(0.037509536,0.923879533,-0.380840707));
#780 = DIRECTION('',(0.090556030,-0.382683432,-0.919430800));
#781 = AXIS2_PLACEMENT_3D('',#711,#779,#780);
#782 = PLANE('',#781);
#783 = FACE_SURFACE('',(#778),#782,.T.);
#784 = POLY_LOOP('',(#712,#705,#713,#720));
#785 = FACE_OUTER_BOUND('',#784,.T.);
#786 = DIRECTION('',(0.090556030,0.382683432,-0.919430800));
#787 = DIRECTION('',(0.037509536,-0.923879533,-0.380840707));
#788 = AXIS2_PLACEMENT_3D('',#712,#786,#787);
#789 = PLANE('',#788);
#790 = FACE_SURFACE('',(#785),#789,.T.);
#791 = CLOSED_SHELL('',(#727,#734,#741,#748,#755,#762,#769,#776,#783,#790));
#792 = FACETED_BREP('gold cable',#791);
#793 = CARTESIAN_POINT('',(-12.245443915,5.000000000,62.315632723));
#794 = CARTESIAN_POINT('',(-12.372977535,3.939339828,62.736054725));
#795 = CARTESIAN_POINT('',(-12.680870931,3.500000000,63.751043226));
#796 = CARTESIAN_POINT('',(-12.988764327,3.939339828,64.766031727));
#797 = CARTESIAN_POINT('',(-13.116297947,5.000000000,65.186453730));
#798 = CARTESIAN_POINT('',(-12.988764327,6.060660172,64.766031727));
#799 = CARTESIAN_POINT('',(-12.680870931,6.500000000,63.751043226));
#800 = CARTESIAN_POINT('',(-12.372977535,6.060660172,62.736054725));
#801 = CARTESIAN_POINT('',(-24.438996088,5.000000000,58.616759110));
#802 = CARTESIAN_POINT('',(-24.566529708,3.939339828,59.037181112));
#803 = CARTESIAN_POINT('',(-24.874423104,3.500000000,60.052169613));
#804 = CARTESIAN_POINT('',(-25.182316499,3.939339828,61.067158114));
#805 = CARTESIAN_POINT('',(-25.309850120,5.000000000,61.487580117));
#806 = CARTESIAN_POINT('',(-25.182316499,6.060660172,61.067158114));
#807 = CARTESIAN_POINT('',(-24.874423104,6.500000000,60.052169613));
#808 = CARTESIAN_POINT('',(-24.566529708,6.060660172,59.037181112));
#809 = POLY_LOOP('',(#800,#799,#798,#797,#796,#795,#794,#793));
#810 = FACE_OUTER_BOUND('',#809,.T.);
#811 = DIRECTION('',(0.956940336,0.000000000,0.290284677));
#812 = DIRECTION('',(-0.268188072,0.382683432,0.884097590));
#813 = AXIS2_PLACEMENT_3D('',#800,#811,#812);
#814 = PLANE('',#813);
#815 = FACE_SURFACE('',(#810),#814,.T.);
#816 = POLY_LOOP('',(#801,#802,#803,#804,#805,#806,#807,#808));
#817 = FACE_OUTER_BOUND('',#816,.T.);
#818 = DIRECTION('',(-0.956940336,0.000000000,-0.290284677));
#819 = DIRECTION('',(-0.111087137,-0.923879533,0.366205212));
#820 = AXIS2_PLACEMENT_3D('',#801,#818,#819);
#821 = PLANE('',#820);
#822 = FACE_SURFACE('',(#817),#821,.T.);
#823 = POLY_LOOP('',(#793,#794,#802,#801));
#824 = FACE_OUTER_BOUND('',#823,.T.);
#825 = DIRECTION('',(0.268188072,-0.382683432,-0.884097590));
#826 = DIRECTION('',(-0.111087137,-0.923879533,0.366205212));
#827 = AXIS2_PLACEMENT_3D('',#793,#825,#826);
#828 = PLANE('',#827);
#829 = FACE_SURFACE('',(#824),#828,.T.);
#830 = POLY_LOOP('',(#794,#795,#803,#802));
#831 = FACE_OUTER_BOUND('',#830,.T.);
#832 = DIRECTION('',(0.111087137,-0.923879533,-0.366205212));
#833 = DIRECTION('',(-0.268188072,-0.382683432,0.884097590));
#834 = AXIS2_PLACEMENT_3D('',#794,#832,#833);
#835 = PLANE('',#834);
#836 = FACE_SURFACE('',(#831),#835,.T.);
#837 = POLY_LOOP('',(#795,#796,#804,#803));
#838 = FACE_OUTER_BOUND('',#837,.T.);
#839 = DIRECTION('',(-0.111087137,-0.923879533,0.366205212));
#840 = DIRECTION('',(-0.268188072,0.382683432,0.884097590));
#841 = AXIS2_PLACEMENT_3D('',#795,#839,#840);
#842 = PLANE('',#841);
#843 = FACE_SURFACE('',(#838),#842,.T.);
#844 = POLY_LOOP('',(#796,#797,#805,#804));
#845 = FACE_OUTER_BOUND('',#844,.T.);
#846 = DIRECTION('',(-0.268188072,-0.382683432,0.884097590));
#847 = DIRECTION('',(-0.111087137,0.923879533,0.366205212));
#848 = AXIS2_PLACEMENT_3D('',#796,#846,#847);
#849 = PLANE('',#848);
#850 = FACE_SURFACE('',(#845),#849,.T.);
#851 = POLY_LOOP('',(#797,#798,#806,#805));
#852 = FACE_OUTER_BOUND('',#851,.T.);
#853 = DIRECTION('',(-0.268188072,0.382683432,0.884097590));
#854 = DIRECTION('',(0.111087137,0.923879533,-0.366205212));
#855 = AXIS2_PLACEMENT_3D('',#797,#853,#854);
#856 = PLANE('',#855);
#857 = FACE_SURFACE('',(#852),#856,.T.);
#858 = POLY_LOOP('',(#798,#799,#807,#806));
#859 = FACE_OUTER_BOUND('',#858,.T.);
#860 = DIRECTION('',(-0.111087137,0.923879533,0.366205212));
#861 = DIRECTION('',(0.268188072,0.382683432,-0.884097590));
#862 = AXIS2_PLACEMENT_3D('',#798,#860,#861);
#863 = PLANE('',#862);
#864 = FACE_SURFACE('',(#859),#863,.T.);
#865 = POLY_LOOP('',(#799,#800,#808,#807));
#866 = FACE_OUTER_BOUND('',#865,.T.);
#867 = DIRECTION('',(0.111087137,0.923879533,-0.366205212));
#868 = DIRECTION('',(0.268188072,-0.382683432,-0.884097590));
#869 = AXIS2_PLACEMENT_3D('',#799,#867,#868);
#870 = PLANE('',#869);
#871 = FACE_SURFACE('',(#866),#870,.T.);
#872 = POLY_LOOP('',(#800,#793,#801,#808));
#873 = FACE_OUTER_BOUND('',#872,.T.);
#874 = DIRECTION('',(0.268188072,0.382683432,-0.884097590));
#875 = DIRECTION('',(0.111087137,-0.923879533,-0.366205212));
#876 = AXIS2_PLACEMENT_3D('',#800,#874,#875);
#877 = PLANE('',#876);
#878 = FACE_SURFACE('',(#873),#877,.T.);
#879 = CLOSED_SHELL('',(#815,#822,#829,#836,#843,#850,#857,#864,#871,#878));
#880 = FACETED_BREP('gold cable',#879);
#881 = CARTESIAN_POINT('',(-24.167327998,5.000000000,58.729287717));
#882 = CARTESIAN_POINT('',(-24.374431360,3.939339828,59.116750853));
#883 = CARTESIAN_POINT('',(-24.874423104,3.500000000,60.052169613));
#884 = CARTESIAN_POINT('',(-25.374414848,3.939339828,60.987588373));
#885 = CARTESIAN_POINT('',(-25.581518209,5.000000000,61.375051510));
#886 = CARTESIAN_POINT('',(-25.374414848,6.060660172,60.987588373));
#887 = CARTESIAN_POINT('',(-24.874423104,6.500000000,60.052169613));
#888 = CARTESIAN_POINT('',(-24.374431360,6.060660172,59.116750853));
#889 = CARTESIAN_POINT('',(-35.404970041,5.000000000,52.722642903));
#890 = CARTESIAN_POINT('',(-35.612073402,3.939339828,53.110106040));
#891 = CARTESIAN_POINT('',(-36.112065146,3.500000000,54.045524800));
#892 = CARTESIAN_POINT('',(-36.612056890,3.939339828,54.980943559));
#893 = CARTESIAN_POINT('',(-36.819160252,5.000000000,55.368406696));
#894 = CARTESIAN_POINT('',(-36.612056890,6.060660172,54.980943559));
#895 = CARTESIAN_POINT('',(-36.112065146,6.500000000,54.045524800));
#896 = CARTESIAN_POINT('',(-35.612073402,6.060660172,53.110106040));
#897 = POLY_LOOP('',(#888,#887,#886,#885,#884,#883,#882,#881));
#898 = FACE_OUTER_BOUND('',#897,.T.);
#899 = DIRECTION('',(0.881921264,0.000000000,0.471396737));
#900 = DIRECTION('',(-0.435513797,0.382683432,0.814789005));
#901 = AXIS2_PLACEMENT_3D('',#888,#899,#900);
#902 = PLANE('',#901);
#903 = FACE_SURFACE('',(#898),#902,.T.);
#904 = POLY_LOOP('',(#889,#890,#891,#892,#893,#894,#895,#896));
#905 = FACE_OUTER_BOUND('',#904,.T.);
#906 = DIRECTION('',(-0.881921264,0.000000000,-0.471396737));
#907 = DIRECTION('',(-0.180395721,-0.923879533,0.337496657));
#908 = AXIS2_PLACEMENT_3D('',#889,#906,#907);
#909 = PLANE('',#908);
#910 = FACE_SURFACE('',(#905),#909,.T.);
#911 = POLY_LOOP('',(#881,#882,#890,#889));
#912 = FACE_OUTER_BOUND('',#911,.T.);
#913 = DIRECTION('',(0.435513797,-0.382683432,-0.814789005));
#914 = DIRECTION('',(-0.180395721,-0.923879533,0.337496657));
#915 = AXIS2_PLACEMENT_3D('',#881,#913,#914);
#916 = PLANE('',#915);
#917 = FACE_SURFACE('',(#912),#916,.T.);
#918 = POLY_LOOP('',(#882,#883,#891,#890));
#919 = FACE_OUTER_BOUND('',#918,.T.);
#920 = DIRECTION('',(0.180395721,-0.923879533,-0.337496657));
#921 = DIRECTION('',(-0.435513797,-0.382683432,0.814789005));
#922 = AXIS2_PLACEMENT_3D('',#882,#920,#921);
#923 = PLANE('',#922);
#924 = FACE_SURFACE('',(#919),#923,.T.);
#925 = POLY_LOOP('',(#883,#884,#892,#891));
#926 = FACE_OUTER_BOUND('',#925,.T.);
#927 = DIRECTION('',(-0.180395721,-0.923879533,0.337496657));
#928 = DIRECTION('',(-0.435513797,0.382683432,0.814789005));
#929 = AXIS2_PLACEMENT_3D('',#883,#927,#928);
#930 = PLANE('',#929);
#931 = FACE_SURFACE('',(#926),#930,.T.);
#932 = POLY_LOOP('',(#884,#885,#893,#892));
#933 = FACE_OUTER_BOUND('',#932,.T.);
#934 = DIRECTION('',(-0.435513797,-0.382683432,0.814789005));
#935 = DIRECTION('',(-0.180395721,0.923879533,0.337496657));
#936 = AXIS2_PLACEMENT_3D('',#884,#934,#935);
#937 = PLANE('',#936);
#938 = FACE_SURFACE('',(#933),#937,.T.);
#939 = POLY_LOOP('',(#885,#886,#894,#893));
#940 = FACE_OUTER_BOUND('',#939,.T.);
#941 = DIRECTION('',(-0.435513797,0.382683432,0.814789005));
#942 = DIRECTION('',(0.180395721,0.923879533,-0.337496657));
#943 = AXIS2_PLACEMENT_3D('',#885,#941,#942);
#944 = PLANE('',#943);
#945 = FACE_SURFACE('',(#940),#944,.T.);
#946 = POLY_LOOP('',(#886,#887,#895,#894));
#947 = FACE_OUTER_BOUND('',#946,.T.);
#948 = DIRECTION('',(-0.180395721,0.923879533,0.337496657));
#949 = DIRECTION('',(0.435513797,0.382683432,-0.814789005));
#950 = AXIS2_PLACEMENT_3D('',#886,#948,#949);
#951 = PLANE('',#950);
#952 = FACE_SURFACE('',(#947),#951,.T.);
#953 = POLY_LOOP('',(#887,#888,#896,#895));
#954 = FACE_OUTER_BOUND('',#953,.T.);
#955 = DIRECTION('',(0.180395721,0.923879533,-0.337496657));
#956 = DIRECTION('',(0.435513797,-0.382683432,-0.814789005));
#957 = AXIS2_PLACEMENT_3D('',#887,#955,#956);
#958 = PLANE('',#957);
#959 = FACE_SURFACE('',(#954),#958,.T.);
#960 = POLY_LOOP('',(#888,#881,#889,#896));
#961 = FACE_OUTER_BOUND('',#960,.T.);
#962 = DIRECTION('',(0.435513797,0.382683432,-0.814789005));
#963 = DIRECTION('',(0.180395721,-0.923879533,-0.337496657));
#964 = AXIS2_PLACEMENT_3D('',#888,#962,#963);
#965 = PLANE('',#964);
#966 = FACE_SURFACE('',(#961),#965,.T.);
#967 = CLOSED_SHELL('',(#903,#910,#917,#924,#931,#938,#945,#952,#959,#966));
#968 = FACETED_BREP('gold cable',#967);
#969 = CARTESIAN_POINT('',(-35.160475220,5.000000000,52.886009120));
#970 = CARTESIAN_POINT('',(-35.439189457,3.939339828,53.225623399));
#971 = CARTESIAN_POINT('',(-36.112065146,3.500000000,54.045524800));
#972 = CARTESIAN_POINT('',(-36.784940836,3.939339828,54.865426200));
#973 = CARTESIAN_POINT('',(-37.063655073,5.000000000,55.205040480));
#974 = CARTESIAN_POINT('',(-36.784940836,6.060660172,54.865426200));
#975 = CARTESIAN_POINT('',(-36.112065146,6.500000000,54.045524800));
#976 = CARTESIAN_POINT('',(-35.439189457,6.060660172,53.225623399));
#977 = CARTESIAN_POINT('',(-45.010350851,5.000000000,44.802425097));
#978 = CARTESIAN_POINT('',(-45.289065087,3.939339828,45.142039377));
#979 = CARTESIAN_POINT('',(-45.961940777,3.500000000,45.961940777));
#980 = CARTESIAN_POINT('',(-46.634816467,3.939339828,46.781842177));
#981 = CARTESIAN_POINT('',(-46.913530703,5.000000000,47.121456457));
#982 = CARTESIAN_POINT('',(-46.634816467,6.060660172,46.781842177));
#983 = CARTESIAN_POINT('',(-45.961940777,6.500000000,45.961940777));
#984 = CARTESIAN_POINT('',(-45.289065087,6.060660172,45.142039377));
#985 = POLY_LOOP('',(#976,#975,#974,#973,#972,#971,#970,#969));
#986 = FACE_OUTER_BOUND('',#985,.T.);
#987 = DIRECTION('',(0.773010453,0.000000000,0.634393284));
#988 = DIRECTION('',(-0.586102971,0.382683432,0.714168536));
#989 = AXIS2_PLACEMENT_3D('',#976,#987,#988);
#990 = PLANE('',#989);
#991 = FACE_SURFACE('',(#986),#990,.T.);
#992 = POLY_LOOP('',(#977,#978,#979,#980,#981,#982,#983,#984));
#993 = FACE_OUTER_BOUND('',#992,.T.);
#994 = DIRECTION('',(-0.773010453,-0.000000000,-0.634393284));
#995 = DIRECTION('',(-0.242771799,-0.923879533,0.295818294));
#996 = AXIS2_PLACEMENT_3D('',#977,#994,#995);
#997 = PLANE('',#996);
#998 = FACE_SURFACE('',(#993),#997,.T.);
#999 = POLY_LOOP('',(#969,#970,#978,#977));
#1000 = FACE_OUTER_BOUND('',#999,.T.);
#1001 = DIRECTION('',(0.586102971,-0.382683432,-0.714168536));
#1002 = DIRECTION('',(-0.242771799,-0.923879533,0.295818294));
#1003 = AXIS2_PLACEMENT_3D('',#969,#1001,#1002);
#1004 = PLANE('',#1003);
#1005 = FACE_SURFACE('',(#1000),#1004,.T.);
#1006 = POLY_LOOP('',(#970,#971,#979,#978));
#1007 = FACE_OUTER_BOUND('',#1006,.T.);
#1008 = DIRECTION('',(0.242771799,-0.923879533,-0.295818294));
#1009 = DIRECTION('',(-0.586102971,-0.382683432,0.714168536));
#1010 = AXIS2_PLACEMENT_3D('',#970,#1008,#1009);
#1011 = PLANE('',#1010);
#1012 = FACE_SURFACE('',(#1007),#1011,.T.);
#1013 = POLY_LOOP('',(#971,#972,#980,#979));
#1014 = FACE_OUTER_BOUND('',#1013,.T.);
#1015 = DIRECTION('',(-0.242771799,-0.923879533,0.295818294));
#1016 = DIRECTION('',(-0.586102971,0.382683432,0.714168536));
#1017 = AXIS2_PLACEMENT_3D('',#971,#1015,#1016);
#1018 = PLANE('',#1017);
#1019 = FACE_SURFACE('',(#1014),#1018,.T.);
#1020 = POLY_LOOP('',(#972,#973,#981,#980));
#1021 = FACE_OUTER_BOUND('',#1020,.T.);
#1022 = DIRECTION('',(-0.586102971,-0.382683432,0.714168536));
#1023 = DIRECTION('',(-0.242771799,0.923879533,0.295818294));
#1024 = AXIS2_PLACEMENT_3D('',#972,#1022,#1023);
#1025 = PLANE('',#1024);
#1026 = FACE_SURFACE('',(#1021),#1025,.T.);
#1027 = POLY_LOOP('',(#973,#974,#982,#981));
#1028 = FACE_OUTER_BOUND('',#1027,.T.);
#1029 = DIRECTION('',(-0.586102971,0.382683432,0.714168536));
#1030 = DIRECTION('',(0.242771799,0.923879533,-0.295818294));
#1031 = AXIS2_PLACEMENT_3D('',#973,#1029,#1030);
#1032 = PLANE('',#1031);
#1033 = FACE_SURFACE('',(#1028),#1032,.T.);
#1034 = POLY_LOOP('',(#974,#975,#983,#982));
#1035 = FACE_OUTER_BOUND('',#1034,.T.);
#1036 = DIRECTION('',(-0.242771799,0.923879533,0.295818294));
#1037 = DIRECTION('',(0.586102971,0.382683432,-0.714168536));
#1038 = AXIS2_PLACEMENT_3D('',#974,#1036,#1037);
#1039 = PLANE('',#1038);
#1040 = FACE_SURFACE('',(#1035),#1039,.T.);
#1041 = POLY_LOOP('',(#975,#976,#984,#983));
#1042 = FACE_OUTER_BOUND('',#1041,.T.);
#1043 = DIRECTION('',(0.242771799,0.923879533,-0.295818294));
#1044 = DIRECTION('',(0.586102971,-0.382683432,-0.714168536));
#1045 = AXIS2_PLACEMENT_3D('',#975,#1043,#1044);
#1046 = PLANE('',#1045);
#1047 = FACE_SURFACE('',(#1042),#1046,.T.);
#1048 = POLY_LOOP('',(#976,#969,#977,#984));
#1049 = FACE_OUTER_BOUND('',#1048,.T.);
#1050 = DIRECTION('',(0.586102971,0.382683432,-0.714168536));
#1051 = DIRECTION('',(0.242771799,-0.923879533,-0.295818294));
#1052 = AXIS2_PLACEMENT_3D('',#976,#1050,#1051);
#1053 = PLANE('',#1052);
#1054 = FACE_SURFACE('',(#1049),#1053,.T.);
#1055 = CLOSED_SHELL('',(#991,#998,#1005,#1012,#1019,#1026,#1033,#1040,#1047,#1054));
#1056 = FACETED_BREP('gold cable',#1055);
#1057 = CARTESIAN_POINT('',(-44.802425097,5.000000000,45.010350851));
#1058 = CARTESIAN_POINT('',(-45.142039377,3.939339828,45.289065087));
#1059 = CARTESIAN_POINT('',(-45.961940777,3.500000000,45.961940777));
#1060 = CARTESIAN_POINT('',(-46.781842177,3.939339828,46.634816467));
#1061 = CARTESIAN_POINT('',(-47.121456457,5.000000000,46.913530703));
#1062 = CARTESIAN_POINT('',(-46.781842177,6.060660172,46.634816467));
#1063 = CARTESIAN_POINT('',(-45.961940777,6.500000000,45.961940777));
#1064 = CARTESIAN_POINT('',(-45.142039377,6.060660172,45.289065087));
#1065 = CARTESIAN_POINT('',(-52.886009120,5.000000000,35.160475220));
#1066 = CARTESIAN_POINT('',(-53.225623399,3.939339828,35.439189457));
#1067 = CARTESIAN_POINT('',(-54.045524800,3.500000000,36.112065146));
#1068 = CARTESIAN_POINT('',(-54.865426200,3.939339828,36.784940836));
#1069 = CARTESIAN_POINT('',(-55.205040480,5.000000000,37.063655073));
#1070 = CARTESIAN_POINT('',(-54.865426200,6.060660172,36.784940836));
#1071 = CARTESIAN_POINT('',(-54.045524800,6.500000000,36.112065146));
#1072 = CARTESIAN_POINT('',(-53.225623399,6.060660172,35.439189457));
#1073 = POLY_LOOP('',(#1064,#1063,#1062,#1061,#1060,#1059,#1058,#1057));
#1074 = FACE_OUTER_BOUND('',#1073,.T.);
#1075 = DIRECTION('',(0.634393284,0.000000000,0.773010453));
#1076 = DIRECTION('',(-0.714168536,0.382683432,0.586102971));
#1077 = AXIS2_PLACEMENT_3D('',#1064,#1075,#1076);
#1078 = PLANE('',#1077);
#1079 = FACE_SURFACE('',(#1074),#1078,.T.);
#1080 = POLY_LOOP('',(#1065,#1066,#1067,#1068,#1069,#1070,#1071,#1072));
#1081 = FACE_OUTER_BOUND('',#1080,.T.);
#1082 = DIRECTION('',(-0.634393284,-0.000000000,-0.773010453));
#1083 = DIRECTION('',(-0.295818294,-0.923879533,0.242771799));
#1084 = AXIS2_PLACEMENT_3D('',#1065,#1082,#1083);
#1085 = PLANE('',#1084);
#1086 = FACE_SURFACE('',(#1081),#1085,.T.);
#1087 = POLY_LOOP('',(#1057,#1058,#1066,#1065));
#1088 = FACE_OUTER_BOUND('',#1087,.T.);
#1089 = DIRECTION('',(0.714168536,-0.382683432,-0.586102971));
#1090 = DIRECTION('',(-0.295818294,-0.923879533,0.242771799));
#1091 = AXIS2_PLACEMENT_3D('',#1057,#1089,#1090);
#1092 = PLANE('',#1091);
#1093 = FACE_SURFACE('',(#1088),#1092,.T.);
#1094 = POLY_LOOP('',(#1058,#1059,#1067,#1066));
#1095 = FACE_OUTER_BOUND('',#1094,.T.);
#1096 = DIRECTION('',(0.295818294,-0.923879533,-0.242771799));
#1097 = DIRECTION('',(-0.714168536,-0.382683432,0.586102971));
#1098 = AXIS2_PLACEMENT_3D('',#1058,#1096,#1097);
#1099 = PLANE('',#1098);
#1100 = FACE_SURFACE('',(#1095),#1099,.T.);
#1101 = POLY_LOOP('',(#1059,#1060,#1068,#1067));
#1102 = FACE_OUTER_BOUND('',#1101,.T.);
#1103 = DIRECTION('',(-0.295818294,-0.923879533,0.242771799));
#1104 = DIRECTION('',(-0.714168536,0.382683432,0.586102971));
#1105 = AXIS2_PLACEMENT_3D('',#1059,#1103,#1104);
#1106 = PLANE('',#1105);
#1107 = FACE_SURFACE('',(#1102),#1106,.T.);
#1108 = POLY_LOOP('',(#1060,#1061,#1069,#1068));
#1109 = FACE_OUTER_BOUND('',#1108,.T.);
#1110 = DIRECTION('',(-0.714168536,-0.382683432,0.586102971));
#1111 = DIRECTION('',(-0.295818294,0.923879533,0.242771799));
#1112 = AXIS2_PLACEMENT_3D('',#1060,#1110,#1111);
#1113 = PLANE('',#1112);
#1114 = FACE_SURFACE('',(#1109),#1113,.T.);
#1115 = POLY_LOOP('',(#1061,#1062,#1070,#1069));
#1116 = FACE_OUTER_BOUND('',#1115,.T.);
#1117 = DIRECTION('',(-0.714168536,0.382683432,0.586102971));
#1118 = DIRECTION('',(0.295818294,0.923879533,-0.242771799));
#1119 = AXIS2_PLACEMENT_3D('',#1061,#1117,#1118);
#1120 = PLANE('',#1119);
#1121 = FACE_SURFACE('',(#1116),#1120,.T.);
#1122 = POLY_LOOP('',(#1062,#1063,#1071,#1070));
#1123 = FACE_OUTER_BOUND('',#1122,.T.);
#1124 = DIRECTION('',(-0.295818294,0.923879533,0.242771799));
#1125 = DIRECTION('',(0.714168536,0.382683432,-0.586102971));
#1126 = AXIS2_PLACEMENT_3D('',#1062,#1124,#1125);
#1127 = PLANE('',#1126);
#1128 = FACE_SURFACE('',(#1123),#1127,.T.);
#1129 = POLY_LOOP('',(#1063,#1064,#1072,#1071));
#1130 = FACE_OUTER_BOUND('',#1129,.T.);
#1131 = DIRECTION('',(0.295818294,0.923879533,-0.242771799));
#1132 = DIRECTION('',(0.714168536,-0.382683432,-0.586102971));
#1133 = AXIS2_PLACEMENT_3D('',#1063,#1131,#1132);
#1134 = PLANE('',#1133);
#1135 = FACE_SURFACE('',(#1130),#1134,.T.);
#1136 = POLY_LOOP('',(#1064,#1057,#1065,#1072));
#1137 = FACE_OUTER_BOUND('',#1136,.T.);
#1138 = DIRECTION('',(0.714168536,0.382683432,-0.586102971));
#1139 = DIRECTION('',(0.295818294,-0.923879533,-0.242771799));
#1140 = AXIS2_PLACEMENT_3D('',#1064,#1138,#1139);
#1141 = PLANE('',#1140);
#1142 = FACE_SURFACE('',(#1137),#1141,.T.);
#1143 = CLOSED_SHELL('',(#1079,#1086,#1093,#1100,#1107,#1114,#1121,#1128,#1135,#1142));
#1144 = FACETED_BREP('gold cable',#1143);
#1145 = CARTESIAN_POINT('',(-52.722642903,5.000000000,35.404970041));
#1146 = CARTESIAN_POINT('',(-53.110106040,3.939339828,35.612073402));
#1147 = CARTESIAN_POINT('',(-54.045524800,3.500000000,36.112065146));
#1148 = CARTESIAN_POINT('',(-54.980943559,3.939339828,36.612056890));
#1149 = CARTESIAN_POINT('',(-55.368406696,5.000000000,36.819160252));
#1150 = CARTESIAN_POINT('',(-54.980943559,6.060660172,36.612056890));
#1151 = CARTESIAN_POINT('',(-54.045524800,6.500000000,36.112065146));
#1152 = CARTESIAN_POINT('',(-53.110106040,6.060660172,35.612073402));
#1153 = CARTESIAN_POINT('',(-58.729287717,5.000000000,24.167327998));
#1154 = CARTESIAN_POINT('',(-59.116750853,3.939339828,24.374431360));
#1155 = CARTESIAN_POINT('',(-60.052169613,3.500000000,24.874423104));
#1156 = CARTESIAN_POINT('',(-60.987588373,3.939339828,25.374414848));
#1157 = CARTESIAN_POINT('',(-61.375051510,5.000000000,25.581518209));
#1158 = CARTESIAN_POINT('',(-60.987588373,6.060660172,25.374414848));
#1159 = CARTESIAN_POINT('',(-60.052169613,6.500000000,24.874423104));
#1160 = CARTESIAN_POINT('',(-59.116750853,6.060660172,24.374431360));
#1161 = POLY_LOOP('',(#1152,#1151,#1150,#1149,#1148,#1147,#1146,#1145));
#1162 = FACE_OUTER_BOUND('',#1161,.T.);
#1163 = DIRECTION('',(0.471396737,0.000000000,0.881921264));
#1164 = DIRECTION('',(-0.814789005,0.382683432,0.435513797));
#1165 = AXIS2_PLACEMENT_3D('',#1152,#1163,#1164);
#1166 = PLANE('',#1165);
#1167 = FACE_SURFACE('',(#1162),#1166,.T.);
#1168 = POLY_LOOP('',(#1153,#1154,#1155,#1156,#1157,#1158,#1159,#1160));
#1169 = FACE_OUTER_BOUND('',#1168,.T.);
#1170 = DIRECTION('',(-0.471396737,0.000000000,-0.881921264));
#1171 = DIRECTION('',(-0.337496657,-0.923879533,0.180395721));
#1172 = AXIS2_PLACEMENT_3D('',#1153,#1170,#1171);
#1173 = PLANE('',#1172);
#1174 = FACE_SURFACE('',(#1169),#1173,.T.);
#1175 = POLY_LOOP('',(#1145,#1146,#1154,#1153));
#1176 = FACE_OUTER_BOUND('',#1175,.T.);
#1177 = DIRECTION('',(0.814789005,-0.382683432,-0.435513797));
#1178 = DIRECTION('',(-0.337496657,-0.923879533,0.180395721));
#1179 = AXIS2_PLACEMENT_3D('',#1145,#1177,#1178);
#1180 = PLANE('',#1179);
#1181 = FACE_SURFACE('',(#1176),#1180,.T.);
#1182 = POLY_LOOP('',(#1146,#1147,#1155,#1154));
#1183 = FACE_OUTER_BOUND('',#1182,.T.);
#1184 = DIRECTION('',(0.337496657,-0.923879533,-0.180395721));
#1185 = DIRECTION('',(-0.814789005,-0.382683432,0.435513797));
#1186 = AXIS2_PLACEMENT_3D('',#1146,#1184,#1185);
#1187 = PLANE('',#1186);
#1188 = FACE_SURFACE('',(#1183),#1187,.T.);
#1189 = POLY_LOOP('',(#1147,#1148,#1156,#1155));
#1190 = FACE_OUTER_BOUND('',#1189,.T.);
#1191 = DIRECTION('',(-0.337496657,-0.923879533,0.180395721));
#1192 = DIRECTION('',(-0.814789005,0.382683432,0.435513797));
#1193 = AXIS2_PLACEMENT_3D('',#1147,#1191,#1192);
#1194 = PLANE('',#1193);
#1195 = FACE_SURFACE('',(#1190),#1194,.T.);
#1196 = POLY_LOOP('',(#1148,#1149,#1157,#1156));
#1197 = FACE_OUTER_BOUND('',#1196,.T.);
#1198 = DIRECTION('',(-0.814789005,-0.382683432,0.435513797));
#1199 = DIRECTION('',(-0.337496657,0.923879533,0.180395721));
#1200 = AXIS2_PLACEMENT_3D('',#1148,#1198,#1199);
#1201 = PLANE('',#1200);
#1202 = FACE_SURFACE('',(#1197),#1201,.T.);
#1203 = POLY_LOOP('',(#1149,#1150,#1158,#1157));
#1204 = FACE_OUTER_BOUND('',#1203,.T.);
#1205 = DIRECTION('',(-0.814789005,0.382683432,0.435513797));
#1206 = DIRECTION('',(0.337496657,0.923879533,-0.180395721));
#1207 = AXIS2_PLACEMENT_3D('',#1149,#1205,#1206);
#1208 = PLANE('',#1207);
#1209 = FACE_SURFACE('',(#1204),#1208,.T.);
#1210 = POLY_LOOP('',(#1150,#1151,#1159,#1158));
#1211 = FACE_OUTER_BOUND('',#1210,.T.);
#1212 = DIRECTION('',(-0.337496657,0.923879533,0.180395721));
#1213 = DIRECTION('',(0.814789005,0.382683432,-0.435513797));
#1214 = AXIS2_PLACEMENT_3D('',#1150,#1212,#1213);
#1215 = PLANE('',#1214);
#1216 = FACE_SURFACE('',(#1211),#1215,.T.);
#1217 = POLY_LOOP('',(#1151,#1152,#1160,#1159));
#1218 = FACE_OUTER_BOUND('',#1217,.T.);
#1219 = DIRECTION('',(0.337496657,0.923879533,-0.180395721));
#1220 = DIRECTION('',(0.814789005,-0.382683432,-0.435513797));
#1221 = AXIS2_PLACEMENT_3D('',#1151,#1219,#1220);
#1222 = PLANE('',#1221);
#1223 = FACE_SURFACE('',(#1218),#1222,.T.);
#1224 = POLY_LOOP('',(#1152,#1145,#1153,#1160));
#1225 = FACE_OUTER_BOUND('',#1224,.T.);
#1226 = DIRECTION('',(0.814789005,0.382683432,-0.435513797));
#1227 = DIRECTION('',(0.337496657,-0.923879533,-0.180395721));
#1228 = AXIS2_PLACEMENT_3D('',#1152,#1226,#1227);
#1229 = PLANE('',#1228);
#1230 = FACE_SURFACE('',(#1225),#1229,.T.);
#1231 = CLOSED_SHELL('',(#1167,#1174,#1181,#1188,#1195,#1202,#1209,#1216,#1223,#1230));
#1232 = FACETED_BREP('gold cable',#1231);
#1233 = CARTESIAN_POINT('',(-58.616759110,5.000000000,24.438996088));
#1234 = CARTESIAN_POINT('',(-59.037181112,3.939339828,24.566529708));
#1235 = CARTESIAN_POINT('',(-60.052169613,3.500000000,24.874423104));
#1236 = CARTESIAN_POINT('',(-61.067158114,3.939339828,25.182316499));
#1237 = CARTESIAN_POINT('',(-61.487580117,5.000000000,25.309850120));
#1238 = CARTESIAN_POINT('',(-61.067158114,6.060660172,25.182316499));
#1239 = CARTESIAN_POINT('',(-60.052169613,6.500000000,24.874423104));
#1240 = CARTESIAN_POINT('',(-59.037181112,6.060660172,24.566529708));
#1241 = CARTESIAN_POINT('',(-62.315632723,5.000000000,12.245443915));
#1242 = CARTESIAN_POINT('',(-62.736054725,3.939339828,12.372977535));
#1243 = CARTESIAN_POINT('',(-63.751043226,3.500000000,12.680870931));
#1244 = CARTESIAN_POINT('',(-64.766031727,3.939339828,12.988764327));
#1245 = CARTESIAN_POINT('',(-65.186453730,5.000000000,13.116297947));
#1246 = CARTESIAN_POINT('',(-64.766031727,6.060660172,12.988764327));
#1247 = CARTESIAN_POINT('',(-63.751043226,6.500000000,12.680870931));
#1248 = CARTESIAN_POINT('',(-62.736054725,6.060660172,12.372977535));
#1249 = POLY_LOOP('',(#1240,#1239,#1238,#1237,#1236,#1235,#1234,#1233));
#1250 = FACE_OUTER_BOUND('',#1249,.T.);
#1251 = DIRECTION('',(0.290284677,0.000000000,0.956940336));
#1252 = DIRECTION('',(-0.884097590,0.382683432,0.268188072));
#1253 = AXIS2_PLACEMENT_3D('',#1240,#1251,#1252);
#1254 = PLANE('',#1253);
#1255 = FACE_SURFACE('',(#1250),#1254,.T.);
#1256 = POLY_LOOP('',(#1241,#1242,#1243,#1244,#1245,#1246,#1247,#1248));
#1257 = FACE_OUTER_BOUND('',#1256,.T.);
#1258 = DIRECTION('',(-0.290284677,-0.000000000,-0.956940336));
#1259 = DIRECTION('',(-0.366205212,-0.923879533,0.111087137));
#1260 = AXIS2_PLACEMENT_3D('',#1241,#1258,#1259);
#1261 = PLANE('',#1260);
#1262 = FACE_SURFACE('',(#1257),#1261,.T.);
#1263 = POLY_LOOP('',(#1233,#1234,#1242,#1241));
#1264 = FACE_OUTER_BOUND('',#1263,.T.);
#1265 = DIRECTION('',(0.884097590,-0.382683432,-0.268188072));
#1266 = DIRECTION('',(-0.366205212,-0.923879533,0.111087137));
#1267 = AXIS2_PLACEMENT_3D('',#1233,#1265,#1266);
#1268 = PLANE('',#1267);
#1269 = FACE_SURFACE('',(#1264),#1268,.T.);
#1270 = POLY_LOOP('',(#1234,#1235,#1243,#1242));
#1271 = FACE_OUTER_BOUND('',#1270,.T.);
#1272 = DIRECTION('',(0.366205212,-0.923879533,-0.111087137));
#1273 = DIRECTION('',(-0.884097590,-0.382683432,0.268188072));
#1274 = AXIS2_PLACEMENT_3D('',#1234,#1272,#1273);
#1275 = PLANE('',#1274);
#1276 = FACE_SURFACE('',(#1271),#1275,.T.);
#1277 = POLY_LOOP('',(#1235,#1236,#1244,#1243));
#1278 = FACE_OUTER_BOUND('',#1277,.T.);
#1279 = DIRECTION('',(-0.366205212,-0.923879533,0.111087137));
#1280 = DIRECTION('',(-0.884097590,0.382683432,0.268188072));
#1281 = AXIS2_PLACEMENT_3D('',#1235,#1279,#1280);
#1282 = PLANE('',#1281);
#1283 = FACE_SURFACE('',(#1278),#1282,.T.);
#1284 = POLY_LOOP('',(#1236,#1237,#1245,#1244));
#1285 = FACE_OUTER_BOUND('',#1284,.T.);
#1286 = DIRECTION('',(-0.884097590,-0.382683432,0.268188072));
#1287 = DIRECTION('',(-0.366205212,0.923879533,0.111087137));
#1288 = AXIS2_PLACEMENT_3D('',#1236,#1286,#1287);
#1289 = PLANE('',#1288);
#1290 = FACE_SURFACE('',(#1285),#1289,.T.);
#1291 = POLY_LOOP('',(#1237,#1238,#1246,#1245));
#1292 = FACE_OUTER_BOUND('',#1291,.T.);
#1293 = DIRECTION('',(-0.884097590,0.382683432,0.268188072));
#1294 = DIRECTION('',(0.366205212,0.923879533,-0.111087137));
#1295 = AXIS2_PLACEMENT_3D('',#1237,#1293,#1294);
#1296 = PLANE('',#1295);
#1297 = FACE_SURFACE('',(#1292),#1296,.T.);
#1298 = POLY_LOOP('',(#1238,#1239,#1247,#1246));
#1299 = FACE_OUTER_BOUND('',#1298,.T.);
#1300 = DIRECTION('',(-0.366205212,0.923879533,0.111087137));
#1301 = DIRECTION('',(0.884097590,0.382683432,-0.268188072));
#1302 = AXIS2_PLACEMENT_3D('',#1238,#1300,#1301);
#1303 = PLANE('',#1302);
#1304 = FACE_SURFACE('',(#1299),#1303,.T.);
#1305 = POLY_LOOP('',(#1239,#1240,#1248,#1247));
#1306 = FACE_OUTER_BOUND('',#1305,.T.);
#1307 = DIRECTION('',(0.366205212,0.923879533,-0.111087137));
#1308 = DIRECTION('',(0.884097590,-0.382683432,-0.268188072));
#1309 = AXIS2_PLACEMENT_3D('',#1239,#1307,#1308);
#1310 = PLANE('',#1309);
#1311 = FACE_SURFACE('',(#1306),#1310,.T.);
#1312 = POLY_LOOP('',(#1240,#1233,#1241,#1248));
#1313 = FACE_OUTER_BOUND('',#1312,.T.);
#1314 = DIRECTION('',(0.884097590,0.382683432,-0.268188072));
#1315 = DIRECTION('',(0.366205212,-0.923879533,-0.111087137));
#1316 = AXIS2_PLACEMENT_3D('',#1240,#1314,#1315);
#1317 = PLANE('',#1316);
#1318 = FACE_SURFACE('',(#1313),#1317,.T.);
#1319 = CLOSED_SHELL('',(#1255,#1262,#1269,#1276,#1283,#1290,#1297,#1304,#1311,#1318));
#1320 = FACETED_BREP('gold cable',#1319);
#1321 = CARTESIAN_POINT('',(-62.258266136,5.000000000,12.533845221));
#1322 = CARTESIAN_POINT('',(-62.695490423,3.939339828,12.576908054));
#1323 = CARTESIAN_POINT('',(-63.751043226,3.500000000,12.680870931));
#1324 = CARTESIAN_POINT('',(-64.806596029,3.939339828,12.784833808));
#1325 = CARTESIAN_POINT('',(-65.243820316,5.000000000,12.827896642));
#1326 = CARTESIAN_POINT('',(-64.806596029,6.060660172,12.784833808));
#1327 = CARTESIAN_POINT('',(-63.751043226,6.500000000,12.680870931));
#1328 = CARTESIAN_POINT('',(-62.695490423,6.060660172,12.576908054));
#1329 = CARTESIAN_POINT('',(-63.507222910,5.000000000,-0.147025710));
#1330 = CARTESIAN_POINT('',(-63.944447197,3.939339828,-0.103962877));
#1331 = CARTESIAN_POINT('',(-65.000000000,3.500000000,0.000000000));
#1332 = CARTESIAN_POINT('',(-66.055552803,3.939339828,0.103962877));
#1333 = CARTESIAN_POINT('',(-66.492777090,5.000000000,0.147025710));
#1334 = CARTESIAN_POINT('',(-66.055552803,6.060660172,0.103962877));
#1335 = CARTESIAN_POINT('',(-65.000000000,6.500000000,0.000000000));
#1336 = CARTESIAN_POINT('',(-63.944447197,6.060660172,-0.103962877));
#1337 = POLY_LOOP('',(#1328,#1327,#1326,#1325,#1324,#1323,#1322,#1321));
#1338 = FACE_OUTER_BOUND('',#1337,.T.);
#1339 = DIRECTION('',(0.098017140,0.000000000,0.995184727));
#1340 = DIRECTION('',(-0.919430800,0.382683432,0.090556030));
#1341 = AXIS2_PLACEMENT_3D('',#1328,#1339,#1340);
#1342 = PLANE('',#1341);
#1343 = FACE_SURFACE('',(#1338),#1342,.T.);
#1344 = POLY_LOOP('',(#1329,#1330,#1331,#1332,#1333,#1334,#1335,#1336));
#1345 = FACE_OUTER_BOUND('',#1344,.T.);
#1346 = DIRECTION('',(-0.098017140,0.000000000,-0.995184727));
#1347 = DIRECTION('',(-0.380840707,-0.923879533,0.037509536));
#1348 = AXIS2_PLACEMENT_3D('',#1329,#1346,#1347);
#1349 = PLANE('',#1348);
#1350 = FACE_SURFACE('',(#1345),#1349,.T.);
#1351 = POLY_LOOP('',(#1321,#1322,#1330,#1329));
#1352 = FACE_OUTER_BOUND('',#1351,.T.);
#1353 = DIRECTION('',(0.919430800,-0.382683432,-0.090556030));
#1354 = DIRECTION('',(-0.380840707,-0.923879533,0.037509536));
#1355 = AXIS2_PLACEMENT_3D('',#1321,#1353,#1354);
#1356 = PLANE('',#1355);
#1357 = FACE_SURFACE('',(#1352),#1356,.T.);
#1358 = POLY_LOOP('',(#1322,#1323,#1331,#1330));
#1359 = FACE_OUTER_BOUND('',#1358,.T.);
#1360 = DIRECTION('',(0.380840707,-0.923879533,-0.037509536));
#1361 = DIRECTION('',(-0.919430800,-0.382683432,0.090556030));
#1362 = AXIS2_PLACEMENT_3D('',#1322,#1360,#1361);
#1363 = PLANE('',#1362);
#1364 = FACE_SURFACE('',(#1359),#1363,.T.);
#1365 = POLY_LOOP('',(#1323,#1324,#1332,#1331));
#1366 = FACE_OUTER_BOUND('',#1365,.T.);
#1367 = DIRECTION('',(-0.380840707,-0.923879533,0.037509536));
#1368 = DIRECTION('',(-0.919430800,0.382683432,0.090556030));
#1369 = AXIS2_PLACEMENT_3D('',#1323,#1367,#1368);
#1370 = PLANE('',#1369);
#1371 = FACE_SURFACE('',(#1366),#1370,.T.);
#1372 = POLY_LOOP('',(#1324,#1325,#1333,#1332));
#1373 = FACE_OUTER_BOUND('',#1372,.T.);
#1374 = DIRECTION('',(-0.919430800,-0.382683432,0.090556030));
#1375 = DIRECTION('',(-0.380840707,0.923879533,0.037509536));
#1376 = AXIS2_PLACEMENT_3D('',#1324,#1374,#1375);
#1377 = PLANE('',#1376);
#1378 = FACE_SURFACE('',(#1373),#1377,.T.);
#1379 = POLY_LOOP('',(#1325,#1326,#1334,#1333));
#1380 = FACE_OUTER_BOUND('',#1379,.T.);
#1381 = DIRECTION('',(-0.919430800,0.382683432,0.090556030));
#1382 = DIRECTION('',(0.380840707,0.923879533,-0.037509536));
#1383 = AXIS2_PLACEMENT_3D('',#1325,#1381,#1382);
#1384 = PLANE('',#1383);
#1385 = FACE_SURFACE('',(#1380),#1384,.T.);
#1386 = POLY_LOOP('',(#1326,#1327,#1335,#1334));
#1387 = FACE_OUTER_BOUND('',#1386,.T.);
#1388 = DIRECTION('',(-0.380840707,0.923879533,0.037509536));
#1389 = DIRECTION('',(0.919430800,0.382683432,-0.090556030));
#1390 = AXIS2_PLACEMENT_3D('',#1326,#1388,#1389);
#1391 = PLANE('',#1390);
#1392 = FACE_SURFACE('',(#1387),#1391,.T.);
#1393 = POLY_LOOP('',(#1327,#1328,#1336,#1335));
#1394 = FACE_OUTER_BOUND('',#1393,.T.);
#1395 = DIRECTION('',(0.380840707,0.923879533,-0.037509536));
#1396 = DIRECTION('',(0.919430800,-0.382683432,-0.090556030));
#1397 = AXIS2_PLACEMENT_3D('',#1327,#1395,#1396);
#1398 = PLANE('',#1397);
#1399 = FACE_SURFACE('',(#1394),#1398,.T.);
#1400 = POLY_LOOP('',(#1328,#1321,#1329,#1336));
#1401 = FACE_OUTER_BOUND('',#1400,.T.);
#1402 = DIRECTION('',(0.919430800,0.382683432,-0.090556030));
#1403 = DIRECTION('',(0.380840707,-0.923879533,-0.037509536));
#1404 = AXIS2_PLACEMENT_3D('',#1328,#1402,#1403);
#1405 = PLANE('',#1404);
#1406 = FACE_SURFACE('',(#1401),#1405,.T.);
#1407 = CLOSED_SHELL('',(#1343,#1350,#1357,#1364,#1371,#1378,#1385,#1392,#1399,#1406));
#1408 = FACETED_BREP('gold cable',#1407);
#1409 = CARTESIAN_POINT('',(-63.507222910,5.000000000,0.147025710));
#1410 = CARTESIAN_POINT('',(-63.944447197,3.939339828,0.103962877));
#1411 = CARTESIAN_POINT('',(-65.000000000,3.500000000,0.000000000));
#1412 = CARTESIAN_POINT('',(-66.055552803,3.939339828,-0.103962877));
#1413 = CARTESIAN_POINT('',(-66.492777090,5.000000000,-0.147025710));
#1414 = CARTESIAN_POINT('',(-66.055552803,6.060660172,-0.103962877));
#1415 = CARTESIAN_POINT('',(-65.000000000,6.500000000,0.000000000));
#1416 = CARTESIAN_POINT('',(-63.944447197,6.060660172,0.103962877));
#1417 = CARTESIAN_POINT('',(-62.258266136,5.000000000,-12.533845221));
#1418 = CARTESIAN_POINT('',(-62.695490423,3.939339828,-12.576908054));
#1419 = CARTESIAN_POINT('',(-63.751043226,3.500000000,-12.680870931));
#1420 = CARTESIAN_POINT('',(-64.806596029,3.939339828,-12.784833808));
#1421 = CARTESIAN_POINT('',(-65.243820316,5.000000000,-12.827896642));
#1422 = CARTESIAN_POINT('',(-64.806596029,6.060660172,-12.784833808));
#1423 = CARTESIAN_POINT('',(-63.751043226,6.500000000,-12.680870931));
#1424 = CARTESIAN_POINT('',(-62.695490423,6.060660172,-12.576908054));
#1425 = POLY_LOOP('',(#1416,#1415,#1414,#1413,#1412,#1411,#1410,#1409));
#1426 = FACE_OUTER_BOUND('',#1425,.T.);
#1427 = DIRECTION('',(-0.098017140,0.000000000,0.995184727));
#1428 = DIRECTION('',(-0.919430800,0.382683432,-0.090556030));
#1429 = AXIS2_PLACEMENT_3D('',#1416,#1427,#1428);
#1430 = PLANE('',#1429);
#1431 = FACE_SURFACE('',(#1426),#1430,.T.);
#1432 = POLY_LOOP('',(#1417,#1418,#1419,#1420,#1421,#1422,#1423,#1424));
#1433 = FACE_OUTER_BOUND('',#1432,.T.);
#1434 = DIRECTION('',(0.098017140,-0.000000000,-0.995184727));
#1435 = DIRECTION('',(-0.380840707,-0.923879533,-0.037509536));
#1436 = AXIS2_PLACEMENT_3D('',#1417,#1434,#1435);
#1437 = PLANE('',#1436);
#1438 = FACE_SURFACE('',(#1433),#1437,.T.);
#1439 = POLY_LOOP('',(#1409,#1410,#1418,#1417));
#1440 = FACE_OUTER_BOUND('',#1439,.T.);
#1441 = DIRECTION('',(0.919430800,-0.382683432,0.090556030));
#1442 = DIRECTION('',(-0.380840707,-0.923879533,-0.037509536));
#1443 = AXIS2_PLACEMENT_3D('',#1409,#1441,#1442);
#1444 = PLANE('',#1443);
#1445 = FACE_SURFACE('',(#1440),#1444,.T.);
#1446 = POLY_LOOP('',(#1410,#1411,#1419,#1418));
#1447 = FACE_OUTER_BOUND('',#1446,.T.);
#1448 = DIRECTION('',(0.380840707,-0.923879533,0.037509536));
#1449 = DIRECTION('',(-0.919430800,-0.382683432,-0.090556030));
#1450 = AXIS2_PLACEMENT_3D('',#1410,#1448,#1449);
#1451 = PLANE('',#1450);
#1452 = FACE_SURFACE('',(#1447),#1451,.T.);
#1453 = POLY_LOOP('',(#1411,#1412,#1420,#1419));
#1454 = FACE_OUTER_BOUND('',#1453,.T.);
#1455 = DIRECTION('',(-0.380840707,-0.923879533,-0.037509536));
#1456 = DIRECTION('',(-0.919430800,0.382683432,-0.090556030));
#1457 = AXIS2_PLACEMENT_3D('',#1411,#1455,#1456);
#1458 = PLANE('',#1457);
#1459 = FACE_SURFACE('',(#1454),#1458,.T.);
#1460 = POLY_LOOP('',(#1412,#1413,#1421,#1420));
#1461 = FACE_OUTER_BOUND('',#1460,.T.);
#1462 = DIRECTION('',(-0.919430800,-0.382683432,-0.090556030));
#1463 = DIRECTION('',(-0.380840707,0.923879533,-0.037509536));
#1464 = AXIS2_PLACEMENT_3D('',#1412,#1462,#1463);
#1465 = PLANE('',#1464);
#1466 = FACE_SURFACE('',(#1461),#1465,.T.);
#1467 = POLY_LOOP('',(#1413,#1414,#1422,#1421));
#1468 = FACE_OUTER_BOUND('',#1467,.T.);
#1469 = DIRECTION('',(-0.919430800,0.382683432,-0.090556030));
#1470 = DIRECTION('',(0.380840707,0.923879533,0.037509536));
#1471 = AXIS2_PLACEMENT_3D('',#1413,#1469,#1470);
#1472 = PLANE('',#1471);
#1473 = FACE_SURFACE('',(#1468),#1472,.T.);
#1474 = POLY_LOOP('',(#1414,#1415,#1423,#1422));
#1475 = FACE_OUTER_BOUND('',#1474,.T.);
#1476 = DIRECTION('',(-0.380840707,0.923879533,-0.037509536));
#1477 = DIRECTION('',(0.919430800,0.382683432,0.090556030));
#1478 = AXIS2_PLACEMENT_3D('',#1414,#1476,#1477);
#1479 = PLANE('',#1478);
#1480 = FACE_SURFACE('',(#1475),#1479,.T.);
#1481 = POLY_LOOP('',(#1415,#1416,#1424,#1423));
#1482 = FACE_OUTER_BOUND('',#1481,.T.);
#1483 = DIRECTION('',(0.380840707,0.923879533,0.037509536));
#1484 = DIRECTION('',(0.919430800,-0.382683432,0.090556030));
#1485 = AXIS2_PLACEMENT_3D('',#1415,#1483,#1484);
#1486 = PLANE('',#1485);
#1487 = FACE_SURFACE('',(#1482),#1486,.T.);
#1488 = POLY_LOOP('',(#1416,#1409,#1417,#1424));
#1489 = FACE_OUTER_BOUND('',#1488,.T.);
#1490 = DIRECTION('',(0.919430800,0.382683432,0.090556030));
#1491 = DIRECTION('',(0.380840707,-0.923879533,0.037509536));
#1492 = AXIS2_PLACEMENT_3D('',#1416,#1490,#1491);
#1493 = PLANE('',#1492);
#1494 = FACE_SURFACE('',(#1489),#1493,.T.);
#1495 = CLOSED_SHELL('',(#1431,#1438,#1445,#1452,#1459,#1466,#1473,#1480,#1487,#1494));
#1496 = FACETED_BREP('gold cable',#1495);
#1497 = CARTESIAN_POINT('',(-62.315632723,5.000000000,-12.245443915));
#1498 = CARTESIAN_POINT('',(-62.736054725,3.939339828,-12.372977535));
#1499 = CARTESIAN_POINT('',(-63.751043226,3.500000000,-12.680870931));
#1500 = CARTESIAN_POINT('',(-64.766031727,3.939339828,-12.988764327));
#1501 = CARTESIAN_POINT('',(-65.186453730,5.000000000,-13.116297947));
#1502 = CARTESIAN_POINT('',(-64.766031727,6.060660172,-12.988764327));
#1503 = CARTESIAN_POINT('',(-63.751043226,6.500000000,-12.680870931));
#1504 = CARTESIAN_POINT('',(-62.736054725,6.060660172,-12.372977535));
#1505 = CARTESIAN_POINT('',(-58.616759110,5.000000000,-24.438996088));
#1506 = CARTESIAN_POINT('',(-59.037181112,3.939339828,-24.566529708));
#1507 = CARTESIAN_POINT('',(-60.052169613,3.500000000,-24.874423104));
#1508 = CARTESIAN_POINT('',(-61.067158114,3.939339828,-25.182316499));
#1509 = CARTESIAN_POINT('',(-61.487580117,5.000000000,-25.309850120));
#1510 = CARTESIAN_POINT('',(-61.067158114,6.060660172,-25.182316499));
#1511 = CARTESIAN_POINT('',(-60.052169613,6.500000000,-24.874423104));
#1512 = CARTESIAN_POINT('',(-59.037181112,6.060660172,-24.566529708));
#1513 = POLY_LOOP('',(#1504,#1503,#1502,#1501,#1500,#1499,#1498,#1497));
#1514 = FACE_OUTER_BOUND('',#1513,.T.);
#1515 = DIRECTION('',(-0.290284677,0.000000000,0.956940336));
#1516 = DIRECTION('',(-0.884097590,0.382683432,-0.268188072));
#1517 = AXIS2_PLACEMENT_3D('',#1504,#1515,#1516);
#1518 = PLANE('',#1517);
#1519 = FACE_SURFACE('',(#1514),#1518,.T.);
#1520 = POLY_LOOP('',(#1505,#1506,#1507,#1508,#1509,#1510,#1511,#1512));
#1521 = FACE_OUTER_BOUND('',#1520,.T.);
#1522 = DIRECTION('',(0.290284677,0.000000000,-0.956940336));
#1523 = DIRECTION('',(-0.366205212,-0.923879533,-0.111087137));
#1524 = AXIS2_PLACEMENT_3D('',#1505,#1522,#1523);
#1525 = PLANE('',#1524);
#1526 = FACE_SURFACE('',(#1521),#1525,.T.);
#1527 = POLY_LOOP('',(#1497,#1498,#1506,#1505));
#1528 = FACE_OUTER_BOUND('',#1527,.T.);
#1529 = DIRECTION('',(0.884097590,-0.382683432,0.268188072));
#1530 = DIRECTION('',(-0.366205212,-0.923879533,-0.111087137));
#1531 = AXIS2_PLACEMENT_3D('',#1497,#1529,#1530);
#1532 = PLANE('',#1531);
#1533 = FACE_SURFACE('',(#1528),#1532,.T.);
#1534 = POLY_LOOP('',(#1498,#1499,#1507,#1506));
#1535 = FACE_OUTER_BOUND('',#1534,.T.);
#1536 = DIRECTION('',(0.366205212,-0.923879533,0.111087137));
#1537 = DIRECTION('',(-0.884097590,-0.382683432,-0.268188072));
#1538 = AXIS2_PLACEMENT_3D('',#1498,#1536,#1537);
#1539 = PLANE('',#1538);
#1540 = FACE_SURFACE('',(#1535),#1539,.T.);
#1541 = POLY_LOOP('',(#1499,#1500,#1508,#1507));
#1542 = FACE_OUTER_BOUND('',#1541,.T.);
#1543 = DIRECTION('',(-0.366205212,-0.923879533,-0.111087137));
#1544 = DIRECTION('',(-0.884097590,0.382683432,-0.268188072));
#1545 = AXIS2_PLACEMENT_3D('',#1499,#1543,#1544);
#1546 = PLANE('',#1545);
#1547 = FACE_SURFACE('',(#1542),#1546,.T.);
#1548 = POLY_LOOP('',(#1500,#1501,#1509,#1508));
#1549 = FACE_OUTER_BOUND('',#1548,.T.);
#1550 = DIRECTION('',(-0.884097590,-0.382683432,-0.268188072));
#1551 = DIRECTION('',(-0.366205212,0.923879533,-0.111087137));
#1552 = AXIS2_PLACEMENT_3D('',#1500,#1550,#1551);
#1553 = PLANE('',#1552);
#1554 = FACE_SURFACE('',(#1549),#1553,.T.);
#1555 = POLY_LOOP('',(#1501,#1502,#1510,#1509));
#1556 = FACE_OUTER_BOUND('',#1555,.T.);
#1557 = DIRECTION('',(-0.884097590,0.382683432,-0.268188072));
#1558 = DIRECTION('',(0.366205212,0.923879533,0.111087137));
#1559 = AXIS2_PLACEMENT_3D('',#1501,#1557,#1558);
#1560 = PLANE('',#1559);
#1561 = FACE_SURFACE('',(#1556),#1560,.T.);
#1562 = POLY_LOOP('',(#1502,#1503,#1511,#1510));
#1563 = FACE_OUTER_BOUND('',#1562,.T.);
#1564 = DIRECTION('',(-0.366205212,0.923879533,-0.111087137));
#1565 = DIRECTION('',(0.884097590,0.382683432,0.268188072));
#1566 = AXIS2_PLACEMENT_3D('',#1502,#1564,#1565);
#1567 = PLANE('',#1566);
#1568 = FACE_SURFACE('',(#1563),#1567,.T.);
#1569 = POLY_LOOP('',(#1503,#1504,#1512,#1511));
#1570 = FACE_OUTER_BOUND('',#1569,.T.);
#1571 = DIRECTION('',(0.366205212,0.923879533,0.111087137));
#1572 = DIRECTION('',(0.884097590,-0.382683432,0.268188072));
#1573 = AXIS2_PLACEMENT_3D('',#1503,#1571,#1572);
#1574 = PLANE('',#1573);
#1575 = FACE_SURFACE('',(#1570),#1574,.T.);
#1576 = POLY_LOOP('',(#1504,#1497,#1505,#1512));
#1577 = FACE_OUTER_BOUND('',#1576,.T.);
#1578 = DIRECTION('',(0.884097590,0.382683432,0.268188072));
#1579 = DIRECTION('',(0.366205212,-0.923879533,0.111087137));
#1580 = AXIS2_PLACEMENT_3D('',#1504,#1578,#1579);
#1581 = PLANE('',#1580);
#1582 = FACE_SURFACE('',(#1577),#1581,.T.);
#1583 = CLOSED_SHELL('',(#1519,#1526,#1533,#1540,#1547,#1554,#1561,#1568,#1575,#1582));
#1584 = FACETED_BREP('gold cable',#1583);
#1585 = CARTESIAN_POINT('',(-58.729287717,5.000000000,-24.167327998));
#1586 = CARTESIAN_POINT('',(-59.116750853,3.939339828,-24.374431360));
#1587 = CARTESIAN_POINT('',(-60.052169613,3.500000000,-24.874423104));
#1588 = CARTESIAN_POINT('',(-60.987588373,3.939339828,-25.374414848));
#1589 = CARTESIAN_POINT('',(-61.375051510,5.000000000,-25.581518209));
#1590 = CARTESIAN_POINT('',(-60.987588373,6.060660172,-25.374414848));
#1591 = CARTESIAN_POINT('',(-60.052169613,6.500000000,-24.874423104));
#1592 = CARTESIAN_POINT('',(-59.116750853,6.060660172,-24.374431360));
#1593 = CARTESIAN_POINT('',(-52.722642903,5.000000000,-35.404970041));
#1594 = CARTESIAN_POINT('',(-53.110106040,3.939339828,-35.612073402));
#1595 = CARTESIAN_POINT('',(-54.045524800,3.500000000,-36.112065146));
#1596 = CARTESIAN_POINT('',(-54.980943559,3.939339828,-36.612056890));
#1597 = CARTESIAN_POINT('',(-55.368406696,5.000000000,-36.819160252));
#1598 = CARTESIAN_POINT('',(-54.980943559,6.060660172,-36.612056890));
#1599 = CARTESIAN_POINT('',(-54.045524800,6.500000000,-36.112065146));
#1600 = CARTESIAN_POINT('',(-53.110106040,6.060660172,-35.612073402));
#1601 = POLY_LOOP('',(#1592,#1591,#1590,#1589,#1588,#1587,#1586,#1585));
#1602 = FACE_OUTER_BOUND('',#1601,.T.);
#1603 = DIRECTION('',(-0.471396737,0.000000000,0.881921264));
#1604 = DIRECTION('',(-0.814789005,0.382683432,-0.435513797));
#1605 = AXIS2_PLACEMENT_3D('',#1592,#1603,#1604);
#1606 = PLANE('',#1605);
#1607 = FACE_SURFACE('',(#1602),#1606,.T.);
#1608 = POLY_LOOP('',(#1593,#1594,#1595,#1596,#1597,#1598,#1599,#1600));
#1609 = FACE_OUTER_BOUND('',#1608,.T.);
#1610 = DIRECTION('',(0.471396737,0.000000000,-0.881921264));
#1611 = DIRECTION('',(-0.337496657,-0.923879533,-0.180395721));
#1612 = AXIS2_PLACEMENT_3D('',#1593,#1610,#1611);
#1613 = PLANE('',#1612);
#1614 = FACE_SURFACE('',(#1609),#1613,.T.);
#1615 = POLY_LOOP('',(#1585,#1586,#1594,#1593));
#1616 = FACE_OUTER_BOUND('',#1615,.T.);
#1617 = DIRECTION('',(0.814789005,-0.382683432,0.435513797));
#1618 = DIRECTION('',(-0.337496657,-0.923879533,-0.180395721));
#1619 = AXIS2_PLACEMENT_3D('',#1585,#1617,#1618);
#1620 = PLANE('',#1619);
#1621 = FACE_SURFACE('',(#1616),#1620,.T.);
#1622 = POLY_LOOP('',(#1586,#1587,#1595,#1594));
#1623 = FACE_OUTER_BOUND('',#1622,.T.);
#1624 = DIRECTION('',(0.337496657,-0.923879533,0.180395721));
#1625 = DIRECTION('',(-0.814789005,-0.382683432,-0.435513797));
#1626 = AXIS2_PLACEMENT_3D('',#1586,#1624,#1625);
#1627 = PLANE('',#1626);
#1628 = FACE_SURFACE('',(#1623),#1627,.T.);
#1629 = POLY_LOOP('',(#1587,#1588,#1596,#1595));
#1630 = FACE_OUTER_BOUND('',#1629,.T.);
#1631 = DIRECTION('',(-0.337496657,-0.923879533,-0.180395721));
#1632 = DIRECTION('',(-0.814789005,0.382683432,-0.435513797));
#1633 = AXIS2_PLACEMENT_3D('',#1587,#1631,#1632);
#1634 = PLANE('',#1633);
#1635 = FACE_SURFACE('',(#1630),#1634,.T.);
#1636 = POLY_LOOP('',(#1588,#1589,#1597,#1596));
#1637 = FACE_OUTER_BOUND('',#1636,.T.);
#1638 = DIRECTION('',(-0.814789005,-0.382683432,-0.435513797));
#1639 = DIRECTION('',(-0.337496657,0.923879533,-0.180395721));
#1640 = AXIS2_PLACEMENT_3D('',#1588,#1638,#1639);
#1641 = PLANE('',#1640);
#1642 = FACE_SURFACE('',(#1637),#1641,.T.);
#1643 = POLY_LOOP('',(#1589,#1590,#1598,#1597));
#1644 = FACE_OUTER_BOUND('',#1643,.T.);
#1645 = DIRECTION('',(-0.814789005,0.382683432,-0.435513797));
#1646 = DIRECTION('',(0.337496657,0.923879533,0.180395721));
#1647 = AXIS2_PLACEMENT_3D('',#1589,#1645,#1646);
#1648 = PLANE('',#1647);
#1649 = FACE_SURFACE('',(#1644),#1648,.T.);
#1650 = POLY_LOOP('',(#1590,#1591,#1599,#1598));
#1651 = FACE_OUTER_BOUND('',#1650,.T.);
#1652 = DIRECTION('',(-0.337496657,0.923879533,-0.180395721));
#1653 = DIRECTION('',(0.814789005,0.382683432,0.435513797));
#1654 = AXIS2_PLACEMENT_3D('',#1590,#1652,#1653);
#1655 = PLANE('',#1654);
#1656 = FACE_SURFACE('',(#1651),#1655,.T.);
#1657 = POLY_LOOP('',(#1591,#1592,#1600,#1599));
#1658 = FACE_OUTER_BOUND('',#1657,.T.);
#1659 = DIRECTION('',(0.337496657,0.923879533,0.180395721));
#1660 = DIRECTION('',(0.814789005,-0.382683432,0.435513797));
#1661 = AXIS2_PLACEMENT_3D('',#1591,#1659,#1660);
#1662 = PLANE('',#1661);
#1663 = FACE_SURFACE('',(#1658),#1662,.T.);
#1664 = POLY_LOOP('',(#1592,#1585,#1593,#1600));
#1665 = FACE_OUTER_BOUND('',#1664,.T.);
#1666 = DIRECTION('',(0.814789005,0.382683432,0.435513797));
#1667 = DIRECTION('',(0.337496657,-0.923879533,0.180395721));
#1668 = AXIS2_PLACEMENT_3D('',#1592,#1666,#1667);
#1669 = PLANE('',#1668);
#1670 = FACE_SURFACE('',(#1665),#1669,.T.);
#1671 = CLOSED_SHELL('',(#1607,#1614,#1621,#1628,#1635,#1642,#1649,#1656,#1663,#1670));
#1672 = FACETED_BREP('gold cable',#1671);
#1673 = CARTESIAN_POINT('',(-52.886009120,5.000000000,-35.160475220));
#1674 = CARTESIAN_POINT('',(-53.225623399,3.939339828,-35.439189457));
#1675 = CARTESIAN_POINT('',(-54.045524800,3.500000000,-36.112065146));
#1676 = CARTESIAN_POINT('',(-54.865426200,3.939339828,-36.784940836));
#1677 = CARTESIAN_POINT('',(-55.205040480,5.000000000,-37.063655073));
#1678 = CARTESIAN_POINT('',(-54.865426200,6.060660172,-36.784940836));
#1679 = CARTESIAN_POINT('',(-54.045524800,6.500000000,-36.112065146));
#1680 = CARTESIAN_POINT('',(-53.225623399,6.060660172,-35.439189457));
#1681 = CARTESIAN_POINT('',(-44.802425097,5.000000000,-45.010350851));
#1682 = CARTESIAN_POINT('',(-45.142039377,3.939339828,-45.289065087));
#1683 = CARTESIAN_POINT('',(-45.961940777,3.500000000,-45.961940777));
#1684 = CARTESIAN_POINT('',(-46.781842177,3.939339828,-46.634816467));
#1685 = CARTESIAN_POINT('',(-47.121456457,5.000000000,-46.913530703));
#1686 = CARTESIAN_POINT('',(-46.781842177,6.060660172,-46.634816467));
#1687 = CARTESIAN_POINT('',(-45.961940777,6.500000000,-45.961940777));
#1688 = CARTESIAN_POINT('',(-45.142039377,6.060660172,-45.289065087));
#1689 = POLY_LOOP('',(#1680,#1679,#1678,#1677,#1676,#1675,#1674,#1673));
#1690 = FACE_OUTER_BOUND('',#1689,.T.);
#1691 = DIRECTION('',(-0.634393284,0.000000000,0.773010453));
#1692 = DIRECTION('',(-0.714168536,0.382683432,-0.586102971));
#1693 = AXIS2_PLACEMENT_3D('',#1680,#1691,#1692);
#1694 = PLANE('',#1693);
#1695 = FACE_SURFACE('',(#1690),#1694,.T.);
#1696 = POLY_LOOP('',(#1681,#1682,#1683,#1684,#1685,#1686,#1687,#1688));
#1697 = FACE_OUTER_BOUND('',#1696,.T.);
#1698 = DIRECTION('',(0.634393284,-0.000000000,-0.773010453));
#1699 = DIRECTION('',(-0.295818294,-0.923879533,-0.242771799));
#1700 = AXIS2_PLACEMENT_3D('',#1681,#1698,#1699);
#1701 = PLANE('',#1700);
#1702 = FACE_SURFACE('',(#1697),#1701,.T.);
#1703 = POLY_LOOP('',(#1673,#1674,#1682,#1681));
#1704 = FACE_OUTER_BOUND('',#1703,.T.);
#1705 = DIRECTION('',(0.714168536,-0.382683432,0.586102971));
#1706 = DIRECTION('',(-0.295818294,-0.923879533,-0.242771799));
#1707 = AXIS2_PLACEMENT_3D('',#1673,#1705,#1706);
#1708 = PLANE('',#1707);
#1709 = FACE_SURFACE('',(#1704),#1708,.T.);
#1710 = POLY_LOOP('',(#1674,#1675,#1683,#1682));
#1711 = FACE_OUTER_BOUND('',#1710,.T.);
#1712 = DIRECTION('',(0.295818294,-0.923879533,0.242771799));
#1713 = DIRECTION('',(-0.714168536,-0.382683432,-0.586102971));
#1714 = AXIS2_PLACEMENT_3D('',#1674,#1712,#1713);
#1715 = PLANE('',#1714);
#1716 = FACE_SURFACE('',(#1711),#1715,.T.);
#1717 = POLY_LOOP('',(#1675,#1676,#1684,#1683));
#1718 = FACE_OUTER_BOUND('',#1717,.T.);
#1719 = DIRECTION('',(-0.295818294,-0.923879533,-0.242771799));
#1720 = DIRECTION('',(-0.714168536,0.382683432,-0.586102971));
#1721 = AXIS2_PLACEMENT_3D('',#1675,#1719,#1720);
#1722 = PLANE('',#1721);
#1723 = FACE_SURFACE('',(#1718),#1722,.T.);
#1724 = POLY_LOOP('',(#1676,#1677,#1685,#1684));
#1725 = FACE_OUTER_BOUND('',#1724,.T.);
#1726 = DIRECTION('',(-0.714168536,-0.382683432,-0.586102971));
#1727 = DIRECTION('',(-0.295818294,0.923879533,-0.242771799));
#1728 = AXIS2_PLACEMENT_3D('',#1676,#1726,#1727);
#1729 = PLANE('',#1728);
#1730 = FACE_SURFACE('',(#1725),#1729,.T.);
#1731 = POLY_LOOP('',(#1677,#1678,#1686,#1685));
#1732 = FACE_OUTER_BOUND('',#1731,.T.);
#1733 = DIRECTION('',(-0.714168536,0.382683432,-0.586102971));
#1734 = DIRECTION('',(0.295818294,0.923879533,0.242771799));
#1735 = AXIS2_PLACEMENT_3D('',#1677,#1733,#1734);
#1736 = PLANE('',#1735);
#1737 = FACE_SURFACE('',(#1732),#1736,.T.);
#1738 = POLY_LOOP('',(#1678,#1679,#1687,#1686));
#1739 = FACE_OUTER_BOUND('',#1738,.T.);
#1740 = DIRECTION('',(-0.295818294,0.923879533,-0.242771799));
#1741 = DIRECTION('',(0.714168536,0.382683432,0.586102971));
#1742 = AXIS2_PLACEMENT_3D('',#1678,#1740,#1741);
#1743 = PLANE('',#1742);
#1744 = FACE_SURFACE('',(#1739),#1743,.T.);
#1745 = POLY_LOOP('',(#1679,#1680,#1688,#1687));
#1746 = FACE_OUTER_BOUND('',#1745,.T.);
#1747 = DIRECTION('',(0.295818294,0.923879533,0.242771799));
#1748 = DIRECTION('',(0.714168536,-0.382683432,0.586102971));
#1749 = AXIS2_PLACEMENT_3D('',#1679,#1747,#1748);
#1750 = PLANE('',#1749);
#1751 = FACE_SURFACE('',(#1746),#1750,.T.);
#1752 = POLY_LOOP('',(#1680,#1673,#1681,#1688));
#1753 = FACE_OUTER_BOUND('',#1752,.T.);
#1754 = DIRECTION('',(0.714168536,0.382683432,0.586102971));
#1755 = DIRECTION('',(0.295818294,-0.923879533,0.242771799));
#1756 = AXIS2_PLACEMENT_3D('',#1680,#1754,#1755);
#1757 = PLANE('',#1756);
#1758 = FACE_SURFACE('',(#1753),#1757,.T.);
#1759 = CLOSED_SHELL('',(#1695,#1702,#1709,#1716,#1723,#1730,#1737,#1744,#1751,#1758));
#1760 = FACETED_BREP('gold cable',#1759);
#1761 = CARTESIAN_POINT('',(-45.010350851,5.000000000,-44.802425097));
#1762 = CARTESIAN_POINT('',(-45.289065087,3.939339828,-45.142039377));
#1763 = CARTESIAN_POINT('',(-45.961940777,3.500000000,-45.961940777));
#1764 = CARTESIAN_POINT('',(-46.634816467,3.939339828,-46.781842177));
#1765 = CARTESIAN_POINT('',(-46.913530703,5.000000000,-47.121456457));
#1766 = CARTESIAN_POINT('',(-46.634816467,6.060660172,-46.781842177));
#1767 = CARTESIAN_POINT('',(-45.961940777,6.500000000,-45.961940777));
#1768 = CARTESIAN_POINT('',(-45.289065087,6.060660172,-45.142039377));
#1769 = CARTESIAN_POINT('',(-35.160475220,5.000000000,-52.886009120));
#1770 = CARTESIAN_POINT('',(-35.439189457,3.939339828,-53.225623399));
#1771 = CARTESIAN_POINT('',(-36.112065146,3.500000000,-54.045524800));
#1772 = CARTESIAN_POINT('',(-36.784940836,3.939339828,-54.865426200));
#1773 = CARTESIAN_POINT('',(-37.063655073,5.000000000,-55.205040480));
#1774 = CARTESIAN_POINT('',(-36.784940836,6.060660172,-54.865426200));
#1775 = CARTESIAN_POINT('',(-36.112065146,6.500000000,-54.045524800));
#1776 = CARTESIAN_POINT('',(-35.439189457,6.060660172,-53.225623399));
#1777 = POLY_LOOP('',(#1768,#1767,#1766,#1765,#1764,#1763,#1762,#1761));
#1778 = FACE_OUTER_BOUND('',#1777,.T.);
#1779 = DIRECTION('',(-0.773010453,0.000000000,0.634393284));
#1780 = DIRECTION('',(-0.586102971,0.382683432,-0.714168536));
#1781 = AXIS2_PLACEMENT_3D('',#1768,#1779,#1780);
#1782 = PLANE('',#1781);
#1783 = FACE_SURFACE('',(#1778),#1782,.T.);
#1784 = POLY_LOOP('',(#1769,#1770,#1771,#1772,#1773,#1774,#1775,#1776));
#1785 = FACE_OUTER_BOUND('',#1784,.T.);
#1786 = DIRECTION('',(0.773010453,0.000000000,-0.634393284));
#1787 = DIRECTION('',(-0.242771799,-0.923879533,-0.295818294));
#1788 = AXIS2_PLACEMENT_3D('',#1769,#1786,#1787);
#1789 = PLANE('',#1788);
#1790 = FACE_SURFACE('',(#1785),#1789,.T.);
#1791 = POLY_LOOP('',(#1761,#1762,#1770,#1769));
#1792 = FACE_OUTER_BOUND('',#1791,.T.);
#1793 = DIRECTION('',(0.586102971,-0.382683432,0.714168536));
#1794 = DIRECTION('',(-0.242771799,-0.923879533,-0.295818294));
#1795 = AXIS2_PLACEMENT_3D('',#1761,#1793,#1794);
#1796 = PLANE('',#1795);
#1797 = FACE_SURFACE('',(#1792),#1796,.T.);
#1798 = POLY_LOOP('',(#1762,#1763,#1771,#1770));
#1799 = FACE_OUTER_BOUND('',#1798,.T.);
#1800 = DIRECTION('',(0.242771799,-0.923879533,0.295818294));
#1801 = DIRECTION('',(-0.586102971,-0.382683432,-0.714168536));
#1802 = AXIS2_PLACEMENT_3D('',#1762,#1800,#1801);
#1803 = PLANE('',#1802);
#1804 = FACE_SURFACE('',(#1799),#1803,.T.);
#1805 = POLY_LOOP('',(#1763,#1764,#1772,#1771));
#1806 = FACE_OUTER_BOUND('',#1805,.T.);
#1807 = DIRECTION('',(-0.242771799,-0.923879533,-0.295818294));
#1808 = DIRECTION('',(-0.586102971,0.382683432,-0.714168536));
#1809 = AXIS2_PLACEMENT_3D('',#1763,#1807,#1808);
#1810 = PLANE('',#1809);
#1811 = FACE_SURFACE('',(#1806),#1810,.T.);
#1812 = POLY_LOOP('',(#1764,#1765,#1773,#1772));
#1813 = FACE_OUTER_BOUND('',#1812,.T.);
#1814 = DIRECTION('',(-0.586102971,-0.382683432,-0.714168536));
#1815 = DIRECTION('',(-0.242771799,0.923879533,-0.295818294));
#1816 = AXIS2_PLACEMENT_3D('',#1764,#1814,#1815);
#1817 = PLANE('',#1816);
#1818 = FACE_SURFACE('',(#1813),#1817,.T.);
#1819 = POLY_LOOP('',(#1765,#1766,#1774,#1773));
#1820 = FACE_OUTER_BOUND('',#1819,.T.);
#1821 = DIRECTION('',(-0.586102971,0.382683432,-0.714168536));
#1822 = DIRECTION('',(0.242771799,0.923879533,0.295818294));
#1823 = AXIS2_PLACEMENT_3D('',#1765,#1821,#1822);
#1824 = PLANE('',#1823);
#1825 = FACE_SURFACE('',(#1820),#1824,.T.);
#1826 = POLY_LOOP('',(#1766,#1767,#1775,#1774));
#1827 = FACE_OUTER_BOUND('',#1826,.T.);
#1828 = DIRECTION('',(-0.242771799,0.923879533,-0.295818294));
#1829 = DIRECTION('',(0.586102971,0.382683432,0.714168536));
#1830 = AXIS2_PLACEMENT_3D('',#1766,#1828,#1829);
#1831 = PLANE('',#1830);
#1832 = FACE_SURFACE('',(#1827),#1831,.T.);
#1833 = POLY_LOOP('',(#1767,#1768,#1776,#1775));
#1834 = FACE_OUTER_BOUND('',#1833,.T.);
#1835 = DIRECTION('',(0.242771799,0.923879533,0.295818294));
#1836 = DIRECTION('',(0.586102971,-0.382683432,0.714168536));
#1837 = AXIS2_PLACEMENT_3D('',#1767,#1835,#1836);
#1838 = PLANE('',#1837);
#1839 = FACE_SURFACE('',(#1834),#1838,.T.);
#1840 = POLY_LOOP('',(#1768,#1761,#1769,#1776));
#1841 = FACE_OUTER_BOUND('',#1840,.T.);
#1842 = DIRECTION('',(0.586102971,0.382683432,0.714168536));
#1843 = DIRECTION('',(0.242771799,-0.923879533,0.295818294));
#1844 = AXIS2_PLACEMENT_3D('',#1768,#1842,#1843);
#1845 = PLANE('',#1844);
#1846 = FACE_SURFACE('',(#1841),#1845,.T.);
#1847 = CLOSED_SHELL('',(#1783,#1790,#1797,#1804,#1811,#1818,#1825,#1832,#1839,#1846));
#1848 = FACETED_BREP('gold cable',#1847);
#1849 = CARTESIAN_POINT('',(-35.404970041,5.000000000,-52.722642903));
#1850 = CARTESIAN_POINT('',(-35.612073402,3.939339828,-53.110106040));
#1851 = CARTESIAN_POINT('',(-36.112065146,3.500000000,-54.045524800));
#1852 = CARTESIAN_POINT('',(-36.612056890,3.939339828,-54.980943559));
#1853 = CARTESIAN_POINT('',(-36.819160252,5.000000000,-55.368406696));
#1854 = CARTESIAN_POINT('',(-36.612056890,6.060660172,-54.980943559));
#1855 = CARTESIAN_POINT('',(-36.112065146,6.500000000,-54.045524800));
#1856 = CARTESIAN_POINT('',(-35.612073402,6.060660172,-53.110106040));
#1857 = CARTESIAN_POINT('',(-24.167327998,5.000000000,-58.729287717));
#1858 = CARTESIAN_POINT('',(-24.374431360,3.939339828,-59.116750853));
#1859 = CARTESIAN_POINT('',(-24.874423104,3.500000000,-60.052169613));
#1860 = CARTESIAN_POINT('',(-25.374414848,3.939339828,-60.987588373));
#1861 = CARTESIAN_POINT('',(-25.581518209,5.000000000,-61.375051510));
#1862 = CARTESIAN_POINT('',(-25.374414848,6.060660172,-60.987588373));
#1863 = CARTESIAN_POINT('',(-24.874423104,6.500000000,-60.052169613));
#1864 = CARTESIAN_POINT('',(-24.374431360,6.060660172,-59.116750853));
#1865 = POLY_LOOP('',(#1856,#1855,#1854,#1853,#1852,#1851,#1850,#1849));
#1866 = FACE_OUTER_BOUND('',#1865,.T.);
#1867 = DIRECTION('',(-0.881921264,0.000000000,0.471396737));
#1868 = DIRECTION('',(-0.435513797,0.382683432,-0.814789005));
#1869 = AXIS2_PLACEMENT_3D('',#1856,#1867,#1868);
#1870 = PLANE('',#1869);
#1871 = FACE_SURFACE('',(#1866),#1870,.T.);
#1872 = POLY_LOOP('',(#1857,#1858,#1859,#1860,#1861,#1862,#1863,#1864));
#1873 = FACE_OUTER_BOUND('',#1872,.T.);
#1874 = DIRECTION('',(0.881921264,0.000000000,-0.471396737));
#1875 = DIRECTION('',(-0.180395721,-0.923879533,-0.337496657));
#1876 = AXIS2_PLACEMENT_3D('',#1857,#1874,#1875);
#1877 = PLANE('',#1876);
#1878 = FACE_SURFACE('',(#1873),#1877,.T.);
#1879 = POLY_LOOP('',(#1849,#1850,#1858,#1857));
#1880 = FACE_OUTER_BOUND('',#1879,.T.);
#1881 = DIRECTION('',(0.435513797,-0.382683432,0.814789005));
#1882 = DIRECTION('',(-0.180395721,-0.923879533,-0.337496657));
#1883 = AXIS2_PLACEMENT_3D('',#1849,#1881,#1882);
#1884 = PLANE('',#1883);
#1885 = FACE_SURFACE('',(#1880),#1884,.T.);
#1886 = POLY_LOOP('',(#1850,#1851,#1859,#1858));
#1887 = FACE_OUTER_BOUND('',#1886,.T.);
#1888 = DIRECTION('',(0.180395721,-0.923879533,0.337496657));
#1889 = DIRECTION('',(-0.435513797,-0.382683432,-0.814789005));
#1890 = AXIS2_PLACEMENT_3D('',#1850,#1888,#1889);
#1891 = PLANE('',#1890);
#1892 = FACE_SURFACE('',(#1887),#1891,.T.);
#1893 = POLY_LOOP('',(#1851,#1852,#1860,#1859));
#1894 = FACE_OUTER_BOUND('',#1893,.T.);
#1895 = DIRECTION('',(-0.180395721,-0.923879533,-0.337496657));
#1896 = DIRECTION('',(-0.435513797,0.382683432,-0.814789005));
#1897 = AXIS2_PLACEMENT_3D('',#1851,#1895,#1896);
#1898 = PLANE('',#1897);
#1899 = FACE_SURFACE('',(#1894),#1898,.T.);
#1900 = POLY_LOOP('',(#1852,#1853,#1861,#1860));
#1901 = FACE_OUTER_BOUND('',#1900,.T.);
#1902 = DIRECTION('',(-0.435513797,-0.382683432,-0.814789005));
#1903 = DIRECTION('',(-0.180395721,0.923879533,-0.337496657));
#1904 = AXIS2_PLACEMENT_3D('',#1852,#1902,#1903);
#1905 = PLANE('',#1904);
#1906 = FACE_SURFACE('',(#1901),#1905,.T.);
#1907 = POLY_LOOP('',(#1853,#1854,#1862,#1861));
#1908 = FACE_OUTER_BOUND('',#1907,.T.);
#1909 = DIRECTION('',(-0.435513797,0.382683432,-0.814789005));
#1910 = DIRECTION('',(0.180395721,0.923879533,0.337496657));
#1911 = AXIS2_PLACEMENT_3D('',#1853,#1909,#1910);
#1912 = PLANE('',#1911);
#1913 = FACE_SURFACE('',(#1908),#1912,.T.);
#1914 = POLY_LOOP('',(#1854,#1855,#1863,#1862));
#1915 = FACE_OUTER_BOUND('',#1914,.T.);
#1916 = DIRECTION('',(-0.180395721,0.923879533,-0.337496657));
#1917 = DIRECTION('',(0.435513797,0.382683432,0.814789005));
#1918 = AXIS2_PLACEMENT_3D('',#1854,#1916,#1917);
#1919 = PLANE('',#1918);
#1920 = FACE_SURFACE('',(#1915),#1919,.T.);
#1921 = POLY_LOOP('',(#1855,#1856,#1864,#1863));
#1922 = FACE_OUTER_BOUND('',#1921,.T.);
#1923 = DIRECTION('',(0.180395721,0.923879533,0.337496657));
#1924 = DIRECTION('',(0.435513797,-0.382683432,0.814789005));
#1925 = AXIS2_PLACEMENT_3D('',#1855,#1923,#1924);
#1926 = PLANE('',#1925);
#1927 = FACE_SURFACE('',(#1922),#1926,.T.);
#1928 = POLY_LOOP('',(#1856,#1849,#1857,#1864));
#1929 = FACE_OUTER_BOUND('',#1928,.T.);
#1930 = DIRECTION('',(0.435513797,0.382683432,0.814789005));
#1931 = DIRECTION('',(0.180395721,-0.923879533,0.337496657));
#1932 = AXIS2_PLACEMENT_3D('',#1856,#1930,#1931);
#1933 = PLANE('',#1932);
#1934 = FACE_SURFACE('',(#1929),#1933,.T.);
#1935 = CLOSED_SHELL('',(#1871,#1878,#1885,#1892,#1899,#1906,#1913,#1920,#1927,#1934));
#1936 = FACETED_BREP('gold cable',#1935);
#1937 = CARTESIAN_POINT('',(-24.438996088,5.000000000,-58.616759110));
#1938 = CARTESIAN_POINT('',(-24.566529708,3.939339828,-59.037181112));
#1939 = CARTESIAN_POINT('',(-24.874423104,3.500000000,-60.052169613));
#1940 = CARTESIAN_POINT('',(-25.182316499,3.939339828,-61.067158114));
#1941 = CARTESIAN_POINT('',(-25.309850120,5.000000000,-61.487580117));
#1942 = CARTESIAN_POINT('',(-25.182316499,6.060660172,-61.067158114));
#1943 = CARTESIAN_POINT('',(-24.874423104,6.500000000,-60.052169613));
#1944 = CARTESIAN_POINT('',(-24.566529708,6.060660172,-59.037181112));
#1945 = CARTESIAN_POINT('',(-12.245443915,5.000000000,-62.315632723));
#1946 = CARTESIAN_POINT('',(-12.372977535,3.939339828,-62.736054725));
#1947 = CARTESIAN_POINT('',(-12.680870931,3.500000000,-63.751043226));
#1948 = CARTESIAN_POINT('',(-12.988764327,3.939339828,-64.766031727));
#1949 = CARTESIAN_POINT('',(-13.116297947,5.000000000,-65.186453730));
#1950 = CARTESIAN_POINT('',(-12.988764327,6.060660172,-64.766031727));
#1951 = CARTESIAN_POINT('',(-12.680870931,6.500000000,-63.751043226));
#1952 = CARTESIAN_POINT('',(-12.372977535,6.060660172,-62.736054725));
#1953 = POLY_LOOP('',(#1944,#1943,#1942,#1941,#1940,#1939,#1938,#1937));
#1954 = FACE_OUTER_BOUND('',#1953,.T.);
#1955 = DIRECTION('',(-0.956940336,0.000000000,0.290284677));
#1956 = DIRECTION('',(-0.268188072,0.382683432,-0.884097590));
#1957 = AXIS2_PLACEMENT_3D('',#1944,#1955,#1956);
#1958 = PLANE('',#1957);
#1959 = FACE_SURFACE('',(#1954),#1958,.T.);
#1960 = POLY_LOOP('',(#1945,#1946,#1947,#1948,#1949,#1950,#1951,#1952));
#1961 = FACE_OUTER_BOUND('',#1960,.T.);
#1962 = DIRECTION('',(0.956940336,-0.000000000,-0.290284677));
#1963 = DIRECTION('',(-0.111087137,-0.923879533,-0.366205212));
#1964 = AXIS2_PLACEMENT_3D('',#1945,#1962,#1963);
#1965 = PLANE('',#1964);
#1966 = FACE_SURFACE('',(#1961),#1965,.T.);
#1967 = POLY_LOOP('',(#1937,#1938,#1946,#1945));
#1968 = FACE_OUTER_BOUND('',#1967,.T.);
#1969 = DIRECTION('',(0.268188072,-0.382683432,0.884097590));
#1970 = DIRECTION('',(-0.111087137,-0.923879533,-0.366205212));
#1971 = AXIS2_PLACEMENT_3D('',#1937,#1969,#1970);
#1972 = PLANE('',#1971);
#1973 = FACE_SURFACE('',(#1968),#1972,.T.);
#1974 = POLY_LOOP('',(#1938,#1939,#1947,#1946));
#1975 = FACE_OUTER_BOUND('',#1974,.T.);
#1976 = DIRECTION('',(0.111087137,-0.923879533,0.366205212));
#1977 = DIRECTION('',(-0.268188072,-0.382683432,-0.884097590));
#1978 = AXIS2_PLACEMENT_3D('',#1938,#1976,#1977);
#1979 = PLANE('',#1978);
#1980 = FACE_SURFACE('',(#1975),#1979,.T.);
#1981 = POLY_LOOP('',(#1939,#1940,#1948,#1947));
#1982 = FACE_OUTER_BOUND('',#1981,.T.);
#1983 = DIRECTION('',(-0.111087137,-0.923879533,-0.366205212));
#1984 = DIRECTION('',(-0.268188072,0.382683432,-0.884097590));
#1985 = AXIS2_PLACEMENT_3D('',#1939,#1983,#1984);
#1986 = PLANE('',#1985);
#1987 = FACE_SURFACE('',(#1982),#1986,.T.);
#1988 = POLY_LOOP('',(#1940,#1941,#1949,#1948));
#1989 = FACE_OUTER_BOUND('',#1988,.T.);
#1990 = DIRECTION('',(-0.268188072,-0.382683432,-0.884097590));
#1991 = DIRECTION('',(-0.111087137,0.923879533,-0.366205212));
#1992 = AXIS2_PLACEMENT_3D('',#1940,#1990,#1991);
#1993 = PLANE('',#1992);
#1994 = FACE_SURFACE('',(#1989),#1993,.T.);
#1995 = POLY_LOOP('',(#1941,#1942,#1950,#1949));
#1996 = FACE_OUTER_BOUND('',#1995,.T.);
#1997 = DIRECTION('',(-0.268188072,0.382683432,-0.884097590));
#1998 = DIRECTION('',(0.111087137,0.923879533,0.366205212));
#1999 = AXIS2_PLACEMENT_3D('',#1941,#1997,#1998);
#2000 = PLANE('',#1999);
#2001 = FACE_SURFACE('',(#1996),#2000,.T.);
#2002 = POLY_LOOP('',(#1942,#1943,#1951,#1950));
#2003 = FACE_OUTER_BOUND('',#2002,.T.);
#2004 = DIRECTION('',(-0.111087137,0.923879533,-0.366205212));
#2005 = DIRECTION('',(0.268188072,0.382683432,0.884097590));
#2006 = AXIS2_PLACEMENT_3D('',#1942,#2004,#2005);
#2007 = PLANE('',#2006);
#2008 = FACE_SURFACE('',(#2003),#2007,.T.);
#2009 = POLY_LOOP('',(#1943,#1944,#1952,#1951));
#2010 = FACE_OUTER_BOUND('',#2009,.T.);
#2011 = DIRECTION('',(0.111087137,0.923879533,0.366205212));
#2012 = DIRECTION('',(0.268188072,-0.382683432,0.884097590));
#2013 = AXIS2_PLACEMENT_3D('',#1943,#2011,#2012);
#2014 = PLANE('',#2013);
#2015 = FACE_SURFACE('',(#2010),#2014,.T.);
#2016 = POLY_LOOP('',(#1944,#1937,#1945,#1952));
#2017 = FACE_OUTER_BOUND('',#2016,.T.);
#2018 = DIRECTION('',(0.268188072,0.382683432,0.884097590));
#2019 = DIRECTION('',(0.111087137,-0.923879533,0.366205212));
#2020 = AXIS2_PLACEMENT_3D('',#1944,#2018,#2019);
#2021 = PLANE('',#2020);
#2022 = FACE_SURFACE('',(#2017),#2021,.T.);
#2023 = CLOSED_SHELL('',(#1959,#1966,#1973,#1980,#1987,#1994,#2001,#2008,#2015,#2022));
#2024 = FACETED_BREP('gold cable',#2023);
#2025 = CARTESIAN_POINT('',(-12.533845221,5.000000000,-62.258266136));
#2026 = CARTESIAN_POINT('',(-12.576908054,3.939339828,-62.695490423));
#2027 = CARTESIAN_POINT('',(-12.680870931,3.500000000,-63.751043226));
#2028 = CARTESIAN_POINT('',(-12.784833808,3.939339828,-64.806596029));
#2029 = CARTESIAN_POINT('',(-12.827896642,5.000000000,-65.243820316));
#2030 = CARTESIAN_POINT('',(-12.784833808,6.060660172,-64.806596029));
#2031 = CARTESIAN_POINT('',(-12.680870931,6.500000000,-63.751043226));
#2032 = CARTESIAN_POINT('',(-12.576908054,6.060660172,-62.695490423));
#2033 = CARTESIAN_POINT('',(0.147025710,5.000000000,-63.507222910));
#2034 = CARTESIAN_POINT('',(0.103962877,3.939339828,-63.944447197));
#2035 = CARTESIAN_POINT('',(-0.000000000,3.500000000,-65.000000000));
#2036 = CARTESIAN_POINT('',(-0.103962877,3.939339828,-66.055552803));
#2037 = CARTESIAN_POINT('',(-0.147025710,5.000000000,-66.492777090));
#2038 = CARTESIAN_POINT('',(-0.103962877,6.060660172,-66.055552803));
#2039 = CARTESIAN_POINT('',(-0.000000000,6.500000000,-65.000000000));
#2040 = CARTESIAN_POINT('',(0.103962877,6.060660172,-63.944447197));
#2041 = POLY_LOOP('',(#2032,#2031,#2030,#2029,#2028,#2027,#2026,#2025));
#2042 = FACE_OUTER_BOUND('',#2041,.T.);
#2043 = DIRECTION('',(-0.995184727,-0.000000000,0.098017140));
#2044 = DIRECTION('',(-0.090556030,0.382683432,-0.919430800));
#2045 = AXIS2_PLACEMENT_3D('',#2032,#2043,#2044);
#2046 = PLANE('',#2045);
#2047 = FACE_SURFACE('',(#2042),#2046,.T.);
#2048 = POLY_LOOP('',(#2033,#2034,#2035,#2036,#2037,#2038,#2039,#2040));
#2049 = FACE_OUTER_BOUND('',#2048,.T.);
#2050 = DIRECTION('',(0.995184727,0.000000000,-0.098017140));
#2051 = DIRECTION('',(-0.037509536,-0.923879533,-0.380840707));
#2052 = AXIS2_PLACEMENT_3D('',#2033,#2050,#2051);
#2053 = PLANE('',#2052);
#2054 = FACE_SURFACE('',(#2049),#2053,.T.);
#2055 = POLY_LOOP('',(#2025,#2026,#2034,#2033));
#2056 = FACE_OUTER_BOUND('',#2055,.T.);
#2057 = DIRECTION('',(0.090556030,-0.382683432,0.919430800));
#2058 = DIRECTION('',(-0.037509536,-0.923879533,-0.380840707));
#2059 = AXIS2_PLACEMENT_3D('',#2025,#2057,#2058);
#2060 = PLANE('',#2059);
#2061 = FACE_SURFACE('',(#2056),#2060,.T.);
#2062 = POLY_LOOP('',(#2026,#2027,#2035,#2034));
#2063 = FACE_OUTER_BOUND('',#2062,.T.);
#2064 = DIRECTION('',(0.037509536,-0.923879533,0.380840707));
#2065 = DIRECTION('',(-0.090556030,-0.382683432,-0.919430800));
#2066 = AXIS2_PLACEMENT_3D('',#2026,#2064,#2065);
#2067 = PLANE('',#2066);
#2068 = FACE_SURFACE('',(#2063),#2067,.T.);
#2069 = POLY_LOOP('',(#2027,#2028,#2036,#2035));
#2070 = FACE_OUTER_BOUND('',#2069,.T.);
#2071 = DIRECTION('',(-0.037509536,-0.923879533,-0.380840707));
#2072 = DIRECTION('',(-0.090556030,0.382683432,-0.919430800));
#2073 = AXIS2_PLACEMENT_3D('',#2027,#2071,#2072);
#2074 = PLANE('',#2073);
#2075 = FACE_SURFACE('',(#2070),#2074,.T.);
#2076 = POLY_LOOP('',(#2028,#2029,#2037,#2036));
#2077 = FACE_OUTER_BOUND('',#2076,.T.);
#2078 = DIRECTION('',(-0.090556030,-0.382683432,-0.919430800));
#2079 = DIRECTION('',(-0.037509536,0.923879533,-0.380840707));
#2080 = AXIS2_PLACEMENT_3D('',#2028,#2078,#2079);
#2081 = PLANE('',#2080);
#2082 = FACE_SURFACE('',(#2077),#2081,.T.);
#2083 = POLY_LOOP('',(#2029,#2030,#2038,#2037));
#2084 = FACE_OUTER_BOUND('',#2083,.T.);
#2085 = DIRECTION('',(-0.090556030,0.382683432,-0.919430800));
#2086 = DIRECTION('',(0.037509536,0.923879533,0.380840707));
#2087 = AXIS2_PLACEMENT_3D('',#2029,#2085,#2086);
#2088 = PLANE('',#2087);
#2089 = FACE_SURFACE('',(#2084),#2088,.T.);
#2090 = POLY_LOOP('',(#2030,#2031,#2039,#2038));
#2091 = FACE_OUTER_BOUND('',#2090,.T.);
#2092 = DIRECTION('',(-0.037509536,0.923879533,-0.380840707));
#2093 = DIRECTION('',(0.090556030,0.382683432,0.919430800));
#2094 = AXIS2_PLACEMENT_3D('',#2030,#2092,#2093);
#2095 = PLANE('',#2094);
#2096 = FACE_SURFACE('',(#2091),#2095,.T.);
#2097 = POLY_LOOP('',(#2031,#2032,#2040,#2039));
#2098 = FACE_OUTER_BOUND('',#2097,.T.);
#2099 = DIRECTION('',(0.037509536,0.923879533,0.380840707));
#2100 = DIRECTION('',(0.090556030,-0.382683432,0.919430800));
#2101 = AXIS2_PLACEMENT_3D('',#2031,#2099,#2100);
#2102 = PLANE('',#2101);
#2103 = FACE_SURFACE('',(#2098),#2102,.T.);
#2104 = POLY_LOOP('',(#2032,#2025,#2033,#2040));
#2105 = FACE_OUTER_BOUND('',#2104,.T.);
#2106 = DIRECTION('',(0.090556030,0.382683432,0.919430800));
#2107 = DIRECTION('',(0.037509536,-0.923879533,0.380840707));
#2108 = AXIS2_PLACEMENT_3D('',#2032,#2106,#2107);
#2109 = PLANE('',#2108);
#2110 = FACE_SURFACE('',(#2105),#2109,.T.);
#2111 = CLOSED_SHELL('',(#2047,#2054,#2061,#2068,#2075,#2082,#2089,#2096,#2103,#2110));
#2112 = FACETED_BREP('gold cable',#2111);
#2113 = CARTESIAN_POINT('',(-0.147025710,5.000000000,-63.507222910));
#2114 = CARTESIAN_POINT('',(-0.103962877,3.939339828,-63.944447197));
#2115 = CARTESIAN_POINT('',(-0.000000000,3.500000000,-65.000000000));
#2116 = CARTESIAN_POINT('',(0.103962877,3.939339828,-66.055552803));
#2117 = CARTESIAN_POINT('',(0.147025710,5.000000000,-66.492777090));
#2118 = CARTESIAN_POINT('',(0.103962877,6.060660172,-66.055552803));
#2119 = CARTESIAN_POINT('',(-0.000000000,6.500000000,-65.000000000));
#2120 = CARTESIAN_POINT('',(-0.103962877,6.060660172,-63.944447197));
#2121 = CARTESIAN_POINT('',(12.533845221,5.000000000,-62.258266136));
#2122 = CARTESIAN_POINT('',(12.576908054,3.939339828,-62.695490423));
#2123 = CARTESIAN_POINT('',(12.680870931,3.500000000,-63.751043226));
#2124 = CARTESIAN_POINT('',(12.784833808,3.939339828,-64.806596029));
#2125 = CARTESIAN_POINT('',(12.827896642,5.000000000,-65.243820316));
#2126 = CARTESIAN_POINT('',(12.784833808,6.060660172,-64.806596029));
#2127 = CARTESIAN_POINT('',(12.680870931,6.500000000,-63.751043226));
#2128 = CARTESIAN_POINT('',(12.576908054,6.060660172,-62.695490423));
#2129 = POLY_LOOP('',(#2120,#2119,#2118,#2117,#2116,#2115,#2114,#2113));
#2130 = FACE_OUTER_BOUND('',#2129,.T.);
#2131 = DIRECTION('',(-0.995184727,0.000000000,-0.098017140));
#2132 = DIRECTION('',(0.090556030,0.382683432,-0.919430800));
#2133 = AXIS2_PLACEMENT_3D('',#2120,#2131,#2132);
#2134 = PLANE('',#2133);
#2135 = FACE_SURFACE('',(#2130),#2134,.T.);
#2136 = POLY_LOOP('',(#2121,#2122,#2123,#2124,#2125,#2126,#2127,#2128));
#2137 = FACE_OUTER_BOUND('',#2136,.T.);
#2138 = DIRECTION('',(0.995184727,-0.000000000,0.098017140));
#2139 = DIRECTION('',(0.037509536,-0.923879533,-0.380840707));
#2140 = AXIS2_PLACEMENT_3D('',#2121,#2138,#2139);
#2141 = PLANE('',#2140);
#2142 = FACE_SURFACE('',(#2137),#2141,.T.);
#2143 = POLY_LOOP('',(#2113,#2114,#2122,#2121));
#2144 = FACE_OUTER_BOUND('',#2143,.T.);
#2145 = DIRECTION('',(-0.090556030,-0.382683432,0.919430800));
#2146 = DIRECTION('',(0.037509536,-0.923879533,-0.380840707));
#2147 = AXIS2_PLACEMENT_3D('',#2113,#2145,#2146);
#2148 = PLANE('',#2147);
#2149 = FACE_SURFACE('',(#2144),#2148,.T.);
#2150 = POLY_LOOP('',(#2114,#2115,#2123,#2122));
#2151 = FACE_OUTER_BOUND('',#2150,.T.);
#2152 = DIRECTION('',(-0.037509536,-0.923879533,0.380840707));
#2153 = DIRECTION('',(0.090556030,-0.382683432,-0.919430800));
#2154 = AXIS2_PLACEMENT_3D('',#2114,#2152,#2153);
#2155 = PLANE('',#2154);
#2156 = FACE_SURFACE('',(#2151),#2155,.T.);
#2157 = POLY_LOOP('',(#2115,#2116,#2124,#2123));
#2158 = FACE_OUTER_BOUND('',#2157,.T.);
#2159 = DIRECTION('',(0.037509536,-0.923879533,-0.380840707));
#2160 = DIRECTION('',(0.090556030,0.382683432,-0.919430800));
#2161 = AXIS2_PLACEMENT_3D('',#2115,#2159,#2160);
#2162 = PLANE('',#2161);
#2163 = FACE_SURFACE('',(#2158),#2162,.T.);
#2164 = POLY_LOOP('',(#2116,#2117,#2125,#2124));
#2165 = FACE_OUTER_BOUND('',#2164,.T.);
#2166 = DIRECTION('',(0.090556030,-0.382683432,-0.919430800));
#2167 = DIRECTION('',(0.037509536,0.923879533,-0.380840707));
#2168 = AXIS2_PLACEMENT_3D('',#2116,#2166,#2167);
#2169 = PLANE('',#2168);
#2170 = FACE_SURFACE('',(#2165),#2169,.T.);
#2171 = POLY_LOOP('',(#2117,#2118,#2126,#2125));
#2172 = FACE_OUTER_BOUND('',#2171,.T.);
#2173 = DIRECTION('',(0.090556030,0.382683432,-0.919430800));
#2174 = DIRECTION('',(-0.037509536,0.923879533,0.380840707));
#2175 = AXIS2_PLACEMENT_3D('',#2117,#2173,#2174);
#2176 = PLANE('',#2175);
#2177 = FACE_SURFACE('',(#2172),#2176,.T.);
#2178 = POLY_LOOP('',(#2118,#2119,#2127,#2126));
#2179 = FACE_OUTER_BOUND('',#2178,.T.);
#2180 = DIRECTION('',(0.037509536,0.923879533,-0.380840707));
#2181 = DIRECTION('',(-0.090556030,0.382683432,0.919430800));
#2182 = AXIS2_PLACEMENT_3D('',#2118,#2180,#2181);
#2183 = PLANE('',#2182);
#2184 = FACE_SURFACE('',(#2179),#2183,.T.);
#2185 = POLY_LOOP('',(#2119,#2120,#2128,#2127));
#2186 = FACE_OUTER_BOUND('',#2185,.T.);
#2187 = DIRECTION('',(-0.037509536,0.923879533,0.380840707));
#2188 = DIRECTION('',(-0.090556030,-0.382683432,0.919430800));
#2189 = AXIS2_PLACEMENT_3D('',#2119,#2187,#2188);
#2190 = PLANE('',#2189);
#2191 = FACE_SURFACE('',(#2186),#2190,.T.);
#2192 = POLY_LOOP('',(#2120,#2113,#2121,#2128));
#2193 = FACE_OUTER_BOUND('',#2192,.T.);
#2194 = DIRECTION('',(-0.090556030,0.382683432,0.919430800));
#2195 = DIRECTION('',(-0.037509536,-0.923879533,0.380840707));
#2196 = AXIS2_PLACEMENT_3D('',#2120,#2194,#2195);
#2197 = PLANE('',#2196);
#2198 = FACE_SURFACE('',(#2193),#2197,.T.);
#2199 = CLOSED_SHELL('',(#2135,#2142,#2149,#2156,#2163,#2170,#2177,#2184,#2191,#2198));
#2200 = FACETED_BREP('gold cable',#2199);
#2201 = CARTESIAN_POINT('',(12.245443915,5.000000000,-62.315632723));
#2202 = CARTESIAN_POINT('',(12.372977535,3.939339828,-62.736054725));
#2203 = CARTESIAN_POINT('',(12.680870931,3.500000000,-63.751043226));
#2204 = CARTESIAN_POINT('',(12.988764327,3.939339828,-64.766031727));
#2205 = CARTESIAN_POINT('',(13.116297947,5.000000000,-65.186453730));
#2206 = CARTESIAN_POINT('',(12.988764327,6.060660172,-64.766031727));
#2207 = CARTESIAN_POINT('',(12.680870931,6.500000000,-63.751043226));
#2208 = CARTESIAN_POINT('',(12.372977535,6.060660172,-62.736054725));
#2209 = CARTESIAN_POINT('',(24.438996088,5.000000000,-58.616759110));
#2210 = CARTESIAN_POINT('',(24.566529708,3.939339828,-59.037181112));
#2211 = CARTESIAN_POINT('',(24.874423104,3.500000000,-60.052169613));
#2212 = CARTESIAN_POINT('',(25.182316499,3.939339828,-61.067158114));
#2213 = CARTESIAN_POINT('',(25.309850120,5.000000000,-61.487580117));
#2214 = CARTESIAN_POINT('',(25.182316499,6.060660172,-61.067158114));
#2215 = CARTESIAN_POINT('',(24.874423104,6.500000000,-60.052169613));
#2216 = CARTESIAN_POINT('',(24.566529708,6.060660172,-59.037181112));
#2217 = POLY_LOOP('',(#2208,#2207,#2206,#2205,#2204,#2203,#2202,#2201));
#2218 = FACE_OUTER_BOUND('',#2217,.T.);
#2219 = DIRECTION('',(-0.956940336,0.000000000,-0.290284677));
#2220 = DIRECTION('',(0.268188072,0.382683432,-0.884097590));
#2221 = AXIS2_PLACEMENT_3D('',#2208,#2219,#2220);
#2222 = PLANE('',#2221);
#2223 = FACE_SURFACE('',(#2218),#2222,.T.);
#2224 = POLY_LOOP('',(#2209,#2210,#2211,#2212,#2213,#2214,#2215,#2216));
#2225 = FACE_OUTER_BOUND('',#2224,.T.);
#2226 = DIRECTION('',(0.956940336,-0.000000000,0.290284677));
#2227 = DIRECTION('',(0.111087137,-0.923879533,-0.366205212));
#2228 = AXIS2_PLACEMENT_3D('',#2209,#2226,#2227);
#2229 = PLANE('',#2228);
#2230 = FACE_SURFACE('',(#2225),#2229,.T.);
#2231 = POLY_LOOP('',(#2201,#2202,#2210,#2209));
#2232 = FACE_OUTER_BOUND('',#2231,.T.);
#2233 = DIRECTION('',(-0.268188072,-0.382683432,0.884097590));
#2234 = DIRECTION('',(0.111087137,-0.923879533,-0.366205212));
#2235 = AXIS2_PLACEMENT_3D('',#2201,#2233,#2234);
#2236 = PLANE('',#2235);
#2237 = FACE_SURFACE('',(#2232),#2236,.T.);
#2238 = POLY_LOOP('',(#2202,#2203,#2211,#2210));
#2239 = FACE_OUTER_BOUND('',#2238,.T.);
#2240 = DIRECTION('',(-0.111087137,-0.923879533,0.366205212));
#2241 = DIRECTION('',(0.268188072,-0.382683432,-0.884097590));
#2242 = AXIS2_PLACEMENT_3D('',#2202,#2240,#2241);
#2243 = PLANE('',#2242);
#2244 = FACE_SURFACE('',(#2239),#2243,.T.);
#2245 = POLY_LOOP('',(#2203,#2204,#2212,#2211));
#2246 = FACE_OUTER_BOUND('',#2245,.T.);
#2247 = DIRECTION('',(0.111087137,-0.923879533,-0.366205212));
#2248 = DIRECTION('',(0.268188072,0.382683432,-0.884097590));
#2249 = AXIS2_PLACEMENT_3D('',#2203,#2247,#2248);
#2250 = PLANE('',#2249);
#2251 = FACE_SURFACE('',(#2246),#2250,.T.);
#2252 = POLY_LOOP('',(#2204,#2205,#2213,#2212));
#2253 = FACE_OUTER_BOUND('',#2252,.T.);
#2254 = DIRECTION('',(0.268188072,-0.382683432,-0.884097590));
#2255 = DIRECTION('',(0.111087137,0.923879533,-0.366205212));
#2256 = AXIS2_PLACEMENT_3D('',#2204,#2254,#2255);
#2257 = PLANE('',#2256);
#2258 = FACE_SURFACE('',(#2253),#2257,.T.);
#2259 = POLY_LOOP('',(#2205,#2206,#2214,#2213));
#2260 = FACE_OUTER_BOUND('',#2259,.T.);
#2261 = DIRECTION('',(0.268188072,0.382683432,-0.884097590));
#2262 = DIRECTION('',(-0.111087137,0.923879533,0.366205212));
#2263 = AXIS2_PLACEMENT_3D('',#2205,#2261,#2262);
#2264 = PLANE('',#2263);
#2265 = FACE_SURFACE('',(#2260),#2264,.T.);
#2266 = POLY_LOOP('',(#2206,#2207,#2215,#2214));
#2267 = FACE_OUTER_BOUND('',#2266,.T.);
#2268 = DIRECTION('',(0.111087137,0.923879533,-0.366205212));
#2269 = DIRECTION('',(-0.268188072,0.382683432,0.884097590));
#2270 = AXIS2_PLACEMENT_3D('',#2206,#2268,#2269);
#2271 = PLANE('',#2270);
#2272 = FACE_SURFACE('',(#2267),#2271,.T.);
#2273 = POLY_LOOP('',(#2207,#2208,#2216,#2215));
#2274 = FACE_OUTER_BOUND('',#2273,.T.);
#2275 = DIRECTION('',(-0.111087137,0.923879533,0.366205212));
#2276 = DIRECTION('',(-0.268188072,-0.382683432,0.884097590));
#2277 = AXIS2_PLACEMENT_3D('',#2207,#2275,#2276);
#2278 = PLANE('',#2277);
#2279 = FACE_SURFACE('',(#2274),#2278,.T.);
#2280 = POLY_LOOP('',(#2208,#2201,#2209,#2216));
#2281 = FACE_OUTER_BOUND('',#2280,.T.);
#2282 = DIRECTION('',(-0.268188072,0.382683432,0.884097590));
#2283 = DIRECTION('',(-0.111087137,-0.923879533,0.366205212));
#2284 = AXIS2_PLACEMENT_3D('',#2208,#2282,#2283);
#2285 = PLANE('',#2284);
#2286 = FACE_SURFACE('',(#2281),#2285,.T.);
#2287 = CLOSED_SHELL('',(#2223,#2230,#2237,#2244,#2251,#2258,#2265,#2272,#2279,#2286));
#2288 = FACETED_BREP('gold cable',#2287);
#2289 = CARTESIAN_POINT('',(24.167327998,5.000000000,-58.729287717));
#2290 = CARTESIAN_POINT('',(24.374431360,3.939339828,-59.116750853));
#2291 = CARTESIAN_POINT('',(24.874423104,3.500000000,-60.052169613));
#2292 = CARTESIAN_POINT('',(25.374414848,3.939339828,-60.987588373));
#2293 = CARTESIAN_POINT('',(25.581518209,5.000000000,-61.375051510));
#2294 = CARTESIAN_POINT('',(25.374414848,6.060660172,-60.987588373));
#2295 = CARTESIAN_POINT('',(24.874423104,6.500000000,-60.052169613));
#2296 = CARTESIAN_POINT('',(24.374431360,6.060660172,-59.116750853));
#2297 = CARTESIAN_POINT('',(35.404970041,5.000000000,-52.722642903));
#2298 = CARTESIAN_POINT('',(35.612073402,3.939339828,-53.110106040));
#2299 = CARTESIAN_POINT('',(36.112065146,3.500000000,-54.045524800));
#2300 = CARTESIAN_POINT('',(36.612056890,3.939339828,-54.980943559));
#2301 = CARTESIAN_POINT('',(36.819160252,5.000000000,-55.368406696));
#2302 = CARTESIAN_POINT('',(36.612056890,6.060660172,-54.980943559));
#2303 = CARTESIAN_POINT('',(36.112065146,6.500000000,-54.045524800));
#2304 = CARTESIAN_POINT('',(35.612073402,6.060660172,-53.110106040));
#2305 = POLY_LOOP('',(#2296,#2295,#2294,#2293,#2292,#2291,#2290,#2289));
#2306 = FACE_OUTER_BOUND('',#2305,.T.);
#2307 = DIRECTION('',(-0.881921264,0.000000000,-0.471396737));
#2308 = DIRECTION('',(0.435513797,0.382683432,-0.814789005));
#2309 = AXIS2_PLACEMENT_3D('',#2296,#2307,#2308);
#2310 = PLANE('',#2309);
#2311 = FACE_SURFACE('',(#2306),#2310,.T.);
#2312 = POLY_LOOP('',(#2297,#2298,#2299,#2300,#2301,#2302,#2303,#2304));
#2313 = FACE_OUTER_BOUND('',#2312,.T.);
#2314 = DIRECTION('',(0.881921264,0.000000000,0.471396737));
#2315 = DIRECTION('',(0.180395721,-0.923879533,-0.337496657));
#2316 = AXIS2_PLACEMENT_3D('',#2297,#2314,#2315);
#2317 = PLANE('',#2316);
#2318 = FACE_SURFACE('',(#2313),#2317,.T.);
#2319 = POLY_LOOP('',(#2289,#2290,#2298,#2297));
#2320 = FACE_OUTER_BOUND('',#2319,.T.);
#2321 = DIRECTION('',(-0.435513797,-0.382683432,0.814789005));
#2322 = DIRECTION('',(0.180395721,-0.923879533,-0.337496657));
#2323 = AXIS2_PLACEMENT_3D('',#2289,#2321,#2322);
#2324 = PLANE('',#2323);
#2325 = FACE_SURFACE('',(#2320),#2324,.T.);
#2326 = POLY_LOOP('',(#2290,#2291,#2299,#2298));
#2327 = FACE_OUTER_BOUND('',#2326,.T.);
#2328 = DIRECTION('',(-0.180395721,-0.923879533,0.337496657));
#2329 = DIRECTION('',(0.435513797,-0.382683432,-0.814789005));
#2330 = AXIS2_PLACEMENT_3D('',#2290,#2328,#2329);
#2331 = PLANE('',#2330);
#2332 = FACE_SURFACE('',(#2327),#2331,.T.);
#2333 = POLY_LOOP('',(#2291,#2292,#2300,#2299));
#2334 = FACE_OUTER_BOUND('',#2333,.T.);
#2335 = DIRECTION('',(0.180395721,-0.923879533,-0.337496657));
#2336 = DIRECTION('',(0.435513797,0.382683432,-0.814789005));
#2337 = AXIS2_PLACEMENT_3D('',#2291,#2335,#2336);
#2338 = PLANE('',#2337);
#2339 = FACE_SURFACE('',(#2334),#2338,.T.);
#2340 = POLY_LOOP('',(#2292,#2293,#2301,#2300));
#2341 = FACE_OUTER_BOUND('',#2340,.T.);
#2342 = DIRECTION('',(0.435513797,-0.382683432,-0.814789005));
#2343 = DIRECTION('',(0.180395721,0.923879533,-0.337496657));
#2344 = AXIS2_PLACEMENT_3D('',#2292,#2342,#2343);
#2345 = PLANE('',#2344);
#2346 = FACE_SURFACE('',(#2341),#2345,.T.);
#2347 = POLY_LOOP('',(#2293,#2294,#2302,#2301));
#2348 = FACE_OUTER_BOUND('',#2347,.T.);
#2349 = DIRECTION('',(0.435513797,0.382683432,-0.814789005));
#2350 = DIRECTION('',(-0.180395721,0.923879533,0.337496657));
#2351 = AXIS2_PLACEMENT_3D('',#2293,#2349,#2350);
#2352 = PLANE('',#2351);
#2353 = FACE_SURFACE('',(#2348),#2352,.T.);
#2354 = POLY_LOOP('',(#2294,#2295,#2303,#2302));
#2355 = FACE_OUTER_BOUND('',#2354,.T.);
#2356 = DIRECTION('',(0.180395721,0.923879533,-0.337496657));
#2357 = DIRECTION('',(-0.435513797,0.382683432,0.814789005));
#2358 = AXIS2_PLACEMENT_3D('',#2294,#2356,#2357);
#2359 = PLANE('',#2358);
#2360 = FACE_SURFACE('',(#2355),#2359,.T.);
#2361 = POLY_LOOP('',(#2295,#2296,#2304,#2303));
#2362 = FACE_OUTER_BOUND('',#2361,.T.);
#2363 = DIRECTION('',(-0.180395721,0.923879533,0.337496657));
#2364 = DIRECTION('',(-0.435513797,-0.382683432,0.814789005));
#2365 = AXIS2_PLACEMENT_3D('',#2295,#2363,#2364);
#2366 = PLANE('',#2365);
#2367 = FACE_SURFACE('',(#2362),#2366,.T.);
#2368 = POLY_LOOP('',(#2296,#2289,#2297,#2304));
#2369 = FACE_OUTER_BOUND('',#2368,.T.);
#2370 = DIRECTION('',(-0.435513797,0.382683432,0.814789005));
#2371 = DIRECTION('',(-0.180395721,-0.923879533,0.337496657));
#2372 = AXIS2_PLACEMENT_3D('',#2296,#2370,#2371);
#2373 = PLANE('',#2372);
#2374 = FACE_SURFACE('',(#2369),#2373,.T.);
#2375 = CLOSED_SHELL('',(#2311,#2318,#2325,#2332,#2339,#2346,#2353,#2360,#2367,#2374));
#2376 = FACETED_BREP('gold cable',#2375);
#2377 = CARTESIAN_POINT('',(35.160475220,5.000000000,-52.886009120));
#2378 = CARTESIAN_POINT('',(35.439189457,3.939339828,-53.225623399));
#2379 = CARTESIAN_POINT('',(36.112065146,3.500000000,-54.045524800));
#2380 = CARTESIAN_POINT('',(36.784940836,3.939339828,-54.865426200));
#2381 = CARTESIAN_POINT('',(37.063655073,5.000000000,-55.205040480));
#2382 = CARTESIAN_POINT('',(36.784940836,6.060660172,-54.865426200));
#2383 = CARTESIAN_POINT('',(36.112065146,6.500000000,-54.045524800));
#2384 = CARTESIAN_POINT('',(35.439189457,6.060660172,-53.225623399));
#2385 = CARTESIAN_POINT('',(45.010350851,5.000000000,-44.802425097));
#2386 = CARTESIAN_POINT('',(45.289065087,3.939339828,-45.142039377));
#2387 = CARTESIAN_POINT('',(45.961940777,3.500000000,-45.961940777));
#2388 = CARTESIAN_POINT('',(46.634816467,3.939339828,-46.781842177));
#2389 = CARTESIAN_POINT('',(46.913530703,5.000000000,-47.121456457));
#2390 = CARTESIAN_POINT('',(46.634816467,6.060660172,-46.781842177));
#2391 = CARTESIAN_POINT('',(45.961940777,6.500000000,-45.961940777));
#2392 = CARTESIAN_POINT('',(45.289065087,6.060660172,-45.142039377));
#2393 = POLY_LOOP('',(#2384,#2383,#2382,#2381,#2380,#2379,#2378,#2377));
#2394 = FACE_OUTER_BOUND('',#2393,.T.);
#2395 = DIRECTION('',(-0.773010453,0.000000000,-0.634393284));
#2396 = DIRECTION('',(0.586102971,0.382683432,-0.714168536));
#2397 = AXIS2_PLACEMENT_3D('',#2384,#2395,#2396);
#2398 = PLANE('',#2397);
#2399 = FACE_SURFACE('',(#2394),#2398,.T.);
#2400 = POLY_LOOP('',(#2385,#2386,#2387,#2388,#2389,#2390,#2391,#2392));
#2401 = FACE_OUTER_BOUND('',#2400,.T.);
#2402 = DIRECTION('',(0.773010453,-0.000000000,0.634393284));
#2403 = DIRECTION('',(0.242771799,-0.923879533,-0.295818294));
#2404 = AXIS2_PLACEMENT_3D('',#2385,#2402,#2403);
#2405 = PLANE('',#2404);
#2406 = FACE_SURFACE('',(#2401),#2405,.T.);
#2407 = POLY_LOOP('',(#2377,#2378,#2386,#2385));
#2408 = FACE_OUTER_BOUND('',#2407,.T.);
#2409 = DIRECTION('',(-0.586102971,-0.382683432,0.714168536));
#2410 = DIRECTION('',(0.242771799,-0.923879533,-0.295818294));
#2411 = AXIS2_PLACEMENT_3D('',#2377,#2409,#2410);
#2412 = PLANE('',#2411);
#2413 = FACE_SURFACE('',(#2408),#2412,.T.);
#2414 = POLY_LOOP('',(#2378,#2379,#2387,#2386));
#2415 = FACE_OUTER_BOUND('',#2414,.T.);
#2416 = DIRECTION('',(-0.242771799,-0.923879533,0.295818294));
#2417 = DIRECTION('',(0.586102971,-0.382683432,-0.714168536));
#2418 = AXIS2_PLACEMENT_3D('',#2378,#2416,#2417);
#2419 = PLANE('',#2418);
#2420 = FACE_SURFACE('',(#2415),#2419,.T.);
#2421 = POLY_LOOP('',(#2379,#2380,#2388,#2387));
#2422 = FACE_OUTER_BOUND('',#2421,.T.);
#2423 = DIRECTION('',(0.242771799,-0.923879533,-0.295818294));
#2424 = DIRECTION('',(0.586102971,0.382683432,-0.714168536));
#2425 = AXIS2_PLACEMENT_3D('',#2379,#2423,#2424);
#2426 = PLANE('',#2425);
#2427 = FACE_SURFACE('',(#2422),#2426,.T.);
#2428 = POLY_LOOP('',(#2380,#2381,#2389,#2388));
#2429 = FACE_OUTER_BOUND('',#2428,.T.);
#2430 = DIRECTION('',(0.586102971,-0.382683432,-0.714168536));
#2431 = DIRECTION('',(0.242771799,0.923879533,-0.295818294));
#2432 = AXIS2_PLACEMENT_3D('',#2380,#2430,#2431);
#2433 = PLANE('',#2432);
#2434 = FACE_SURFACE('',(#2429),#2433,.T.);
#2435 = POLY_LOOP('',(#2381,#2382,#2390,#2389));
#2436 = FACE_OUTER_BOUND('',#2435,.T.);
#2437 = DIRECTION('',(0.586102971,0.382683432,-0.714168536));
#2438 = DIRECTION('',(-0.242771799,0.923879533,0.295818294));
#2439 = AXIS2_PLACEMENT_3D('',#2381,#2437,#2438);
#2440 = PLANE('',#2439);
#2441 = FACE_SURFACE('',(#2436),#2440,.T.);
#2442 = POLY_LOOP('',(#2382,#2383,#2391,#2390));
#2443 = FACE_OUTER_BOUND('',#2442,.T.);
#2444 = DIRECTION('',(0.242771799,0.923879533,-0.295818294));
#2445 = DIRECTION('',(-0.586102971,0.382683432,0.714168536));
#2446 = AXIS2_PLACEMENT_3D('',#2382,#2444,#2445);
#2447 = PLANE('',#2446);
#2448 = FACE_SURFACE('',(#2443),#2447,.T.);
#2449 = POLY_LOOP('',(#2383,#2384,#2392,#2391));
#2450 = FACE_OUTER_BOUND('',#2449,.T.);
#2451 = DIRECTION('',(-0.242771799,0.923879533,0.295818294));
#2452 = DIRECTION('',(-0.586102971,-0.382683432,0.714168536));
#2453 = AXIS2_PLACEMENT_3D('',#2383,#2451,#2452);
#2454 = PLANE('',#2453);
#2455 = FACE_SURFACE('',(#2450),#2454,.T.);
#2456 = POLY_LOOP('',(#2384,#2377,#2385,#2392));
#2457 = FACE_OUTER_BOUND('',#2456,.T.);
#2458 = DIRECTION('',(-0.586102971,0.382683432,0.714168536));
#2459 = DIRECTION('',(-0.242771799,-0.923879533,0.295818294));
#2460 = AXIS2_PLACEMENT_3D('',#2384,#2458,#2459);
#2461 = PLANE('',#2460);
#2462 = FACE_SURFACE('',(#2457),#2461,.T.);
#2463 = CLOSED_SHELL('',(#2399,#2406,#2413,#2420,#2427,#2434,#2441,#2448,#2455,#2462));
#2464 = FACETED_BREP('gold cable',#2463);
#2465 = CARTESIAN_POINT('',(44.802425097,5.000000000,-45.010350851));
#2466 = CARTESIAN_POINT('',(45.142039377,3.939339828,-45.289065087));
#2467 = CARTESIAN_POINT('',(45.961940777,3.500000000,-45.961940777));
#2468 = CARTESIAN_POINT('',(46.781842177,3.939339828,-46.634816467));
#2469 = CARTESIAN_POINT('',(47.121456457,5.000000000,-46.913530703));
#2470 = CARTESIAN_POINT('',(46.781842177,6.060660172,-46.634816467));
#2471 = CARTESIAN_POINT('',(45.961940777,6.500000000,-45.961940777));
#2472 = CARTESIAN_POINT('',(45.142039377,6.060660172,-45.289065087));
#2473 = CARTESIAN_POINT('',(52.886009120,5.000000000,-35.160475220));
#2474 = CARTESIAN_POINT('',(53.225623399,3.939339828,-35.439189457));
#2475 = CARTESIAN_POINT('',(54.045524800,3.500000000,-36.112065146));
#2476 = CARTESIAN_POINT('',(54.865426200,3.939339828,-36.784940836));
#2477 = CARTESIAN_POINT('',(55.205040480,5.000000000,-37.063655073));
#2478 = CARTESIAN_POINT('',(54.865426200,6.060660172,-36.784940836));
#2479 = CARTESIAN_POINT('',(54.045524800,6.500000000,-36.112065146));
#2480 = CARTESIAN_POINT('',(53.225623399,6.060660172,-35.439189457));
#2481 = POLY_LOOP('',(#2472,#2471,#2470,#2469,#2468,#2467,#2466,#2465));
#2482 = FACE_OUTER_BOUND('',#2481,.T.);
#2483 = DIRECTION('',(-0.634393284,0.000000000,-0.773010453));
#2484 = DIRECTION('',(0.714168536,0.382683432,-0.586102971));
#2485 = AXIS2_PLACEMENT_3D('',#2472,#2483,#2484);
#2486 = PLANE('',#2485);
#2487 = FACE_SURFACE('',(#2482),#2486,.T.);
#2488 = POLY_LOOP('',(#2473,#2474,#2475,#2476,#2477,#2478,#2479,#2480));
#2489 = FACE_OUTER_BOUND('',#2488,.T.);
#2490 = DIRECTION('',(0.634393284,0.000000000,0.773010453));
#2491 = DIRECTION('',(0.295818294,-0.923879533,-0.242771799));
#2492 = AXIS2_PLACEMENT_3D('',#2473,#2490,#2491);
#2493 = PLANE('',#2492);
#2494 = FACE_SURFACE('',(#2489),#2493,.T.);
#2495 = POLY_LOOP('',(#2465,#2466,#2474,#2473));
#2496 = FACE_OUTER_BOUND('',#2495,.T.);
#2497 = DIRECTION('',(-0.714168536,-0.382683432,0.586102971));
#2498 = DIRECTION('',(0.295818294,-0.923879533,-0.242771799));
#2499 = AXIS2_PLACEMENT_3D('',#2465,#2497,#2498);
#2500 = PLANE('',#2499);
#2501 = FACE_SURFACE('',(#2496),#2500,.T.);
#2502 = POLY_LOOP('',(#2466,#2467,#2475,#2474));
#2503 = FACE_OUTER_BOUND('',#2502,.T.);
#2504 = DIRECTION('',(-0.295818294,-0.923879533,0.242771799));
#2505 = DIRECTION('',(0.714168536,-0.382683432,-0.586102971));
#2506 = AXIS2_PLACEMENT_3D('',#2466,#2504,#2505);
#2507 = PLANE('',#2506);
#2508 = FACE_SURFACE('',(#2503),#2507,.T.);
#2509 = POLY_LOOP('',(#2467,#2468,#2476,#2475));
#2510 = FACE_OUTER_BOUND('',#2509,.T.);
#2511 = DIRECTION('',(0.295818294,-0.923879533,-0.242771799));
#2512 = DIRECTION('',(0.714168536,0.382683432,-0.586102971));
#2513 = AXIS2_PLACEMENT_3D('',#2467,#2511,#2512);
#2514 = PLANE('',#2513);
#2515 = FACE_SURFACE('',(#2510),#2514,.T.);
#2516 = POLY_LOOP('',(#2468,#2469,#2477,#2476));
#2517 = FACE_OUTER_BOUND('',#2516,.T.);
#2518 = DIRECTION('',(0.714168536,-0.382683432,-0.586102971));
#2519 = DIRECTION('',(0.295818294,0.923879533,-0.242771799));
#2520 = AXIS2_PLACEMENT_3D('',#2468,#2518,#2519);
#2521 = PLANE('',#2520);
#2522 = FACE_SURFACE('',(#2517),#2521,.T.);
#2523 = POLY_LOOP('',(#2469,#2470,#2478,#2477));
#2524 = FACE_OUTER_BOUND('',#2523,.T.);
#2525 = DIRECTION('',(0.714168536,0.382683432,-0.586102971));
#2526 = DIRECTION('',(-0.295818294,0.923879533,0.242771799));
#2527 = AXIS2_PLACEMENT_3D('',#2469,#2525,#2526);
#2528 = PLANE('',#2527);
#2529 = FACE_SURFACE('',(#2524),#2528,.T.);
#2530 = POLY_LOOP('',(#2470,#2471,#2479,#2478));
#2531 = FACE_OUTER_BOUND('',#2530,.T.);
#2532 = DIRECTION('',(0.295818294,0.923879533,-0.242771799));
#2533 = DIRECTION('',(-0.714168536,0.382683432,0.586102971));
#2534 = AXIS2_PLACEMENT_3D('',#2470,#2532,#2533);
#2535 = PLANE('',#2534);
#2536 = FACE_SURFACE('',(#2531),#2535,.T.);
#2537 = POLY_LOOP('',(#2471,#2472,#2480,#2479));
#2538 = FACE_OUTER_BOUND('',#2537,.T.);
#2539 = DIRECTION('',(-0.295818294,0.923879533,0.242771799));
#2540 = DIRECTION('',(-0.714168536,-0.382683432,0.586102971));
#2541 = AXIS2_PLACEMENT_3D('',#2471,#2539,#2540);
#2542 = PLANE('',#2541);
#2543 = FACE_SURFACE('',(#2538),#2542,.T.);
#2544 = POLY_LOOP('',(#2472,#2465,#2473,#2480));
#2545 = FACE_OUTER_BOUND('',#2544,.T.);
#2546 = DIRECTION('',(-0.714168536,0.382683432,0.586102971));
#2547 = DIRECTION('',(-0.295818294,-0.923879533,0.242771799));
#2548 = AXIS2_PLACEMENT_3D('',#2472,#2546,#2547);
#2549 = PLANE('',#2548);
#2550 = FACE_SURFACE('',(#2545),#2549,.T.);
#2551 = CLOSED_SHELL('',(#2487,#2494,#2501,#2508,#2515,#2522,#2529,#2536,#2543,#2550));
#2552 = FACETED_BREP('gold cable',#2551);
#2553 = CARTESIAN_POINT('',(52.722642903,5.000000000,-35.404970041));
#2554 = CARTESIAN_POINT('',(53.110106040,3.939339828,-35.612073402));
#2555 = CARTESIAN_POINT('',(54.045524800,3.500000000,-36.112065146));
#2556 = CARTESIAN_POINT('',(54.980943559,3.939339828,-36.612056890));
#2557 = CARTESIAN_POINT('',(55.368406696,5.000000000,-36.819160252));
#2558 = CARTESIAN_POINT('',(54.980943559,6.060660172,-36.612056890));
#2559 = CARTESIAN_POINT('',(54.045524800,6.500000000,-36.112065146));
#2560 = CARTESIAN_POINT('',(53.110106040,6.060660172,-35.612073402));
#2561 = CARTESIAN_POINT('',(58.729287717,5.000000000,-24.167327998));
#2562 = CARTESIAN_POINT('',(59.116750853,3.939339828,-24.374431360));
#2563 = CARTESIAN_POINT('',(60.052169613,3.500000000,-24.874423104));
#2564 = CARTESIAN_POINT('',(60.987588373,3.939339828,-25.374414848));
#2565 = CARTESIAN_POINT('',(61.375051510,5.000000000,-25.581518209));
#2566 = CARTESIAN_POINT('',(60.987588373,6.060660172,-25.374414848));
#2567 = CARTESIAN_POINT('',(60.052169613,6.500000000,-24.874423104));
#2568 = CARTESIAN_POINT('',(59.116750853,6.060660172,-24.374431360));
#2569 = POLY_LOOP('',(#2560,#2559,#2558,#2557,#2556,#2555,#2554,#2553));
#2570 = FACE_OUTER_BOUND('',#2569,.T.);
#2571 = DIRECTION('',(-0.471396737,0.000000000,-0.881921264));
#2572 = DIRECTION('',(0.814789005,0.382683432,-0.435513797));
#2573 = AXIS2_PLACEMENT_3D('',#2560,#2571,#2572);
#2574 = PLANE('',#2573);
#2575 = FACE_SURFACE('',(#2570),#2574,.T.);
#2576 = POLY_LOOP('',(#2561,#2562,#2563,#2564,#2565,#2566,#2567,#2568));
#2577 = FACE_OUTER_BOUND('',#2576,.T.);
#2578 = DIRECTION('',(0.471396737,-0.000000000,0.881921264));
#2579 = DIRECTION('',(0.337496657,-0.923879533,-0.180395721));
#2580 = AXIS2_PLACEMENT_3D('',#2561,#2578,#2579);
#2581 = PLANE('',#2580);
#2582 = FACE_SURFACE('',(#2577),#2581,.T.);
#2583 = POLY_LOOP('',(#2553,#2554,#2562,#2561));
#2584 = FACE_OUTER_BOUND('',#2583,.T.);
#2585 = DIRECTION('',(-0.814789005,-0.382683432,0.435513797));
#2586 = DIRECTION('',(0.337496657,-0.923879533,-0.180395721));
#2587 = AXIS2_PLACEMENT_3D('',#2553,#2585,#2586);
#2588 = PLANE('',#2587);
#2589 = FACE_SURFACE('',(#2584),#2588,.T.);
#2590 = POLY_LOOP('',(#2554,#2555,#2563,#2562));
#2591 = FACE_OUTER_BOUND('',#2590,.T.);
#2592 = DIRECTION('',(-0.337496657,-0.923879533,0.180395721));
#2593 = DIRECTION('',(0.814789005,-0.382683432,-0.435513797));
#2594 = AXIS2_PLACEMENT_3D('',#2554,#2592,#2593);
#2595 = PLANE('',#2594);
#2596 = FACE_SURFACE('',(#2591),#2595,.T.);
#2597 = POLY_LOOP('',(#2555,#2556,#2564,#2563));
#2598 = FACE_OUTER_BOUND('',#2597,.T.);
#2599 = DIRECTION('',(0.337496657,-0.923879533,-0.180395721));
#2600 = DIRECTION('',(0.814789005,0.382683432,-0.435513797));
#2601 = AXIS2_PLACEMENT_3D('',#2555,#2599,#2600);
#2602 = PLANE('',#2601);
#2603 = FACE_SURFACE('',(#2598),#2602,.T.);
#2604 = POLY_LOOP('',(#2556,#2557,#2565,#2564));
#2605 = FACE_OUTER_BOUND('',#2604,.T.);
#2606 = DIRECTION('',(0.814789005,-0.382683432,-0.435513797));
#2607 = DIRECTION('',(0.337496657,0.923879533,-0.180395721));
#2608 = AXIS2_PLACEMENT_3D('',#2556,#2606,#2607);
#2609 = PLANE('',#2608);
#2610 = FACE_SURFACE('',(#2605),#2609,.T.);
#2611 = POLY_LOOP('',(#2557,#2558,#2566,#2565));
#2612 = FACE_OUTER_BOUND('',#2611,.T.);
#2613 = DIRECTION('',(0.814789005,0.382683432,-0.435513797));
#2614 = DIRECTION('',(-0.337496657,0.923879533,0.180395721));
#2615 = AXIS2_PLACEMENT_3D('',#2557,#2613,#2614);
#2616 = PLANE('',#2615);
#2617 = FACE_SURFACE('',(#2612),#2616,.T.);
#2618 = POLY_LOOP('',(#2558,#2559,#2567,#2566));
#2619 = FACE_OUTER_BOUND('',#2618,.T.);
#2620 = DIRECTION('',(0.337496657,0.923879533,-0.180395721));
#2621 = DIRECTION('',(-0.814789005,0.382683432,0.435513797));
#2622 = AXIS2_PLACEMENT_3D('',#2558,#2620,#2621);
#2623 = PLANE('',#2622);
#2624 = FACE_SURFACE('',(#2619),#2623,.T.);
#2625 = POLY_LOOP('',(#2559,#2560,#2568,#2567));
#2626 = FACE_OUTER_BOUND('',#2625,.T.);
#2627 = DIRECTION('',(-0.337496657,0.923879533,0.180395721));
#2628 = DIRECTION('',(-0.814789005,-0.382683432,0.435513797));
#2629 = AXIS2_PLACEMENT_3D('',#2559,#2627,#2628);
#2630 = PLANE('',#2629);
#2631 = FACE_SURFACE('',(#2626),#2630,.T.);
#2632 = POLY_LOOP('',(#2560,#2553,#2561,#2568));
#2633 = FACE_OUTER_BOUND('',#2632,.T.);
#2634 = DIRECTION('',(-0.814789005,0.382683432,0.435513797));
#2635 = DIRECTION('',(-0.337496657,-0.923879533,0.180395721));
#2636 = AXIS2_PLACEMENT_3D('',#2560,#2634,#2635);
#2637 = PLANE('',#2636);
#2638 = FACE_SURFACE('',(#2633),#2637,.T.);
#2639 = CLOSED_SHELL('',(#2575,#2582,#2589,#2596,#2603,#2610,#2617,#2624,#2631,#2638));
#2640 = FACETED_BREP('gold cable',#2639);
#2641 = CARTESIAN_POINT('',(58.616759110,5.000000000,-24.438996088));
#2642 = CARTESIAN_POINT('',(59.037181112,3.939339828,-24.566529708));
#2643 = CARTESIAN_POINT('',(60.052169613,3.500000000,-24.874423104));
#2644 = CARTESIAN_POINT('',(61.067158114,3.939339828,-25.182316499));
#2645 = CARTESIAN_POINT('',(61.487580117,5.000000000,-25.309850120));
#2646 = CARTESIAN_POINT('',(61.067158114,6.060660172,-25.182316499));
#2647 = CARTESIAN_POINT('',(60.052169613,6.500000000,-24.874423104));
#2648 = CARTESIAN_POINT('',(59.037181112,6.060660172,-24.566529708));
#2649 = CARTESIAN_POINT('',(62.315632723,5.000000000,-12.245443915));
#2650 = CARTESIAN_POINT('',(62.736054725,3.939339828,-12.372977535));
#2651 = CARTESIAN_POINT('',(63.751043226,3.500000000,-12.680870931));
#2652 = CARTESIAN_POINT('',(64.766031727,3.939339828,-12.988764327));
#2653 = CARTESIAN_POINT('',(65.186453730,5.000000000,-13.116297947));
#2654 = CARTESIAN_POINT('',(64.766031727,6.060660172,-12.988764327));
#2655 = CARTESIAN_POINT('',(63.751043226,6.500000000,-12.680870931));
#2656 = CARTESIAN_POINT('',(62.736054725,6.060660172,-12.372977535));
#2657 = POLY_LOOP('',(#2648,#2647,#2646,#2645,#2644,#2643,#2642,#2641));
#2658 = FACE_OUTER_BOUND('',#2657,.T.);
#2659 = DIRECTION('',(-0.290284677,0.000000000,-0.956940336));
#2660 = DIRECTION('',(0.884097590,0.382683432,-0.268188072));
#2661 = AXIS2_PLACEMENT_3D('',#2648,#2659,#2660);
#2662 = PLANE('',#2661);
#2663 = FACE_SURFACE('',(#2658),#2662,.T.);
#2664 = POLY_LOOP('',(#2649,#2650,#2651,#2652,#2653,#2654,#2655,#2656));
#2665 = FACE_OUTER_BOUND('',#2664,.T.);
#2666 = DIRECTION('',(0.290284677,-0.000000000,0.956940336));
#2667 = DIRECTION('',(0.366205212,-0.923879533,-0.111087137));
#2668 = AXIS2_PLACEMENT_3D('',#2649,#2666,#2667);
#2669 = PLANE('',#2668);
#2670 = FACE_SURFACE('',(#2665),#2669,.T.);
#2671 = POLY_LOOP('',(#2641,#2642,#2650,#2649));
#2672 = FACE_OUTER_BOUND('',#2671,.T.);
#2673 = DIRECTION('',(-0.884097590,-0.382683432,0.268188072));
#2674 = DIRECTION('',(0.366205212,-0.923879533,-0.111087137));
#2675 = AXIS2_PLACEMENT_3D('',#2641,#2673,#2674);
#2676 = PLANE('',#2675);
#2677 = FACE_SURFACE('',(#2672),#2676,.T.);
#2678 = POLY_LOOP('',(#2642,#2643,#2651,#2650));
#2679 = FACE_OUTER_BOUND('',#2678,.T.);
#2680 = DIRECTION('',(-0.366205212,-0.923879533,0.111087137));
#2681 = DIRECTION('',(0.884097590,-0.382683432,-0.268188072));
#2682 = AXIS2_PLACEMENT_3D('',#2642,#2680,#2681);
#2683 = PLANE('',#2682);
#2684 = FACE_SURFACE('',(#2679),#2683,.T.);
#2685 = POLY_LOOP('',(#2643,#2644,#2652,#2651));
#2686 = FACE_OUTER_BOUND('',#2685,.T.);
#2687 = DIRECTION('',(0.366205212,-0.923879533,-0.111087137));
#2688 = DIRECTION('',(0.884097590,0.382683432,-0.268188072));
#2689 = AXIS2_PLACEMENT_3D('',#2643,#2687,#2688);
#2690 = PLANE('',#2689);
#2691 = FACE_SURFACE('',(#2686),#2690,.T.);
#2692 = POLY_LOOP('',(#2644,#2645,#2653,#2652));
#2693 = FACE_OUTER_BOUND('',#2692,.T.);
#2694 = DIRECTION('',(0.884097590,-0.382683432,-0.268188072));
#2695 = DIRECTION('',(0.366205212,0.923879533,-0.111087137));
#2696 = AXIS2_PLACEMENT_3D('',#2644,#2694,#2695);
#2697 = PLANE('',#2696);
#2698 = FACE_SURFACE('',(#2693),#2697,.T.);
#2699 = POLY_LOOP('',(#2645,#2646,#2654,#2653));
#2700 = FACE_OUTER_BOUND('',#2699,.T.);
#2701 = DIRECTION('',(0.884097590,0.382683432,-0.268188072));
#2702 = DIRECTION('',(-0.366205212,0.923879533,0.111087137));
#2703 = AXIS2_PLACEMENT_3D('',#2645,#2701,#2702);
#2704 = PLANE('',#2703);
#2705 = FACE_SURFACE('',(#2700),#2704,.T.);
#2706 = POLY_LOOP('',(#2646,#2647,#2655,#2654));
#2707 = FACE_OUTER_BOUND('',#2706,.T.);
#2708 = DIRECTION('',(0.366205212,0.923879533,-0.111087137));
#2709 = DIRECTION('',(-0.884097590,0.382683432,0.268188072));
#2710 = AXIS2_PLACEMENT_3D('',#2646,#2708,#2709);
#2711 = PLANE('',#2710);
#2712 = FACE_SURFACE('',(#2707),#2711,.T.);
#2713 = POLY_LOOP('',(#2647,#2648,#2656,#2655));
#2714 = FACE_OUTER_BOUND('',#2713,.T.);
#2715 = DIRECTION('',(-0.366205212,0.923879533,0.111087137));
#2716 = DIRECTION('',(-0.884097590,-0.382683432,0.268188072));
#2717 = AXIS2_PLACEMENT_3D('',#2647,#2715,#2716);
#2718 = PLANE('',#2717);
#2719 = FACE_SURFACE('',(#2714),#2718,.T.);
#2720 = POLY_LOOP('',(#2648,#2641,#2649,#2656));
#2721 = FACE_OUTER_BOUND('',#2720,.T.);
#2722 = DIRECTION('',(-0.884097590,0.382683432,0.268188072));
#2723 = DIRECTION('',(-0.366205212,-0.923879533,0.111087137));
#2724 = AXIS2_PLACEMENT_3D('',#2648,#2722,#2723);
#2725 = PLANE('',#2724);
#2726 = FACE_SURFACE('',(#2721),#2725,.T.);
#2727 = CLOSED_SHELL('',(#2663,#2670,#2677,#2684,#2691,#2698,#2705,#2712,#2719,#2726));
#2728 = FACETED_BREP('gold cable',#2727);
#2729 = CARTESIAN_POINT('',(62.258266136,5.000000000,-12.533845221));
#2730 = CARTESIAN_POINT('',(62.695490423,3.939339828,-12.576908054));
#2731 = CARTESIAN_POINT('',(63.751043226,3.500000000,-12.680870931));
#2732 = CARTESIAN_POINT('',(64.806596029,3.939339828,-12.784833808));
#2733 = CARTESIAN_POINT('',(65.243820316,5.000000000,-12.827896642));
#2734 = CARTESIAN_POINT('',(64.806596029,6.060660172,-12.784833808));
#2735 = CARTESIAN_POINT('',(63.751043226,6.500000000,-12.680870931));
#2736 = CARTESIAN_POINT('',(62.695490423,6.060660172,-12.576908054));
#2737 = CARTESIAN_POINT('',(63.507222910,5.000000000,0.147025710));
#2738 = CARTESIAN_POINT('',(63.944447197,3.939339828,0.103962877));
#2739 = CARTESIAN_POINT('',(65.000000000,3.500000000,-0.000000000));
#2740 = CARTESIAN_POINT('',(66.055552803,3.939339828,-0.103962877));
#2741 = CARTESIAN_POINT('',(66.492777090,5.000000000,-0.147025710));
#2742 = CARTESIAN_POINT('',(66.055552803,6.060660172,-0.103962877));
#2743 = CARTESIAN_POINT('',(65.000000000,6.500000000,-0.000000000));
#2744 = CARTESIAN_POINT('',(63.944447197,6.060660172,0.103962877));
#2745 = POLY_LOOP('',(#2736,#2735,#2734,#2733,#2732,#2731,#2730,#2729));
#2746 = FACE_OUTER_BOUND('',#2745,.T.);
#2747 = DIRECTION('',(-0.098017140,-0.000000000,-0.995184727));
#2748 = DIRECTION('',(0.919430800,0.382683432,-0.090556030));
#2749 = AXIS2_PLACEMENT_3D('',#2736,#2747,#2748);
#2750 = PLANE('',#2749);
#2751 = FACE_SURFACE('',(#2746),#2750,.T.);
#2752 = POLY_LOOP('',(#2737,#2738,#2739,#2740,#2741,#2742,#2743,#2744));
#2753 = FACE_OUTER_BOUND('',#2752,.T.);
#2754 = DIRECTION('',(0.098017140,0.000000000,0.995184727));
#2755 = DIRECTION('',(0.380840707,-0.923879533,-0.037509536));
#2756 = AXIS2_PLACEMENT_3D('',#2737,#2754,#2755);
#2757 = PLANE('',#2756);
#2758 = FACE_SURFACE('',(#2753),#2757,.T.);
#2759 = POLY_LOOP('',(#2729,#2730,#2738,#2737));
#2760 = FACE_OUTER_BOUND('',#2759,.T.);
#2761 = DIRECTION('',(-0.919430800,-0.382683432,0.090556030));
#2762 = DIRECTION('',(0.380840707,-0.923879533,-0.037509536));
#2763 = AXIS2_PLACEMENT_3D('',#2729,#2761,#2762);
#2764 = PLANE('',#2763);
#2765 = FACE_SURFACE('',(#2760),#2764,.T.);
#2766 = POLY_LOOP('',(#2730,#2731,#2739,#2738));
#2767 = FACE_OUTER_BOUND('',#2766,.T.);
#2768 = DIRECTION('',(-0.380840707,-0.923879533,0.037509536));
#2769 = DIRECTION('',(0.919430800,-0.382683432,-0.090556030));
#2770 = AXIS2_PLACEMENT_3D('',#2730,#2768,#2769);
#2771 = PLANE('',#2770);
#2772 = FACE_SURFACE('',(#2767),#2771,.T.);
#2773 = POLY_LOOP('',(#2731,#2732,#2740,#2739));
#2774 = FACE_OUTER_BOUND('',#2773,.T.);
#2775 = DIRECTION('',(0.380840707,-0.923879533,-0.037509536));
#2776 = DIRECTION('',(0.919430800,0.382683432,-0.090556030));
#2777 = AXIS2_PLACEMENT_3D('',#2731,#2775,#2776);
#2778 = PLANE('',#2777);
#2779 = FACE_SURFACE('',(#2774),#2778,.T.);
#2780 = POLY_LOOP('',(#2732,#2733,#2741,#2740));
#2781 = FACE_OUTER_BOUND('',#2780,.T.);
#2782 = DIRECTION('',(0.919430800,-0.382683432,-0.090556030));
#2783 = DIRECTION('',(0.380840707,0.923879533,-0.037509536));
#2784 = AXIS2_PLACEMENT_3D('',#2732,#2782,#2783);
#2785 = PLANE('',#2784);
#2786 = FACE_SURFACE('',(#2781),#2785,.T.);
#2787 = POLY_LOOP('',(#2733,#2734,#2742,#2741));
#2788 = FACE_OUTER_BOUND('',#2787,.T.);
#2789 = DIRECTION('',(0.919430800,0.382683432,-0.090556030));
#2790 = DIRECTION('',(-0.380840707,0.923879533,0.037509536));
#2791 = AXIS2_PLACEMENT_3D('',#2733,#2789,#2790);
#2792 = PLANE('',#2791);
#2793 = FACE_SURFACE('',(#2788),#2792,.T.);
#2794 = POLY_LOOP('',(#2734,#2735,#2743,#2742));
#2795 = FACE_OUTER_BOUND('',#2794,.T.);
#2796 = DIRECTION('',(0.380840707,0.923879533,-0.037509536));
#2797 = DIRECTION('',(-0.919430800,0.382683432,0.090556030));
#2798 = AXIS2_PLACEMENT_3D('',#2734,#2796,#2797);
#2799 = PLANE('',#2798);
#2800 = FACE_SURFACE('',(#2795),#2799,.T.);
#2801 = POLY_LOOP('',(#2735,#2736,#2744,#2743));
#2802 = FACE_OUTER_BOUND('',#2801,.T.);
#2803 = DIRECTION('',(-0.380840707,0.923879533,0.037509536));
#2804 = DIRECTION('',(-0.919430800,-0.382683432,0.090556030));
#2805 = AXIS2_PLACEMENT_3D('',#2735,#2803,#2804);
#2806 = PLANE('',#2805);
#2807 = FACE_SURFACE('',(#2802),#2806,.T.);
#2808 = POLY_LOOP('',(#2736,#2729,#2737,#2744));
#2809 = FACE_OUTER_BOUND('',#2808,.T.);
#2810 = DIRECTION('',(-0.919430800,0.382683432,0.090556030));
#2811 = DIRECTION('',(-0.380840707,-0.923879533,0.037509536));
#2812 = AXIS2_PLACEMENT_3D('',#2736,#2810,#2811);
#2813 = PLANE('',#2812);
#2814 = FACE_SURFACE('',(#2809),#2813,.T.);
#2815 = CLOSED_SHELL('',(#2751,#2758,#2765,#2772,#2779,#2786,#2793,#2800,#2807,#2814));
#2816 = FACETED_BREP('gold cable',#2815);
#2817 = CARTESIAN_POINT('',(-75.000000000,5.000000000,-20.000000000));
#2818 = CARTESIAN_POINT('',(-74.755282581,3.454915028,-20.000000000));
#2819 = CARTESIAN_POINT('',(-74.045084972,2.061073739,-20.000000000));
#2820 = CARTESIAN_POINT('',(-72.938926261,0.954915028,-20.000000000));
#2821 = CARTESIAN_POINT('',(-71.545084972,0.244717419,-20.000000000));
#2822 = CARTESIAN_POINT('',(-70.000000000,0.000000000,-20.000000000));
#2823 = CARTESIAN_POINT('',(-68.454915028,0.244717419,-20.000000000));
#2824 = CARTESIAN_POINT('',(-67.061073739,0.954915028,-20.000000000));
#2825 = CARTESIAN_POINT('',(-65.954915028,2.061073739,-20.000000000));
#2826 = CARTESIAN_POINT('',(-65.244717419,3.454915028,-20.000000000));
#2827 = CARTESIAN_POINT('',(-65.000000000,5.000000000,-20.000000000));
#2828 = CARTESIAN_POINT('',(-65.244717419,6.545084972,-20.000000000));
#2829 = CARTESIAN_POINT('',(-65.954915028,7.938926261,-20.000000000));
#2830 = CARTESIAN_POINT('',(-67.061073739,9.045084972,-20.000000000));
#2831 = CARTESIAN_POINT('',(-68.454915028,9.755282581,-20.000000000));
#2832 = CARTESIAN_POINT('',(-70.000000000,10.000000000,-20.000000000));
#2833 = CARTESIAN_POINT('',(-71.545084972,9.755282581,-20.000000000));
#2834 = CARTESIAN_POINT('',(-72.938926261,9.045084972,-20.000000000));
#2835 = CARTESIAN_POINT('',(-74.045084972,7.938926261,-20.000000000));
#2836 = CARTESIAN_POINT('',(-74.755282581,6.545084972,-20.000000000));
#2837 = CARTESIAN_POINT('',(-75.000000000,5.000000000,20.000000000));
#2838 = CARTESIAN_POINT('',(-74.755282581,3.454915028,20.000000000));
#2839 = CARTESIAN_POINT('',(-74.045084972,2.061073739,20.000000000));
#2840 = CARTESIAN_POINT('',(-72.938926261,0.954915028,20.000000000));
#2841 = CARTESIAN_POINT('',(-71.545084972,0.244717419,20.000000000));
#2842 = CARTESIAN_POINT('',(-70.000000000,0.000000000,20.000000000));
#2843 = CARTESIAN_POINT('',(-68.454915028,0.244717419,20.000000000));
#2844 = CARTESIAN_POINT('',(-67.061073739,0.954915028,20.000000000));
#2845 = CARTESIAN_POINT('',(-65.954915028,2.061073739,20.000000000));
#2846 = CARTESIAN_POINT('',(-65.244717419,3.454915028,20.000000000));
#2847 = CARTESIAN_POINT('',(-65.000000000,5.000000000,20.000000000));
#2848 = CARTESIAN_POINT('',(-65.244717419,6.545084972,20.000000000));
#2849 = CARTESIAN_POINT('',(-65.954915028,7.938926261,20.000000000));
#2850 = CARTESIAN_POINT('',(-67.061073739,9.045084972,20.000000000));
#2851 = CARTESIAN_POINT('',(-68.454915028,9.755282581,20.000000000));
#2852 = CARTESIAN_POINT('',(-70.000000000,10.000000000,20.000000000));
#2853 = CARTESIAN_POINT('',(-71.545084972,9.755282581,20.000000000));
#2854 = CARTESIAN_POINT('',(-72.938926261,9.045084972,20.000000000));
#2855 = CARTESIAN_POINT('',(-74.045084972,7.938926261,20.000000000));
#2856 = CARTESIAN_POINT('',(-74.755282581,6.545084972,20.000000000));
#2857 = POLY_LOOP('',(#2836,#2835,#2834,#2833,#2832,#2831,#2830,#2829,#2828,#2827,#2826,#2825,#2824,#2823,#2822,#2821,#2820,#2819,#2818,#2817));
#2858 = FACE_OUTER_BOUND('',#2857,.T.);
#2859 = DIRECTION('',(0.000000000,0.000000000,-1.000000000));
#2860 = DIRECTION('',(0.453990500,0.891006524,0.000000000));
#2861 = AXIS2_PLACEMENT_3D('',#2836,#2859,#2860);
#2862 = PLANE('',#2861);
#2863 = FACE_SURFACE('',(#2858),#2862,.T.);
#2864 = POLY_LOOP('',(#2837,#2838,#2839,#2840,#2841,#2842,#2843,#2844,#2845,#2846,#2847,#2848,#2849,#2850,#2851,#2852,#2853,#2854,#2855,#2856));
#2865 = FACE_OUTER_BOUND('',#2864,.T.);
#2866 = DIRECTION('',(0.000000000,0.000000000,1.000000000));
#2867 = DIRECTION('',(0.156434465,-0.987688341,0.000000000));
#2868 = AXIS2_PLACEMENT_3D('',#2837,#2866,#2867);
#2869 = PLANE('',#2868);
#2870 = FACE_SURFACE('',(#2865),#2869,.T.);
#2871 = POLY_LOOP('',(#2817,#2818,#2838,#2837));
#2872 = FACE_OUTER_BOUND('',#2871,.T.);
#2873 = DIRECTION('',(-0.987688341,-0.156434465,0.000000000));
#2874 = DIRECTION('',(0.156434465,-0.987688341,0.000000000));
#2875 = AXIS2_PLACEMENT_3D('',#2817,#2873,#2874);
#2876 = PLANE('',#2875);
#2877 = FACE_SURFACE('',(#2872),#2876,.T.);
#2878 = POLY_LOOP('',(#2818,#2819,#2839,#2838));
#2879 = FACE_OUTER_BOUND('',#2878,.T.);
#2880 = DIRECTION('',(-0.891006524,-0.453990500,0.000000000));
#2881 = DIRECTION('',(0.453990500,-0.891006524,0.000000000));
#2882 = AXIS2_PLACEMENT_3D('',#2818,#2880,#2881);
#2883 = PLANE('',#2882);
#2884 = FACE_SURFACE('',(#2879),#2883,.T.);
#2885 = POLY_LOOP('',(#2819,#2820,#2840,#2839));
#2886 = FACE_OUTER_BOUND('',#2885,.T.);
#2887 = DIRECTION('',(-0.707106781,-0.707106781,0.000000000));
#2888 = DIRECTION('',(0.707106781,-0.707106781,0.000000000));
#2889 = AXIS2_PLACEMENT_3D('',#2819,#2887,#2888);
#2890 = PLANE('',#2889);
#2891 = FACE_SURFACE('',(#2886),#2890,.T.);
#2892 = POLY_LOOP('',(#2820,#2821,#2841,#2840));
#2893 = FACE_OUTER_BOUND('',#2892,.T.);
#2894 = DIRECTION('',(-0.453990500,-0.891006524,0.000000000));
#2895 = DIRECTION('',(0.891006524,-0.453990500,0.000000000));
#2896 = AXIS2_PLACEMENT_3D('',#2820,#2894,#2895);
#2897 = PLANE('',#2896);
#2898 = FACE_SURFACE('',(#2893),#2897,.T.);
#2899 = POLY_LOOP('',(#2821,#2822,#2842,#2841));
#2900 = FACE_OUTER_BOUND('',#2899,.T.);
#2901 = DIRECTION('',(-0.156434465,-0.987688341,0.000000000));
#2902 = DIRECTION('',(0.987688341,-0.156434465,0.000000000));
#2903 = AXIS2_PLACEMENT_3D('',#2821,#2901,#2902);
#2904 = PLANE('',#2903);
#2905 = FACE_SURFACE('',(#2900),#2904,.T.);
#2906 = POLY_LOOP('',(#2822,#2823,#2843,#2842));
#2907 = FACE_OUTER_BOUND('',#2906,.T.);
#2908 = DIRECTION('',(0.156434465,-0.987688341,0.000000000));
#2909 = DIRECTION('',(0.987688341,0.156434465,0.000000000));
#2910 = AXIS2_PLACEMENT_3D('',#2822,#2908,#2909);
#2911 = PLANE('',#2910);
#2912 = FACE_SURFACE('',(#2907),#2911,.T.);
#2913 = POLY_LOOP('',(#2823,#2824,#2844,#2843));
#2914 = FACE_OUTER_BOUND('',#2913,.T.);
#2915 = DIRECTION('',(0.453990500,-0.891006524,0.000000000));
#2916 = DIRECTION('',(0.891006524,0.453990500,0.000000000));
#2917 = AXIS2_PLACEMENT_3D('',#2823,#2915,#2916);
#2918 = PLANE('',#2917);
#2919 = FACE_SURFACE('',(#2914),#2918,.T.);
#2920 = POLY_LOOP('',(#2824,#2825,#2845,#2844));
#2921 = FACE_OUTER_BOUND('',#2920,.T.);
#2922 = DIRECTION('',(0.707106781,-0.707106781,0.000000000));
#2923 = DIRECTION('',(0.707106781,0.707106781,0.000000000));
#2924 = AXIS2_PLACEMENT_3D('',#2824,#2922,#2923);
#2925 = PLANE('',#2924);
#2926 = FACE_SURFACE('',(#2921),#2925,.T.);
#2927 = POLY_LOOP('',(#2825,#2826,#2846,#2845));
#2928 = FACE_OUTER_BOUND('',#2927,.T.);
#2929 = DIRECTION('',(0.891006524,-0.453990500,0.000000000));
#2930 = DIRECTION('',(0.453990500,0.891006524,0.000000000));
#2931 = AXIS2_PLACEMENT_3D('',#2825,#2929,#2930);
#2932 = PLANE('',#2931);
#2933 = FACE_SURFACE('',(#2928),#2932,.T.);
#2934 = POLY_LOOP('',(#2826,#2827,#2847,#2846));
#2935 = FACE_OUTER_BOUND('',#2934,.T.);
#2936 = DIRECTION('',(0.987688341,-0.156434465,0.000000000));
#2937 = DIRECTION('',(0.156434465,0.987688341,0.000000000));
#2938 = AXIS2_PLACEMENT_3D('',#2826,#2936,#2937);
#2939 = PLANE('',#2938);
#2940 = FACE_SURFACE('',(#2935),#2939,.T.);
#2941 = POLY_LOOP('',(#2827,#2828,#2848,#2847));
#2942 = FACE_OUTER_BOUND('',#2941,.T.);
#2943 = DIRECTION('',(0.987688341,0.156434465,0.000000000));
#2944 = DIRECTION('',(-0.156434465,0.987688341,0.000000000));
#2945 = AXIS2_PLACEMENT_3D('',#2827,#2943,#2944);
#2946 = PLANE('',#2945);
#2947 = FACE_SURFACE('',(#2942),#2946,.T.);
#2948 = POLY_LOOP('',(#2828,#2829,#2849,#2848));
#2949 = FACE_OUTER_BOUND('',#2948,.T.);
#2950 = DIRECTION('',(0.891006524,0.453990500,0.000000000));
#2951 = DIRECTION('',(-0.453990500,0.891006524,0.000000000));
#2952 = AXIS2_PLACEMENT_3D('',#2828,#2950,#2951);
#2953 = PLANE('',#2952);
#2954 = FACE_SURFACE('',(#2949),#2953,.T.);
#2955 = POLY_LOOP('',(#2829,#2830,#2850,#2849));
#2956 = FACE_OUTER_BOUND('',#2955,.T.);
#2957 = DIRECTION('',(0.707106781,0.707106781,0.000000000));
#2958 = DIRECTION('',(-0.707106781,0.707106781,0.000000000));
#2959 = AXIS2_PLACEMENT_3D('',#2829,#2957,#2958);
#2960 = PLANE('',#2959);
#2961 = FACE_SURFACE('',(#2956),#2960,.T.);
#2962 = POLY_LOOP('',(#2830,#2831,#2851,#2850));
#2963 = FACE_OUTER_BOUND('',#2962,.T.);
#2964 = DIRECTION('',(0.453990500,0.891006524,0.000000000));
#2965 = DIRECTION('',(-0.891006524,0.453990500,0.000000000));
#2966 = AXIS2_PLACEMENT_3D('',#2830,#2964,#2965);
#2967 = PLANE('',#2966);
#2968 = FACE_SURFACE('',(#2963),#2967,.T.);
#2969 = POLY_LOOP('',(#2831,#2832,#2852,#2851));
#2970 = FACE_OUTER_BOUND('',#2969,.T.);
#2971 = DIRECTION('',(0.156434465,0.987688341,0.000000000));
#2972 = DIRECTION('',(-0.987688341,0.156434465,0.000000000));
#2973 = AXIS2_PLACEMENT_3D('',#2831,#2971,#2972);
#2974 = PLANE('',#2973);
#2975 = FACE_SURFACE('',(#2970),#2974,.T.);
#2976 = POLY_LOOP('',(#2832,#2833,#2853,#2852));
#2977 = FACE_OUTER_BOUND('',#2976,.T.);
#2978 = DIRECTION('',(-0.156434465,0.987688341,0.000000000));
#2979 = DIRECTION('',(-0.987688341,-0.156434465,0.000000000));
#2980 = AXIS2_PLACEMENT_3D('',#2832,#2978,#2979);
#2981 = PLANE('',#2980);
#2982 = FACE_SURFACE('',(#2977),#2981,.T.);
#2983 = POLY_LOOP('',(#2833,#2834,#2854,#2853));
#2984 = FACE_OUTER_BOUND('',#2983,.T.);
#2985 = DIRECTION('',(-0.453990500,0.891006524,0.000000000));
#2986 = DIRECTION('',(-0.891006524,-0.453990500,0.000000000));
#2987 = AXIS2_PLACEMENT_3D('',#2833,#2985,#2986);
#2988 = PLANE('',#2987);
#2989 = FACE_SURFACE('',(#2984),#2988,.T.);
#2990 = POLY_LOOP('',(#2834,#2835,#2855,#2854));
#2991 = FACE_OUTER_BOUND('',#2990,.T.);
#2992 = DIRECTION('',(-0.707106781,0.707106781,0.000000000));
#2993 = DIRECTION('',(-0.707106781,-0.707106781,0.000000000));
#2994 = AXIS2_PLACEMENT_3D('',#2834,#2992,#2993);
#2995 = PLANE('',#2994);
#2996 = FACE_SURFACE('',(#2991),#2995,.T.);
#2997 = POLY_LOOP('',(#2835,#2836,#2856,#2855));
#2998 = FACE_OUTER_BOUND('',#2997,.T.);
#2999 = DIRECTION('',(-0.891006524,0.453990500,0.000000000));
#3000 = DIRECTION('',(-0.453990500,-0.891006524,0.000000000));
#3001 = AXIS2_PLACEMENT_3D('',#2835,#2999,#3000);
#3002 = PLANE('',#3001);
#3003 = FACE_SURFACE('',(#2998),#3002,.T.);
#3004 = POLY_LOOP('',(#2836,#2817,#2837,#2856));
#3005 = FACE_OUTER_BOUND('',#3004,.T.);
#3006 = DIRECTION('',(-0.987688341,0.156434465,0.000000000));
#3007 = DIRECTION('',(-0.156434465,-0.987688341,0.000000000));
#3008 = AXIS2_PLACEMENT_3D('',#2836,#3006,#3007);
#3009 = PLANE('',#3008);
#3010 = FACE_SURFACE('',(#3005),#3009,.T.);
#3011 = CLOSED_SHELL('',(#2863,#2870,#2877,#2884,#2891,#2898,#2905,#2912,#2919,#2926,#2933,#2940,#2947,#2954,#2961,#2968,#2975,#2982,#2989,#2996,#3003,#3010));
#3012 = FACETED_BREP('silver FC connector',#3011);
#3013 = CARTESIAN_POINT('',(65.000000000,5.000000000,-20.000000000));
#3014 = CARTESIAN_POINT('',(65.244717419,3.454915028,-20.000000000));
#3015 = CARTESIAN_POINT('',(65.954915028,2.061073739,-20.000000000));
#3016 = CARTESIAN_POINT('',(67.061073739,0.954915028,-20.000000000));
#3017 = CARTESIAN_POINT('',(68.454915028,0.244717419,-20.000000000));
#3018 = CARTESIAN_POINT('',(70.000000000,0.000000000,-20.000000000));
#3019 = CARTESIAN_POINT('',(71.545084972,0.244717419,-20.000000000));
#3020 = CARTESIAN_POINT('',(72.938926261,0.954915028,-20.000000000));
#3021 = CARTESIAN_POINT('',(74.045084972,2.061073739,-20.000000000));
#3022 = CARTESIAN_POINT('',(74.755282581,3.454915028,-20.000000000));
#3023 = CARTESIAN_POINT('',(75.000000000,5.000000000,-20.000000000));
#3024 = CARTESIAN_POINT('',(74.755282581,6.545084972,-20.000000000));
#3025 = CARTESIAN_POINT('',(74.045084972,7.938926261,-20.000000000));
#3026 = CARTESIAN_POINT('',(72.938926261,9.045084972,-20.000000000));
#3027 = CARTESIAN_POINT('',(71.545084972,9.755282581,-20.000000000));
#3028 = CARTESIAN_POINT('',(70.000000000,10.000000000,-20.000000000));
#3029 = CARTESIAN_POINT('',(68.454915028,9.755282581,-20.000000000));
#3030 = CARTESIAN_POINT('',(67.061073739,9.045084972,-20.000000000));
#3031 = CARTESIAN_POINT('',(65.954915028,7.938926261,-20.000000000));
#3032 = CARTESIAN_POINT('',(65.244717419,6.545084972,-20.000000000));
#3033 = CARTESIAN_POINT('',(65.000000000,5.000000000,20.000000000));
#3034 = CARTESIAN_POINT('',(65.244717419,3.454915028,20.000000000));
#3035 = CARTESIAN_POINT('',(65.954915028,2.061073739,20.000000000));
#3036 = CARTESIAN_POINT('',(67.061073739,0.954915028,20.000000000));
#3037 = CARTESIAN_POINT('',(68.454915028,0.244717419,20.000000000));
#3038 = CARTESIAN_POINT('',(70.000000000,0.000000000,20.000000000));
#3039 = CARTESIAN_POINT('',(71.545084972,0.244717419,20.000000000));
#3040 = CARTESIAN_POINT('',(72.938926261,0.954915028,20.000000000));
#3041 = CARTESIAN_POINT('',(74.045084972,2.061073739,20.000000000));
#3042 = CARTESIAN_POINT('',(74.755282581,3.454915028,20.000000000));
#3043 = CARTESIAN_POINT('',(75.000000000,5.000000000,20.000000000));
#3044 = CARTESIAN_POINT('',(74.755282581,6.545084972,20.000000000));
#3045 = CARTESIAN_POINT('',(74.045084972,7.938926261,20.000000000));
#3046 = CARTESIAN_POINT('',(72.938926261,9.045084972,20.000000000));
#3047 = CARTESIAN_POINT('',(71.545084972,9.755282581,20.000000000));
#3048 = CARTESIAN_POINT('',(70.000000000,10.000000000,20.000000000));
#3049 = CARTESIAN_POINT('',(68.454915028,9.755282581,20.000000000));
#3050 = CARTESIAN_POINT('',(67.061073739,9.045084972,20.000000000));
#3051 = CARTESIAN_POINT('',(65.954915028,7.938926261,20.000000000));
#3052 = CARTESIAN_POINT('',(65.244717419,6.545084972,20.000000000));
#3053 = POLY_LOOP('',(#3032,#3031,#3030,#3029,#3028,#3027,#3026,#3025,#3024,#3023,#3022,#3021,#3020,#3019,#3018,#3017,#3016,#3015,#3014,#3013));
#3054 = FACE_OUTER_BOUND('',#3053,.T.);
#3055 = DIRECTION('',(0.000000000,0.000000000,-1.000000000));
#3056 = DIRECTION('',(0.453990500,0.891006524,0.000000000));
#3057 = AXIS2_PLACEMENT_3D('',#3032,#3055,#3056);
#3058 = PLANE('',#3057);
#3059 = FACE_SURFACE('',(#3054),#3058,.T.);
#3060 = POLY_LOOP('',(#3033,#3034,#3035,#3036,#3037,#3038,#3039,#3040,#3041,#3042,#3043,#3044,#3045,#3046,#3047,#3048,#3049,#3050,#3051,#3052));
#3061 = FACE_OUTER_BOUND('',#3060,.T.);
#3062 = DIRECTION('',(0.000000000,0.000000000,1.000000000));
#3063 = DIRECTION('',(0.156434465,-0.987688341,0.000000000));
#3064 = AXIS2_PLACEMENT_3D('',#3033,#3062,#3063);
#3065 = PLANE('',#3064);
#3066 = FACE_SURFACE('',(#3061),#3065,.T.);
#3067 = POLY_LOOP('',(#3013,#3014,#3034,#3033));
#3068 = FACE_OUTER_BOUND('',#3067,.T.);
#3069 = DIRECTION('',(-0.987688341,-0.156434465,0.000000000));
#3070 = DIRECTION('',(0.156434465,-0.987688341,0.000000000));
#3071 = AXIS2_PLACEMENT_3D('',#3013,#3069,#3070);
#3072 = PLANE('',#3071);
#3073 = FACE_SURFACE('',(#3068),#3072,.T.);
#3074 = POLY_LOOP('',(#3014,#3015,#3035,#3034));
#3075 = FACE_OUTER_BOUND('',#3074,.T.);
#3076 = DIRECTION('',(-0.891006524,-0.453990500,0.000000000));
#3077 = DIRECTION('',(0.453990500,-0.891006524,0.000000000));
#3078 = AXIS2_PLACEMENT_3D('',#3014,#3076,#3077);
#3079 = PLANE('',#3078);
#3080 = FACE_SURFACE('',(#3075),#3079,.T.);
#3081 = POLY_LOOP('',(#3015,#3016,#3036,#3035));
#3082 = FACE_OUTER_BOUND('',#3081,.T.);
#3083 = DIRECTION('',(-0.707106781,-0.707106781,0.000000000));
#3084 = DIRECTION('',(0.707106781,-0.707106781,0.000000000));
#3085 = AXIS2_PLACEMENT_3D('',#3015,#3083,#3084);
#3086 = PLANE('',#3085);
#3087 = FACE_SURFACE('',(#3082),#3086,.T.);
#3088 = POLY_LOOP('',(#3016,#3017,#3037,#3036));
#3089 = FACE_OUTER_BOUND('',#3088,.T.);
#3090 = DIRECTION('',(-0.453990500,-0.891006524,0.000000000));
#3091 = DIRECTION('',(0.891006524,-0.453990500,0.000000000));
#3092 = AXIS2_PLACEMENT_3D('',#3016,#3090,#3091);
#3093 = PLANE('',#3092);
#3094 = FACE_SURFACE('',(#3089),#3093,.T.);
#3095 = POLY_LOOP('',(#3017,#3018,#3038,#3037));
#3096 = FACE_OUTER_BOUND('',#3095,.T.);
#3097 = DIRECTION('',(-0.156434465,-0.987688341,0.000000000));
#3098 = DIRECTION('',(0.987688341,-0.156434465,0.000000000));
#3099 = AXIS2_PLACEMENT_3D('',#3017,#3097,#3098);
#3100 = PLANE('',#3099);
#3101 = FACE_SURFACE('',(#3096),#3100,.T.);
#3102 = POLY_LOOP('',(#3018,#3019,#3039,#3038));
#3103 = FACE_OUTER_BOUND('',#3102,.T.);
#3104 = DIRECTION('',(0.156434465,-0.987688341,0.000000000));
#3105 = DIRECTION('',(0.987688341,0.156434465,0.000000000));
#3106 = AXIS2_PLACEMENT_3D('',#3018,#3104,#3105);
#3107 = PLANE('',#3106);
#3108 = FACE_SURFACE('',(#3103),#3107,.T.);
#3109 = POLY_LOOP('',(#3019,#3020,#3040,#3039));
#3110 = FACE_OUTER_BOUND('',#3109,.T.);
#3111 = DIRECTION('',(0.453990500,-0.891006524,0.000000000));
#3112 = DIRECTION('',(0.891006524,0.453990500,0.000000000));
#3113 = AXIS2_PLACEMENT_3D('',#3019,#3111,#3112);
#3114 = PLANE('',#3113);
#3115 = FACE_SURFACE('',(#3110),#3114,.T.);
#3116 = POLY_LOOP('',(#3020,#3021,#3041,#3040));
#3117 = FACE_OUTER_BOUND('',#3116,.T.);
#3118 = DIRECTION('',(0.707106781,-0.707106781,0.000000000));
#3119 = DIRECTION('',(0.707106781,0.707106781,0.000000000));
#3120 = AXIS2_PLACEMENT_3D('',#3020,#3118,#3119);
#3121 = PLANE('',#3120);
#3122 = FACE_SURFACE('',(#3117),#3121,.T.);
#3123 = POLY_LOOP('',(#3021,#3022,#3042,#3041));
#3124 = FACE_OUTER_BOUND('',#3123,.T.);
#3125 = DIRECTION('',(0.891006524,-0.453990500,0.000000000));
#3126 = DIRECTION('',(0.453990500,0.891006524,0.000000000));
#3127 = AXIS2_PLACEMENT_3D('',#3021,#3125,#3126);
#3128 = PLANE('',#3127);
#3129 = FACE_SURFACE('',(#3124),#3128,.T.);
#3130 = POLY_LOOP('',(#3022,#3023,#3043,#3042));
#3131 = FACE_OUTER_BOUND('',#3130,.T.);
#3132 = DIRECTION('',(0.987688341,-0.156434465,0.000000000));
#3133 = DIRECTION('',(0.156434465,0.987688341,0.000000000));
#3134 = AXIS2_PLACEMENT_3D('',#3022,#3132,#3133);
#3135 = PLANE('',#3134);
#3136 = FACE_SURFACE('',(#3131),#3135,.T.);
#3137 = POLY_LOOP('',(#3023,#3024,#3044,#3043));
#3138 = FACE_OUTER_BOUND('',#3137,.T.);
#3139 = DIRECTION('',(0.987688341,0.156434465,0.000000000));
#3140 = DIRECTION('',(-0.156434465,0.987688341,0.000000000));
#3141 = AXIS2_PLACEMENT_3D('',#3023,#3139,#3140);
#3142 = PLANE('',#3141);
#3143 = FACE_SURFACE('',(#3138),#3142,.T.);
#3144 = POLY_LOOP('',(#3024,#3025,#3045,#3044));
#3145 = FACE_OUTER_BOUND('',#3144,.T.);
#3146 = DIRECTION('',(0.891006524,0.453990500,0.000000000));
#3147 = DIRECTION('',(-0.453990500,0.891006524,0.000000000));
#3148 = AXIS2_PLACEMENT_3D('',#3024,#3146,#3147);
#3149 = PLANE('',#3148);
#3150 = FACE_SURFACE('',(#3145),#3149,.T.);
#3151 = POLY_LOOP('',(#3025,#3026,#3046,#3045));
#3152 = FACE_OUTER_BOUND('',#3151,.T.);
#3153 = DIRECTION('',(0.707106781,0.707106781,0.000000000));
#3154 = DIRECTION('',(-0.707106781,0.707106781,0.000000000));
#3155 = AXIS2_PLACEMENT_3D('',#3025,#3153,#3154);
#3156 = PLANE('',#3155);
#3157 = FACE_SURFACE('',(#3152),#3156,.T.);
#3158 = POLY_LOOP('',(#3026,#3027,#3047,#3046));
#3159 = FACE_OUTER_BOUND('',#3158,.T.);
#3160 = DIRECTION('',(0.453990500,0.891006524,0.000000000));
#3161 = DIRECTION('',(-0.891006524,0.453990500,0.000000000));
#3162 = AXIS2_PLACEMENT_3D('',#3026,#3160,#3161);
#3163 = PLANE('',#3162);
#3164 = FACE_SURFACE('',(#3159),#3163,.T.);
#3165 = POLY_LOOP('',(#3027,#3028,#3048,#3047));
#3166 = FACE_OUTER_BOUND('',#3165,.T.);
#3167 = DIRECTION('',(0.156434465,0.987688341,0.000000000));
#3168 = DIRECTION('',(-0.987688341,0.156434465,0.000000000));
#3169 = AXIS2_PLACEMENT_3D('',#3027,#3167,#3168);
#3170 = PLANE('',#3169);
#3171 = FACE_SURFACE('',(#3166),#3170,.T.);
#3172 = POLY_LOOP('',(#3028,#3029,#3049,#3048));
#3173 = FACE_OUTER_BOUND('',#3172,.T.);
#3174 = DIRECTION('',(-0.156434465,0.987688341,0.000000000));
#3175 = DIRECTION('',(-0.987688341,-0.156434465,0.000000000));
#3176 = AXIS2_PLACEMENT_3D('',#3028,#3174,#3175);
#3177 = PLANE('',#3176);
#3178 = FACE_SURFACE('',(#3173),#3177,.T.);
#3179 = POLY_LOOP('',(#3029,#3030,#3050,#3049));
#3180 = FACE_OUTER_BOUND('',#3179,.T.);
#3181 = DIRECTION('',(-0.453990500,0.891006524,0.000000000));
#3182 = DIRECTION('',(-0.891006524,-0.453990500,0.000000000));
#3183 = AXIS2_PLACEMENT_3D('',#3029,#3181,#3182);
#3184 = PLANE('',#3183);
#3185 = FACE_SURFACE('',(#3180),#3184,.T.);
#3186 = POLY_LOOP('',(#3030,#3031,#3051,#3050));
#3187 = FACE_OUTER_BOUND('',#3186,.T.);
#3188 = DIRECTION('',(-0.707106781,0.707106781,0.000000000));
#3189 = DIRECTION('',(-0.707106781,-0.707106781,0.000000000));
#3190 = AXIS2_PLACEMENT_3D('',#3030,#3188,#3189);
#3191 = PLANE('',#3190);
#3192 = FACE_SURFACE('',(#3187),#3191,.T.);
#3193 = POLY_LOOP('',(#3031,#3032,#3052,#3051));
#3194 = FACE_OUTER_BOUND('',#3193,.T.);
#3195 = DIRECTION('',(-0.891006524,0.453990500,0.000000000));
#3196 = DIRECTION('',(-0.453990500,-0.891006524,0.000000000));
#3197 = AXIS2_PLACEMENT_3D('',#3031,#3195,#3196);
#3198 = PLANE('',#3197);
#3199 = FACE_SURFACE('',(#3194),#3198,.T.);
#3200 = POLY_LOOP('',(#3032,#3013,#3033,#3052));
#3201 = FACE_OUTER_BOUND('',#3200,.T.);
#3202 = DIRECTION('',(-0.987688341,0.156434465,0.000000000));
#3203 = DIRECTION('',(-0.156434465,-0.987688341,0.000000000));
#3204 = AXIS2_PLACEMENT_3D('',#3032,#3202,#3203);
#3205 = PLANE('',#3204);
#3206 = FACE_SURFACE('',(#3201),#3205,.T.);
#3207 = CLOSED_SHELL('',(#3059,#3066,#3073,#3080,#3087,#3094,#3101,#3108,#3115,#3122,#3129,#3136,#3143,#3150,#3157,#3164,#3171,#3178,#3185,#3192,#3199,#3206));
#3208 = FACETED_BREP('silver FC connector',#3207);
#3209 = APPLICATION_CONTEXT('configuration controlled 3d designs of mechanical parts and assemblies');
#3210 = APPLICATION_PROTOCOL_DEFINITION('international standard','config_control_design',1994,#3209);
#3211 = PRODUCT_CONTEXT('',#3209,'mechanical');
#3212 = PRODUCT('REF','Illustrative reference','NOT vendor CAD',(#3211));
#3213 = PRODUCT_DEFINITION_FORMATION_WITH_SPECIFIED_SOURCE('','',#3212,.NOT_KNOWN.);
#3214 = PRODUCT_DEFINITION_CONTEXT('part definition',#3209,'design');
#3215 = PRODUCT_DEFINITION('design','',#3213,#3214);
#3216 = PRODUCT_DEFINITION_SHAPE('','',#3215);
#3217 = (LENGTH_UNIT()NAMED_UNIT(*)SI_UNIT(.MILLI.,.METRE.));
#3218 = (NAMED_UNIT(*)PLANE_ANGLE_UNIT()SI_UNIT($,.RADIAN.));
#3219 = (NAMED_UNIT(*)SI_UNIT($,.STERADIAN.)SOLID_ANGLE_UNIT());
#3220 = UNCERTAINTY_MEASURE_WITH_UNIT(LENGTH_MEASURE(0.000001),#3217,'distance_accuracy_value','');
#3221 = (GEOMETRIC_REPRESENTATION_CONTEXT(3)GLOBAL_UNCERTAINTY_ASSIGNED_CONTEXT((#3220))GLOBAL_UNIT_ASSIGNED_CONTEXT((#3217,#3218,#3219))REPRESENTATION_CONTEXT('',''));
#3222 = FACETED_BREP_SHAPE_REPRESENTATION('Illustrative reference',(#88,#176,#264,#352,#440,#528,#616,#704,#792,#880,#968,#1056,#1144,#1232,#1320,#1408,#1496,#1584,#1672,#1760,#1848,#1936,#2024,#2112,#2200,#2288,#2376,#2464,#2552,#2640,#2728,#2816,#3012,#3208),#3221);
#3223 = SHAPE_DEFINITION_REPRESENTATION(#3216,#3222);
ENDSEC;
END-ISO-10303-21;
