ISO-10303-21;
HEADER;
FILE_DESCRIPTION (( 'STEP AP214' ),
    '1' );
FILE_NAME ('Vaccum Sample Stage.STEP',
    '2026-10-09T15:56:05',
    ( '' ),
    ( '' ),
    'SwSTEP 2.0',
    'SolidWorks 2025',
    '' );
FILE_SCHEMA (( 'AUTOMOTIVE_DESIGN' ));
ENDSEC;

DATA;
#1 = CYLINDRICAL_SURFACE ( 'NONE', #1602, 1.249999999999994227 ) ;
#2 = FACE_OUTER_BOUND ( 'NONE', #750, .T. ) ;
#3 = VECTOR ( 'NONE', #90, 1000.000000000000000 ) ;
#4 = UNCERTAINTY_MEASURE_WITH_UNIT (LENGTH_MEASURE( 1.000000000000000082E-05 ), #967, 'distance_accuracy_value', 'NONE');
#5 = VECTOR ( 'NONE', #622, 1000.000000000000000 ) ;
#6 = ORIENTED_EDGE ( 'NONE', *, *, #662, .T. ) ;
#7 = EDGE_LOOP ( 'NONE', ( #1300, #1703 ) ) ;
#8 = EDGE_LOOP ( 'NONE', ( #719, #1528, #497, #154 ) ) ;
#9 = CARTESIAN_POINT ( 'NONE',  ( -38.47999999999999687, 5.000000000000000000, 27.25000000000000000 ) ) ;
#10 = DIRECTION ( 'NONE',  ( 1.000000000000000000, -0.000000000000000000, -0.000000000000000000 ) ) ;
#11 = CIRCLE ( 'NONE', #594, 4.000000000000000000 ) ;
#12 = ORIENTED_EDGE ( 'NONE', *, *, #1043, .T. ) ;
#13 = CARTESIAN_POINT ( 'NONE',  ( 32.50000000000002842, 15.00000000000000533, 19.99999999999999289 ) ) ;
#14 = VECTOR ( 'NONE', #357, 1000.000000000000000 ) ;
#15 = ORIENTED_EDGE ( 'NONE', *, *, #572, .T. ) ;
#16 = DIRECTION ( 'NONE',  ( 1.000000000000000000, 0.000000000000000000, -0.000000000000000000 ) ) ;
#17 = LINE ( 'NONE', #1789, #168 ) ;
#18 = APPLICATION_CONTEXT ( 'automotive_design' ) ;
#19 = ORIENTED_EDGE ( 'NONE', *, *, #570, .T. ) ;
#20 = EDGE_CURVE ( 'NONE', #1515, #527, #614, .T. ) ;
#21 = ORIENTED_EDGE ( 'NONE', *, *, #433, .T. ) ;
#22 = VECTOR ( 'NONE', #535, 1000.000000000000000 ) ;
#23 = ORIENTED_EDGE ( 'NONE', *, *, #1320, .F. ) ;
#24 = ADVANCED_FACE ( 'NONE', ( #1214 ), #633, .T. ) ;
#25 = PLANE ( 'NONE',  #351 ) ;
#26 = EDGE_CURVE ( 'NONE', #778, #1035, #1332, .T. ) ;
#27 = DIRECTION ( 'NONE',  ( 0.000000000000000000, 0.000000000000000000, -1.000000000000000000 ) ) ;
#28 = AXIS2_PLACEMENT_3D ( 'NONE', #1006, #275, #1448 ) ;
#29 = EDGE_CURVE ( 'NONE', #1215, #386, #1757, .T. ) ;
#30 = DIRECTION ( 'NONE',  ( -0.000000000000000000, 1.000000000000000000, -0.000000000000000000 ) ) ;
#31 = DIRECTION ( 'NONE',  ( -1.000000000000000000, 0.000000000000000000, 0.000000000000000000 ) ) ;
#32 = ORIENTED_EDGE ( 'NONE', *, *, #570, .F. ) ;
#33 = CARTESIAN_POINT ( 'NONE',  ( 6.239060473263115192, 20.99242460734184945, 0.1732589966742658638 ) ) ;
#34 = B_SPLINE_CURVE_WITH_KNOTS ( 'NONE', 3,
 ( #35, #781, #1487, #337, #913, #639, #617, #331, #1353, #1496, #193, #958, #1670, #783, #1087, #1069, #1651, #1543, #1817, #1808, #513, #812 ),
 .UNSPECIFIED., .F., .F.,
 ( 4, 2, 2, 2, 2, 2, 2, 2, 2, 2, 4 ),
 ( 0.000000000000000000, 0.0005226813165962923601, 0.001045362633192584720, 0.001568043949788876972, 0.001829384608087023315, 0.002090725266385169874, 0.002352065924683316000, 0.002613406582981462126, 0.003136087899577754811, 0.003658769216174047496, 0.004181450532770340615 ),
 .UNSPECIFIED. ) ;
#35 = CARTESIAN_POINT ( 'NONE',  ( 20.02000000000000668, 20.32915619758885484, 1.249999999999994227 ) ) ;
#36 = DIRECTION ( 'NONE',  ( 1.000000000000000000, 0.000000000000000000, 0.000000000000000000 ) ) ;
#37 = CARTESIAN_POINT ( 'NONE',  ( -46.74264068711929099, 20.32915619758885484, -1.249999999999993783 ) ) ;
#38 = CARTESIAN_POINT ( 'NONE',  ( -38.47999999999999687, 0.000000000000000000, 28.50000000000000000 ) ) ;
#39 = AXIS2_PLACEMENT_3D ( 'NONE', #1128, #694, #1558 ) ;
#40 = EDGE_CURVE ( 'NONE', #192, #1147, #470, .T. ) ;
#41 = ORIENTED_EDGE ( 'NONE', *, *, #1400, .T. ) ;
#42 = ADVANCED_FACE ( 'NONE', ( #327 ), #1623, .F. ) ;
#43 = ORIENTED_EDGE ( 'NONE', *, *, #234, .F. ) ;
#44 = AXIS2_PLACEMENT_3D ( 'NONE', #1064, #367, #1504 ) ;
#45 = VECTOR ( 'NONE', #1053, 1000.000000000000000 ) ;
#46 = AXIS2_PLACEMENT_3D ( 'NONE', #1401, #92, #671 ) ;
#47 = EDGE_CURVE ( 'NONE', #1257, #1537, #1774, .T. ) ;
#48 = CARTESIAN_POINT ( 'NONE',  ( 6.496179061085687323, 20.78436887407059785, -0.7864411749206160485 ) ) ;
#49 = ORIENTED_EDGE ( 'NONE', *, *, #189, .T. ) ;
#50 = CARTESIAN_POINT ( 'NONE',  ( 34.50000000000000000, 19.49999999999999645, 0.000000000000000000 ) ) ;
#51 = DIRECTION ( 'NONE',  ( 0.000000000000000000, 0.000000000000000000, 1.000000000000000000 ) ) ;
#52 = CARTESIAN_POINT ( 'NONE',  ( 19.98000000000000753, 24.99999999999999645, 0.000000000000000000 ) ) ;
#53 = DIRECTION ( 'NONE',  ( -0.000000000000000000, 1.000000000000000000, -0.000000000000000000 ) ) ;
#54 = DIRECTION ( 'NONE',  ( 0.000000000000000000, -1.000000000000000000, 0.000000000000000000 ) ) ;
#55 = VERTEX_POINT ( 'NONE', #1109 ) ;
#56 = CYLINDRICAL_SURFACE ( 'NONE', #1628, 1.250000000000001110 ) ;
#57 = ORIENTED_EDGE ( 'NONE', *, *, #1239, .F. ) ;
#58 = DIRECTION ( 'NONE',  ( 0.000000000000000000, -1.000000000000000000, 0.000000000000000000 ) ) ;
#59 = CARTESIAN_POINT ( 'NONE',  ( 22.50000000000000000, 25.50000000000000000, -24.99999999999999289 ) ) ;
#60 = CARTESIAN_POINT ( 'NONE',  ( 19.98000000000000753, 24.99999999999999645, -1.249999999999994227 ) ) ;
#61 = PLANE ( 'NONE',  #1022 ) ;
#62 = CARTESIAN_POINT ( 'NONE',  ( 42.50000000000002842, 5.000000000000004441, 24.99999999999996803 ) ) ;
#63 = CARTESIAN_POINT ( 'NONE',  ( -27.51999999999999957, 24.99999999999999645, -1.249999999999987121 ) ) ;
#64 = ORIENTED_EDGE ( 'NONE', *, *, #511, .F. ) ;
#65 = B_SPLINE_CURVE_WITH_KNOTS ( 'NONE', 3,
 ( #1887, #1742, #272, #1019, #1422, #119, #1454, #553, #1279, #984, #1606, #1856, #148, #1732, #546, #1562, #707, #828, #1414, #848, #1712, #262 ),
 .UNSPECIFIED., .F., .F.,
 ( 4, 2, 2, 2, 2, 2, 2, 2, 2, 2, 4 ),
 ( 0.000000000000000000, 0.0005226813165962917096, 0.001045362633192583419, 0.001568043949788875454, 0.001829384608087021146, 0.002090725266385166838, 0.002352065924683312530, 0.002613406582981458656, 0.003136087899577750041, 0.003658769216174041859, 0.004181450532770333677 ),
 .UNSPECIFIED. ) ;
#66 = CIRCLE ( 'NONE', #795, 2.500000000000002220 ) ;
#67 = CARTESIAN_POINT ( 'NONE',  ( 38.52000000000000313, 5.000000000000000000, -29.75000000000000355 ) ) ;
#68 = VERTEX_POINT ( 'NONE', #228 ) ;
#69 = LINE ( 'NONE', #1780, #1249 ) ;
#70 = CARTESIAN_POINT ( 'NONE',  ( 30.00000000000002842, 15.00000000000000533, 19.99999999999999289 ) ) ;
#71 = LINE ( 'NONE', #1523, #1685 ) ;
#72 = DIRECTION ( 'NONE',  ( 0.000000000000000000, 0.000000000000000000, 1.000000000000000000 ) ) ;
#73 = DIRECTION ( 'NONE',  ( 1.000000000000000000, 0.000000000000000000, -1.224510688924804602E-16 ) ) ;
#74 = ORIENTED_EDGE ( 'NONE', *, *, #1763, .T. ) ;
#75 = AXIS2_PLACEMENT_3D ( 'NONE', #702, #1851, #1450 ) ;
#76 = DIRECTION ( 'NONE',  ( 1.000000000000000000, -0.000000000000000000, -0.000000000000000000 ) ) ;
#77 = ORIENTED_EDGE ( 'NONE', *, *, #249, .F. ) ;
#78 = VECTOR ( 'NONE', #267, 1000.000000000000000 ) ;
#79 = CARTESIAN_POINT ( 'NONE',  ( -28.28261256224418219, 20.62395626468638099, -1.002404829080613125 ) ) ;
#80 = EDGE_CURVE ( 'NONE', #1124, #1072, #363, .T. ) ;
#81 = DIRECTION ( 'NONE',  ( 1.000000000000000000, -0.000000000000000000, -0.000000000000000000 ) ) ;
#82 = CARTESIAN_POINT ( 'NONE',  ( 42.50000000000001421, 25.50000000000000000, -24.99999999999999645 ) ) ;
#83 = DIRECTION ( 'NONE',  ( 0.000000000000000000, 0.000000000000000000, 1.000000000000000000 ) ) ;
#84 = DIRECTION ( 'NONE',  ( 0.000000000000000000, 0.000000000000000000, 1.000000000000000000 ) ) ;
#85 = ORIENTED_EDGE ( 'NONE', *, *, #1786, .T. ) ;
#86 = ORIENTED_EDGE ( 'NONE', *, *, #966, .F. ) ;
#87 = DIRECTION ( 'NONE',  ( 1.000000000000000000, 0.000000000000000000, -1.224510688924804602E-16 ) ) ;
#88 = EDGE_CURVE ( 'NONE', #1062, #860, #683, .T. ) ;
#89 = ADVANCED_FACE ( 'NONE', ( #787, #103, #1090, #503, #1812 ), #1527, .F. ) ;
#90 = DIRECTION ( 'NONE',  ( -1.000000000000000000, 0.000000000000000000, 0.000000000000000000 ) ) ;
#91 = CARTESIAN_POINT ( 'NONE',  ( 8.760404618495238438, 20.99197927833047927, 0.1768755936552490471 ) ) ;
#92 = DIRECTION ( 'NONE',  ( -0.000000000000000000, 0.000000000000000000, -1.000000000000000000 ) ) ;
#93 = CARTESIAN_POINT ( 'NONE',  ( -42.50000000000000000, 24.99999999999999645, 24.99999999999997513 ) ) ;
#94 = DIRECTION ( 'NONE',  ( -0.000000000000000000, 1.000000000000000000, -0.000000000000000000 ) ) ;
#95 = ORIENTED_EDGE ( 'NONE', *, *, #1242, .T. ) ;
#96 = ORIENTED_EDGE ( 'NONE', *, *, #1434, .T. ) ;
#97 = VECTOR ( 'NONE', #293, 1000.000000000000000 ) ;
#98 = CARTESIAN_POINT ( 'NONE',  ( -27.51999999999999602, 24.99999999999999645, 1.249999999999992450 ) ) ;
#99 = DIRECTION ( 'NONE',  ( 0.000000000000000000, 0.000000000000000000, 1.000000000000000000 ) ) ;
#100 = CARTESIAN_POINT ( 'NONE',  ( 8.760939526736878591, 20.99242460734182814, -0.1732589966744406407 ) ) ;
#101 = CYLINDRICAL_SURFACE ( 'NONE', #1112, 2.500000000000002220 ) ;
#102 = DIRECTION ( 'NONE',  ( 1.000000000000000000, 0.000000000000000000, 0.000000000000000000 ) ) ;
#103 = FACE_BOUND ( 'NONE', #1563, .T. ) ;
#104 = VERTEX_POINT ( 'NONE', #940 ) ;
#105 = EDGE_CURVE ( 'NONE', #1124, #615, #1233, .T. ) ;
#106 = DIRECTION ( 'NONE',  ( 0.000000000000000000, -1.000000000000000000, 0.000000000000000000 ) ) ;
#107 = VERTEX_POINT ( 'NONE', #961 ) ;
#108 = AXIS2_PLACEMENT_3D ( 'NONE', #580, #1746, #877 ) ;
#109 = AXIS2_PLACEMENT_3D ( 'NONE', #1708, #268, #832 ) ;
#110 = EDGE_CURVE ( 'NONE', #1362, #1178, #1412, .T. ) ;
#111 = CARTESIAN_POINT ( 'NONE',  ( -42.49999999999999289, 5.000000000000004441, 32.00000000000000000 ) ) ;
#112 = DIRECTION ( 'NONE',  ( 1.000000000000000000, -0.000000000000000000, -0.000000000000000000 ) ) ;
#113 = VECTOR ( 'NONE', #1490, 1000.000000000000000 ) ;
#114 = LINE ( 'NONE', #844, #448 ) ;
#115 = PRESENTATION_STYLE_ASSIGNMENT (( #384 ) ) ;
#116 = VECTOR ( 'NONE', #1357, 1000.000000000000000 ) ;
#117 = CARTESIAN_POINT ( 'NONE',  ( -38.52000000000001734, 5.000000000000000000, -29.75000000000000355 ) ) ;
#118 = ORIENTED_EDGE ( 'NONE', *, *, #505, .T. ) ;
#119 = CARTESIAN_POINT ( 'NONE',  ( -26.49617906108561982, 20.78436887407064404, 0.7864411749205484359 ) ) ;
#120 = ORIENTED_EDGE ( 'NONE', *, *, #1772, .T. ) ;
#121 = FACE_BOUND ( 'NONE', #816, .T. ) ;
#122 = CARTESIAN_POINT ( 'NONE',  ( -46.74264068711929099, 20.32915619758885484, -1.249999999999993783 ) ) ;
#123 = LINE ( 'NONE', #1557, #1050 ) ;
#124 = PRODUCT_DEFINITION_CONTEXT ( 'detailed design', #1328, 'design' ) ;
#125 = CARTESIAN_POINT ( 'NONE',  ( 38.52000000000003155, 5.000000000000000000, 29.75000000000006750 ) ) ;
#126 = CARTESIAN_POINT ( 'NONE',  ( 14.65496857248921891, 20.53682068539083971, 1.088256918479212132 ) ) ;
#127 = ORIENTED_EDGE ( 'NONE', *, *, #1337, .F. ) ;
#128 = FACE_BOUND ( 'NONE', #1195, .T. ) ;
#129 = ORIENTED_EDGE ( 'NONE', *, *, #253, .T. ) ;
#130 = ORIENTED_EDGE ( 'NONE', *, *, #137, .F. ) ;
#131 = ADVANCED_FACE ( 'NONE', ( #1794 ), #376, .F. ) ;
#132 = LINE ( 'NONE', #713, #371 ) ;
#133 = CARTESIAN_POINT ( 'NONE',  ( 7.697188976054166076, 20.32915619759357639, -1.250000000000063283 ) ) ;
#134 = FACE_OUTER_BOUND ( 'NONE', #1013, .T. ) ;
#135 = DIRECTION ( 'NONE',  ( -0.000000000000000000, -1.000000000000000000, -0.000000000000000000 ) ) ;
#136 = EDGE_LOOP ( 'NONE', ( #564, #954, #675, #962 ) ) ;
#137 = EDGE_CURVE ( 'NONE', #741, #1833, #1820, .T. ) ;
#138 = DIRECTION ( 'NONE',  ( 1.000000000000000000, 0.000000000000000000, 0.000000000000000000 ) ) ;
#139 = ORIENTED_EDGE ( 'NONE', *, *, #1585, .F. ) ;
#140 = ORIENTED_EDGE ( 'NONE', *, *, #449, .F. ) ;
#141 = CIRCLE ( 'NONE', #1264, 1.250000000000001110 ) ;
#142 = CARTESIAN_POINT ( 'NONE',  ( 38.48000000000003240, -4.336808689942017736E-16, 29.75000000000000355 ) ) ;
#143 = CARTESIAN_POINT ( 'NONE',  ( 38.52000000000003155, 5.000000000000000000, 27.25000000000000000 ) ) ;
#144 = CARTESIAN_POINT ( 'NONE',  ( 34.50000000000000000, 19.49999999999999645, 4.000000000000000000 ) ) ;
#145 = DIRECTION ( 'NONE',  ( -0.000000000000000000, 1.000000000000000000, -0.000000000000000000 ) ) ;
#146 = VECTOR ( 'NONE', #1185, 1000.000000000000000 ) ;
#147 = CARTESIAN_POINT ( 'NONE',  ( 30.00000000000002842, 15.00000000000000533, 19.99999999999999289 ) ) ;
#148 = CARTESIAN_POINT ( 'NONE',  ( -26.23906047326313029, 20.99242460734182458, -0.1732589966744406962 ) ) ;
#149 = ORIENTED_EDGE ( 'NONE', *, *, #916, .T. ) ;
#150 = ORIENTED_EDGE ( 'NONE', *, *, #317, .T. ) ;
#151 = CARTESIAN_POINT ( 'NONE',  ( 18.73011178196889048, 20.99990684838228105, -0.08850190431255346157 ) ) ;
#152 = DIRECTION ( 'NONE',  ( 1.000000000000000000, -0.000000000000000000, -0.000000000000000000 ) ) ;
#153 = DIRECTION ( 'NONE',  ( -0.000000000000000000, 1.000000000000000000, -0.000000000000000000 ) ) ;
#154 = ORIENTED_EDGE ( 'NONE', *, *, #641, .F. ) ;
#155 = EDGE_LOOP ( 'NONE', ( #1711, #560, #1726, #768 ) ) ;
#156 = CARTESIAN_POINT ( 'NONE',  ( 19.98000000000000753, 20.32915619758885484, -1.249999999999994227 ) ) ;
#157 = DIRECTION ( 'NONE',  ( 1.000000000000000000, 0.000000000000000000, 0.000000000000000000 ) ) ;
#158 = AXIS2_PLACEMENT_3D ( 'NONE', #1672, #502, #1080 ) ;
#159 = ORIENTED_EDGE ( 'NONE', *, *, #1400, .F. ) ;
#160 = EDGE_LOOP ( 'NONE', ( #1085, #120, #435, #1492 ) ) ;
#161 = ORIENTED_EDGE ( 'NONE', *, *, #1320, .T. ) ;
#162 = EDGE_CURVE ( 'NONE', #432, #872, #1456, .T. ) ;
#163 = ORIENTED_EDGE ( 'NONE', *, *, #1513, .F. ) ;
#164 = EDGE_CURVE ( 'NONE', #1227, #638, #1111, .T. ) ;
#165 = DIRECTION ( 'NONE',  ( 0.000000000000000000, 0.000000000000000000, 1.000000000000000000 ) ) ;
#166 = EDGE_CURVE ( 'NONE', #797, #424, #1024, .T. ) ;
#167 = CARTESIAN_POINT ( 'NONE',  ( 42.50000000000000000, 5.000000000000004441, 32.00000000000000000 ) ) ;
#168 = VECTOR ( 'NONE', #58, 1000.000000000000000 ) ;
#169 = EDGE_LOOP ( 'NONE', ( #974, #118, #1625, #1404 ) ) ;
#170 = ORIENTED_EDGE ( 'NONE', *, *, #1597, .F. ) ;
#171 = VECTOR ( 'NONE', #87, 1000.000000000000000 ) ;
#172 = EDGE_CURVE ( 'NONE', #615, #104, #825, .T. ) ;
#173 = EDGE_CURVE ( 'NONE', #241, #1216, #1514, .T. ) ;
#174 = ORIENTED_EDGE ( 'NONE', *, *, #1116, .F. ) ;
#175 = EDGE_CURVE ( 'NONE', #1633, #1380, #526, .T. ) ;
#176 = DIRECTION ( 'NONE',  ( -0.000000000000000000, 1.000000000000000000, -0.000000000000000000 ) ) ;
#177 = CARTESIAN_POINT ( 'NONE',  ( 38.48000000000000398, 5.000000000000000000, -28.50000000000000000 ) ) ;
#178 = CARTESIAN_POINT ( 'NONE',  ( 13.80279775265199582, 20.32915619758886194, -1.249999999999994449 ) ) ;
#179 = CARTESIAN_POINT ( 'NONE',  ( 38.48000000000000398, 5.000000000000000000, -29.75000000000000355 ) ) ;
#180 = ORIENTED_EDGE ( 'NONE', *, *, #1446, .F. ) ;
#181 = CARTESIAN_POINT ( 'NONE',  ( 6.230111781968889595, 20.99990684838228461, -0.08850190431255346157 ) ) ;
#182 = LINE ( 'NONE', #1066, #1747 ) ;
#183 = ADVANCED_FACE ( 'NONE', ( #385 ), #1402, .F. ) ;
#184 = AXIS2_PLACEMENT_3D ( 'NONE', #1588, #420, #579 ) ;
#185 = DIRECTION ( 'NONE',  ( -1.000000000000000000, 0.000000000000000000, -0.000000000000000000 ) ) ;
#186 = CIRCLE ( 'NONE', #1011, 1.250000000000001110 ) ;
#187 = DIRECTION ( 'NONE',  ( 0.000000000000000000, 0.000000000000000000, 1.000000000000000000 ) ) ;
#188 = ORIENTED_EDGE ( 'NONE', *, *, #703, .T. ) ;
#189 = EDGE_CURVE ( 'NONE', #797, #1455, #209, .T. ) ;
#190 = ORIENTED_EDGE ( 'NONE', *, *, #224, .T. ) ;
#191 = CARTESIAN_POINT ( 'NONE',  ( 6.844153813622800619, 20.53739098918877559, 1.087717627671289877 ) ) ;
#192 = VERTEX_POINT ( 'NONE', #1693 ) ;
#193 = CARTESIAN_POINT ( 'NONE',  ( 21.26988821803113439, 20.99990684838229527, 0.08850190431239812749 ) ) ;
#194 = CARTESIAN_POINT ( 'NONE',  ( 12.73011178196888515, 20.99990684838228461, -0.08850190431255137991 ) ) ;
#195 = CARTESIAN_POINT ( 'NONE',  ( -42.50000000000000000, 5.000000000000004441, 25.00000000000001421 ) ) ;
#196 = LINE ( 'NONE', #918, #5 ) ;
#197 = AXIS2_PLACEMENT_3D ( 'NONE', #1183, #299, #874 ) ;
#198 = VECTOR ( 'NONE', #804, 1000.000000000000000 ) ;
#199 = VERTEX_POINT ( 'NONE', #646 ) ;
#200 = ORIENTED_EDGE ( 'NONE', *, *, #712, .F. ) ;
#201 = CIRCLE ( 'NONE', #1021, 1.250000000000001110 ) ;
#202 = LINE ( 'NONE', #1351, #507 ) ;
#203 = ORIENTED_EDGE ( 'NONE', *, *, #1177, .F. ) ;
#204 = FACE_OUTER_BOUND ( 'NONE', #858, .T. ) ;
#205 = DIRECTION ( 'NONE',  ( 1.000000000000000000, -0.000000000000000000, -0.000000000000000000 ) ) ;
#206 = PLANE ( 'NONE',  #931 ) ;
#207 = CARTESIAN_POINT ( 'NONE',  ( -38.51999999999998892, 5.000000000000000000, 27.25000000000000000 ) ) ;
#208 = DIRECTION ( 'NONE',  ( -0.000000000000000000, 1.000000000000000000, -0.000000000000000000 ) ) ;
#209 = LINE ( 'NONE', #63, #22 ) ;
#210 = EDGE_LOOP ( 'NONE', ( #1684, #903, #242, #1385 ) ) ;
#211 = CIRCLE ( 'NONE', #366, 1.249999999999988898 ) ;
#212 = CARTESIAN_POINT ( 'NONE',  ( 6.229890248521853024, 21.00009145954232181, 0.08531561345487898018 ) ) ;
#213 = VERTEX_POINT ( 'NONE', #1224 ) ;
#214 = CARTESIAN_POINT ( 'NONE',  ( 38.48000000000003240, 0.000000000000000000, 28.50000000000000000 ) ) ;
#215 = DIRECTION ( 'NONE',  ( 0.000000000000000000, 0.000000000000000000, 1.000000000000000000 ) ) ;
#216 = DIRECTION ( 'NONE',  ( 1.000000000000000000, -0.000000000000000000, -0.000000000000000000 ) ) ;
#217 = CARTESIAN_POINT ( 'NONE',  ( -28.50475545844576786, 20.78510117443689964, 0.7852249332633592926 ) ) ;
#218 = DIRECTION ( 'NONE',  ( -2.081668171172170485E-16, -0.000000000000000000, -1.000000000000000000 ) ) ;
#219 = ORIENTED_EDGE ( 'NONE', *, *, #589, .F. ) ;
#220 = EDGE_CURVE ( 'NONE', #628, #1762, #211, .T. ) ;
#221 = LINE ( 'NONE', #496, #747 ) ;
#222 = VERTEX_POINT ( 'NONE', #1710 ) ;
#223 = CARTESIAN_POINT ( 'NONE',  ( -27.69720224734800951, 20.32915619758886194, -1.249999999999992006 ) ) ;
#224 = EDGE_CURVE ( 'NONE', #222, #1561, #1876, .T. ) ;
#225 = CARTESIAN_POINT ( 'NONE',  ( 7.480000000000010196, 20.32915619758885484, -1.249999999999994227 ) ) ;
#226 = CARTESIAN_POINT ( 'NONE',  ( -38.52000000000001734, 5.000000000000000000, -27.25000000000000000 ) ) ;
#227 = CARTESIAN_POINT ( 'NONE',  ( -38.52000000000001734, 0.000000000000000000, -28.50000000000000000 ) ) ;
#228 = CARTESIAN_POINT ( 'NONE',  ( 35.00000000000002842, 15.00000000000000533, 19.99999999999999289 ) ) ;
#229 = VERTEX_POINT ( 'NONE', #1864 ) ;
#230 = ADVANCED_BREP_SHAPE_REPRESENTATION ( 'Vaccum Sample Stage', ( #953, #1081 ), #623 ) ;
#231 = ORIENTED_EDGE ( 'NONE', *, *, #777, .F. ) ;
#232 = EDGE_CURVE ( 'NONE', #829, #743, #1882, .T. ) ;
#233 = VECTOR ( 'NONE', #1801, 1000.000000000000000 ) ;
#234 = EDGE_CURVE ( 'NONE', #1062, #626, #279, .T. ) ;
#235 = AXIS2_PLACEMENT_3D ( 'NONE', #1007, #1274, #1251 ) ;
#236 = DIRECTION ( 'NONE',  ( 1.000000000000000000, -0.000000000000000000, -0.000000000000000000 ) ) ;
#237 = CARTESIAN_POINT ( 'NONE',  ( 7.520000000000010232, 24.99999999999999645, -1.249999999999988898 ) ) ;
#238 = LINE ( 'NONE', #207, #476 ) ;
#239 = DIRECTION ( 'NONE',  ( 0.000000000000000000, 0.000000000000000000, -1.000000000000000000 ) ) ;
#240 = CARTESIAN_POINT ( 'NONE',  ( -29.50000000000000355, 19.49999999999999645, 0.000000000000000000 ) ) ;
#241 = VERTEX_POINT ( 'NONE', #1842 ) ;
#242 = ORIENTED_EDGE ( 'NONE', *, *, #433, .F. ) ;
#243 = APPLICATION_PROTOCOL_DEFINITION ( 'draft international standard', 'automotive_design', 1998, #1328 ) ;
#244 = LINE ( 'NONE', #968, #255 ) ;
#245 = CARTESIAN_POINT ( 'NONE',  ( 8.504755458445655947, 20.78510117443680016, -0.7852249332635228285 ) ) ;
#246 = EDGE_CURVE ( 'NONE', #1380, #1833, #443, .T. ) ;
#247 = DIRECTION ( 'NONE',  ( 0.000000000000000000, -0.000000000000000000, 1.000000000000000000 ) ) ;
#248 = DIRECTION ( 'NONE',  ( 1.000000000000000000, 0.000000000000000000, -0.000000000000000000 ) ) ;
#249 = EDGE_CURVE ( 'NONE', #732, #292, #1570, .T. ) ;
#250 = CARTESIAN_POINT ( 'NONE',  ( -42.50000000000000000, 5.000000000000004441, -32.00000000000000000 ) ) ;
#251 = ORIENTED_EDGE ( 'NONE', *, *, #1786, .F. ) ;
#252 = VERTEX_POINT ( 'NONE', #1000 ) ;
#253 = EDGE_CURVE ( 'NONE', #1430, #735, #857, .T. ) ;
#254 = CIRCLE ( 'NONE', #824, 1.250000000000001110 ) ;
#255 = VECTOR ( 'NONE', #556, 1000.000000000000000 ) ;
#256 = FACE_OUTER_BOUND ( 'NONE', #1326, .T. ) ;
#257 = LINE ( 'NONE', #1263, #78 ) ;
#258 = PLANE ( 'NONE',  #1603 ) ;
#259 = LINE ( 'NONE', #681, #1199 ) ;
#260 = CARTESIAN_POINT ( 'NONE',  ( 15.00475545844565950, 20.78510117443680727, -0.7852249332635231616 ) ) ;
#261 = EDGE_LOOP ( 'NONE', ( #1580, #849, #919, #150 ) ) ;
#262 = CARTESIAN_POINT ( 'NONE',  ( -27.48000000000033083, 20.32915619758885839, -1.249999999999992450 ) ) ;
#263 = ORIENTED_EDGE ( 'NONE', *, *, #1859, .T. ) ;
#264 = VECTOR ( 'NONE', #482, 1000.000000000000000 ) ;
#265 = CARTESIAN_POINT ( 'NONE',  ( 34.50000000000000000, 19.49999999999999645, 4.000000000000000000 ) ) ;
#266 = CIRCLE ( 'NONE', #1327, 2.500000000000002220 ) ;
#267 = DIRECTION ( 'NONE',  ( -0.000000000000000000, 1.000000000000000000, -0.000000000000000000 ) ) ;
#268 = DIRECTION ( 'NONE',  ( 0.000000000000000000, 0.000000000000000000, 1.000000000000000000 ) ) ;
#269 = CIRCLE ( 'NONE', #1659, 1.250000000000001110 ) ;
#270 = CARTESIAN_POINT ( 'NONE',  ( 14.02000000000001023, 20.32915619758885484, 1.249999999999994227 ) ) ;
#271 = ORIENTED_EDGE ( 'NONE', *, *, #1439, .F. ) ;
#272 = CARTESIAN_POINT ( 'NONE',  ( -27.13593331374167406, 20.38892852929702215, 1.212066963527205665 ) ) ;
#273 = VERTEX_POINT ( 'NONE', #581 ) ;
#274 = EDGE_CURVE ( 'NONE', #1458, #1443, #1429, .T. ) ;
#275 = DIRECTION ( 'NONE',  ( 1.000000000000000000, -0.000000000000000000, -0.000000000000000000 ) ) ;
#276 = DIRECTION ( 'NONE',  ( 0.000000000000000000, 0.000000000000000000, 1.000000000000000000 ) ) ;
#277 = DIRECTION ( 'NONE',  ( 1.084202172485504434E-16, 0.000000000000000000, 1.000000000000000000 ) ) ;
#278 = VECTOR ( 'NONE', #1141, 1000.000000000000000 ) ;
#279 = LINE ( 'NONE', #1722, #278 ) ;
#280 = ORIENTED_EDGE ( 'NONE', *, *, #1382, .F. ) ;
#281 = CARTESIAN_POINT ( 'NONE',  ( 38.48000000000003240, 0.000000000000000000, 27.25000000000000000 ) ) ;
#282 = VERTEX_POINT ( 'NONE', #147 ) ;
#283 = VECTOR ( 'NONE', #1573, 1000.000000000000000 ) ;
#284 = ORIENTED_EDGE ( 'NONE', *, *, #1734, .T. ) ;
#285 = AXIS2_PLACEMENT_3D ( 'NONE', #214, #651, #1229 ) ;
#286 = EDGE_CURVE ( 'NONE', #55, #1561, #1282, .T. ) ;
#287 = CYLINDRICAL_SURFACE ( 'NONE', #197, 1.249999999999994227 ) ;
#288 = DIRECTION ( 'NONE',  ( -0.000000000000000000, 1.000000000000000000, -0.000000000000000000 ) ) ;
#289 = DIRECTION ( 'NONE',  ( -0.000000000000000000, 1.000000000000000000, -0.000000000000000000 ) ) ;
#290 = FACE_OUTER_BOUND ( 'NONE', #296, .T. ) ;
#291 = CARTESIAN_POINT ( 'NONE',  ( 14.65584618637702441, 20.53739098918864769, -1.087717627671411780 ) ) ;
#292 = VERTEX_POINT ( 'NONE', #303 ) ;
#293 = DIRECTION ( 'NONE',  ( 0.000000000000000000, 0.000000000000000000, 1.000000000000000000 ) ) ;
#294 = VERTEX_POINT ( 'NONE', #878 ) ;
#295 = ADVANCED_FACE ( 'NONE', ( #1463 ), #544, .F. ) ;
#296 = EDGE_LOOP ( 'NONE', ( #1315, #536, #188, #545, #1255, #577, #95, #1731 ) ) ;
#297 = ADVANCED_FACE ( 'NONE', ( #1277 ), #981, .F. ) ;
#298 = CIRCLE ( 'NONE', #1350, 1.249999999999990674 ) ;
#299 = DIRECTION ( 'NONE',  ( -0.000000000000000000, 1.000000000000000000, -0.000000000000000000 ) ) ;
#300 = CARTESIAN_POINT ( 'NONE',  ( 38.48000000000003240, 5.000000000000000000, 27.25000000000000000 ) ) ;
#301 = DIRECTION ( 'NONE',  ( 1.000000000000000000, 0.000000000000000000, -0.000000000000000000 ) ) ;
#302 = VECTOR ( 'NONE', #54, 1000.000000000000000 ) ;
#303 = CARTESIAN_POINT ( 'NONE',  ( -38.52000000000001734, 0.000000000000000000, -29.75000000000000355 ) ) ;
#304 = ORIENTED_EDGE ( 'NONE', *, *, #105, .F. ) ;
#305 = ORIENTED_EDGE ( 'NONE', *, *, #274, .F. ) ;
#306 = DIRECTION ( 'NONE',  ( 0.000000000000000000, 0.000000000000000000, 1.000000000000000000 ) ) ;
#307 = FACE_OUTER_BOUND ( 'NONE', #1113, .T. ) ;
#308 = ADVANCED_FACE ( 'NONE', ( #1854 ), #551, .F. ) ;
#309 = ORIENTED_EDGE ( 'NONE', *, *, #166, .F. ) ;
#310 = ORIENTED_EDGE ( 'NONE', *, *, #173, .T. ) ;
#311 = ORIENTED_EDGE ( 'NONE', *, *, #1765, .T. ) ;
#312 = ADVANCED_FACE ( 'NONE', ( #853 ), #1016, .F. ) ;
#313 = ORIENTED_EDGE ( 'NONE', *, *, #1044, .F. ) ;
#314 = CARTESIAN_POINT ( 'NONE',  ( 18.90126500251058417, 20.86000896445770536, 0.6534194601235102651 ) ) ;
#315 = DIRECTION ( 'NONE',  ( 0.000000000000000000, 0.000000000000000000, -1.000000000000000000 ) ) ;
#316 = UNCERTAINTY_MEASURE_WITH_UNIT (LENGTH_MEASURE( 1.000000000000000082E-05 ), #396, 'distance_accuracy_value', 'NONE');
#317 = EDGE_CURVE ( 'NONE', #1147, #809, #1884, .T. ) ;
#318 = AXIS2_PLACEMENT_3D ( 'NONE', #401, #548, #1283 ) ;
#319 = ORIENTED_EDGE ( 'NONE', *, *, #47, .F. ) ;
#320 = ORIENTED_EDGE ( 'NONE', *, *, #1513, .T. ) ;
#321 = ORIENTED_EDGE ( 'NONE', *, *, #635, .T. ) ;
#322 = PLANE ( 'NONE',  #1324 ) ;
#323 = CARTESIAN_POINT ( 'NONE',  ( -27.47999999999999687, 24.99999999999999645, -1.249999999999987121 ) ) ;
#324 = CARTESIAN_POINT ( 'NONE',  ( 12.99524454155423747, 20.78510117443690319, 0.7852249332633628454 ) ) ;
#325 = COLOUR_RGB ( '',0.7921568627450980005, 0.8196078431372548767, 0.9333333333333333481 ) ;
#326 = VECTOR ( 'NONE', #112, 1000.000000000000000 ) ;
#327 = FACE_OUTER_BOUND ( 'NONE', #1795, .T. ) ;
#328 = ORIENTED_EDGE ( 'NONE', *, *, #572, .F. ) ;
#329 = EDGE_CURVE ( 'NONE', #732, #1216, #1460, .T. ) ;
#330 = CARTESIAN_POINT ( 'NONE',  ( 6.401265002510578839, 20.86000896445770181, 0.6534194601235100430 ) ) ;
#331 = CARTESIAN_POINT ( 'NONE',  ( 21.19822034938178135, 20.94059512928400935, 0.4257842083252834087 ) ) ;
#332 = LINE ( 'NONE', #1220, #1643 ) ;
#333 = CARTESIAN_POINT ( 'NONE',  ( 7.480000000000010196, 24.99999999999999645, 0.000000000000000000 ) ) ;
#334 = VERTEX_POINT ( 'NONE', #441 ) ;
#335 = EDGE_LOOP ( 'NONE', ( #1280, #1091, #1519, #1206 ) ) ;
#336 = CARTESIAN_POINT ( 'NONE',  ( 38.48000000000000398, 0.000000000000000000, -28.50000000000000000 ) ) ;
#337 = CARTESIAN_POINT ( 'NONE',  ( 20.65496857248921003, 20.53682068539084682, 1.088256918479210134 ) ) ;
#338 = LINE ( 'NONE', #915, #1161 ) ;
#339 = VECTOR ( 'NONE', #1051, 1000.000000000000000 ) ;
#340 = DIRECTION ( 'NONE',  ( -0.000000000000000000, 0.000000000000000000, -1.000000000000000000 ) ) ;
#341 = CARTESIAN_POINT ( 'NONE',  ( -28.28418223853976698, 20.62504053673634985, 1.001172819775656198 ) ) ;
#342 = ORIENTED_EDGE ( 'NONE', *, *, #914, .T. ) ;
#343 = ORIENTED_EDGE ( 'NONE', *, *, #528, .T. ) ;
#344 = CARTESIAN_POINT ( 'NONE',  ( 7.302797752651995822, 20.32915619758885484, -1.249999999999993783 ) ) ;
#345 = ORIENTED_EDGE ( 'NONE', *, *, #1634, .F. ) ;
#346 = DIRECTION ( 'NONE',  ( -0.000000000000000000, 1.000000000000000000, -0.000000000000000000 ) ) ;
#347 = LINE ( 'NONE', #59, #1065 ) ;
#348 = CARTESIAN_POINT ( 'NONE',  ( 38.48000000000000398, 5.000000000000000000, -27.24999999999995381 ) ) ;
#349 = CARTESIAN_POINT ( 'NONE',  ( -42.50000000000000000, 5.000000000000004441, -32.00000000000000000 ) ) ;
#350 = LINE ( 'NONE', #1535, #983 ) ;
#351 = AXIS2_PLACEMENT_3D ( 'NONE', #1190, #1334, #16 ) ;
#352 = DIRECTION ( 'NONE',  ( 0.000000000000000000, 1.000000000000000000, 0.000000000000000000 ) ) ;
#353 = ORIENTED_EDGE ( 'NONE', *, *, #220, .T. ) ;
#354 = AXIS2_PLACEMENT_3D ( 'NONE', #1433, #1825, #1425 ) ;
#355 = AXIS2_PLACEMENT_3D ( 'NONE', #13, #1340, #599 ) ;
#356 = VECTOR ( 'NONE', #1204, 1000.000000000000000 ) ;
#357 = DIRECTION ( 'NONE',  ( -1.000000000000000000, 0.000000000000000000, 0.000000000000000000 ) ) ;
#358 = EDGE_LOOP ( 'NONE', ( #388, #1476, #1014, #591 ) ) ;
#359 = CARTESIAN_POINT ( 'NONE',  ( 13.63459759407626493, 20.38948440893447867, 1.211662984603968596 ) ) ;
#360 = CARTESIAN_POINT ( 'NONE',  ( 13.98000000000000931, 24.99999999999999645, -1.249999999999994227 ) ) ;
#361 = DIRECTION ( 'NONE',  ( -3.965082230804113259E-15, 0.000000000000000000, 1.000000000000000000 ) ) ;
#362 = FACE_OUTER_BOUND ( 'NONE', #879, .T. ) ;
#363 = LINE ( 'NONE', #972, #1173 ) ;
#364 = EDGE_LOOP ( 'NONE', ( #1309, #1531, #880, #1372 ) ) ;
#365 = EDGE_CURVE ( 'NONE', #1423, #463, #997, .T. ) ;
#366 = AXIS2_PLACEMENT_3D ( 'NONE', #1802, #1664, #1741 ) ;
#367 = DIRECTION ( 'NONE',  ( -0.000000000000000000, 1.000000000000000000, -0.000000000000000000 ) ) ;
#368 = VERTEX_POINT ( 'NONE', #1599 ) ;
#369 = LINE ( 'NONE', #1532, #739 ) ;
#370 = LINE ( 'NONE', #37, #356 ) ;
#371 = VECTOR ( 'NONE', #1291, 1000.000000000000000 ) ;
#372 = DIRECTION ( 'NONE',  ( 1.000000000000000000, 0.000000000000000000, 0.000000000000000000 ) ) ;
#373 = CARTESIAN_POINT ( 'NONE',  ( -28.69929860498074703, 20.94147805979097754, 0.4228313454671821514 ) ) ;
#374 = ADVANCED_FACE ( 'NONE', ( #1148 ), #1727, .F. ) ;
#375 = EDGE_CURVE ( 'NONE', #1561, #1583, #132, .T. ) ;
#376 = PLANE ( 'NONE',  #1608 ) ;
#377 = ORIENTED_EDGE ( 'NONE', *, *, #175, .F. ) ;
#378 = ADVANCED_FACE ( 'NONE', ( #1870 ), #567, .F. ) ;
#379 = ORIENTED_EDGE ( 'NONE', *, *, #1830, .T. ) ;
#380 = PLANE ( 'NONE',  #354 ) ;
#381 = DIRECTION ( 'NONE',  ( 1.000000000000000000, 0.000000000000000000, 0.000000000000000000 ) ) ;
#382 = CARTESIAN_POINT ( 'NONE',  ( 14.02000000000001023, 24.99999999999999645, -1.249999999999994227 ) ) ;
#383 = DIRECTION ( 'NONE',  ( -0.000000000000000000, 1.000000000000000000, -0.000000000000000000 ) ) ;
#384 = SURFACE_STYLE_USAGE ( .BOTH. , #414 ) ;
#385 = FACE_OUTER_BOUND ( 'NONE', #1750, .T. ) ;
#386 = VERTEX_POINT ( 'NONE', #143 ) ;
#387 = AXIS2_PLACEMENT_3D ( 'NONE', #403, #145, #978 ) ;
#388 = ORIENTED_EDGE ( 'NONE', *, *, #469, .T. ) ;
#389 = AXIS2_PLACEMENT_3D ( 'NONE', #1253, #102, #1266 ) ;
#390 = VECTOR ( 'NONE', #1673, 1000.000000000000000 ) ;
#391 = EDGE_CURVE ( 'NONE', #1753, #1135, #1761, .T. ) ;
#392 = AXIS2_PLACEMENT_3D ( 'NONE', #534, #1691, #1688 ) ;
#393 = CARTESIAN_POINT ( 'NONE',  ( -38.47999999999999687, 5.000000000000000000, 29.75000000000006750 ) ) ;
#394 = CARTESIAN_POINT ( 'NONE',  ( 8.698220349381790228, 20.94059512928400935, 0.4257842083252850185 ) ) ;
#395 = DIRECTION ( 'NONE',  ( -0.000000000000000000, 1.000000000000000000, -0.000000000000000000 ) ) ;
#396 =( LENGTH_UNIT ( ) NAMED_UNIT ( * ) SI_UNIT ( .MILLI., .METRE. ) );
#397 = ADVANCED_FACE ( 'NONE', ( #1269 ), #1702, .F. ) ;
#398 = DIRECTION ( 'NONE',  ( 0.000000000000000000, 0.000000000000000000, -1.000000000000000000 ) ) ;
#399 = ORIENTED_EDGE ( 'NONE', *, *, #1256, .T. ) ;
#400 = EDGE_LOOP ( 'NONE', ( #41, #597, #600, #458, #1796, #538 ) ) ;
#401 = CARTESIAN_POINT ( 'NONE',  ( -29.50000000000000711, 25.50000000000000000, -32.00000000000000000 ) ) ;
#402 = CARTESIAN_POINT ( 'NONE',  ( 7.864066686258342820, 20.38892852929701860, 1.212066963527206109 ) ) ;
#403 = CARTESIAN_POINT ( 'NONE',  ( -27.47999999999999687, 24.99999999999999645, 0.000000000000000000 ) ) ;
#404 = FACE_OUTER_BOUND ( 'NONE', #427, .T. ) ;
#405 = DIRECTION ( 'NONE',  ( 0.000000000000000000, 0.000000000000000000, 1.000000000000000000 ) ) ;
#406 = VERTEX_POINT ( 'NONE', #407 ) ;
#407 = CARTESIAN_POINT ( 'NONE',  ( 42.50000000000000000, 19.49999999999999645, 4.000000000000000000 ) ) ;
#408 = ORIENTED_EDGE ( 'NONE', *, *, #584, .F. ) ;
#409 = APPLICATION_PROTOCOL_DEFINITION ( 'draft international standard', 'automotive_design', 1998, #18 ) ;
#410 = CIRCLE ( 'NONE', #1472, 1.250000000000001110 ) ;
#411 = CARTESIAN_POINT ( 'NONE',  ( -27.51999999999999602, 20.32915619758885839, -1.249999999999992450 ) ) ;
#412 = CARTESIAN_POINT ( 'NONE',  ( 7.519999999999679829, 20.32915619758885484, -1.249999999999994227 ) ) ;
#413 = DIRECTION ( 'NONE',  ( 1.000000000000000000, -0.000000000000000000, -0.000000000000000000 ) ) ;
#414 = SURFACE_SIDE_STYLE ('',( #1819 ) ) ;
#415 = CARTESIAN_POINT ( 'NONE',  ( 14.01999999999967805, 20.32915619758885484, -1.249999999999994227 ) ) ;
#416 = ORIENTED_EDGE ( 'NONE', *, *, #711, .T. ) ;
#417 = FACE_OUTER_BOUND ( 'NONE', #457, .T. ) ;
#418 = ORIENTED_EDGE ( 'NONE', *, *, #635, .F. ) ;
#419 = AXIS2_PLACEMENT_3D ( 'NONE', #1191, #157, #1630 ) ;
#420 = DIRECTION ( 'NONE',  ( -0.000000000000000000, 0.000000000000000000, -1.000000000000000000 ) ) ;
#421 = DIRECTION ( 'NONE',  ( -9.912705577010348229E-16, 0.000000000000000000, -1.000000000000000000 ) ) ;
#422 = DIRECTION ( 'NONE',  ( 0.000000000000000000, 0.000000000000000000, 1.000000000000000000 ) ) ;
#423 = CARTESIAN_POINT ( 'NONE',  ( 38.52000000000000313, 5.000000000000000000, -29.75000000000000355 ) ) ;
#424 = VERTEX_POINT ( 'NONE', #575 ) ;
#425 = DIRECTION ( 'NONE',  ( 0.000000000000000000, 0.000000000000000000, 1.000000000000000000 ) ) ;
#426 = EDGE_LOOP ( 'NONE', ( #1246, #1701, #1352, #495 ) ) ;
#427 = EDGE_LOOP ( 'NONE', ( #964, #251, #1642, #1776 ) ) ;
#428 = CARTESIAN_POINT ( 'NONE',  ( 38.48000000000000398, 5.000000000000000000, -28.50000000000000000 ) ) ;
#429 = CARTESIAN_POINT ( 'NONE',  ( 7.519999999999679829, 20.32915619758885484, -1.249999999999994227 ) ) ;
#430 = LINE ( 'NONE', #1008, #770 ) ;
#431 = CARTESIAN_POINT ( 'NONE',  ( 15.27010975147815586, 21.00009145954232537, -0.08531561345504554139 ) ) ;
#432 = VERTEX_POINT ( 'NONE', #1153 ) ;
#433 = EDGE_CURVE ( 'NONE', #1443, #1310, #994, .T. ) ;
#434 = DIRECTION ( 'NONE',  ( 0.000000000000000000, -0.000000000000000000, 1.000000000000000000 ) ) ;
#435 = ORIENTED_EDGE ( 'NONE', *, *, #777, .T. ) ;
#436 = EDGE_CURVE ( 'NONE', #1596, #1054, #718, .T. ) ;
#437 = AXIS2_PLACEMENT_3D ( 'NONE', #444, #838, #869 ) ;
#438 = EDGE_LOOP ( 'NONE', ( #890, #799, #464, #1644 ) ) ;
#439 = VECTOR ( 'NONE', #185, 1000.000000000000000 ) ;
#440 = CARTESIAN_POINT ( 'NONE',  ( 18.99617906108569088, 20.78436887407059430, -0.7864411749206183799 ) ) ;
#441 = CARTESIAN_POINT ( 'NONE',  ( 38.48000000000000398, -4.336808689942017736E-16, -27.25000000000000000 ) ) ;
#442 = DIRECTION ( 'NONE',  ( 0.000000000000000000, 0.000000000000000000, 1.000000000000000000 ) ) ;
#443 = LINE ( 'NONE', #423, #1669 ) ;
#444 = CARTESIAN_POINT ( 'NONE',  ( -42.49999999999999289, 25.50000000000000000, 32.00000000000000000 ) ) ;
#445 = ORIENTED_EDGE ( 'NONE', *, *, #1526, .F. ) ;
#446 = ORIENTED_EDGE ( 'NONE', *, *, #1517, .T. ) ;
#447 = AXIS2_PLACEMENT_3D ( 'NONE', #1321, #10, #315 ) ;
#448 = VECTOR ( 'NONE', #1698, 1000.000000000000000 ) ;
#449 = EDGE_CURVE ( 'NONE', #778, #1430, #1844, .T. ) ;
#450 = CARTESIAN_POINT ( 'NONE',  ( 19.34415381362279618, 20.53739098918877204, 1.087717627671289655 ) ) ;
#451 = FACE_BOUND ( 'NONE', #647, .T. ) ;
#452 = EDGE_CURVE ( 'NONE', #1615, #1723, #65, .T. ) ;
#453 = AXIS2_PLACEMENT_3D ( 'NONE', #466, #472, #601 ) ;
#454 = ORIENTED_EDGE ( 'NONE', *, *, #703, .F. ) ;
#455 = VECTOR ( 'NONE', #81, 1000.000000000000000 ) ;
#456 = ADVANCED_FACE ( 'NONE', ( #128, #1123, #417 ), #1879, .T. ) ;
#457 = EDGE_LOOP ( 'NONE', ( #1342, #817, #1548, #139 ) ) ;
#458 = ORIENTED_EDGE ( 'NONE', *, *, #1785, .F. ) ;
#459 = ORIENTED_EDGE ( 'NONE', *, *, #1092, .F. ) ;
#460 = DIRECTION ( 'NONE',  ( -1.000000000000000000, 0.000000000000000000, 0.000000000000000000 ) ) ;
#461 = LINE ( 'NONE', #1017, #146 ) ;
#462 = ORIENTED_EDGE ( 'NONE', *, *, #636, .F. ) ;
#463 = VERTEX_POINT ( 'NONE', #1144 ) ;
#464 = ORIENTED_EDGE ( 'NONE', *, *, #110, .F. ) ;
#465 = AXIS2_PLACEMENT_3D ( 'NONE', #300, #1302, #876 ) ;
#466 = CARTESIAN_POINT ( 'NONE',  ( -27.47999999999999687, 24.99999999999999645, 0.000000000000000000 ) ) ;
#467 = CARTESIAN_POINT ( 'NONE',  ( 34.50000000000000000, 19.49999999999999645, 0.000000000000000000 ) ) ;
#468 = ORIENTED_EDGE ( 'NONE', *, *, #1337, .T. ) ;
#469 = EDGE_CURVE ( 'NONE', #1215, #199, #522, .T. ) ;
#470 = LINE ( 'NONE', #1045, #1839 ) ;
#471 = ORIENTED_EDGE ( 'NONE', *, *, #449, .T. ) ;
#472 = DIRECTION ( 'NONE',  ( -0.000000000000000000, 1.000000000000000000, -0.000000000000000000 ) ) ;
#473 = DIRECTION ( 'NONE',  ( 1.000000000000000000, -0.000000000000000000, -0.000000000000000000 ) ) ;
#474 = CARTESIAN_POINT ( 'NONE',  ( 12.99617906108568377, 20.78436887407059075, -0.7864411749206158264 ) ) ;
#475 = FACE_OUTER_BOUND ( 'NONE', #8, .T. ) ;
#476 = VECTOR ( 'NONE', #216, 1000.000000000000000 ) ;
#477 = CARTESIAN_POINT ( 'NONE',  ( 7.520000000000010232, 24.99999999999999645, -1.249999999999994227 ) ) ;
#478 = ORIENTED_EDGE ( 'NONE', *, *, #20, .F. ) ;
#479 = DIRECTION ( 'NONE',  ( 0.000000000000000000, 0.000000000000000000, 1.000000000000000000 ) ) ;
#480 = DIRECTION ( 'NONE',  ( 0.000000000000000000, 0.000000000000000000, -1.000000000000000000 ) ) ;
#481 = DIRECTION ( 'NONE',  ( 1.000000000000000000, -0.000000000000000000, -0.000000000000000000 ) ) ;
#482 = DIRECTION ( 'NONE',  ( 1.000000000000000000, 0.000000000000000000, -5.306212985340819612E-16 ) ) ;
#483 = CARTESIAN_POINT ( 'NONE',  ( -28.76093952673689458, 20.99242460734184945, 0.1732589966742616450 ) ) ;
#484 = EDGE_LOOP ( 'NONE', ( #1881, #933, #985, #1445 ) ) ;
#485 = EDGE_CURVE ( 'NONE', #432, #829, #1442, .T. ) ;
#486 = EDGE_LOOP ( 'NONE', ( #446, #1038, #625, #585 ) ) ;
#487 = CARTESIAN_POINT ( 'NONE',  ( 0.000000000000000000, 24.99999999999999645, 0.000000000000000000 ) ) ;
#488 = CARTESIAN_POINT ( 'NONE',  ( 38.48000000000003240, -4.336808689942017736E-16, 29.75000000000000355 ) ) ;
#489 = CARTESIAN_POINT ( 'NONE',  ( 12.77465038830054134, 20.96296547669640020, 0.3421723286919825524 ) ) ;
#490 = FACE_OUTER_BOUND ( 'NONE', #438, .T. ) ;
#491 = CARTESIAN_POINT ( 'NONE',  ( 13.98000000000000931, 24.99999999999999645, 1.249999999999994227 ) ) ;
#492 = VECTOR ( 'NONE', #1117, 1000.000000000000000 ) ;
#493 = CARTESIAN_POINT ( 'NONE',  ( 14.02000000000001023, 24.99999999999999645, 0.000000000000000000 ) ) ;
#494 = ORIENTED_EDGE ( 'NONE', *, *, #1160, .F. ) ;
#495 = ORIENTED_EDGE ( 'NONE', *, *, #1772, .F. ) ;
#496 = CARTESIAN_POINT ( 'NONE',  ( 7.480000000000009308, 24.99999999999999645, -1.249999999999988898 ) ) ;
#497 = ORIENTED_EDGE ( 'NONE', *, *, #1099, .T. ) ;
#498 = EDGE_CURVE ( 'NONE', #1495, #1072, #1308, .T. ) ;
#499 = DIRECTION ( 'NONE',  ( 0.000000000000000000, 0.000000000000000000, -1.000000000000000000 ) ) ;
#500 = DIRECTION ( 'NONE',  ( 0.000000000000000000, 0.000000000000000000, 1.000000000000000000 ) ) ;
#501 = CARTESIAN_POINT ( 'NONE',  ( 20.01999999999967272, 20.32915619758885484, -1.249999999999994227 ) ) ;
#502 = DIRECTION ( 'NONE',  ( -0.000000000000000000, 1.000000000000000000, -0.000000000000000000 ) ) ;
#503 = FACE_BOUND ( 'NONE', #1477, .T. ) ;
#504 = ORIENTED_EDGE ( 'NONE', *, *, #274, .T. ) ;
#505 = EDGE_CURVE ( 'NONE', #1030, #241, #186, .T. ) ;
#506 = EDGE_CURVE ( 'NONE', #104, #273, #1002, .T. ) ;
#507 = VECTOR ( 'NONE', #1666, 1000.000000000000000 ) ;
#508 = LINE ( 'NONE', #518, #1507 ) ;
#509 = ORIENTED_EDGE ( 'NONE', *, *, #920, .T. ) ;
#510 = EDGE_CURVE ( 'NONE', #292, #241, #1338, .T. ) ;
#511 = EDGE_CURVE ( 'NONE', #1227, #1753, #69, .T. ) ;
#512 = DIRECTION ( 'NONE',  ( 0.000000000000000000, 0.000000000000000000, 1.000000000000000000 ) ) ;
#513 = CARTESIAN_POINT ( 'NONE',  ( 20.19718897605416430, 20.32915619759357639, -1.250000000000063727 ) ) ;
#514 = CARTESIAN_POINT ( 'NONE',  ( -46.74264068711929099, 20.32915619758885839, 1.249999999999992006 ) ) ;
#515 = CYLINDRICAL_SURFACE ( 'NONE', #1133, 1.249999999999994227 ) ;
#516 = DIRECTION ( 'NONE',  ( 1.000000000000000000, -0.000000000000000000, 0.000000000000000000 ) ) ;
#517 = ORIENTED_EDGE ( 'NONE', *, *, #531, .T. ) ;
#518 = CARTESIAN_POINT ( 'NONE',  ( -42.50000000000000000, -85.28774824088162632, 25.00000000000001421 ) ) ;
#519 = EDGE_LOOP ( 'NONE', ( #149, #1225, #1168, #1618 ) ) ;
#520 = LINE ( 'NONE', #947, #492 ) ;
#521 = CARTESIAN_POINT ( 'NONE',  ( 7.480000000000010196, 24.99999999999999645, 1.249999999999988898 ) ) ;
#522 = CIRCLE ( 'NONE', #1587, 1.250000000000001110 ) ;
#523 = CARTESIAN_POINT ( 'NONE',  ( 7.520000000000010232, 20.32915619758885484, 1.249999999999994227 ) ) ;
#524 = DIRECTION ( 'NONE',  ( -1.000000000000000000, -0.000000000000000000, 1.084202172485504557E-16 ) ) ;
#525 = CIRCLE ( 'NONE', #587, 1.250000000000001110 ) ;
#526 = LINE ( 'NONE', #1101, #1336 ) ;
#527 = VERTEX_POINT ( 'NONE', #1077 ) ;
#528 = EDGE_CURVE ( 'NONE', #1458, #684, #791, .T. ) ;
#529 = EDGE_LOOP ( 'NONE', ( #1783, #219 ) ) ;
#530 = DIRECTION ( 'NONE',  ( 1.000000000000000000, 0.000000000000000000, 0.000000000000000000 ) ) ;
#531 = EDGE_CURVE ( 'NONE', #1147, #778, #1491, .T. ) ;
#532 = LINE ( 'NONE', #975, #1314 ) ;
#533 = CARTESIAN_POINT ( 'NONE',  ( -38.51999999999998892, 5.000000000000000000, 28.50000000000000000 ) ) ;
#534 = CARTESIAN_POINT ( 'NONE',  ( 42.50000000000000000, 25.50000000000000000, -32.00000000000000000 ) ) ;
#535 = DIRECTION ( 'NONE',  ( 1.000000000000000000, -0.000000000000000000, -0.000000000000000000 ) ) ;
#536 = ORIENTED_EDGE ( 'NONE', *, *, #172, .F. ) ;
#537 = AXIS2_PLACEMENT_3D ( 'NONE', #52, #631, #1212 ) ;
#538 = ORIENTED_EDGE ( 'NONE', *, *, #584, .T. ) ;
#539 = LINE ( 'NONE', #1704, #1354 ) ;
#540 = VECTOR ( 'NONE', #516, 1000.000000000000000 ) ;
#541 = DIRECTION ( 'NONE',  ( 0.000000000000000000, -1.000000000000000000, 0.000000000000000000 ) ) ;
#542 = CARTESIAN_POINT ( 'NONE',  ( 8.699298604980699068, 20.94147805979091714, -0.4228313454673676142 ) ) ;
#543 = CARTESIAN_POINT ( 'NONE',  ( 34.50000000000000000, 19.49999999999999645, 0.000000000000000000 ) ) ;
#544 = CYLINDRICAL_SURFACE ( 'NONE', #856, 1.250000000000001110 ) ;
#545 = ORIENTED_EDGE ( 'NONE', *, *, #234, .T. ) ;
#546 = CARTESIAN_POINT ( 'NONE',  ( -26.30070139501930626, 20.94147805979092070, -0.4228313454673685579 ) ) ;
#547 = ORIENTED_EDGE ( 'NONE', *, *, #1853, .T. ) ;
#548 = DIRECTION ( 'NONE',  ( 1.000000000000000000, 0.000000000000000000, -1.084202172485504557E-16 ) ) ;
#549 = DIRECTION ( 'NONE',  ( 0.000000000000000000, -1.000000000000000000, 0.000000000000000000 ) ) ;
#550 = DIRECTION ( 'NONE',  ( 0.000000000000000000, 0.000000000000000000, 1.000000000000000000 ) ) ;
#551 = PLANE ( 'NONE',  #465 ) ;
#552 = ORIENTED_EDGE ( 'NONE', *, *, #847, .F. ) ;
#553 = CARTESIAN_POINT ( 'NONE',  ( -26.30177965061822576, 20.94059512928401645, 0.4257842083252826315 ) ) ;
#554 = VERTEX_POINT ( 'NONE', #1639 ) ;
#555 = VECTOR ( 'NONE', #541, 1000.000000000000000 ) ;
#556 = DIRECTION ( 'NONE',  ( -0.000000000000000000, -1.000000000000000000, -0.000000000000000000 ) ) ;
#557 = PLANE ( 'NONE',  #723 ) ;
#558 = DIRECTION ( 'NONE',  ( -0.000000000000000000, 1.000000000000000000, -0.000000000000000000 ) ) ;
#559 = CARTESIAN_POINT ( 'NONE',  ( 15.09873499748933945, 20.86000896445761654, -0.6534194601236803512 ) ) ;
#560 = ORIENTED_EDGE ( 'NONE', *, *, #900, .F. ) ;
#561 = DIRECTION ( 'NONE',  ( 0.000000000000000000, 0.000000000000000000, 1.000000000000000000 ) ) ;
#562 = ORIENTED_EDGE ( 'NONE', *, *, #586, .F. ) ;
#563 = EDGE_CURVE ( 'NONE', #1215, #1596, #338, .T. ) ;
#564 = ORIENTED_EDGE ( 'NONE', *, *, #1099, .F. ) ;
#565 = CIRCLE ( 'NONE', #1453, 1.500000000000000888 ) ;
#566 = VECTOR ( 'NONE', #421, 1000.000000000000000 ) ;
#567 = CYLINDRICAL_SURFACE ( 'NONE', #1676, 1.250000000000001110 ) ;
#568 = AXIS2_PLACEMENT_3D ( 'NONE', #1272, #1114, #699 ) ;
#569 = LINE ( 'NONE', #1417, #326 ) ;
#570 = EDGE_CURVE ( 'NONE', #554, #1619, #603, .T. ) ;
#571 = PLANE ( 'NONE',  #1503 ) ;
#572 = EDGE_CURVE ( 'NONE', #1713, #1615, #907, .T. ) ;
#573 = CARTESIAN_POINT ( 'NONE',  ( 15.00382093891439084, 20.78436887407065115, 0.7864411749205518776 ) ) ;
#574 = ORIENTED_EDGE ( 'NONE', *, *, #1140, .T. ) ;
#575 = CARTESIAN_POINT ( 'NONE',  ( -27.51999999999999602, 24.99999999999999645, 1.249999999999987121 ) ) ;
#576 = ORIENTED_EDGE ( 'NONE', *, *, #1055, .F. ) ;
#577 = ORIENTED_EDGE ( 'NONE', *, *, #731, .F. ) ;
#578 = DIRECTION ( 'NONE',  ( -0.000000000000000000, 1.000000000000000000, -0.000000000000000000 ) ) ;
#579 = DIRECTION ( 'NONE',  ( -1.000000000000000000, 0.000000000000000000, 0.000000000000000000 ) ) ;
#580 = CARTESIAN_POINT ( 'NONE',  ( 20.02000000000000668, 24.99999999999999645, 0.000000000000000000 ) ) ;
#581 = CARTESIAN_POINT ( 'NONE',  ( -42.50000000000000000, 24.99999999999999289, 25.00000000000001421 ) ) ;
#582 = CARTESIAN_POINT ( 'NONE',  ( 14.02000000000001023, 24.99999999999999645, 1.249999999999994227 ) ) ;
#583 = EDGE_LOOP ( 'NONE', ( #835, #736, #1766, #96 ) ) ;
#584 = EDGE_CURVE ( 'NONE', #826, #1495, #332, .T. ) ;
#585 = ORIENTED_EDGE ( 'NONE', *, *, #868, .T. ) ;
#586 = EDGE_CURVE ( 'NONE', #1549, #368, #347, .T. ) ;
#587 = AXIS2_PLACEMENT_3D ( 'NONE', #1860, #1542, #99 ) ;
#588 = DIRECTION ( 'NONE',  ( 1.000000000000000000, 0.000000000000000000, 0.000000000000000000 ) ) ;
#589 = EDGE_CURVE ( 'NONE', #406, #846, #912, .T. ) ;
#590 = LINE ( 'NONE', #1449, #1202 ) ;
#591 = ORIENTED_EDGE ( 'NONE', *, *, #563, .F. ) ;
#592 = ORIENTED_EDGE ( 'NONE', *, *, #317, .F. ) ;
#593 = ORIENTED_EDGE ( 'NONE', *, *, #1575, .F. ) ;
#594 = AXIS2_PLACEMENT_3D ( 'NONE', #467, #1158, #27 ) ;
#595 = FACE_OUTER_BOUND ( 'NONE', #650, .T. ) ;
#596 = CARTESIAN_POINT ( 'NONE',  ( 20.02000000000000668, 24.99999999999999645, 1.250000000000084377 ) ) ;
#597 = ORIENTED_EDGE ( 'NONE', *, *, #1238, .F. ) ;
#598 = CIRCLE ( 'NONE', #1804, 1.250000000000001110 ) ;
#599 = DIRECTION ( 'NONE',  ( 1.000000000000000000, 0.000000000000000000, -0.000000000000000000 ) ) ;
#600 = ORIENTED_EDGE ( 'NONE', *, *, #914, .F. ) ;
#601 = DIRECTION ( 'NONE',  ( 0.000000000000000000, 0.000000000000000000, 1.000000000000000000 ) ) ;
#602 = FACE_OUTER_BOUND ( 'NONE', #519, .T. ) ;
#603 = B_SPLINE_CURVE_WITH_KNOTS ( 'NONE', 3,
 ( #1770, #178, #926, #630, #611, #474, #1211, #1497, #1649, #1364, #194, #1790, #618, #489, #782, #640, #324, #1203, #1482, #359, #1345, #771 ),
 .UNSPECIFIED., .F., .F.,
 ( 4, 2, 2, 2, 2, 2, 2, 2, 2, 2, 4 ),
 ( 1.748223473168675632E-18, 0.0005226813165962515941, 0.001045362633192501453, 0.001568043949788751204, 0.001829384608086876947, 0.002090725266385002907, 0.002352065924683128650, 0.002613406582981254826, 0.003136087899577508047, 0.003658769216173762134, 0.004181450532770016222 ),
 .UNSPECIFIED. ) ;
#604 = EDGE_LOOP ( 'NONE', ( #1075, #320, #982, #43 ) ) ;
#605 = VECTOR ( 'NONE', #153, 1000.000000000000000 ) ;
#606 = DIRECTION ( 'NONE',  ( 1.000000000000000000, -0.000000000000000000, -0.000000000000000000 ) ) ;
#607 = ORIENTED_EDGE ( 'NONE', *, *, #286, .T. ) ;
#608 = AXIS2_PLACEMENT_3D ( 'NONE', #695, #834, #1420 ) ;
#609 = CARTESIAN_POINT ( 'NONE',  ( -38.51999999999998892, 5.000000000000000000, 27.25000000000000000 ) ) ;
#610 = CYLINDRICAL_SURFACE ( 'NONE', #1566, 1.500000000000000888 ) ;
#611 = CARTESIAN_POINT ( 'NONE',  ( 13.21738743775581781, 20.62395626468638454, -1.002404829080612458 ) ) ;
#612 = CARTESIAN_POINT ( 'NONE',  ( -27.69718897605413588, 20.32915619759357284, 1.250000000000061950 ) ) ;
#613 = EDGE_CURVE ( 'NONE', #1867, #846, #1356, .T. ) ;
#614 = LINE ( 'NONE', #749, #302 ) ;
#615 = VERTEX_POINT ( 'NONE', #1520 ) ;
#616 = CARTESIAN_POINT ( 'NONE',  ( 19.80281102394587123, 20.32915619759357284, 1.250000000000063505 ) ) ;
#617 = CARTESIAN_POINT ( 'NONE',  ( 21.09737838988693071, 20.85892926021681859, 0.6555435454876504808 ) ) ;
#618 = CARTESIAN_POINT ( 'NONE',  ( 12.73906047326311608, 20.99242460734184945, 0.1732589966742671961 ) ) ;
#619 = EDGE_CURVE ( 'NONE', #1596, #1466, #760, .T. ) ;
#620 = LINE ( 'NONE', #195, #264 ) ;
#621 = EDGE_CURVE ( 'NONE', #1515, #1833, #254, .T. ) ;
#622 = DIRECTION ( 'NONE',  ( -0.000000000000000000, 1.000000000000000000, -0.000000000000000000 ) ) ;
#623 =( GEOMETRIC_REPRESENTATION_CONTEXT ( 3 ) GLOBAL_UNCERTAINTY_ASSIGNED_CONTEXT ( ( #4 ) ) GLOBAL_UNIT_ASSIGNED_CONTEXT ( ( #967, #1248, #1281 ) ) REPRESENTATION_CONTEXT ( 'NONE', 'WORKASPACE' ) );
#624 = CIRCLE ( 'NONE', #419, 4.000000000000000000 ) ;
#625 = ORIENTED_EDGE ( 'NONE', *, *, #1738, .T. ) ;
#626 = VERTEX_POINT ( 'NONE', #1192 ) ;
#627 = CARTESIAN_POINT ( 'NONE',  ( 6.300701395019256523, 20.94147805979097399, 0.4228313454671869254 ) ) ;
#628 = VERTEX_POINT ( 'NONE', #1631 ) ;
#629 = DIRECTION ( 'NONE',  ( 1.000000000000000000, 0.000000000000000000, 0.000000000000000000 ) ) ;
#630 = CARTESIAN_POINT ( 'NONE',  ( 13.34503142751084326, 20.53682068539082550, -1.088256918479233226 ) ) ;
#631 = DIRECTION ( 'NONE',  ( -0.000000000000000000, 1.000000000000000000, -0.000000000000000000 ) ) ;
#632 = CARTESIAN_POINT ( 'NONE',  ( 14.02000000000001023, 20.32915619758885484, 1.249999999999994227 ) ) ;
#633 = PLANE ( 'NONE',  #355 ) ;
#634 = ORIENTED_EDGE ( 'NONE', *, *, #1763, .F. ) ;
#635 = EDGE_CURVE ( 'NONE', #743, #554, #1488, .T. ) ;
#636 = EDGE_CURVE ( 'NONE', #527, #1380, #525, .T. ) ;
#637 = DIRECTION ( 'NONE',  ( 1.000000000000000000, 0.000000000000000000, -0.000000000000000000 ) ) ;
#638 = VERTEX_POINT ( 'NONE', #1426 ) ;
#639 = CARTESIAN_POINT ( 'NONE',  ( 21.00382093891438728, 20.78436887407064049, 0.7864411749205517665 ) ) ;
#640 = CARTESIAN_POINT ( 'NONE',  ( 12.90126500251057706, 20.86000896445770536, 0.6534194601235112643 ) ) ;
#641 = EDGE_CURVE ( 'NONE', #809, #1658, #532, .T. ) ;
#642 = DIRECTION ( 'NONE',  ( 1.000000000000000000, -0.000000000000000000, -0.000000000000000000 ) ) ;
#643 = FACE_OUTER_BOUND ( 'NONE', #1360, .T. ) ;
#644 = DIRECTION ( 'NONE',  ( -0.000000000000000000, 1.000000000000000000, -0.000000000000000000 ) ) ;
#645 = CIRCLE ( 'NONE', #1317, 1.249999999999988898 ) ;
#646 = CARTESIAN_POINT ( 'NONE',  ( 38.48000000000003240, 5.000000000000000000, 29.75000000000000355 ) ) ;
#647 = EDGE_LOOP ( 'NONE', ( #1181, #1823, #379, #399 ) ) ;
#648 = EDGE_CURVE ( 'NONE', #1413, #406, #700, .T. ) ;
#649 = FACE_BOUND ( 'NONE', #1415, .T. ) ;
#650 = EDGE_LOOP ( 'NONE', ( #328, #899, #1695, #765 ) ) ;
#651 = DIRECTION ( 'NONE',  ( -0.000000000000000000, 1.000000000000000000, -0.000000000000000000 ) ) ;
#652 = DIRECTION ( 'NONE',  ( 0.000000000000000000, -1.000000000000000000, 0.000000000000000000 ) ) ;
#653 = DIRECTION ( 'NONE',  ( -1.000000000000000000, 0.000000000000000000, 5.306212985340819612E-16 ) ) ;
#654 = CARTESIAN_POINT ( 'NONE',  ( -28.59873499748943004, 20.86000896445770536, 0.6534194601235054911 ) ) ;
#655 = DIRECTION ( 'NONE',  ( -0.000000000000000000, 1.000000000000000000, -0.000000000000000000 ) ) ;
#656 = ORIENTED_EDGE ( 'NONE', *, *, #469, .F. ) ;
#657 = CIRCLE ( 'NONE', #1572, 1.250000000000001110 ) ;
#658 = CARTESIAN_POINT ( 'NONE',  ( 34.50000000000000000, 19.49999999999999645, 1.500000000000000888 ) ) ;
#659 = ORIENTED_EDGE ( 'NONE', *, *, #246, .T. ) ;
#660 = CARTESIAN_POINT ( 'NONE',  ( -28.50382093891431623, 20.78436887407059075, -0.7864411749206177138 ) ) ;
#661 = CARTESIAN_POINT ( 'NONE',  ( 38.48000000000000398, 0.000000000000000000, -29.75000000000000355 ) ) ;
#662 = EDGE_CURVE ( 'NONE', #294, #1443, #1240, .T. ) ;
#663 = DIRECTION ( 'NONE',  ( 0.000000000000000000, 0.000000000000000000, -1.000000000000000000 ) ) ;
#664 = CARTESIAN_POINT ( 'NONE',  ( -42.50000000000000000, 25.50000000000000000, -32.00000000000000000 ) ) ;
#665 = CARTESIAN_POINT ( 'NONE',  ( -38.48000000000001819, 5.000000000000000000, -29.75000000000000355 ) ) ;
#666 = VERTEX_POINT ( 'NONE', #842 ) ;
#667 = ORIENTED_EDGE ( 'NONE', *, *, #498, .F. ) ;
#668 = DIRECTION ( 'NONE',  ( -0.000000000000000000, 1.000000000000000000, -0.000000000000000000 ) ) ;
#669 = CARTESIAN_POINT ( 'NONE',  ( -42.50000000000000000, 5.000000000000004441, -32.00000000000000000 ) ) ;
#670 = LINE ( 'NONE', #693, #875 ) ;
#671 = DIRECTION ( 'NONE',  ( -1.000000000000000000, 0.000000000000000000, 0.000000000000000000 ) ) ;
#672 = FACE_OUTER_BOUND ( 'NONE', #604, .T. ) ;
#673 = VECTOR ( 'NONE', #753, 1000.000000000000000 ) ;
#674 = CARTESIAN_POINT ( 'NONE',  ( 32.50000000000002842, 15.00000000000000533, 19.99999999999999289 ) ) ;
#675 = ORIENTED_EDGE ( 'NONE', *, *, #1605, .F. ) ;
#676 = EDGE_LOOP ( 'NONE', ( #311, #174, #552, #77 ) ) ;
#677 = PRODUCT_CONTEXT ( 'NONE', #18, 'mechanical' ) ;
#678 = CARTESIAN_POINT ( 'NONE',  ( -38.48000000000001819, 5.000000000000000000, -27.24999999999995381 ) ) ;
#679 = CARTESIAN_POINT ( 'NONE',  ( 35.00000000000002842, 15.00000000000000533, 24.99999999999999289 ) ) ;
#680 = CARTESIAN_POINT ( 'NONE',  ( 42.50000000000000000, 5.000000000000004441, 32.00000000000000000 ) ) ;
#681 = CARTESIAN_POINT ( 'NONE',  ( -38.52000000000001734, 5.000000000000000000, -27.24999999999995381 ) ) ;
#682 = B_SPLINE_CURVE_WITH_KNOTS ( 'NONE', 3,
 ( #156, #1621, #1736, #894, #1329, #440, #1015, #1598, #1754, #751, #151, #738, #733, #1311, #887, #314, #1165, #1745, #450, #1319, #616, #1074 ),
 .UNSPECIFIED., .F., .F.,
 ( 4, 2, 2, 2, 2, 2, 2, 2, 2, 2, 4 ),
 ( 0.000000000000000000, 0.0005226813165962520278, 0.001045362633192504056, 0.001568043949788756192, 0.001829384608086882151, 0.002090725266385008111, 0.002352065924683134288, 0.002613406582981260030, 0.003136087899577512383, 0.003658769216173764303, 0.004181450532770016222 ),
 .UNSPECIFIED. ) ;
#683 = LINE ( 'NONE', #250, #540 ) ;
#684 = VERTEX_POINT ( 'NONE', #111 ) ;
#685 = VECTOR ( 'NONE', #1033, 1000.000000000000000 ) ;
#686 = VECTOR ( 'NONE', #413, 1000.000000000000000 ) ;
#687 = DIRECTION ( 'NONE',  ( -0.000000000000000000, -0.000000000000000000, -1.000000000000000000 ) ) ;
#688 = EDGE_LOOP ( 'NONE', ( #593, #1595, #203, #935 ) ) ;
#689 = PRODUCT_DEFINITION_FORMATION_WITH_SPECIFIED_SOURCE ( 'ANY', '', #946, .NOT_KNOWN. ) ;
#690 = AXIS2_PLACEMENT_3D ( 'NONE', #493, #655, #1536 ) ;
#691 = AXIS2_PLACEMENT_3D ( 'NONE', #905, #346, #762 ) ;
#692 = DIRECTION ( 'NONE',  ( -0.000000000000000000, 1.000000000000000000, -0.000000000000000000 ) ) ;
#693 = CARTESIAN_POINT ( 'NONE',  ( 13.98000000000000753, 24.99999999999999645, 1.249999999999994227 ) ) ;
#694 = DIRECTION ( 'NONE',  ( -0.000000000000000000, 1.000000000000000000, -0.000000000000000000 ) ) ;
#695 = CARTESIAN_POINT ( 'NONE',  ( -38.52000000000001734, 5.000000000000000000, -27.25000000000000000 ) ) ;
#696 = VERTEX_POINT ( 'NONE', #678 ) ;
#697 = DIRECTION ( 'NONE',  ( 0.000000000000000000, 0.000000000000000000, -1.000000000000000000 ) ) ;
#698 = ORIENTED_EDGE ( 'NONE', *, *, #510, .T. ) ;
#699 = DIRECTION ( 'NONE',  ( 0.000000000000000000, -0.000000000000000000, 1.000000000000000000 ) ) ;
#700 = LINE ( 'NONE', #265, #1824 ) ;
#701 = CARTESIAN_POINT ( 'NONE',  ( 8.155846186377015528, 20.53739098918864059, -1.087717627671412890 ) ) ;
#702 = CARTESIAN_POINT ( 'NONE',  ( 7.480000000000009308, 24.99999999999999645, -1.249999999999994227 ) ) ;
#703 = EDGE_CURVE ( 'NONE', #615, #1062, #987, .T. ) ;
#704 = VECTOR ( 'NONE', #1716, 1000.000000000000000 ) ;
#705 = CARTESIAN_POINT ( 'NONE',  ( 15.26093952673688214, 20.99242460734182814, -0.1732589966744397803 ) ) ;
#706 = ORIENTED_EDGE ( 'NONE', *, *, #1258, .T. ) ;
#707 = CARTESIAN_POINT ( 'NONE',  ( -26.49524454155435294, 20.78510117443680016, -0.7852249332635226065 ) ) ;
#708 = ORIENTED_EDGE ( 'NONE', *, *, #1465, .T. ) ;
#709 = ADVANCED_FACE ( 'NONE', ( #1687 ), #1398, .T. ) ;
#710 = EDGE_LOOP ( 'NONE', ( #180, #353, #1636, #32 ) ) ;
#711 = EDGE_CURVE ( 'NONE', #68, #282, #1373, .T. ) ;
#712 = EDGE_CURVE ( 'NONE', #1188, #252, #66, .T. ) ;
#713 = CARTESIAN_POINT ( 'NONE',  ( 7.480000000000009308, 24.99999999999999645, 1.250000000000084377 ) ) ;
#714 = CARTESIAN_POINT ( 'NONE',  ( 8.284182238539600007, 20.62504053673622550, -1.001172819775792755 ) ) ;
#715 = PLANE ( 'NONE',  #75 ) ;
#716 = CARTESIAN_POINT ( 'NONE',  ( 14.78261256224424258, 20.62395626468640941, 1.002404829080579818 ) ) ;
#717 = ORIENTED_EDGE ( 'NONE', *, *, #758, .T. ) ;
#718 = LINE ( 'NONE', #281, #283 ) ;
#719 = ORIENTED_EDGE ( 'NONE', *, *, #850, .F. ) ;
#720 = ORIENTED_EDGE ( 'NONE', *, *, #1465, .F. ) ;
#721 = STYLED_ITEM ( 'NONE', ( #115 ), #953 ) ;
#722 = DIRECTION ( 'NONE',  ( 1.000000000000000000, -0.000000000000000000, -0.000000000000000000 ) ) ;
#723 = AXIS2_PLACEMENT_3D ( 'NONE', #1138, #1303, #301 ) ;
#724 = CARTESIAN_POINT ( 'NONE',  ( 34.50000000000000000, 19.49999999999999645, 0.000000000000000000 ) ) ;
#725 = CARTESIAN_POINT ( 'NONE',  ( -38.51999999999998892, 5.000000000000000000, 29.75000000000000355 ) ) ;
#726 = CARTESIAN_POINT ( 'NONE',  ( -38.48000000000001819, -4.336808689942017736E-16, -27.25000000000000000 ) ) ;
#727 = EDGE_CURVE ( 'NONE', #1583, #1537, #645, .T. ) ;
#728 = CARTESIAN_POINT ( 'NONE',  ( -38.51999999999998892, 5.000000000000000000, 29.75000000000006750 ) ) ;
#729 = CARTESIAN_POINT ( 'NONE',  ( 38.48000000000003240, 5.000000000000000000, 28.50000000000000000 ) ) ;
#730 = ORIENTED_EDGE ( 'NONE', *, *, #1386, .F. ) ;
#731 = EDGE_CURVE ( 'NONE', #684, #294, #244, .T. ) ;
#732 = VERTEX_POINT ( 'NONE', #1556 ) ;
#733 = CARTESIAN_POINT ( 'NONE',  ( 18.73906047326311608, 20.99242460734184590, 0.1732589966742659748 ) ) ;
#734 = CARTESIAN_POINT ( 'NONE',  ( 42.50000000000000000, 0.000000000000000000, 32.00000000000000000 ) ) ;
#735 = VERTEX_POINT ( 'NONE', #393 ) ;
#736 = ORIENTED_EDGE ( 'NONE', *, *, #775, .F. ) ;
#737 = ORIENTED_EDGE ( 'NONE', *, *, #1325, .F. ) ;
#738 = CARTESIAN_POINT ( 'NONE',  ( 18.72989024852185835, 21.00009145954232892, 0.08531561345487892467 ) ) ;
#739 = VECTOR ( 'NONE', #1126, 1000.000000000000000 ) ;
#740 = CYLINDRICAL_SURFACE ( 'NONE', #447, 1.500000000000000888 ) ;
#741 = VERTEX_POINT ( 'NONE', #820 ) ;
#742 = ORIENTED_EDGE ( 'NONE', *, *, #365, .T. ) ;
#743 = VERTEX_POINT ( 'NONE', #1696 ) ;
#744 = ORIENTED_EDGE ( 'NONE', *, *, #1626, .T. ) ;
#745 = CARTESIAN_POINT ( 'NONE',  ( -27.51999999999999957, 24.99999999999999645, 1.249999999999992450 ) ) ;
#746 = DIRECTION ( 'NONE',  ( 0.000000000000000000, -1.000000000000000000, 0.000000000000000000 ) ) ;
#747 = VECTOR ( 'NONE', #76, 1000.000000000000000 ) ;
#748 = ORIENTED_EDGE ( 'NONE', *, *, #727, .T. ) ;
#749 = CARTESIAN_POINT ( 'NONE',  ( 38.52000000000000313, 5.000000000000000000, -27.25000000000000000 ) ) ;
#750 = EDGE_LOOP ( 'NONE', ( #64, #1421, #1743, #1287 ) ) ;
#751 = CARTESIAN_POINT ( 'NONE',  ( 18.73959538150480242, 20.99197927833045441, -0.1768755936553944030 ) ) ;
#752 = CARTESIAN_POINT ( 'NONE',  ( 38.48000000000000398, -4.336808689942017736E-16, -27.25000000000000000 ) ) ;
#753 = DIRECTION ( 'NONE',  ( 0.000000000000000000, -1.000000000000000000, 0.000000000000000000 ) ) ;
#754 = EDGE_CURVE ( 'NONE', #735, #1035, #1408, .T. ) ;
#755 = DIRECTION ( 'NONE',  ( -0.000000000000000000, 0.000000000000000000, -1.000000000000000000 ) ) ;
#756 = ORIENTED_EDGE ( 'NONE', *, *, #485, .F. ) ;
#757 = VECTOR ( 'NONE', #859, 1000.000000000000000 ) ;
#758 = EDGE_CURVE ( 'NONE', #860, #1124, #520, .T. ) ;
#759 = CARTESIAN_POINT ( 'NONE',  ( 6.715817761460242785, 20.62504053673634985, 1.001172819775657530 ) ) ;
#760 = CIRCLE ( 'NONE', #285, 1.250000000000001110 ) ;
#761 = ADVANCED_FACE ( 'NONE', ( #256 ), #1416, .F. ) ;
#762 = DIRECTION ( 'NONE',  ( 0.000000000000000000, 0.000000000000000000, 1.000000000000000000 ) ) ;
#763 = DIRECTION ( 'NONE',  ( -0.000000000000000000, 1.000000000000000000, -0.000000000000000000 ) ) ;
#764 = CARTESIAN_POINT ( 'NONE',  ( -28.72451742461923985, 20.96227930833839181, -0.3450019811592784924 ) ) ;
#765 = ORIENTED_EDGE ( 'NONE', *, *, #452, .F. ) ;
#766 = EDGE_LOOP ( 'NONE', ( #1865, #748, #319, #944 ) ) ;
#767 = CARTESIAN_POINT ( 'NONE',  ( 7.480000000000014637, 20.32915619758885484, 1.249999999999993783 ) ) ;
#768 = ORIENTED_EDGE ( 'NONE', *, *, #329, .T. ) ;
#769 = CARTESIAN_POINT ( 'NONE',  ( -46.74264068711929099, 20.32915619758885484, -1.249999999999993783 ) ) ;
#770 = VECTOR ( 'NONE', #1591, 1000.000000000000000 ) ;
#771 = CARTESIAN_POINT ( 'NONE',  ( 13.98000000000001286, 20.32915619758885484, 1.249999999999993783 ) ) ;
#772 = DIRECTION ( 'NONE',  ( -0.000000000000000000, 1.000000000000000000, -0.000000000000000000 ) ) ;
#773 = CARTESIAN_POINT ( 'NONE',  ( -27.51999999999999957, 24.99999999999999645, -1.249999999999987121 ) ) ;
#774 = AXIS2_PLACEMENT_3D ( 'NONE', #240, #932, #398 ) ;
#775 = EDGE_CURVE ( 'NONE', #1762, #432, #369, .T. ) ;
#776 = EDGE_LOOP ( 'NONE', ( #1369, #1441, #742, #1036 ) ) ;
#777 = EDGE_CURVE ( 'NONE', #213, #107, #906, .T. ) ;
#778 = VERTEX_POINT ( 'NONE', #1512 ) ;
#779 = ADVANCED_FACE ( 'NONE', ( #1358 ), #1232, .F. ) ;
#780 = DIRECTION ( 'NONE',  ( -0.000000000000000000, 1.000000000000000000, -0.000000000000000000 ) ) ;
#781 = CARTESIAN_POINT ( 'NONE',  ( 20.19720224734803793, 20.32915619758885128, 1.249999999999994449 ) ) ;
#782 = CARTESIAN_POINT ( 'NONE',  ( 12.80070139501925475, 20.94147805979097399, 0.4228313454671882576 ) ) ;
#783 = CARTESIAN_POINT ( 'NONE',  ( 21.22534961169943202, 20.96296547669636468, -0.3421723286921588558 ) ) ;
#784 = CARTESIAN_POINT ( 'NONE',  ( 19.98000000000000753, 24.99999999999999645, 1.249999999999994227 ) ) ;
#785 = DIRECTION ( 'NONE',  ( 0.000000000000000000, 0.000000000000000000, 1.000000000000000000 ) ) ;
#786 = PRODUCT_RELATED_PRODUCT_CATEGORY ( 'part', '', ( #946 ) ) ;
#787 = FACE_BOUND ( 'NONE', #169, .T. ) ;
#788 = ORIENTED_EDGE ( 'NONE', *, *, #621, .F. ) ;
#789 = FACE_OUTER_BOUND ( 'NONE', #808, .T. ) ;
#790 = ORIENTED_EDGE ( 'NONE', *, *, #249, .T. ) ;
#791 = LINE ( 'NONE', #898, #439 ) ;
#792 = CARTESIAN_POINT ( 'NONE',  ( 13.98000000000001286, 20.32915619758885484, 1.249999999999993783 ) ) ;
#793 = PLANE ( 'NONE',  #1451 ) ;
#794 = DIRECTION ( 'NONE',  ( 0.000000000000000000, 0.000000000000000000, 1.000000000000000000 ) ) ;
#795 = AXIS2_PLACEMENT_3D ( 'NONE', #830, #1826, #1261 ) ;
#796 = DIRECTION ( 'NONE',  ( 1.000000000000000000, -0.000000000000000000, -0.000000000000000000 ) ) ;
#797 = VERTEX_POINT ( 'NONE', #773 ) ;
#798 = FACE_BOUND ( 'NONE', #583, .T. ) ;
#799 = ORIENTED_EDGE ( 'NONE', *, *, #920, .F. ) ;
#800 = EDGE_CURVE ( 'NONE', #334, #1318, #196, .T. ) ;
#801 = VECTOR ( 'NONE', #1592, 1000.000000000000000 ) ;
#802 = CARTESIAN_POINT ( 'NONE',  ( -27.86406668625830108, 20.38892852929700439, -1.212066963527211216 ) ) ;
#803 = DIRECTION ( 'NONE',  ( -0.000000000000000000, 1.000000000000000000, -0.000000000000000000 ) ) ;
#804 = DIRECTION ( 'NONE',  ( 1.000000000000000000, -0.000000000000000000, -0.000000000000000000 ) ) ;
#805 = CARTESIAN_POINT ( 'NONE',  ( -46.74264068711929099, 20.32915619758885484, 1.249999999999993783 ) ) ;
#806 = AXIS2_PLACEMENT_3D ( 'NONE', #1692, #823, #1419 ) ;
#807 = CARTESIAN_POINT ( 'NONE',  ( -27.51999999999999602, 24.99999999999999645, 0.000000000000000000 ) ) ;
#808 = EDGE_LOOP ( 'NONE', ( #1122, #57, #1857, #1083 ) ) ;
#809 = VERTEX_POINT ( 'NONE', #1061 ) ;
#810 = DIRECTION ( 'NONE',  ( 0.000000000000000000, 0.000000000000000000, 1.000000000000000000 ) ) ;
#811 = DIRECTION ( 'NONE',  ( 1.982541115402061757E-15, 0.000000000000000000, -1.000000000000000000 ) ) ;
#812 = CARTESIAN_POINT ( 'NONE',  ( 20.01999999999967272, 20.32915619758885484, -1.249999999999994227 ) ) ;
#813 = PLANE ( 'NONE',  #46 ) ;
#814 = FILL_AREA_STYLE_COLOUR ( '', #325 ) ;
#815 = DIRECTION ( 'NONE',  ( 0.000000000000000000, -0.000000000000000000, 1.000000000000000000 ) ) ;
#816 = EDGE_LOOP ( 'NONE', ( #1665, #788, #170, #730 ) ) ;
#817 = ORIENTED_EDGE ( 'NONE', *, *, #528, .F. ) ;
#818 = FACE_OUTER_BOUND ( 'NONE', #1586, .T. ) ;
#819 = ADVANCED_FACE ( 'NONE', ( #1663 ), #515, .F. ) ;
#820 = CARTESIAN_POINT ( 'NONE',  ( 38.48000000000000398, 5.000000000000000000, -29.75000000000000355 ) ) ;
#821 = CARTESIAN_POINT ( 'NONE',  ( 8.770109751478154081, 21.00009145954231826, -0.08531561345504637406 ) ) ;
#822 = FACE_OUTER_BOUND ( 'NONE', #400, .T. ) ;
#823 = DIRECTION ( 'NONE',  ( -0.000000000000000000, 1.000000000000000000, -0.000000000000000000 ) ) ;
#824 = AXIS2_PLACEMENT_3D ( 'NONE', #1807, #30, #512 ) ;
#825 = LINE ( 'NONE', #1071, #1521 ) ;
#826 = VERTEX_POINT ( 'NONE', #62 ) ;
#827 = VECTOR ( 'NONE', #811, 1000.000000000000000 ) ;
#828 = CARTESIAN_POINT ( 'NONE',  ( -26.71581776146040710, 20.62504053673623261, -1.001172819775792533 ) ) ;
#829 = VERTEX_POINT ( 'NONE', #632 ) ;
#830 = CARTESIAN_POINT ( 'NONE',  ( 32.50000000000002842, 15.00000000000000533, 24.99999999999999289 ) ) ;
#831 = CARTESIAN_POINT ( 'NONE',  ( -38.48000000000001819, 5.000000000000000000, -27.25000000000000000 ) ) ;
#832 = DIRECTION ( 'NONE',  ( 1.000000000000000000, 0.000000000000000000, 0.000000000000000000 ) ) ;
#833 = DIRECTION ( 'NONE',  ( -0.000000000000000000, 1.000000000000000000, -0.000000000000000000 ) ) ;
#834 = DIRECTION ( 'NONE',  ( 0.000000000000000000, 0.000000000000000000, 1.000000000000000000 ) ) ;
#835 = ORIENTED_EDGE ( 'NONE', *, *, #162, .F. ) ;
#836 = VECTOR ( 'NONE', #1363, 1000.000000000000000 ) ;
#837 = ADVANCED_FACE ( 'NONE', ( #1213 ), #1793, .F. ) ;
#838 = DIRECTION ( 'NONE',  ( 0.000000000000000000, 0.000000000000000000, -1.000000000000000000 ) ) ;
#839 = ORIENTED_EDGE ( 'NONE', *, *, #589, .T. ) ;
#840 = ADVANCED_FACE ( 'NONE', ( #362 ), #1070, .F. ) ;
#841 = EDGE_CURVE ( 'NONE', #1163, #1029, #350, .T. ) ;
#842 = CARTESIAN_POINT ( 'NONE',  ( 19.98000000000000398, 24.99999999999999645, -1.249999999999990674 ) ) ;
#843 = CARTESIAN_POINT ( 'NONE',  ( -46.74264068711929099, 20.32915619758885484, 1.249999999999993783 ) ) ;
#844 = CARTESIAN_POINT ( 'NONE',  ( 38.48000000000003240, 5.000000000000000000, 29.75000000000000355 ) ) ;
#845 = CARTESIAN_POINT ( 'NONE',  ( 15.09737838988693603, 20.85892926021681504, 0.6555435454876515911 ) ) ;
#846 = VERTEX_POINT ( 'NONE', #939 ) ;
#847 = EDGE_CURVE ( 'NONE', #292, #229, #410, .T. ) ;
#848 = CARTESIAN_POINT ( 'NONE',  ( -27.13459759407652427, 20.38948440893437564, -1.211662984604045645 ) ) ;
#849 = ORIENTED_EDGE ( 'NONE', *, *, #1174, .F. ) ;
#850 = EDGE_CURVE ( 'NONE', #1035, #809, #1686, .T. ) ;
#851 = CARTESIAN_POINT ( 'NONE',  ( 0.000000000000000000, 0.000000000000000000, 0.000000000000000000 ) ) ;
#852 = VECTOR ( 'NONE', #1553, 1000.000000000000000 ) ;
#853 = FACE_OUTER_BOUND ( 'NONE', #426, .T. ) ;
#854 = LINE ( 'NONE', #1850, #1457 ) ;
#855 = CARTESIAN_POINT ( 'NONE',  ( 19.98000000000000398, 24.99999999999999645, 1.250000000000084377 ) ) ;
#856 = AXIS2_PLACEMENT_3D ( 'NONE', #1121, #1700, #405 ) ;
#857 = LINE ( 'NONE', #728, #1381 ) ;
#858 = EDGE_LOOP ( 'NONE', ( #462, #478, #1674, #1154 ) ) ;
#859 = DIRECTION ( 'NONE',  ( -0.000000000000000000, 1.000000000000000000, -0.000000000000000000 ) ) ;
#860 = VERTEX_POINT ( 'NONE', #1367 ) ;
#861 = VERTEX_POINT ( 'NONE', #1782 ) ;
#862 = EDGE_CURVE ( 'NONE', #1310, #626, #1089, .T. ) ;
#863 = FACE_OUTER_BOUND ( 'NONE', #1268, .T. ) ;
#864 = DIRECTION ( 'NONE',  ( 0.000000000000000000, 0.000000000000000000, 1.000000000000000000 ) ) ;
#865 = LINE ( 'NONE', #1755, #685 ) ;
#866 = DIRECTION ( 'NONE',  ( 1.000000000000000000, 0.000000000000000000, -1.084202172485504557E-16 ) ) ;
#867 = CARTESIAN_POINT ( 'NONE',  ( 15.19929860498069907, 20.94147805979092070, -0.4228313454673680583 ) ) ;
#868 = EDGE_CURVE ( 'NONE', #1063, #463, #1524, .T. ) ;
#869 = DIRECTION ( 'NONE',  ( -1.000000000000000000, 0.000000000000000000, -0.000000000000000000 ) ) ;
#870 = ORIENTED_EDGE ( 'NONE', *, *, #1626, .F. ) ;
#871 = VECTOR ( 'NONE', #277, 1000.000000000000000 ) ;
#872 = VERTEX_POINT ( 'NONE', #1193 ) ;
#873 = VECTOR ( 'NONE', #606, 1000.000000000000000 ) ;
#874 = DIRECTION ( 'NONE',  ( 0.000000000000000000, 0.000000000000000000, 1.000000000000000000 ) ) ;
#875 = VECTOR ( 'NONE', #289, 1000.000000000000000 ) ;
#876 = DIRECTION ( 'NONE',  ( -1.000000000000000000, 0.000000000000000000, 0.000000000000000000 ) ) ;
#877 = DIRECTION ( 'NONE',  ( 0.000000000000000000, 0.000000000000000000, 1.000000000000000000 ) ) ;
#878 = CARTESIAN_POINT ( 'NONE',  ( -42.49999999999999289, 0.000000000000000000, 32.00000000000000000 ) ) ;
#879 = EDGE_LOOP ( 'NONE', ( #1788, #1167, #1031, #231 ) ) ;
#880 = ORIENTED_EDGE ( 'NONE', *, *, #485, .T. ) ;
#881 = CYLINDRICAL_SURFACE ( 'NONE', #453, 1.249999999999992450 ) ;
#882 = DIRECTION ( 'NONE',  ( 1.000000000000000000, -0.000000000000000000, -0.000000000000000000 ) ) ;
#883 = ORIENTED_EDGE ( 'NONE', *, *, #175, .T. ) ;
#884 = ORIENTED_EDGE ( 'NONE', *, *, #1830, .F. ) ;
#885 = ORIENTED_EDGE ( 'NONE', *, *, #1306, .T. ) ;
#886 = EDGE_LOOP ( 'NONE', ( #1196, #1471, #1744, #973 ) ) ;
#887 = CARTESIAN_POINT ( 'NONE',  ( 18.80070139501925652, 20.94147805979097399, 0.4228313454671872584 ) ) ;
#888 = AXIS2_PLACEMENT_3D ( 'NONE', #957, #1250, #1550 ) ;
#889 = CARTESIAN_POINT ( 'NONE',  ( 13.98000000000000753, 24.99999999999999645, -1.249999999999994227 ) ) ;
#890 = ORIENTED_EDGE ( 'NONE', *, *, #586, .T. ) ;
#891 = EDGE_LOOP ( 'NONE', ( #1464, #271, #1001, #1654 ) ) ;
#892 = ORIENTED_EDGE ( 'NONE', *, *, #110, .T. ) ;
#893 = ADVANCED_FACE ( 'NONE', ( #475 ), #1052, .F. ) ;
#894 = CARTESIAN_POINT ( 'NONE',  ( 19.34503142751083971, 20.53682068539081484, -1.088256918479233892 ) ) ;
#895 =( GEOMETRIC_REPRESENTATION_CONTEXT ( 3 ) GLOBAL_UNCERTAINTY_ASSIGNED_CONTEXT ( ( #316 ) ) GLOBAL_UNIT_ASSIGNED_CONTEXT ( ( #396, #1276, #971 ) ) REPRESENTATION_CONTEXT ( 'NONE', 'WORKASPACE' ) );
#896 = ADVANCED_FACE ( 'NONE', ( #1129, #1852 ), #1569, .T. ) ;
#897 = DIRECTION ( 'NONE',  ( -1.000000000000000000, -0.000000000000000000, 5.306212985340819612E-16 ) ) ;
#898 = CARTESIAN_POINT ( 'NONE',  ( -42.49999999999999289, 5.000000000000004441, 32.00000000000000000 ) ) ;
#899 = ORIENTED_EDGE ( 'NONE', *, *, #966, .T. ) ;
#900 = EDGE_CURVE ( 'NONE', #1725, #696, #259, .T. ) ;
#901 = B_SPLINE_CURVE_WITH_KNOTS ( 'NONE', 3,
 ( #1706, #1105, #402, #1551, #1409, #1437, #1127, #394, #1427, #91, #969, #821, #100, #1589, #542, #1728, #245, #714, #701, #1149, #133, #412 ),
 .UNSPECIFIED., .F., .F.,
 ( 4, 2, 2, 2, 2, 2, 2, 2, 2, 2, 4 ),
 ( 0.000000000000000000, 0.0005226813165962920348, 0.001045362633192584070, 0.001568043949788875888, 0.001829384608087021580, 0.002090725266385167272, 0.002352065924683312964, 0.002613406582981458223, 0.003136087899577751342, 0.003658769216174044027, 0.004181450532770337146 ),
 .UNSPECIFIED. ) ;
#902 = ADVANCED_FACE ( 'NONE', ( #1829 ), #1244, .F. ) ;
#903 = ORIENTED_EDGE ( 'NONE', *, *, #862, .F. ) ;
#904 = CARTESIAN_POINT ( 'NONE',  ( 6.495244541554238360, 20.78510117443689964, 0.7852249332633598478 ) ) ;
#905 = CARTESIAN_POINT ( 'NONE',  ( 38.52000000000000313, 5.000000000000000000, -28.50000000000000000 ) ) ;
#906 = B_SPLINE_CURVE_WITH_KNOTS ( 'NONE', 3,
 ( #411, #223, #802, #1388, #79, #660, #1816, #1095, #764, #929, #1811, #1499, #483, #1378, #373, #654, #217, #341, #1346, #1641, #612, #1773 ),
 .UNSPECIFIED., .F., .F.,
 ( 4, 2, 2, 2, 2, 2, 2, 2, 2, 2, 4 ),
 ( 0.000000000000000000, 0.0005226813165962505099, 0.001045362633192501020, 0.001568043949788751421, 0.001829384608086876297, 0.002090725266385001606, 0.002352065924683126915, 0.002613406582981251790, 0.003136087899577502409, 0.003658769216173752160, 0.004181450532770002344 ),
 .UNSPECIFIED. ) ;
#907 = LINE ( 'NONE', #1068, #673 ) ;
#908 = DIRECTION ( 'NONE',  ( 0.000000000000000000, 0.000000000000000000, 1.000000000000000000 ) ) ;
#909 = ORIENTED_EDGE ( 'NONE', *, *, #375, .T. ) ;
#910 = ORIENTED_EDGE ( 'NONE', *, *, #1304, .F. ) ;
#911 = DIRECTION ( 'NONE',  ( -0.000000000000000000, 1.000000000000000000, -0.000000000000000000 ) ) ;
#912 = CIRCLE ( 'NONE', #1407, 4.000000000000000000 ) ;
#913 = CARTESIAN_POINT ( 'NONE',  ( 20.78261256224423903, 20.62395626468640941, 1.002404829080579818 ) ) ;
#914 = EDGE_CURVE ( 'NONE', #273, #1362, #1559, .T. ) ;
#915 = CARTESIAN_POINT ( 'NONE',  ( 38.48000000000003240, 5.000000000000000000, 27.25000000000000000 ) ) ;
#916 = EDGE_CURVE ( 'NONE', #638, #1227, #565, .T. ) ;
#917 = CARTESIAN_POINT ( 'NONE',  ( 7.480000000000010196, 24.99999999999999645, -1.249999999999994227 ) ) ;
#918 = CARTESIAN_POINT ( 'NONE',  ( 38.48000000000000398, 5.000000000000000000, -27.25000000000000000 ) ) ;
#919 = ORIENTED_EDGE ( 'NONE', *, *, #40, .T. ) ;
#920 = EDGE_CURVE ( 'NONE', #1178, #368, #1681, .T. ) ;
#921 = ORIENTED_EDGE ( 'NONE', *, *, #989, .F. ) ;
#922 = CARTESIAN_POINT ( 'NONE',  ( -46.74264068711929099, 20.32915619758885839, -1.249999999999992006 ) ) ;
#923 = ORIENTED_EDGE ( 'NONE', *, *, #365, .F. ) ;
#924 = DIRECTION ( 'NONE',  ( -1.000000000000000000, 0.000000000000000000, 0.000000000000000000 ) ) ;
#925 = AXIS2_PLACEMENT_3D ( 'NONE', #50, #629, #480 ) ;
#926 = CARTESIAN_POINT ( 'NONE',  ( 13.63593331374169715, 20.38892852929700439, -1.212066963527210994 ) ) ;
#927 = DIRECTION ( 'NONE',  ( -1.000000000000000000, 0.000000000000000000, 0.000000000000000000 ) ) ;
#928 = LINE ( 'NONE', #514, #198 ) ;
#929 = CARTESIAN_POINT ( 'NONE',  ( -28.76040461849519758, 20.99197927833046506, -0.1768755936553977892 ) ) ;
#930 = VECTOR ( 'NONE', #796, 1000.000000000000000 ) ;
#931 = AXIS2_PLACEMENT_3D ( 'NONE', #1799, #1661, #937 ) ;
#932 = DIRECTION ( 'NONE',  ( -1.000000000000000000, -0.000000000000000000, 1.084202172485504557E-16 ) ) ;
#933 = ORIENTED_EDGE ( 'NONE', *, *, #29, .F. ) ;
#934 = DIRECTION ( 'NONE',  ( -0.000000000000000000, 1.000000000000000000, -0.000000000000000000 ) ) ;
#935 = ORIENTED_EDGE ( 'NONE', *, *, #1738, .F. ) ;
#936 = DIRECTION ( 'NONE',  ( -0.000000000000000000, 1.000000000000000000, -0.000000000000000000 ) ) ;
#937 = DIRECTION ( 'NONE',  ( -2.081668171172170485E-16, 0.000000000000000000, -1.000000000000000000 ) ) ;
#938 = FACE_BOUND ( 'NONE', #1331, .T. ) ;
#939 = CARTESIAN_POINT ( 'NONE',  ( 42.50000000000000000, 19.49999999999999645, -4.000000000000000000 ) ) ;
#940 = CARTESIAN_POINT ( 'NONE',  ( -42.50000000000000000, 24.99999999999999645, -24.99999999999999289 ) ) ;
#941 = ORIENTED_EDGE ( 'NONE', *, *, #40, .F. ) ;
#942 = AXIS2_PLACEMENT_3D ( 'NONE', #807, #1394, #84 ) ;
#943 = CARTESIAN_POINT ( 'NONE',  ( 6.275482575380772587, 20.96227930833838826, -0.3450019811592762164 ) ) ;
#944 = ORIENTED_EDGE ( 'NONE', *, *, #1184, .F. ) ;
#945 = VECTOR ( 'NONE', #1134, 1000.000000000000000 ) ;
#946 = PRODUCT ( 'Vaccum Sample Stage', 'Vaccum Sample Stage', '', ( #677 ) ) ;
#947 = CARTESIAN_POINT ( 'NONE',  ( 42.50000000000000000, 5.000000000000004441, -32.00000000000000000 ) ) ;
#948 = LINE ( 'NONE', #70, #1349 ) ;
#949 = CARTESIAN_POINT ( 'NONE',  ( -38.47999999999999687, 5.000000000000000000, 28.50000000000000000 ) ) ;
#950 = DIRECTION ( 'NONE',  ( 1.000000000000000000, 0.000000000000000000, -0.000000000000000000 ) ) ;
#951 = CARTESIAN_POINT ( 'NONE',  ( 38.48000000000000398, 5.000000000000000000, -29.75000000000000355 ) ) ;
#952 = ORIENTED_EDGE ( 'NONE', *, *, #1462, .T. ) ;
#953 = MANIFOLD_SOLID_BREP ( 'Tap Drill Slot for M3x0.5 Tap1', #1689 ) ;
#954 = ORIENTED_EDGE ( 'NONE', *, *, #253, .F. ) ;
#955 = ADVANCED_FACE ( 'NONE', ( #672 ), #1699, .F. ) ;
#956 = FACE_OUTER_BOUND ( 'NONE', #776, .T. ) ;
#957 = CARTESIAN_POINT ( 'NONE',  ( 32.50000000000002842, 15.00000000000000533, 19.99999999999999289 ) ) ;
#958 = CARTESIAN_POINT ( 'NONE',  ( 21.27010975147814875, 21.00009145954231826, -0.08531561345504730387 ) ) ;
#959 = FACE_OUTER_BOUND ( 'NONE', #886, .T. ) ;
#960 = MECHANICAL_DESIGN_GEOMETRIC_PRESENTATION_REPRESENTATION (  '', ( #721 ), #895 ) ;
#961 = CARTESIAN_POINT ( 'NONE',  ( -27.51999999999999957, 20.32915619758885839, 1.249999999999992006 ) ) ;
#962 = ORIENTED_EDGE ( 'NONE', *, *, #1174, .T. ) ;
#963 = AXIS2_PLACEMENT_3D ( 'NONE', #1335, #1468, #1330 ) ;
#964 = ORIENTED_EDGE ( 'NONE', *, *, #47, .T. ) ;
#965 = ADVANCED_FACE ( 'NONE', ( #404 ), #715, .F. ) ;
#966 = EDGE_CURVE ( 'NONE', #1713, #1455, #1387, .T. ) ;
#967 =( LENGTH_UNIT ( ) NAMED_UNIT ( * ) SI_UNIT ( .MILLI., .METRE. ) );
#968 = CARTESIAN_POINT ( 'NONE',  ( -42.49999999999999289, 25.50000000000000000, 32.00000000000000000 ) ) ;
#969 = CARTESIAN_POINT ( 'NONE',  ( 8.769888218031141491, 20.99990684838229882, 0.08850190431239905731 ) ) ;
#970 = DIRECTION ( 'NONE',  ( -0.000000000000000000, 1.000000000000000000, -0.000000000000000000 ) ) ;
#971 =( NAMED_UNIT ( * ) SI_UNIT ( $, .STERADIAN. ) SOLID_ANGLE_UNIT ( ) );
#972 = CARTESIAN_POINT ( 'NONE',  ( 42.50000000000001421, -85.28774824088162632, -24.99999999999999645 ) ) ;
#973 = ORIENTED_EDGE ( 'NONE', *, *, #1525, .F. ) ;
#974 = ORIENTED_EDGE ( 'NONE', *, *, #1160, .T. ) ;
#975 = CARTESIAN_POINT ( 'NONE',  ( -38.47999999999999687, 5.000000000000000000, 27.25000000000000000 ) ) ;
#976 = CARTESIAN_POINT ( 'NONE',  ( -29.50000000000000355, 19.49999999999999645, 1.500000000000000888 ) ) ;
#977 = ADVANCED_FACE ( 'NONE', ( #134 ), #1293, .F. ) ;
#978 = DIRECTION ( 'NONE',  ( 0.000000000000000000, 0.000000000000000000, 1.000000000000000000 ) ) ;
#979 = CARTESIAN_POINT ( 'NONE',  ( 22.50000000000000000, 24.99999999999999645, -24.99999999999999289 ) ) ;
#980 = ADVANCED_FACE ( 'NONE', ( #290 ), #258, .F. ) ;
#981 = PLANE ( 'NONE',  #608 ) ;
#982 = ORIENTED_EDGE ( 'NONE', *, *, #862, .T. ) ;
#983 = VECTOR ( 'NONE', #1205, 1000.000000000000000 ) ;
#984 = CARTESIAN_POINT ( 'NONE',  ( -26.23959538150477400, 20.99197927833048283, 0.1768755936552467434 ) ) ;
#985 = ORIENTED_EDGE ( 'NONE', *, *, #563, .T. ) ;
#986 = EDGE_CURVE ( 'NONE', #626, #294, #999, .T. ) ;
#987 = LINE ( 'NONE', #669, #827 ) ;
#988 = LINE ( 'NONE', #843, #1875 ) ;
#989 = EDGE_CURVE ( 'NONE', #252, #1188, #1836, .T. ) ;
#990 = DIRECTION ( 'NONE',  ( -1.084202172485504557E-16, 0.000000000000000000, -1.000000000000000000 ) ) ;
#991 = CARTESIAN_POINT ( 'NONE',  ( 15.26988821803114327, 20.99990684838229882, 0.08850190431239947364 ) ) ;
#992 = ORIENTED_EDGE ( 'NONE', *, *, #916, .F. ) ;
#993 = VECTOR ( 'NONE', #1622, 1000.000000000000000 ) ;
#994 = LINE ( 'NONE', #1162, #945 ) ;
#995 = ORIENTED_EDGE ( 'NONE', *, *, #26, .F. ) ;
#996 = AXIS2_PLACEMENT_3D ( 'NONE', #1056, #1629, #637 ) ;
#997 = LINE ( 'NONE', #1137, #704 ) ;
#998 = DIRECTION ( 'NONE',  ( -0.000000000000000000, 1.000000000000000000, -0.000000000000000000 ) ) ;
#999 = LINE ( 'NONE', #1873, #871 ) ;
#1000 = CARTESIAN_POINT ( 'NONE',  ( 30.00000000000002842, 15.00000000000000533, 24.99999999999999289 ) ) ;
#1001 = ORIENTED_EDGE ( 'NONE', *, *, #800, .T. ) ;
#1002 = LINE ( 'NONE', #1582, #97 ) ;
#1003 = ORIENTED_EDGE ( 'NONE', *, *, #224, .F. ) ;
#1004 = EDGE_CURVE ( 'NONE', #1466, #199, #114, .T. ) ;
#1005 = EDGE_LOOP ( 'NONE', ( #190, #909, #952, #1270 ) ) ;
#1006 = CARTESIAN_POINT ( 'NONE',  ( 34.50000000000000000, 19.49999999999999645, 0.000000000000000000 ) ) ;
#1007 = CARTESIAN_POINT ( 'NONE',  ( 34.50000000000000000, 19.49999999999999645, 0.000000000000000000 ) ) ;
#1008 = CARTESIAN_POINT ( 'NONE',  ( 38.52000000000003155, 5.000000000000000000, 27.25000000000000000 ) ) ;
#1009 = CARTESIAN_POINT ( 'NONE',  ( 14.36540240592348638, 20.38948440893436853, -1.211662984604045645 ) ) ;
#1010 = ORIENTED_EDGE ( 'NONE', *, *, #88, .F. ) ;
#1011 = AXIS2_PLACEMENT_3D ( 'NONE', #1724, #1594, #425 ) ;
#1012 = CARTESIAN_POINT ( 'NONE',  ( 42.50000000000000000, 25.50000000000000000, -32.00000000000000000 ) ) ;
#1013 = EDGE_LOOP ( 'NONE', ( #1845, #910, #161, #576 ) ) ;
#1014 = ORIENTED_EDGE ( 'NONE', *, *, #619, .F. ) ;
#1015 = CARTESIAN_POINT ( 'NONE',  ( 18.90262161011313324, 20.85892926021676885, -0.6555435454877330814 ) ) ;
#1016 = PLANE ( 'NONE',  #184 ) ;
#1017 = CARTESIAN_POINT ( 'NONE',  ( 38.48000000000000398, 5.000000000000000000, -29.75000000000000355 ) ) ;
#1018 = CARTESIAN_POINT ( 'NONE',  ( 7.480000000000010196, 24.99999999999999645, 1.249999999999994227 ) ) ;
#1019 = CARTESIAN_POINT ( 'NONE',  ( -26.84503142751078641, 20.53682068539083971, 1.088256918479210578 ) ) ;
#1020 = ORIENTED_EDGE ( 'NONE', *, *, #1734, .F. ) ;
#1021 = AXIS2_PLACEMENT_3D ( 'NONE', #1640, #803, #500 ) ;
#1022 = AXIS2_PLACEMENT_3D ( 'NONE', #1231, #1410, #653 ) ;
#1023 = VERTEX_POINT ( 'NONE', #125 ) ;
#1024 = CIRCLE ( 'NONE', #942, 1.249999999999987121 ) ;
#1025 = DIRECTION ( 'NONE',  ( 1.000000000000000000, 0.000000000000000000, -0.000000000000000000 ) ) ;
#1026 = VECTOR ( 'NONE', #924, 1000.000000000000000 ) ;
#1027 = FACE_BOUND ( 'NONE', #1234, .T. ) ;
#1028 = ORIENTED_EDGE ( 'NONE', *, *, #1116, .T. ) ;
#1029 = VERTEX_POINT ( 'NONE', #1418 ) ;
#1030 = VERTEX_POINT ( 'NONE', #726 ) ;
#1031 = ORIENTED_EDGE ( 'NONE', *, *, #1853, .F. ) ;
#1032 = CARTESIAN_POINT ( 'NONE',  ( 32.50000000000002842, 15.00000000000000533, 19.99999999999999289 ) ) ;
#1033 = DIRECTION ( 'NONE',  ( -0.000000000000000000, 1.000000000000000000, -0.000000000000000000 ) ) ;
#1034 = AXIS2_PLACEMENT_3D ( 'NONE', #674, #1254, #1368 ) ;
#1035 = VERTEX_POINT ( 'NONE', #1275 ) ;
#1036 = ORIENTED_EDGE ( 'NONE', *, *, #868, .F. ) ;
#1037 = ADVANCED_FACE ( 'NONE', ( #1428 ), #571, .F. ) ;
#1038 = ORIENTED_EDGE ( 'NONE', *, *, #1525, .T. ) ;
#1039 = CARTESIAN_POINT ( 'NONE',  ( -27.48000000000033083, 20.32915619758885839, -1.249999999999992450 ) ) ;
#1040 = LINE ( 'NONE', #1461, #993 ) ;
#1041 = EDGE_CURVE ( 'NONE', #861, #1423, #1285, .T. ) ;
#1042 = EDGE_LOOP ( 'NONE', ( #416, #284 ) ) ;
#1043 = EDGE_CURVE ( 'NONE', #1888, #1054, #1106, .T. ) ;
#1044 = EDGE_CURVE ( 'NONE', #1423, #1029, #298, .T. ) ;
#1045 = CARTESIAN_POINT ( 'NONE',  ( -38.51999999999998892, 5.000000000000000000, 27.25000000000000000 ) ) ;
#1046 = VERTEX_POINT ( 'NONE', #1578 ) ;
#1047 = FACE_OUTER_BOUND ( 'NONE', #688, .T. ) ;
#1048 = VECTOR ( 'NONE', #1411, 1000.000000000000000 ) ;
#1049 = CARTESIAN_POINT ( 'NONE',  ( 22.50000000000001066, 24.99999999999999645, 24.99999999999996803 ) ) ;
#1050 = VECTOR ( 'NONE', #1871, 1000.000000000000000 ) ;
#1051 = DIRECTION ( 'NONE',  ( 1.000000000000000000, -0.000000000000000000, -0.000000000000000000 ) ) ;
#1052 = CYLINDRICAL_SURFACE ( 'NONE', #1143, 1.250000000000001110 ) ;
#1053 = DIRECTION ( 'NONE',  ( -0.000000000000000000, 1.000000000000000000, -0.000000000000000000 ) ) ;
#1054 = VERTEX_POINT ( 'NONE', #1150 ) ;
#1055 = EDGE_CURVE ( 'NONE', #1054, #386, #430, .T. ) ;
#1056 = CARTESIAN_POINT ( 'NONE',  ( 38.48000000000000398, 5.000000000000000000, -27.25000000000000000 ) ) ;
#1057 = CARTESIAN_POINT ( 'NONE',  ( 42.50000000000000000, 25.50000000000000000, 24.99999999999996803 ) ) ;
#1058 = CARTESIAN_POINT ( 'NONE',  ( -38.52000000000001734, 0.000000000000000000, -29.75000000000000355 ) ) ;
#1059 = ADVANCED_FACE ( 'NONE', ( #938, #822 ), #61, .F. ) ;
#1060 = CARTESIAN_POINT ( 'NONE',  ( -27.47999999999999687, 20.32915619758885839, 1.249999999999992450 ) ) ;
#1061 = CARTESIAN_POINT ( 'NONE',  ( -38.47999999999999687, 0.000000000000000000, 27.25000000000000000 ) ) ;
#1062 = VERTEX_POINT ( 'NONE', #349 ) ;
#1063 = VERTEX_POINT ( 'NONE', #1545 ) ;
#1064 = CARTESIAN_POINT ( 'NONE',  ( -38.52000000000001734, 5.000000000000000000, -28.50000000000000000 ) ) ;
#1065 = VECTOR ( 'NONE', #1798, 1000.000000000000000 ) ;
#1066 = CARTESIAN_POINT ( 'NONE',  ( -42.50000000000000000, 24.99999999999999645, -24.99999999999999289 ) ) ;
#1067 = AXIS2_PLACEMENT_3D ( 'NONE', #491, #72, #950 ) ;
#1068 = CARTESIAN_POINT ( 'NONE',  ( -27.47999999999999687, 24.99999999999999645, 1.249999999999992450 ) ) ;
#1069 = CARTESIAN_POINT ( 'NONE',  ( 21.09873499748932701, 20.86000896445761299, -0.6534194601236806843 ) ) ;
#1070 = CYLINDRICAL_SURFACE ( 'NONE', #1219, 1.249999999999992450 ) ;
#1071 = CARTESIAN_POINT ( 'NONE',  ( -42.50000000000001421, -85.28774824088162632, -24.99999999999998579 ) ) ;
#1072 = VERTEX_POINT ( 'NONE', #82 ) ;
#1073 = ORIENTED_EDGE ( 'NONE', *, *, #375, .F. ) ;
#1074 = CARTESIAN_POINT ( 'NONE',  ( 19.98000000000001108, 20.32915619758885484, 1.249999999999993783 ) ) ;
#1075 = ORIENTED_EDGE ( 'NONE', *, *, #88, .T. ) ;
#1076 = VECTOR ( 'NONE', #897, 1000.000000000000000 ) ;
#1077 = CARTESIAN_POINT ( 'NONE',  ( 38.52000000000000313, -4.336808689942017736E-16, -27.25000000000000000 ) ) ;
#1078 = LINE ( 'NONE', #917, #1169 ) ;
#1079 = FACE_BOUND ( 'NONE', #529, .T. ) ;
#1080 = DIRECTION ( 'NONE',  ( 0.000000000000000000, 0.000000000000000000, 1.000000000000000000 ) ) ;
#1081 = AXIS2_PLACEMENT_3D ( 'NONE', #851, #810, #530 ) ;
#1082 = CARTESIAN_POINT ( 'NONE',  ( 22.50000000000000000, 24.99999999999999645, -24.99999999999999289 ) ) ;
#1083 = ORIENTED_EDGE ( 'NONE', *, *, #173, .F. ) ;
#1084 = DIRECTION ( 'NONE',  ( 0.000000000000000000, -0.000000000000000000, 1.000000000000000000 ) ) ;
#1085 = ORIENTED_EDGE ( 'NONE', *, *, #452, .T. ) ;
#1086 = CARTESIAN_POINT ( 'NONE',  ( 42.50000000000000000, 19.49999999999999645, 0.000000000000000000 ) ) ;
#1087 = CARTESIAN_POINT ( 'NONE',  ( 21.19929860498069374, 20.94147805979091359, -0.4228313454673678917 ) ) ;
#1088 = DIRECTION ( 'NONE',  ( 1.000000000000000000, -0.000000000000000000, -0.000000000000000000 ) ) ;
#1089 = LINE ( 'NONE', #1223, #233 ) ;
#1090 = FACE_BOUND ( 'NONE', #1403, .T. ) ;
#1091 = ORIENTED_EDGE ( 'NONE', *, *, #1258, .F. ) ;
#1092 = EDGE_CURVE ( 'NONE', #107, #1615, #928, .T. ) ;
#1093 = ORIENTED_EDGE ( 'NONE', *, *, #1771, .T. ) ;
#1094 = AXIS2_PLACEMENT_3D ( 'NONE', #724, #138, #697 ) ;
#1095 = CARTESIAN_POINT ( 'NONE',  ( -28.69822034938173871, 20.94059512928398092, -0.4257842083254029242 ) ) ;
#1096 = FACE_OUTER_BOUND ( 'NONE', #1554, .T. ) ;
#1097 = DIRECTION ( 'NONE',  ( 1.000000000000000000, -0.000000000000000000, -0.000000000000000000 ) ) ;
#1098 = DIRECTION ( 'NONE',  ( 1.000000000000000000, 0.000000000000000000, -1.067522139062650302E-16 ) ) ;
#1099 = EDGE_CURVE ( 'NONE', #735, #1658, #141, .T. ) ;
#1100 = EDGE_CURVE ( 'NONE', #68, #1188, #71, .T. ) ;
#1101 = CARTESIAN_POINT ( 'NONE',  ( 38.48000000000000398, 0.000000000000000000, -29.75000000000000355 ) ) ;
#1102 = ORIENTED_EDGE ( 'NONE', *, *, #758, .F. ) ;
#1103 = EDGE_LOOP ( 'NONE', ( #720, #509, #263, #1347, #1646, #1667 ) ) ;
#1104 = CARTESIAN_POINT ( 'NONE',  ( 7.520000000000010232, 24.99999999999999645, 0.000000000000000000 ) ) ;
#1105 = CARTESIAN_POINT ( 'NONE',  ( 7.697202247348037929, 20.32915619758885839, 1.249999999999994227 ) ) ;
#1106 = CIRCLE ( 'NONE', #1170, 1.250000000000001110 ) ;
#1107 = CARTESIAN_POINT ( 'NONE',  ( 0.000000000000000000, 25.50000000000000000, 0.000000000000000000 ) ) ;
#1108 = DIRECTION ( 'NONE',  ( 0.000000000000000000, 0.000000000000000000, 1.000000000000000000 ) ) ;
#1109 = CARTESIAN_POINT ( 'NONE',  ( 7.480000000000009308, 24.99999999999999645, -1.249999999999988898 ) ) ;
#1110 = ORIENTED_EDGE ( 'NONE', *, *, #900, .T. ) ;
#1111 = CIRCLE ( 'NONE', #774, 1.500000000000000888 ) ;
#1112 = AXIS2_PLACEMENT_3D ( 'NONE', #1222, #1119, #372 ) ;
#1113 = EDGE_LOOP ( 'NONE', ( #923, #1607, #1843, #1395 ) ) ;
#1114 = DIRECTION ( 'NONE',  ( 0.000000000000000000, 1.000000000000000000, 0.000000000000000000 ) ) ;
#1115 = ADVANCED_FACE ( 'NONE', ( #643 ), #1511, .F. ) ;
#1116 = EDGE_CURVE ( 'NONE', #229, #1725, #1828, .T. ) ;
#1117 = DIRECTION ( 'NONE',  ( 1.982541115402064518E-15, -0.000000000000000000, 1.000000000000000000 ) ) ;
#1118 = CARTESIAN_POINT ( 'NONE',  ( -38.48000000000001819, 5.000000000000000000, -29.75000000000000355 ) ) ;
#1119 = DIRECTION ( 'NONE',  ( -0.000000000000000000, -0.000000000000000000, 1.000000000000000000 ) ) ;
#1120 = ADVANCED_FACE ( 'NONE', ( #1391 ), #793, .T. ) ;
#1121 = CARTESIAN_POINT ( 'NONE',  ( -38.52000000000001734, 5.000000000000000000, -28.50000000000000000 ) ) ;
#1122 = ORIENTED_EDGE ( 'NONE', *, *, #505, .F. ) ;
#1123 = FACE_BOUND ( 'NONE', #136, .T. ) ;
#1124 = VERTEX_POINT ( 'NONE', #1671 ) ;
#1125 = ADVANCED_FACE ( 'NONE', ( #1243 ), #101, .F. ) ;
#1126 = DIRECTION ( 'NONE',  ( 1.000000000000000000, -0.000000000000000000, -0.000000000000000000 ) ) ;
#1127 = CARTESIAN_POINT ( 'NONE',  ( 8.597378389886936034, 20.85892926021681504, 0.6555435454876519241 ) ) ;
#1128 = CARTESIAN_POINT ( 'NONE',  ( 38.52000000000003155, 5.000000000000000000, 28.50000000000000000 ) ) ;
#1129 = FACE_BOUND ( 'NONE', #7, .T. ) ;
#1130 = PRODUCT_DEFINITION_SHAPE ( 'NONE', 'NONE',  #1485 ) ;
#1131 = DIRECTION ( 'NONE',  ( -0.000000000000000000, 1.000000000000000000, -0.000000000000000000 ) ) ;
#1132 = ORIENTED_EDGE ( 'NONE', *, *, #613, .F. ) ;
#1133 = AXIS2_PLACEMENT_3D ( 'NONE', #333, #53, #908 ) ;
#1134 = DIRECTION ( 'NONE',  ( -0.000000000000000000, -0.000000000000000000, -1.000000000000000000 ) ) ;
#1135 = VERTEX_POINT ( 'NONE', #1265 ) ;
#1136 = CARTESIAN_POINT ( 'NONE',  ( 38.52000000000003155, -4.336808689942017736E-16, 29.75000000000000355 ) ) ;
#1137 = CARTESIAN_POINT ( 'NONE',  ( 20.02000000000000668, 24.99999999999999645, 1.249999999999994227 ) ) ;
#1138 = CARTESIAN_POINT ( 'NONE',  ( 7.480000000000009308, 24.99999999999999645, 1.249999999999994227 ) ) ;
#1139 = DIRECTION ( 'NONE',  ( 0.000000000000000000, 0.000000000000000000, 1.000000000000000000 ) ) ;
#1140 = EDGE_CURVE ( 'NONE', #826, #1458, #1818, .T. ) ;
#1141 = DIRECTION ( 'NONE',  ( -0.000000000000000000, -1.000000000000000000, -0.000000000000000000 ) ) ;
#1142 = ORIENTED_EDGE ( 'NONE', *, *, #1540, .F. ) ;
#1143 = AXIS2_PLACEMENT_3D ( 'NONE', #1632, #833, #83 ) ;
#1144 = CARTESIAN_POINT ( 'NONE',  ( 20.02000000000000668, 20.32915619758885484, 1.249999999999994227 ) ) ;
#1145 = ORIENTED_EDGE ( 'NONE', *, *, #1325, .T. ) ;
#1146 = VECTOR ( 'NONE', #1292, 1000.000000000000000 ) ;
#1147 = VERTEX_POINT ( 'NONE', #1252 ) ;
#1148 = FACE_OUTER_BOUND ( 'NONE', #335, .T. ) ;
#1149 = CARTESIAN_POINT ( 'NONE',  ( 7.865402405923484608, 20.38948440893436853, -1.211662984604045867 ) ) ;
#1150 = CARTESIAN_POINT ( 'NONE',  ( 38.52000000000003155, 0.000000000000000000, 27.25000000000000000 ) ) ;
#1151 = CARTESIAN_POINT ( 'NONE',  ( 14.36406668625833838, 20.38892852929701505, 1.212066963527206553 ) ) ;
#1152 = VERTEX_POINT ( 'NONE', #523 ) ;
#1153 = CARTESIAN_POINT ( 'NONE',  ( 14.02000000000001023, 24.99999999999999645, 1.250000000000084377 ) ) ;
#1154 = ORIENTED_EDGE ( 'NONE', *, *, #246, .F. ) ;
#1155 = EDGE_LOOP ( 'NONE', ( #1359, #995, #471, #129 ) ) ;
#1156 = PLANE ( 'NONE',  #1806 ) ;
#1157 = DIRECTION ( 'NONE',  ( 1.000000000000000000, -0.000000000000000000, -0.000000000000000000 ) ) ;
#1158 = DIRECTION ( 'NONE',  ( 1.000000000000000000, 0.000000000000000000, 0.000000000000000000 ) ) ;
#1159 = CARTESIAN_POINT ( 'NONE',  ( 7.480000000000010196, 24.99999999999999645, 0.000000000000000000 ) ) ;
#1160 = EDGE_CURVE ( 'NONE', #229, #1030, #1800, .T. ) ;
#1161 = VECTOR ( 'NONE', #1374, 1000.000000000000000 ) ;
#1162 = CARTESIAN_POINT ( 'NONE',  ( 42.50000000000000000, 0.000000000000000000, -32.00000000000000000 ) ) ;
#1163 = VERTEX_POINT ( 'NONE', #501 ) ;
#1164 = ORIENTED_EDGE ( 'NONE', *, *, #286, .F. ) ;
#1165 = CARTESIAN_POINT ( 'NONE',  ( 18.99524454155423570, 20.78510117443690319, 0.7852249332633625123 ) ) ;
#1166 = FACE_BOUND ( 'NONE', #160, .T. ) ;
#1167 = ORIENTED_EDGE ( 'NONE', *, *, #166, .T. ) ;
#1168 = ORIENTED_EDGE ( 'NONE', *, *, #391, .T. ) ;
#1169 = VECTOR ( 'NONE', #1376, 1000.000000000000000 ) ;
#1170 = AXIS2_PLACEMENT_3D ( 'NONE', #1863, #558, #1139 ) ;
#1171 = ORIENTED_EDGE ( 'NONE', *, *, #1859, .F. ) ;
#1172 = AXIS2_PLACEMENT_3D ( 'NONE', #487, #1805, #1084 ) ;
#1173 = VECTOR ( 'NONE', #94, 1000.000000000000000 ) ;
#1174 = EDGE_CURVE ( 'NONE', #192, #1658, #238, .T. ) ;
#1175 = CARTESIAN_POINT ( 'NONE',  ( -38.52000000000001734, 5.000000000000000000, -27.25000000000000000 ) ) ;
#1176 = CYLINDRICAL_SURFACE ( 'NONE', #108, 1.249999999999994227 ) ;
#1177 = EDGE_CURVE ( 'NONE', #1063, #861, #1680, .T. ) ;
#1178 = VERTEX_POINT ( 'NONE', #1366 ) ;
#1179 = ADVANCED_FACE ( 'NONE', ( #959 ), #813, .F. ) ;
#1180 = CARTESIAN_POINT ( 'NONE',  ( -38.51999999999998892, -4.336808689942017736E-16, 29.75000000000000355 ) ) ;
#1181 = ORIENTED_EDGE ( 'NONE', *, *, #1184, .T. ) ;
#1182 = ADVANCED_FACE ( 'NONE', ( #1079, #1662 ), #1377, .F. ) ;
#1183 = CARTESIAN_POINT ( 'NONE',  ( 19.98000000000000753, 24.99999999999999645, 0.000000000000000000 ) ) ;
#1184 = EDGE_CURVE ( 'NONE', #1152, #1257, #901, .T. ) ;
#1185 = DIRECTION ( 'NONE',  ( 0.000000000000000000, -1.000000000000000000, 0.000000000000000000 ) ) ;
#1186 = EDGE_LOOP ( 'NONE', ( #1683, #140, #1733, #941 ) ) ;
#1187 = AXIS2_PLACEMENT_3D ( 'NONE', #1159, #1131, #1604 ) ;
#1188 = VERTEX_POINT ( 'NONE', #679 ) ;
#1189 = ORIENTED_EDGE ( 'NONE', *, *, #619, .T. ) ;
#1190 = CARTESIAN_POINT ( 'NONE',  ( -38.51999999999998892, 5.000000000000000000, 29.75000000000000355 ) ) ;
#1191 = CARTESIAN_POINT ( 'NONE',  ( 42.50000000000000000, 19.49999999999999645, 0.000000000000000000 ) ) ;
#1192 = CARTESIAN_POINT ( 'NONE',  ( -42.50000000000000000, 0.000000000000000000, -32.00000000000000000 ) ) ;
#1193 = CARTESIAN_POINT ( 'NONE',  ( 14.02000000000001023, 24.99999999999999645, -1.249999999999988898 ) ) ;
#1194 = EDGE_CURVE ( 'NONE', #1619, #1762, #670, .T. ) ;
#1195 = EDGE_LOOP ( 'NONE', ( #23, #634, #656, #1470 ) ) ;
#1196 = ORIENTED_EDGE ( 'NONE', *, *, #841, .T. ) ;
#1197 = AXIS2_PLACEMENT_3D ( 'NONE', #543, #1088, #663 ) ;
#1198 = DIRECTION ( 'NONE',  ( 0.000000000000000000, 0.000000000000000000, 1.000000000000000000 ) ) ;
#1199 = VECTOR ( 'NONE', #1709, 1000.000000000000000 ) ;
#1200 = LINE ( 'NONE', #1779, #836 ) ;
#1201 = AXIS2_PLACEMENT_3D ( 'NONE', #1831, #352, #815 ) ;
#1202 = VECTOR ( 'NONE', #882, 1000.000000000000000 ) ;
#1203 = CARTESIAN_POINT ( 'NONE',  ( 13.21581776146024367, 20.62504053673634630, 1.001172819775659972 ) ) ;
#1204 = DIRECTION ( 'NONE',  ( -1.000000000000000000, 0.000000000000000000, 0.000000000000000000 ) ) ;
#1205 = DIRECTION ( 'NONE',  ( -0.000000000000000000, 1.000000000000000000, -0.000000000000000000 ) ) ;
#1206 = ORIENTED_EDGE ( 'NONE', *, *, #1370, .T. ) ;
#1207 = ORIENTED_EDGE ( 'NONE', *, *, #1239, .T. ) ;
#1208 = FACE_BOUND ( 'NONE', #1290, .T. ) ;
#1209 = EDGE_LOOP ( 'NONE', ( #1142, #1880, #1855, #1613 ) ) ;
#1210 = CYLINDRICAL_SURFACE ( 'NONE', #691, 1.250000000000001110 ) ;
#1211 = CARTESIAN_POINT ( 'NONE',  ( 12.90262161011313680, 20.85892926021676885, -0.6555435454877338586 ) ) ;
#1212 = DIRECTION ( 'NONE',  ( 0.000000000000000000, 0.000000000000000000, 1.000000000000000000 ) ) ;
#1213 = FACE_OUTER_BOUND ( 'NONE', #364, .T. ) ;
#1214 = FACE_OUTER_BOUND ( 'NONE', #1042, .T. ) ;
#1215 = VERTEX_POINT ( 'NONE', #1697 ) ;
#1216 = VERTEX_POINT ( 'NONE', #1118 ) ;
#1217 = CARTESIAN_POINT ( 'NONE',  ( 6.845031427510844146, 20.53682068539082195, -1.088256918479234336 ) ) ;
#1218 = EDGE_LOOP ( 'NONE', ( #1756, #345, #1313, #313 ) ) ;
#1219 = AXIS2_PLACEMENT_3D ( 'NONE', #1652, #1489, #794 ) ;
#1220 = CARTESIAN_POINT ( 'NONE',  ( 42.50000000000002842, -85.28774824088162632, 24.99999999999997158 ) ) ;
#1221 = PLANE ( 'NONE',  #1752 ) ;
#1222 = CARTESIAN_POINT ( 'NONE',  ( 32.50000000000002842, 15.00000000000000533, 19.99999999999999289 ) ) ;
#1223 = CARTESIAN_POINT ( 'NONE',  ( -42.50000000000000000, 0.000000000000000000, -32.00000000000000000 ) ) ;
#1224 = CARTESIAN_POINT ( 'NONE',  ( -27.51999999999999602, 20.32915619758885839, -1.249999999999992450 ) ) ;
#1225 = ORIENTED_EDGE ( 'NONE', *, *, #511, .T. ) ;
#1226 = FACE_OUTER_BOUND ( 'NONE', #1593, .T. ) ;
#1227 = VERTEX_POINT ( 'NONE', #976 ) ;
#1228 = CIRCLE ( 'NONE', #925, 1.500000000000000888 ) ;
#1229 = DIRECTION ( 'NONE',  ( 0.000000000000000000, 0.000000000000000000, 1.000000000000000000 ) ) ;
#1230 = CARTESIAN_POINT ( 'NONE',  ( 38.48000000000003240, 0.000000000000000000, 27.25000000000000000 ) ) ;
#1231 = CARTESIAN_POINT ( 'NONE',  ( -42.50000000000000000, -85.28774824088162632, 25.00000000000001421 ) ) ;
#1232 = CYLINDRICAL_SURFACE ( 'NONE', #158, 1.250000000000001110 ) ;
#1233 = LINE ( 'NONE', #1379, #390 ) ;
#1234 = EDGE_LOOP ( 'NONE', ( #1469, #321, #19, #885 ) ) ;
#1235 = EDGE_CURVE ( 'NONE', #638, #1135, #123, .T. ) ;
#1236 = PLANE ( 'NONE',  #996 ) ;
#1237 = EDGE_LOOP ( 'NONE', ( #343, #1813, #6, #305 ) ) ;
#1238 = EDGE_CURVE ( 'NONE', #1362, #1549, #257, .T. ) ;
#1239 = EDGE_CURVE ( 'NONE', #696, #1030, #1717, .T. ) ;
#1240 = LINE ( 'NONE', #1705, #1707 ) ;
#1241 = LINE ( 'NONE', #1510, #1271 ) ;
#1242 = EDGE_CURVE ( 'NONE', #684, #1046, #1577, .T. ) ;
#1243 = FACE_OUTER_BOUND ( 'NONE', #1209, .T. ) ;
#1244 = CYLINDRICAL_SURFACE ( 'NONE', #806, 1.249999999999994227 ) ;
#1245 = CARTESIAN_POINT ( 'NONE',  ( -42.50000000000001421, -85.28774824088162632, -24.99999999999998579 ) ) ;
#1246 = ORIENTED_EDGE ( 'NONE', *, *, #1375, .T. ) ;
#1247 = ORIENTED_EDGE ( 'NONE', *, *, #164, .F. ) ;
#1248 =( NAMED_UNIT ( * ) PLANE_ANGLE_UNIT ( ) SI_UNIT ( $, .RADIAN. ) );
#1249 = VECTOR ( 'NONE', #481, 1000.000000000000000 ) ;
#1250 = DIRECTION ( 'NONE',  ( 0.000000000000000000, 0.000000000000000000, 1.000000000000000000 ) ) ;
#1251 = DIRECTION ( 'NONE',  ( 0.000000000000000000, 0.000000000000000000, -1.000000000000000000 ) ) ;
#1252 = CARTESIAN_POINT ( 'NONE',  ( -38.51999999999998892, 0.000000000000000000, 27.25000000000000000 ) ) ;
#1253 = CARTESIAN_POINT ( 'NONE',  ( 34.50000000000000000, 19.49999999999999645, 0.000000000000000000 ) ) ;
#1254 = DIRECTION ( 'NONE',  ( -0.000000000000000000, -0.000000000000000000, 1.000000000000000000 ) ) ;
#1255 = ORIENTED_EDGE ( 'NONE', *, *, #986, .T. ) ;
#1256 = EDGE_CURVE ( 'NONE', #222, #1152, #569, .T. ) ;
#1257 = VERTEX_POINT ( 'NONE', #429 ) ;
#1258 = EDGE_CURVE ( 'NONE', #1867, #1413, #1627, .T. ) ;
#1259 = DIRECTION ( 'NONE',  ( 0.000000000000000000, -1.000000000000000000, 0.000000000000000000 ) ) ;
#1260 = ADVANCED_FACE ( 'NONE', ( #1838 ), #1827, .F. ) ;
#1261 = DIRECTION ( 'NONE',  ( 1.000000000000000000, 0.000000000000000000, 0.000000000000000000 ) ) ;
#1262 = VECTOR ( 'NONE', #152, 1000.000000000000000 ) ;
#1263 = CARTESIAN_POINT ( 'NONE',  ( 22.50000000000001066, 24.99999999999999645, 24.99999999999996803 ) ) ;
#1264 = AXIS2_PLACEMENT_3D ( 'NONE', #949, #395, #1534 ) ;
#1265 = CARTESIAN_POINT ( 'NONE',  ( 34.50000000000000000, 19.49999999999999645, -1.500000000000000888 ) ) ;
#1266 = DIRECTION ( 'NONE',  ( 0.000000000000000000, 0.000000000000000000, -1.000000000000000000 ) ) ;
#1267 = CARTESIAN_POINT ( 'NONE',  ( 15.26040461849524021, 20.99197927833047572, 0.1768755936552491304 ) ) ;
#1268 = EDGE_LOOP ( 'NONE', ( #756, #1677, #870, #1289 ) ) ;
#1269 = FACE_OUTER_BOUND ( 'NONE', #1237, .T. ) ;
#1270 = ORIENTED_EDGE ( 'NONE', *, *, #1256, .F. ) ;
#1271 = VECTOR ( 'NONE', #642, 1000.000000000000000 ) ;
#1272 = CARTESIAN_POINT ( 'NONE',  ( 0.000000000000000000, 5.000000000000000000, 0.000000000000000000 ) ) ;
#1273 = DIRECTION ( 'NONE',  ( -0.000000000000000000, 0.000000000000000000, -1.000000000000000000 ) ) ;
#1274 = DIRECTION ( 'NONE',  ( 1.000000000000000000, 0.000000000000000000, 0.000000000000000000 ) ) ;
#1275 = CARTESIAN_POINT ( 'NONE',  ( -38.47999999999999687, 0.000000000000000000, 29.75000000000000355 ) ) ;
#1276 =( NAMED_UNIT ( * ) PLANE_ANGLE_UNIT ( ) SI_UNIT ( $, .RADIAN. ) );
#1277 = FACE_OUTER_BOUND ( 'NONE', #1784, .T. ) ;
#1278 = ORIENTED_EDGE ( 'NONE', *, *, #1675, .F. ) ;
#1279 = CARTESIAN_POINT ( 'NONE',  ( -26.27548257538072463, 20.96227930833842024, 0.3450019811591486518 ) ) ;
#1280 = ORIENTED_EDGE ( 'NONE', *, *, #648, .F. ) ;
#1281 =( NAMED_UNIT ( * ) SI_UNIT ( $, .STERADIAN. ) SOLID_ANGLE_UNIT ( ) );
#1282 = CIRCLE ( 'NONE', #1187, 1.249999999999988898 ) ;
#1283 = DIRECTION ( 'NONE',  ( -1.084202172485504557E-16, 0.000000000000000000, -1.000000000000000000 ) ) ;
#1284 = CARTESIAN_POINT ( 'NONE',  ( 42.50000000000000000, 0.000000000000000000, -32.00000000000000000 ) ) ;
#1285 = LINE ( 'NONE', #855, #686 ) ;
#1286 = CARTESIAN_POINT ( 'NONE',  ( 15.22451742461928426, 20.96227930833841668, 0.3450019811591510943 ) ) ;
#1287 = ORIENTED_EDGE ( 'NONE', *, *, #1516, .T. ) ;
#1288 = DIRECTION ( 'NONE',  ( 0.000000000000000000, 1.000000000000000000, 0.000000000000000000 ) ) ;
#1289 = ORIENTED_EDGE ( 'NONE', *, *, #232, .F. ) ;
#1290 = EDGE_LOOP ( 'NONE', ( #309, #49, #86, #127 ) ) ;
#1291 = DIRECTION ( 'NONE',  ( 1.000000000000000000, -0.000000000000000000, -0.000000000000000000 ) ) ;
#1292 = DIRECTION ( 'NONE',  ( 0.000000000000000000, -1.000000000000000000, 0.000000000000000000 ) ) ;
#1293 = CYLINDRICAL_SURFACE ( 'NONE', #39, 1.250000000000001110 ) ;
#1294 = CARTESIAN_POINT ( 'NONE',  ( 14.78418223853960356, 20.62504053673622906, -1.001172819775793421 ) ) ;
#1295 = ORIENTED_EDGE ( 'NONE', *, *, #1771, .F. ) ;
#1296 = VECTOR ( 'NONE', #1392, 1000.000000000000000 ) ;
#1297 = CARTESIAN_POINT ( 'NONE',  ( -38.51999999999998892, 5.000000000000000000, 29.75000000000000355 ) ) ;
#1298 = ORIENTED_EDGE ( 'NONE', *, *, #1540, .T. ) ;
#1299 = VECTOR ( 'NONE', #383, 1000.000000000000000 ) ;
#1300 = ORIENTED_EDGE ( 'NONE', *, *, #1516, .F. ) ;
#1301 = FACE_OUTER_BOUND ( 'NONE', #710, .T. ) ;
#1302 = DIRECTION ( 'NONE',  ( -0.000000000000000000, 0.000000000000000000, -1.000000000000000000 ) ) ;
#1303 = DIRECTION ( 'NONE',  ( 0.000000000000000000, 0.000000000000000000, 1.000000000000000000 ) ) ;
#1304 = EDGE_CURVE ( 'NONE', #1023, #1888, #854, .T. ) ;
#1305 = CARTESIAN_POINT ( 'NONE',  ( 38.48000000000003240, 5.000000000000000000, 29.75000000000000355 ) ) ;
#1306 = EDGE_CURVE ( 'NONE', #1619, #829, #988, .T. ) ;
#1307 = CARTESIAN_POINT ( 'NONE',  ( 14.19720224734803793, 20.32915619758885839, 1.249999999999994449 ) ) ;
#1308 = LINE ( 'NONE', #1012, #1740 ) ;
#1309 = ORIENTED_EDGE ( 'NONE', *, *, #1194, .T. ) ;
#1310 = VERTEX_POINT ( 'NONE', #1284 ) ;
#1311 = CARTESIAN_POINT ( 'NONE',  ( 18.77465038830053601, 20.96296547669640731, 0.3421723286919814422 ) ) ;
#1312 = CARTESIAN_POINT ( 'NONE',  ( -42.50000000000000000, 25.50000000000000000, 25.00000000000001421 ) ) ;
#1313 = ORIENTED_EDGE ( 'NONE', *, *, #1584, .T. ) ;
#1314 = VECTOR ( 'NONE', #1565, 1000.000000000000000 ) ;
#1315 = ORIENTED_EDGE ( 'NONE', *, *, #506, .F. ) ;
#1316 = ADVANCED_FACE ( 'NONE', ( #1861 ), #557, .F. ) ;
#1317 = AXIS2_PLACEMENT_3D ( 'NONE', #1104, #692, #1678 ) ;
#1318 = VERTEX_POINT ( 'NONE', #1739 ) ;
#1319 = CARTESIAN_POINT ( 'NONE',  ( 19.63459759407626493, 20.38948440893448222, 1.211662984603967264 ) ) ;
#1320 = EDGE_CURVE ( 'NONE', #1023, #386, #1777, .T. ) ;
#1321 = CARTESIAN_POINT ( 'NONE',  ( -46.74264068711929099, 19.49999999999999645, 0.000000000000000000 ) ) ;
#1322 = ORIENTED_EDGE ( 'NONE', *, *, #1004, .T. ) ;
#1323 = ORIENTED_EDGE ( 'NONE', *, *, #1434, .F. ) ;
#1324 = AXIS2_PLACEMENT_3D ( 'NONE', #745, #1447, #1025 ) ;
#1325 = EDGE_CURVE ( 'NONE', #741, #1633, #461, .T. ) ;
#1326 = EDGE_LOOP ( 'NONE', ( #310, #1735, #790, #698 ) ) ;
#1327 = AXIS2_PLACEMENT_3D ( 'NONE', #1032, #1616, #588 ) ;
#1328 = APPLICATION_CONTEXT ( 'automotive_design' ) ;
#1329 = CARTESIAN_POINT ( 'NONE',  ( 19.21738743775581781, 20.62395626468638099, -1.002404829080614457 ) ) ;
#1330 = DIRECTION ( 'NONE',  ( 0.000000000000000000, 0.000000000000000000, 1.000000000000000000 ) ) ;
#1331 = EDGE_LOOP ( 'NONE', ( #200, #921 ) ) ;
#1332 = LINE ( 'NONE', #1180, #113 ) ;
#1333 = EDGE_LOOP ( 'NONE', ( #547, #468, #15, #459 ) ) ;
#1334 = DIRECTION ( 'NONE',  ( 0.000000000000000000, 0.000000000000000000, 1.000000000000000000 ) ) ;
#1335 = CARTESIAN_POINT ( 'NONE',  ( 38.52000000000003155, 5.000000000000000000, 28.50000000000000000 ) ) ;
#1336 = VECTOR ( 'NONE', #1653, 1000.000000000000000 ) ;
#1337 = EDGE_CURVE ( 'NONE', #424, #1713, #590, .T. ) ;
#1338 = LINE ( 'NONE', #1058, #1590 ) ;
#1339 = AXIS2_PLACEMENT_3D ( 'NONE', #1431, #1288, #434 ) ;
#1340 = DIRECTION ( 'NONE',  ( 0.000000000000000000, 0.000000000000000000, 1.000000000000000000 ) ) ;
#1341 = AXIS2_PLACEMENT_3D ( 'NONE', #1509, #763, #51 ) ;
#1342 = ORIENTED_EDGE ( 'NONE', *, *, #1242, .F. ) ;
#1343 = CARTESIAN_POINT ( 'NONE',  ( 7.134597594076270255, 20.38948440893447867, 1.211662984603967930 ) ) ;
#1344 = LINE ( 'NONE', #769, #1026 ) ;
#1345 = CARTESIAN_POINT ( 'NONE',  ( 13.80281102394586945, 20.32915619759357639, 1.250000000000063061 ) ) ;
#1346 = CARTESIAN_POINT ( 'NONE',  ( -28.15584618637721448, 20.53739098918877204, 1.087717627671286325 ) ) ;
#1347 = ORIENTED_EDGE ( 'NONE', *, *, #80, .F. ) ;
#1348 = ORIENTED_EDGE ( 'NONE', *, *, #727, .F. ) ;
#1349 = VECTOR ( 'NONE', #1365, 1000.000000000000000 ) ;
#1350 = AXIS2_PLACEMENT_3D ( 'NONE', #1438, #1719, #422 ) ;
#1351 = CARTESIAN_POINT ( 'NONE',  ( 38.48000000000003240, 5.000000000000000000, 29.75000000000006750 ) ) ;
#1352 = ORIENTED_EDGE ( 'NONE', *, *, #1848, .T. ) ;
#1353 = CARTESIAN_POINT ( 'NONE',  ( 21.22451742461928603, 20.96227930833842024, 0.3450019811591503172 ) ) ;
#1354 = VECTOR ( 'NONE', #1259, 1000.000000000000000 ) ;
#1355 = AXIS2_PLACEMENT_3D ( 'NONE', #179, #755, #31 ) ;
#1356 = LINE ( 'NONE', #1660, #339 ) ;
#1357 = DIRECTION ( 'NONE',  ( -0.000000000000000000, 1.000000000000000000, -0.000000000000000000 ) ) ;
#1358 = FACE_OUTER_BOUND ( 'NONE', #358, .T. ) ;
#1359 = ORIENTED_EDGE ( 'NONE', *, *, #754, .T. ) ;
#1360 = EDGE_LOOP ( 'NONE', ( #280, #1396, #839, #1132 ) ) ;
#1361 = FACE_OUTER_BOUND ( 'NONE', #891, .T. ) ;
#1362 = VERTEX_POINT ( 'NONE', #1049 ) ;
#1363 = DIRECTION ( 'NONE',  ( -0.000000000000000000, -1.000000000000000000, -0.000000000000000000 ) ) ;
#1364 = CARTESIAN_POINT ( 'NONE',  ( 12.73959538150479887, 20.99197927833045796, -0.1768755936553932373 ) ) ;
#1365 = DIRECTION ( 'NONE',  ( -0.000000000000000000, -0.000000000000000000, 1.000000000000000000 ) ) ;
#1366 = CARTESIAN_POINT ( 'NONE',  ( 22.50000000000000000, 24.99999999999999645, -24.99999999999999289 ) ) ;
#1367 = CARTESIAN_POINT ( 'NONE',  ( 42.50000000000000000, 5.000000000000004441, -32.00000000000000000 ) ) ;
#1368 = DIRECTION ( 'NONE',  ( 1.000000000000000000, 0.000000000000000000, 0.000000000000000000 ) ) ;
#1369 = ORIENTED_EDGE ( 'NONE', *, *, #1177, .T. ) ;
#1370 = EDGE_CURVE ( 'NONE', #846, #406, #624, .T. ) ;
#1371 = CARTESIAN_POINT ( 'NONE',  ( 13.98000000000000753, 24.99999999999999645, 1.249999999999988898 ) ) ;
#1372 = ORIENTED_EDGE ( 'NONE', *, *, #1306, .F. ) ;
#1373 = CIRCLE ( 'NONE', #888, 2.500000000000002220 ) ;
#1374 = DIRECTION ( 'NONE',  ( 0.000000000000000000, -1.000000000000000000, 0.000000000000000000 ) ) ;
#1375 = EDGE_CURVE ( 'NONE', #1723, #1455, #865, .T. ) ;
#1376 = DIRECTION ( 'NONE',  ( 0.000000000000000000, -1.000000000000000000, 0.000000000000000000 ) ) ;
#1377 = PLANE ( 'NONE',  #392 ) ;
#1378 = CARTESIAN_POINT ( 'NONE',  ( -28.72534961169945689, 20.96296547669640020, 0.3421723286919769458 ) ) ;
#1379 = CARTESIAN_POINT ( 'NONE',  ( -42.50000000000001421, 5.000000000000004441, -24.99999999999998579 ) ) ;
#1380 = VERTEX_POINT ( 'NONE', #1760 ) ;
#1381 = VECTOR ( 'NONE', #1452, 1000.000000000000000 ) ;
#1382 = EDGE_CURVE ( 'NONE', #1413, #1867, #11, .T. ) ;
#1383 = ADVANCED_FACE ( 'NONE', ( #602 ), #610, .F. ) ;
#1384 = PLANE ( 'NONE',  #1172 ) ;
#1385 = ORIENTED_EDGE ( 'NONE', *, *, #662, .F. ) ;
#1386 = EDGE_CURVE ( 'NONE', #741, #1318, #598, .T. ) ;
#1387 = CIRCLE ( 'NONE', #387, 1.249999999999987121 ) ;
#1388 = CARTESIAN_POINT ( 'NONE',  ( -28.15496857248917095, 20.53682068539081840, -1.088256918479234336 ) ) ;
#1389 = LINE ( 'NONE', #348, #455 ) ;
#1390 = AXIS2_PLACEMENT_3D ( 'NONE', #533, #998, #276 ) ;
#1391 = FACE_OUTER_BOUND ( 'NONE', #1869, .T. ) ;
#1392 = DIRECTION ( 'NONE',  ( 1.000000000000000000, -0.000000000000000000, -0.000000000000000000 ) ) ;
#1393 = CIRCLE ( 'NONE', #44, 1.250000000000001110 ) ;
#1394 = DIRECTION ( 'NONE',  ( -0.000000000000000000, 1.000000000000000000, -0.000000000000000000 ) ) ;
#1395 = ORIENTED_EDGE ( 'NONE', *, *, #1517, .F. ) ;
#1396 = ORIENTED_EDGE ( 'NONE', *, *, #648, .T. ) ;
#1397 = FACE_BOUND ( 'NONE', #155, .T. ) ;
#1398 = PLANE ( 'NONE',  #318 ) ;
#1399 = CARTESIAN_POINT ( 'NONE',  ( -42.49999999999999289, 5.000000000000004441, 32.00000000000000000 ) ) ;
#1400 = EDGE_CURVE ( 'NONE', #1495, #1549, #1600, .T. ) ;
#1401 = CARTESIAN_POINT ( 'NONE',  ( 19.98000000000000398, 24.99999999999999645, -1.249999999999994227 ) ) ;
#1402 = CYLINDRICAL_SURFACE ( 'NONE', #1034, 2.500000000000002220 ) ;
#1403 = EDGE_LOOP ( 'NONE', ( #1189, #1500, #12, #1609 ) ) ;
#1404 = ORIENTED_EDGE ( 'NONE', *, *, #847, .T. ) ;
#1405 = ADVANCED_FACE ( 'NONE', ( #307 ), #1176, .F. ) ;
#1406 = LINE ( 'NONE', #98, #1878 ) ;
#1407 = AXIS2_PLACEMENT_3D ( 'NONE', #1086, #36, #499 ) ;
#1408 = LINE ( 'NONE', #1837, #555 ) ;
#1409 = CARTESIAN_POINT ( 'NONE',  ( 8.282612562244247911, 20.62395626468640941, 1.002404829080578486 ) ) ;
#1410 = DIRECTION ( 'NONE',  ( -5.306212985340819612E-16, 0.000000000000000000, -1.000000000000000000 ) ) ;
#1411 = DIRECTION ( 'NONE',  ( -0.000000000000000000, 1.000000000000000000, -0.000000000000000000 ) ) ;
#1412 = LINE ( 'NONE', #1082, #1751 ) ;
#1413 = VERTEX_POINT ( 'NONE', #144 ) ;
#1414 = CARTESIAN_POINT ( 'NONE',  ( -26.84415381362299513, 20.53739098918864414, -1.087717627671413334 ) ) ;
#1415 = EDGE_LOOP ( 'NONE', ( #1073, #1164, #85, #1348 ) ) ;
#1416 = PLANE ( 'NONE',  #1862 ) ;
#1417 = CARTESIAN_POINT ( 'NONE',  ( -46.74264068711929099, 20.32915619758885484, 1.249999999999993783 ) ) ;
#1418 = CARTESIAN_POINT ( 'NONE',  ( 20.02000000000000668, 24.99999999999999645, -1.249999999999994227 ) ) ;
#1419 = DIRECTION ( 'NONE',  ( 0.000000000000000000, 0.000000000000000000, 1.000000000000000000 ) ) ;
#1420 = DIRECTION ( 'NONE',  ( 1.000000000000000000, 0.000000000000000000, -0.000000000000000000 ) ) ;
#1421 = ORIENTED_EDGE ( 'NONE', *, *, #164, .T. ) ;
#1422 = CARTESIAN_POINT ( 'NONE',  ( -26.71738743775576097, 20.62395626468641652, 1.002404829080576931 ) ) ;
#1423 = VERTEX_POINT ( 'NONE', #596 ) ;
#1424 = VECTOR ( 'NONE', #722, 1000.000000000000000 ) ;
#1425 = DIRECTION ( 'NONE',  ( 1.000000000000000000, 0.000000000000000000, -0.000000000000000000 ) ) ;
#1426 = CARTESIAN_POINT ( 'NONE',  ( -29.50000000000000355, 19.49999999999999645, -1.500000000000000888 ) ) ;
#1427 = CARTESIAN_POINT ( 'NONE',  ( 8.724517424619287809, 20.96227930833841668, 0.3450019811591513719 ) ) ;
#1428 = FACE_OUTER_BOUND ( 'NONE', #1612, .T. ) ;
#1429 = LINE ( 'NONE', #1440, #1868 ) ;
#1430 = VERTEX_POINT ( 'NONE', #725 ) ;
#1431 = CARTESIAN_POINT ( 'NONE',  ( 0.000000000000000000, 5.000000000000000000, 0.000000000000000000 ) ) ;
#1432 = ORIENTED_EDGE ( 'NONE', *, *, #636, .T. ) ;
#1433 = CARTESIAN_POINT ( 'NONE',  ( 19.98000000000000398, 24.99999999999999645, 1.249999999999994227 ) ) ;
#1434 = EDGE_CURVE ( 'NONE', #628, #872, #1040, .T. ) ;
#1435 = VECTOR ( 'NONE', #1436, 1000.000000000000000 ) ;
#1436 = DIRECTION ( 'NONE',  ( 1.000000000000000000, -0.000000000000000000, -0.000000000000000000 ) ) ;
#1437 = CARTESIAN_POINT ( 'NONE',  ( 8.503820938914387284, 20.78436887407064049, 0.7864411749205502122 ) ) ;
#1438 = CARTESIAN_POINT ( 'NONE',  ( 20.02000000000000668, 24.99999999999999645, 0.000000000000000000 ) ) ;
#1439 = EDGE_CURVE ( 'NONE', #334, #527, #1885, .T. ) ;
#1440 = CARTESIAN_POINT ( 'NONE',  ( 42.50000000000000000, 25.50000000000000000, 32.00000000000000000 ) ) ;
#1441 = ORIENTED_EDGE ( 'NONE', *, *, #1041, .T. ) ;
#1442 = LINE ( 'NONE', #582, #1822 ) ;
#1443 = VERTEX_POINT ( 'NONE', #734 ) ;
#1444 = ADVANCED_FACE ( 'NONE', ( #2, #1166, #451, #1027, #1611 ), #740, .F. ) ;
#1445 = ORIENTED_EDGE ( 'NONE', *, *, #436, .T. ) ;
#1446 = EDGE_CURVE ( 'NONE', #628, #554, #1475, .T. ) ;
#1447 = DIRECTION ( 'NONE',  ( 0.000000000000000000, 0.000000000000000000, 1.000000000000000000 ) ) ;
#1448 = DIRECTION ( 'NONE',  ( 0.000000000000000000, 0.000000000000000000, -1.000000000000000000 ) ) ;
#1449 = CARTESIAN_POINT ( 'NONE',  ( -27.51999999999999957, 24.99999999999999645, 1.250000000000084377 ) ) ;
#1450 = DIRECTION ( 'NONE',  ( -1.000000000000000000, 0.000000000000000000, 0.000000000000000000 ) ) ;
#1451 = AXIS2_PLACEMENT_3D ( 'NONE', #1107, #1552, #247 ) ;
#1452 = DIRECTION ( 'NONE',  ( 1.000000000000000000, -0.000000000000000000, -0.000000000000000000 ) ) ;
#1453 = AXIS2_PLACEMENT_3D ( 'NONE', #1841, #524, #239 ) ;
#1454 = CARTESIAN_POINT ( 'NONE',  ( -26.40262161011307640, 20.85892926021682570, 0.6555435454876497037 ) ) ;
#1455 = VERTEX_POINT ( 'NONE', #323 ) ;
#1456 = CIRCLE ( 'NONE', #690, 1.249999999999988898 ) ;
#1457 = VECTOR ( 'NONE', #549, 1000.000000000000000 ) ;
#1458 = VERTEX_POINT ( 'NONE', #167 ) ;
#1459 = CYLINDRICAL_SURFACE ( 'NONE', #1834, 1.249999999999994227 ) ;
#1460 = LINE ( 'NONE', #1737, #1435 ) ;
#1461 = CARTESIAN_POINT ( 'NONE',  ( 13.98000000000000931, 24.99999999999999645, -1.249999999999988898 ) ) ;
#1462 = EDGE_CURVE ( 'NONE', #1583, #1152, #17, .T. ) ;
#1463 = FACE_OUTER_BOUND ( 'NONE', #676, .T. ) ;
#1464 = ORIENTED_EDGE ( 'NONE', *, *, #20, .T. ) ;
#1465 = EDGE_CURVE ( 'NONE', #1178, #104, #182, .T. ) ;
#1466 = VERTEX_POINT ( 'NONE', #488 ) ;
#1467 = FACE_OUTER_BOUND ( 'NONE', #261, .T. ) ;
#1468 = DIRECTION ( 'NONE',  ( -0.000000000000000000, 1.000000000000000000, -0.000000000000000000 ) ) ;
#1469 = ORIENTED_EDGE ( 'NONE', *, *, #232, .T. ) ;
#1470 = ORIENTED_EDGE ( 'NONE', *, *, #29, .T. ) ;
#1471 = ORIENTED_EDGE ( 'NONE', *, *, #1584, .F. ) ;
#1472 = AXIS2_PLACEMENT_3D ( 'NONE', #227, #644, #187 ) ;
#1473 = ORIENTED_EDGE ( 'NONE', *, *, #800, .F. ) ;
#1474 = FACE_OUTER_BOUND ( 'NONE', #1333, .T. ) ;
#1475 = LINE ( 'NONE', #889, #1656 ) ;
#1476 = ORIENTED_EDGE ( 'NONE', *, *, #1004, .F. ) ;
#1477 = EDGE_LOOP ( 'NONE', ( #592, #517, #1555, #1821 ) ) ;
#1478 = ORIENTED_EDGE ( 'NONE', *, *, #1382, .T. ) ;
#1479 = ADVANCED_FACE ( 'NONE', ( #204 ), #1210, .F. ) ;
#1480 = CARTESIAN_POINT ( 'NONE',  ( -27.47999999999999687, 24.99999999999999645, 1.249999999999992450 ) ) ;
#1481 = DIRECTION ( 'NONE',  ( 0.000000000000000000, 0.000000000000000000, -1.000000000000000000 ) ) ;
#1482 = CARTESIAN_POINT ( 'NONE',  ( 13.34415381362279440, 20.53739098918877204, 1.087717627671290543 ) ) ;
#1483 = DIRECTION ( 'NONE',  ( 0.000000000000000000, -1.000000000000000000, 0.000000000000000000 ) ) ;
#1484 = VERTEX_POINT ( 'NONE', #1638 ) ;
#1485 = PRODUCT_DEFINITION ( 'UNKNOWN', '', #689, #124 ) ;
#1486 = CARTESIAN_POINT ( 'NONE',  ( 7.135933313741700701, 20.38892852929700439, -1.212066963527211660 ) ) ;
#1487 = CARTESIAN_POINT ( 'NONE',  ( 20.36406668625834016, 20.38892852929701505, 1.212066963527206109 ) ) ;
#1488 = LINE ( 'NONE', #122, #3 ) ;
#1489 = DIRECTION ( 'NONE',  ( -0.000000000000000000, 1.000000000000000000, -0.000000000000000000 ) ) ;
#1490 = DIRECTION ( 'NONE',  ( 1.000000000000000000, -0.000000000000000000, -0.000000000000000000 ) ) ;
#1491 = CIRCLE ( 'NONE', #1341, 1.250000000000001110 ) ;
#1492 = ORIENTED_EDGE ( 'NONE', *, *, #1092, .T. ) ;
#1493 = EDGE_CURVE ( 'NONE', #1257, #1538, #1344, .T. ) ;
#1494 = CARTESIAN_POINT ( 'NONE',  ( 7.480000000000010196, 20.32915619758885484, -1.249999999999994227 ) ) ;
#1495 = VERTEX_POINT ( 'NONE', #1057 ) ;
#1496 = CARTESIAN_POINT ( 'NONE',  ( 21.26040461849523311, 20.99197927833048283, 0.1768755936552479646 ) ) ;
#1497 = CARTESIAN_POINT ( 'NONE',  ( 12.80177965061826839, 20.94059512928397382, -0.4257842083254013144 ) ) ;
#1498 = LINE ( 'NONE', #60, #1502 ) ;
#1499 = CARTESIAN_POINT ( 'NONE',  ( -28.77010975147815586, 21.00009145954232892, 0.08531561345487588544 ) ) ;
#1500 = ORIENTED_EDGE ( 'NONE', *, *, #1675, .T. ) ;
#1501 = EDGE_LOOP ( 'NONE', ( #992, #1247 ) ) ;
#1502 = VECTOR ( 'NONE', #652, 1000.000000000000000 ) ;
#1503 = AXIS2_PLACEMENT_3D ( 'NONE', #1305, #550, #1729 ) ;
#1504 = DIRECTION ( 'NONE',  ( 0.000000000000000000, 0.000000000000000000, 1.000000000000000000 ) ) ;
#1505 = ORIENTED_EDGE ( 'NONE', *, *, #498, .T. ) ;
#1506 = CARTESIAN_POINT ( 'NONE',  ( 38.52000000000000313, 5.000000000000000000, -27.24999999999995381 ) ) ;
#1507 = VECTOR ( 'NONE', #780, 1000.000000000000000 ) ;
#1508 = CIRCLE ( 'NONE', #537, 1.249999999999990674 ) ;
#1509 = CARTESIAN_POINT ( 'NONE',  ( -38.51999999999998892, 0.000000000000000000, 28.50000000000000000 ) ) ;
#1510 = CARTESIAN_POINT ( 'NONE',  ( 19.98000000000000398, 24.99999999999999645, -1.249999999999990674 ) ) ;
#1511 = CYLINDRICAL_SURFACE ( 'NONE', #1197, 4.000000000000000000 ) ;
#1512 = CARTESIAN_POINT ( 'NONE',  ( -38.51999999999998892, -4.336808689942017736E-16, 29.75000000000000355 ) ) ;
#1513 = EDGE_CURVE ( 'NONE', #860, #1310, #1200, .T. ) ;
#1514 = LINE ( 'NONE', #665, #852 ) ;
#1515 = VERTEX_POINT ( 'NONE', #1506 ) ;
#1516 = EDGE_CURVE ( 'NONE', #1135, #1753, #1228, .T. ) ;
#1517 = EDGE_CURVE ( 'NONE', #463, #1163, #34, .T. ) ;
#1518 = CARTESIAN_POINT ( 'NONE',  ( 6.239595381504801530, 20.99197927833045085, -0.1768755936553948749 ) ) ;
#1519 = ORIENTED_EDGE ( 'NONE', *, *, #613, .T. ) ;
#1520 = CARTESIAN_POINT ( 'NONE',  ( -42.50000000000001421, 5.000000000000004441, -24.99999999999998579 ) ) ;
#1521 = VECTOR ( 'NONE', #1682, 1000.000000000000000 ) ;
#1522 = FACE_OUTER_BOUND ( 'NONE', #1155, .T. ) ;
#1523 = CARTESIAN_POINT ( 'NONE',  ( 35.00000000000002842, 15.00000000000000533, 19.99999999999999289 ) ) ;
#1524 = LINE ( 'NONE', #805, #1296 ) ;
#1525 = EDGE_CURVE ( 'NONE', #1163, #1484, #370, .T. ) ;
#1526 = EDGE_CURVE ( 'NONE', #55, #1538, #1078, .T. ) ;
#1527 = PLANE ( 'NONE',  #1201 ) ;
#1528 = ORIENTED_EDGE ( 'NONE', *, *, #754, .F. ) ;
#1529 = VECTOR ( 'NONE', #1157, 1000.000000000000000 ) ;
#1530 = CARTESIAN_POINT ( 'NONE',  ( 6.274650388300538673, 20.96296547669640731, 0.3421723286919812757 ) ) ;
#1531 = ORIENTED_EDGE ( 'NONE', *, *, #775, .T. ) ;
#1532 = CARTESIAN_POINT ( 'NONE',  ( 13.98000000000000931, 24.99999999999999645, 1.250000000000084377 ) ) ;
#1533 = CARTESIAN_POINT ( 'NONE',  ( 22.50000000000001066, 25.50000000000000000, 24.99999999999996803 ) ) ;
#1534 = DIRECTION ( 'NONE',  ( 0.000000000000000000, 0.000000000000000000, 1.000000000000000000 ) ) ;
#1535 = CARTESIAN_POINT ( 'NONE',  ( 20.02000000000000668, 24.99999999999999645, -1.249999999999994227 ) ) ;
#1536 = DIRECTION ( 'NONE',  ( 0.000000000000000000, 0.000000000000000000, 1.000000000000000000 ) ) ;
#1537 = VERTEX_POINT ( 'NONE', #237 ) ;
#1538 = VERTEX_POINT ( 'NONE', #225 ) ;
#1539 = LINE ( 'NONE', #1715, #171 ) ;
#1540 = EDGE_CURVE ( 'NONE', #282, #252, #948, .T. ) ;
#1541 = VECTOR ( 'NONE', #1098, 1000.000000000000000 ) ;
#1542 = DIRECTION ( 'NONE',  ( -0.000000000000000000, 1.000000000000000000, -0.000000000000000000 ) ) ;
#1543 = CARTESIAN_POINT ( 'NONE',  ( 20.78418223853959645, 20.62504053673622550, -1.001172819775794975 ) ) ;
#1544 = VECTOR ( 'NONE', #1097, 1000.000000000000000 ) ;
#1545 = CARTESIAN_POINT ( 'NONE',  ( 19.98000000000001108, 20.32915619758885484, 1.249999999999993783 ) ) ;
#1546 = FILL_AREA_STYLE ('',( #814 ) ) ;
#1547 = DIRECTION ( 'NONE',  ( 1.224510688924804602E-16, 0.000000000000000000, 1.000000000000000000 ) ) ;
#1548 = ORIENTED_EDGE ( 'NONE', *, *, #1140, .F. ) ;
#1549 = VERTEX_POINT ( 'NONE', #1533 ) ;
#1550 = DIRECTION ( 'NONE',  ( 1.000000000000000000, 0.000000000000000000, 0.000000000000000000 ) ) ;
#1551 = CARTESIAN_POINT ( 'NONE',  ( 8.154968572489220691, 20.53682068539084682, 1.088256918479211910 ) ) ;
#1552 = DIRECTION ( 'NONE',  ( 0.000000000000000000, 1.000000000000000000, 0.000000000000000000 ) ) ;
#1553 = DIRECTION ( 'NONE',  ( -0.000000000000000000, 1.000000000000000000, -0.000000000000000000 ) ) ;
#1554 = EDGE_LOOP ( 'NONE', ( #744, #1323, #1694, #418 ) ) ;
#1555 = ORIENTED_EDGE ( 'NONE', *, *, #26, .T. ) ;
#1556 = CARTESIAN_POINT ( 'NONE',  ( -38.52000000000001734, 5.000000000000000000, -29.75000000000000355 ) ) ;
#1557 = CARTESIAN_POINT ( 'NONE',  ( -46.74264068711929099, 19.49999999999999645, -1.500000000000000888 ) ) ;
#1558 = DIRECTION ( 'NONE',  ( 0.000000000000000000, 0.000000000000000000, 1.000000000000000000 ) ) ;
#1559 = LINE ( 'NONE', #93, #1541 ) ;
#1560 = CARTESIAN_POINT ( 'NONE',  ( 15.22534961169943379, 20.96296547669636823, -0.3421723286921571350 ) ) ;
#1561 = VERTEX_POINT ( 'NONE', #521 ) ;
#1562 = CARTESIAN_POINT ( 'NONE',  ( -26.40126500251068364, 20.86000896445762010, -0.6534194601236810174 ) ) ;
#1563 = EDGE_LOOP ( 'NONE', ( #1815, #1432, #377, #1093 ) ) ;
#1564 = CARTESIAN_POINT ( 'NONE',  ( 34.50000000000000000, 19.49999999999999645, -4.000000000000000000 ) ) ;
#1565 = DIRECTION ( 'NONE',  ( -0.000000000000000000, 1.000000000000000000, -0.000000000000000000 ) ) ;
#1566 = AXIS2_PLACEMENT_3D ( 'NONE', #1617, #473, #1481 ) ;
#1567 = DIRECTION ( 'NONE',  ( 1.000000000000000000, -0.000000000000000000, -0.000000000000000000 ) ) ;
#1568 = CARTESIAN_POINT ( 'NONE',  ( -42.50000000000000000, 25.50000000000000000, -32.00000000000000000 ) ) ;
#1569 = PLANE ( 'NONE',  #389 ) ;
#1570 = LINE ( 'NONE', #117, #801 ) ;
#1571 = ORIENTED_EDGE ( 'NONE', *, *, #1386, .T. ) ;
#1572 = AXIS2_PLACEMENT_3D ( 'NONE', #336, #911, #1198 ) ;
#1573 = DIRECTION ( 'NONE',  ( 1.000000000000000000, -0.000000000000000000, -0.000000000000000000 ) ) ;
#1574 = EDGE_LOOP ( 'NONE', ( #667, #408, #574, #504, #21, #163, #717, #1889 ) ) ;
#1575 = EDGE_CURVE ( 'NONE', #666, #1484, #1498, .T. ) ;
#1576 = CARTESIAN_POINT ( 'NONE',  ( -38.51999999999998892, 0.000000000000000000, 27.25000000000000000 ) ) ;
#1577 = LINE ( 'NONE', #1399, #566 ) ;
#1578 = CARTESIAN_POINT ( 'NONE',  ( -42.50000000000000000, 5.000000000000004441, 25.00000000000001421 ) ) ;
#1579 = CARTESIAN_POINT ( 'NONE',  ( 14.19718897605415719, 20.32915619759356574, -1.250000000000062395 ) ) ;
#1580 = ORIENTED_EDGE ( 'NONE', *, *, #641, .T. ) ;
#1581 = EDGE_CURVE ( 'NONE', #696, #1216, #201, .T. ) ;
#1582 = CARTESIAN_POINT ( 'NONE',  ( -42.50000000000000000, 24.99999999999999645, -24.99999999999999289 ) ) ;
#1583 = VERTEX_POINT ( 'NONE', #1679 ) ;
#1584 = EDGE_CURVE ( 'NONE', #666, #1029, #1241, .T. ) ;
#1585 = EDGE_CURVE ( 'NONE', #1046, #826, #620, .T. ) ;
#1586 = EDGE_LOOP ( 'NONE', ( #454, #304, #1102, #1010 ) ) ;
#1587 = AXIS2_PLACEMENT_3D ( 'NONE', #729, #1866, #561 ) ;
#1588 = CARTESIAN_POINT ( 'NONE',  ( -27.51999999999999957, 24.99999999999999645, -1.249999999999992450 ) ) ;
#1589 = CARTESIAN_POINT ( 'NONE',  ( 8.725349611699433794, 20.96296547669636823, -0.3421723286921584117 ) ) ;
#1590 = VECTOR ( 'NONE', #205, 1000.000000000000000 ) ;
#1591 = DIRECTION ( 'NONE',  ( -0.000000000000000000, 1.000000000000000000, -0.000000000000000000 ) ) ;
#1592 = DIRECTION ( 'NONE',  ( 0.000000000000000000, -1.000000000000000000, 0.000000000000000000 ) ) ;
#1593 = EDGE_LOOP ( 'NONE', ( #1832, #342, #892, #708 ) ) ;
#1594 = DIRECTION ( 'NONE',  ( -0.000000000000000000, 1.000000000000000000, -0.000000000000000000 ) ) ;
#1595 = ORIENTED_EDGE ( 'NONE', *, *, #1634, .T. ) ;
#1596 = VERTEX_POINT ( 'NONE', #1230 ) ;
#1597 = EDGE_CURVE ( 'NONE', #1318, #1515, #1389, .T. ) ;
#1598 = CARTESIAN_POINT ( 'NONE',  ( 18.80177965061827550, 20.94059512928398092, -0.4257842083254011478 ) ) ;
#1599 = CARTESIAN_POINT ( 'NONE',  ( 22.50000000000000000, 25.50000000000000000, -24.99999999999999289 ) ) ;
#1600 = LINE ( 'NONE', #1312, #1076 ) ;
#1601 = ADVANCED_FACE ( 'NONE', ( #1096 ), #1221, .F. ) ;
#1602 = AXIS2_PLACEMENT_3D ( 'NONE', #1768, #176, #165 ) ;
#1603 = AXIS2_PLACEMENT_3D ( 'NONE', #1568, #866, #990 ) ;
#1604 = DIRECTION ( 'NONE',  ( 0.000000000000000000, 0.000000000000000000, 1.000000000000000000 ) ) ;
#1605 = EDGE_CURVE ( 'NONE', #192, #1430, #269, .T. ) ;
#1606 = CARTESIAN_POINT ( 'NONE',  ( -26.23011178196887272, 20.99990684838230237, 0.08850190431239733646 ) ) ;
#1607 = ORIENTED_EDGE ( 'NONE', *, *, #1044, .T. ) ;
#1608 = AXIS2_PLACEMENT_3D ( 'NONE', #1245, #1547, #73 ) ;
#1609 = ORIENTED_EDGE ( 'NONE', *, *, #436, .F. ) ;
#1610 = CARTESIAN_POINT ( 'NONE',  ( 13.98000000000000753, 24.99999999999999645, 0.000000000000000000 ) ) ;
#1611 = FACE_BOUND ( 'NONE', #486, .T. ) ;
#1612 = EDGE_LOOP ( 'NONE', ( #1803, #1278, #1322, #74 ) ) ;
#1613 = ORIENTED_EDGE ( 'NONE', *, *, #712, .T. ) ;
#1614 = EDGE_LOOP ( 'NONE', ( #706, #1478 ) ) ;
#1615 = VERTEX_POINT ( 'NONE', #1060 ) ;
#1616 = DIRECTION ( 'NONE',  ( 0.000000000000000000, 0.000000000000000000, 1.000000000000000000 ) ) ;
#1617 = CARTESIAN_POINT ( 'NONE',  ( -46.74264068711929099, 19.49999999999999645, 0.000000000000000000 ) ) ;
#1618 = ORIENTED_EDGE ( 'NONE', *, *, #1235, .F. ) ;
#1619 = VERTEX_POINT ( 'NONE', #792 ) ;
#1620 = ORIENTED_EDGE ( 'NONE', *, *, #1100, .F. ) ;
#1621 = CARTESIAN_POINT ( 'NONE',  ( 19.80279775265199405, 20.32915619758885839, -1.249999999999994005 ) ) ;
#1622 = DIRECTION ( 'NONE',  ( 1.000000000000000000, -0.000000000000000000, -0.000000000000000000 ) ) ;
#1623 = PLANE ( 'NONE',  #1355 ) ;
#1624 = AXIS2_PLACEMENT_3D ( 'NONE', #664, #1108, #248 ) ;
#1625 = ORIENTED_EDGE ( 'NONE', *, *, #510, .F. ) ;
#1626 = EDGE_CURVE ( 'NONE', #743, #872, #1792, .T. ) ;
#1627 = CIRCLE ( 'NONE', #235, 4.000000000000000000 ) ;
#1628 = AXIS2_PLACEMENT_3D ( 'NONE', #1645, #934, #479 ) ;
#1629 = DIRECTION ( 'NONE',  ( 0.000000000000000000, 0.000000000000000000, 1.000000000000000000 ) ) ;
#1630 = DIRECTION ( 'NONE',  ( 0.000000000000000000, 0.000000000000000000, -1.000000000000000000 ) ) ;
#1631 = CARTESIAN_POINT ( 'NONE',  ( 13.98000000000000931, 24.99999999999999645, -1.249999999999988898 ) ) ;
#1632 = CARTESIAN_POINT ( 'NONE',  ( -38.47999999999999687, 5.000000000000000000, 28.50000000000000000 ) ) ;
#1633 = VERTEX_POINT ( 'NONE', #661 ) ;
#1634 = EDGE_CURVE ( 'NONE', #666, #861, #1508, .T. ) ;
#1635 = ADVANCED_FACE ( 'NONE', ( #490 ), #206, .F. ) ;
#1636 = ORIENTED_EDGE ( 'NONE', *, *, #1194, .F. ) ;
#1637 = CARTESIAN_POINT ( 'NONE',  ( 6.301779650618272832, 20.94059512928398092, -0.4257842083254023691 ) ) ;
#1638 = CARTESIAN_POINT ( 'NONE',  ( 19.98000000000000753, 20.32915619758885484, -1.249999999999994227 ) ) ;
#1639 = CARTESIAN_POINT ( 'NONE',  ( 13.98000000000000931, 20.32915619758885484, -1.249999999999994227 ) ) ;
#1640 = CARTESIAN_POINT ( 'NONE',  ( -38.48000000000001819, 5.000000000000000000, -28.50000000000000000 ) ) ;
#1641 = CARTESIAN_POINT ( 'NONE',  ( -27.86540240592374928, 20.38948440893448577, 1.211662984603964599 ) ) ;
#1642 = ORIENTED_EDGE ( 'NONE', *, *, #1526, .T. ) ;
#1643 = VECTOR ( 'NONE', #936, 1000.000000000000000 ) ;
#1644 = ORIENTED_EDGE ( 'NONE', *, *, #1238, .T. ) ;
#1645 = CARTESIAN_POINT ( 'NONE',  ( -38.48000000000001819, 5.000000000000000000, -28.50000000000000000 ) ) ;
#1646 = ORIENTED_EDGE ( 'NONE', *, *, #105, .T. ) ;
#1647 = DIRECTION ( 'NONE',  ( -1.000000000000000000, -0.000000000000000000, -0.000000000000000000 ) ) ;
#1648 = ADVANCED_FACE ( 'NONE', ( #1522 ), #25, .F. ) ;
#1649 = CARTESIAN_POINT ( 'NONE',  ( 12.77548257538077081, 20.96227930833838826, -0.3450019811592745511 ) ) ;
#1650 = ADVANCED_FACE ( 'NONE', ( #1047 ), #287, .F. ) ;
#1651 = CARTESIAN_POINT ( 'NONE',  ( 21.00475545844565062, 20.78510117443679661, -0.7852249332635250489 ) ) ;
#1652 = CARTESIAN_POINT ( 'NONE',  ( -27.51999999999999602, 24.99999999999999645, 0.000000000000000000 ) ) ;
#1653 = DIRECTION ( 'NONE',  ( 1.000000000000000000, -0.000000000000000000, -0.000000000000000000 ) ) ;
#1654 = ORIENTED_EDGE ( 'NONE', *, *, #1597, .T. ) ;
#1655 = ADVANCED_FACE ( 'NONE', ( #863 ), #1, .F. ) ;
#1656 = VECTOR ( 'NONE', #746, 1000.000000000000000 ) ;
#1657 = CARTESIAN_POINT ( 'NONE',  ( 6.402621610113140349, 20.85892926021677241, -0.6555435454877345247 ) ) ;
#1658 = VERTEX_POINT ( 'NONE', #9 ) ;
#1659 = AXIS2_PLACEMENT_3D ( 'NONE', #1781, #772, #215 ) ;
#1660 = CARTESIAN_POINT ( 'NONE',  ( 34.50000000000000000, 19.49999999999999645, -4.000000000000000000 ) ) ;
#1661 = DIRECTION ( 'NONE',  ( 1.000000000000000000, 0.000000000000000000, -2.081668171172170485E-16 ) ) ;
#1662 = FACE_OUTER_BOUND ( 'NONE', #1574, .T. ) ;
#1663 = FACE_OUTER_BOUND ( 'NONE', #1749, .T. ) ;
#1664 = DIRECTION ( 'NONE',  ( -0.000000000000000000, 1.000000000000000000, -0.000000000000000000 ) ) ;
#1665 = ORIENTED_EDGE ( 'NONE', *, *, #137, .T. ) ;
#1666 = DIRECTION ( 'NONE',  ( 1.000000000000000000, -0.000000000000000000, -0.000000000000000000 ) ) ;
#1667 = ORIENTED_EDGE ( 'NONE', *, *, #172, .T. ) ;
#1668 = CARTESIAN_POINT ( 'NONE',  ( -38.52000000000001734, 5.000000000000000000, -29.75000000000000355 ) ) ;
#1669 = VECTOR ( 'NONE', #1886, 1000.000000000000000 ) ;
#1670 = CARTESIAN_POINT ( 'NONE',  ( 21.26093952673688392, 20.99242460734182458, -0.1732589966744413068 ) ) ;
#1671 = CARTESIAN_POINT ( 'NONE',  ( 42.50000000000001421, 5.000000000000004441, -24.99999999999999645 ) ) ;
#1672 = CARTESIAN_POINT ( 'NONE',  ( 38.48000000000003240, 5.000000000000000000, 28.50000000000000000 ) ) ;
#1673 = DIRECTION ( 'NONE',  ( -1.000000000000000000, 0.000000000000000000, 1.224510688924804602E-16 ) ) ;
#1674 = ORIENTED_EDGE ( 'NONE', *, *, #621, .T. ) ;
#1675 = EDGE_CURVE ( 'NONE', #1466, #1888, #1883, .T. ) ;
#1676 = AXIS2_PLACEMENT_3D ( 'NONE', #428, #288, #864 ) ;
#1677 = ORIENTED_EDGE ( 'NONE', *, *, #162, .T. ) ;
#1678 = DIRECTION ( 'NONE',  ( 0.000000000000000000, 0.000000000000000000, 1.000000000000000000 ) ) ;
#1679 = CARTESIAN_POINT ( 'NONE',  ( 7.520000000000010232, 24.99999999999999645, 1.249999999999994227 ) ) ;
#1680 = LINE ( 'NONE', #784, #1299 ) ;
#1681 = LINE ( 'NONE', #979, #1048 ) ;
#1682 = DIRECTION ( 'NONE',  ( -0.000000000000000000, 1.000000000000000000, -0.000000000000000000 ) ) ;
#1683 = ORIENTED_EDGE ( 'NONE', *, *, #1605, .T. ) ;
#1684 = ORIENTED_EDGE ( 'NONE', *, *, #986, .F. ) ;
#1685 = VECTOR ( 'NONE', #1810, 1000.000000000000000 ) ;
#1686 = CIRCLE ( 'NONE', #1872, 1.250000000000001110 ) ;
#1687 = FACE_OUTER_BOUND ( 'NONE', #1501, .T. ) ;
#1688 = DIRECTION ( 'NONE',  ( 0.000000000000000000, 0.000000000000000000, 1.000000000000000000 ) ) ;
#1689 = CLOSED_SHELL ( 'NONE', ( #1383, #1115, #183, #980, #397, #955, #1182, #1120, #89, #131, #1874, #1059, #456, #1635, #1847, #1125, #24, #374, #896, #1444, #709, #893, #1260, #1721, #1648, #977, #779, #308, #1037, #1479, #378, #42, #1809, #1791, #295, #761, #297, #1858, #1179, #1650, #1405, #837, #1601, #1718, #1655, #1316, #965, #819, #902, #1714, #312, #840, #1720 ) ) ;
#1690 = VECTOR ( 'NONE', #361, 1000.000000000000000 ) ;
#1691 = DIRECTION ( 'NONE',  ( -1.000000000000000000, 0.000000000000000000, 0.000000000000000000 ) ) ;
#1692 = CARTESIAN_POINT ( 'NONE',  ( 7.520000000000010232, 24.99999999999999645, 0.000000000000000000 ) ) ;
#1693 = CARTESIAN_POINT ( 'NONE',  ( -38.51999999999998892, 5.000000000000000000, 27.25000000000000000 ) ) ;
#1694 = ORIENTED_EDGE ( 'NONE', *, *, #1446, .T. ) ;
#1695 = ORIENTED_EDGE ( 'NONE', *, *, #1375, .F. ) ;
#1696 = CARTESIAN_POINT ( 'NONE',  ( 14.01999999999967805, 20.32915619758885484, -1.249999999999994227 ) ) ;
#1697 = CARTESIAN_POINT ( 'NONE',  ( 38.48000000000003240, 5.000000000000000000, 27.25000000000000000 ) ) ;
#1698 = DIRECTION ( 'NONE',  ( -0.000000000000000000, 1.000000000000000000, -0.000000000000000000 ) ) ;
#1699 = PLANE ( 'NONE',  #1624 ) ;
#1700 = DIRECTION ( 'NONE',  ( -0.000000000000000000, 1.000000000000000000, -0.000000000000000000 ) ) ;
#1701 = ORIENTED_EDGE ( 'NONE', *, *, #189, .F. ) ;
#1702 = PLANE ( 'NONE',  #437 ) ;
#1703 = ORIENTED_EDGE ( 'NONE', *, *, #391, .F. ) ;
#1704 = CARTESIAN_POINT ( 'NONE',  ( -27.51999999999999602, 24.99999999999999645, -1.249999999999992450 ) ) ;
#1705 = CARTESIAN_POINT ( 'NONE',  ( -42.49999999999999289, 0.000000000000000000, 32.00000000000000000 ) ) ;
#1706 = CARTESIAN_POINT ( 'NONE',  ( 7.520000000000010232, 20.32915619758885484, 1.249999999999994227 ) ) ;
#1707 = VECTOR ( 'NONE', #381, 1000.000000000000000 ) ;
#1708 = CARTESIAN_POINT ( 'NONE',  ( 32.50000000000002842, 15.00000000000000533, 24.99999999999999289 ) ) ;
#1709 = DIRECTION ( 'NONE',  ( 1.000000000000000000, -0.000000000000000000, -0.000000000000000000 ) ) ;
#1710 = CARTESIAN_POINT ( 'NONE',  ( 7.480000000000014637, 20.32915619758885484, 1.249999999999993783 ) ) ;
#1711 = ORIENTED_EDGE ( 'NONE', *, *, #1581, .F. ) ;
#1712 = CARTESIAN_POINT ( 'NONE',  ( -27.30281102394585346, 20.32915619759357284, -1.250000000000061728 ) ) ;
#1713 = VERTEX_POINT ( 'NONE', #1480 ) ;
#1714 = ADVANCED_FACE ( 'NONE', ( #1474 ), #322, .F. ) ;
#1715 = CARTESIAN_POINT ( 'NONE',  ( -42.50000000000001421, 25.50000000000000000, -24.99999999999998579 ) ) ;
#1716 = DIRECTION ( 'NONE',  ( 0.000000000000000000, -1.000000000000000000, 0.000000000000000000 ) ) ;
#1717 = LINE ( 'NONE', #831, #1146 ) ;
#1718 = ADVANCED_FACE ( 'NONE', ( #1301 ), #1459, .F. ) ;
#1719 = DIRECTION ( 'NONE',  ( -0.000000000000000000, 1.000000000000000000, -0.000000000000000000 ) ) ;
#1720 = ADVANCED_FACE ( 'NONE', ( #595 ), #881, .F. ) ;
#1721 = ADVANCED_FACE ( 'NONE', ( #1467 ), #1156, .F. ) ;
#1722 = CARTESIAN_POINT ( 'NONE',  ( -42.50000000000000000, 25.50000000000000000, -32.00000000000000000 ) ) ;
#1723 = VERTEX_POINT ( 'NONE', #1039 ) ;
#1724 = CARTESIAN_POINT ( 'NONE',  ( -38.48000000000001819, 0.000000000000000000, -28.50000000000000000 ) ) ;
#1725 = VERTEX_POINT ( 'NONE', #1175 ) ;
#1726 = ORIENTED_EDGE ( 'NONE', *, *, #1765, .F. ) ;
#1727 = CYLINDRICAL_SURFACE ( 'NONE', #28, 4.000000000000000000 ) ;
#1728 = CARTESIAN_POINT ( 'NONE',  ( 8.598734997489337673, 20.86000896445762365, -0.6534194601236799071 ) ) ;
#1729 = DIRECTION ( 'NONE',  ( 1.000000000000000000, 0.000000000000000000, -0.000000000000000000 ) ) ;
#1730 = CARTESIAN_POINT ( 'NONE',  ( 15.19822034938179023, 20.94059512928401290, 0.4257842083252840748 ) ) ;
#1731 = ORIENTED_EDGE ( 'NONE', *, *, #1785, .T. ) ;
#1732 = CARTESIAN_POINT ( 'NONE',  ( -26.27465038830057864, 20.96296547669636823, -0.3421723286921581342 ) ) ;
#1733 = ORIENTED_EDGE ( 'NONE', *, *, #531, .F. ) ;
#1734 = EDGE_CURVE ( 'NONE', #282, #68, #266, .T. ) ;
#1735 = ORIENTED_EDGE ( 'NONE', *, *, #329, .F. ) ;
#1736 = CARTESIAN_POINT ( 'NONE',  ( 19.63593331374170248, 20.38892852929700439, -1.212066963527212105 ) ) ;
#1737 = CARTESIAN_POINT ( 'NONE',  ( -38.52000000000001734, 5.000000000000000000, -29.75000000000000355 ) ) ;
#1738 = EDGE_CURVE ( 'NONE', #1484, #1063, #682, .T. ) ;
#1739 = CARTESIAN_POINT ( 'NONE',  ( 38.48000000000000398, 5.000000000000000000, -27.25000000000000000 ) ) ;
#1740 = VECTOR ( 'NONE', #687, 1000.000000000000000 ) ;
#1741 = DIRECTION ( 'NONE',  ( 0.000000000000000000, 0.000000000000000000, 1.000000000000000000 ) ) ;
#1742 = CARTESIAN_POINT ( 'NONE',  ( -27.30279775265197628, 20.32915619758886194, 1.249999999999992228 ) ) ;
#1743 = ORIENTED_EDGE ( 'NONE', *, *, #1235, .T. ) ;
#1744 = ORIENTED_EDGE ( 'NONE', *, *, #1575, .T. ) ;
#1745 = CARTESIAN_POINT ( 'NONE',  ( 19.21581776146024012, 20.62504053673634630, 1.001172819775659084 ) ) ;
#1746 = DIRECTION ( 'NONE',  ( -0.000000000000000000, 1.000000000000000000, -0.000000000000000000 ) ) ;
#1747 = VECTOR ( 'NONE', #1647, 1000.000000000000000 ) ;
#1748 = VECTOR ( 'NONE', #970, 1000.000000000000000 ) ;
#1749 = EDGE_LOOP ( 'NONE', ( #445, #607, #1003, #884 ) ) ;
#1750 = EDGE_LOOP ( 'NONE', ( #1020, #1298, #1877, #1620 ) ) ;
#1751 = VECTOR ( 'NONE', #218, 1000.000000000000000 ) ;
#1752 = AXIS2_PLACEMENT_3D ( 'NONE', #360, #340, #927 ) ;
#1753 = VERTEX_POINT ( 'NONE', #658 ) ;
#1754 = CARTESIAN_POINT ( 'NONE',  ( 18.77548257538077081, 20.96227930833838826, -0.3450019811592756613 ) ) ;
#1755 = CARTESIAN_POINT ( 'NONE',  ( -27.47999999999999687, 24.99999999999999645, -1.249999999999992450 ) ) ;
#1756 = ORIENTED_EDGE ( 'NONE', *, *, #1041, .F. ) ;
#1757 = LINE ( 'NONE', #1764, #873 ) ;
#1758 = EDGE_LOOP ( 'NONE', ( #1571, #1473, #1295, #737 ) ) ;
#1759 = DIRECTION ( 'NONE',  ( -0.000000000000000000, 0.000000000000000000, -1.000000000000000000 ) ) ;
#1760 = CARTESIAN_POINT ( 'NONE',  ( 38.52000000000000313, 0.000000000000000000, -29.75000000000000355 ) ) ;
#1761 = CIRCLE ( 'NONE', #1094, 1.500000000000000888 ) ;
#1762 = VERTEX_POINT ( 'NONE', #1371 ) ;
#1763 = EDGE_CURVE ( 'NONE', #199, #1023, #202, .T. ) ;
#1764 = CARTESIAN_POINT ( 'NONE',  ( 38.48000000000003240, 5.000000000000000000, 27.25000000000000000 ) ) ;
#1765 = EDGE_CURVE ( 'NONE', #732, #1725, #1393, .T. ) ;
#1766 = ORIENTED_EDGE ( 'NONE', *, *, #220, .F. ) ;
#1767 = B_SPLINE_CURVE_WITH_KNOTS ( 'NONE', 3,
 ( #1494, #344, #1486, #1217, #1797, #48, #1657, #1637, #943, #1518, #181, #212, #33, #1530, #627, #330, #904, #759, #191, #1343, #1814, #767 ),
 .UNSPECIFIED., .F., .F.,
 ( 4, 2, 2, 2, 2, 2, 2, 2, 2, 2, 4 ),
 ( 0.000000000000000000, 0.0005226813165962520278, 0.001045362633192504056, 0.001568043949788755975, 0.001829384608086882151, 0.002090725266385008111, 0.002352065924683133854, 0.002613406582981260464, 0.003136087899577511082, 0.003658769216173762568, 0.004181450532770013620 ),
 .UNSPECIFIED. ) ;
#1768 = CARTESIAN_POINT ( 'NONE',  ( 14.02000000000001023, 24.99999999999999645, 0.000000000000000000 ) ) ;
#1769 = DIRECTION ( 'NONE',  ( -0.000000000000000000, 1.000000000000000000, -0.000000000000000000 ) ) ;
#1770 = CARTESIAN_POINT ( 'NONE',  ( 13.98000000000000931, 20.32915619758885484, -1.249999999999994227 ) ) ;
#1771 = EDGE_CURVE ( 'NONE', #1633, #334, #657, .T. ) ;
#1772 = EDGE_CURVE ( 'NONE', #1723, #213, #1778, .T. ) ;
#1773 = CARTESIAN_POINT ( 'NONE',  ( -27.51999999999999957, 20.32915619758885839, 1.249999999999992006 ) ) ;
#1774 = LINE ( 'NONE', #477, #45 ) ;
#1775 = PRESENTATION_LAYER_ASSIGNMENT (  '', '', ( #721 ) ) ;
#1776 = ORIENTED_EDGE ( 'NONE', *, *, #1493, .F. ) ;
#1777 = CIRCLE ( 'NONE', #963, 1.250000000000001110 ) ;
#1778 = LINE ( 'NONE', #922, #14 ) ;
#1779 = CARTESIAN_POINT ( 'NONE',  ( 42.50000000000000000, 25.50000000000000000, -32.00000000000000000 ) ) ;
#1780 = CARTESIAN_POINT ( 'NONE',  ( -46.74264068711929099, 19.49999999999999645, 1.500000000000000888 ) ) ;
#1781 = CARTESIAN_POINT ( 'NONE',  ( -38.51999999999998892, 5.000000000000000000, 28.50000000000000000 ) ) ;
#1782 = CARTESIAN_POINT ( 'NONE',  ( 19.98000000000000753, 24.99999999999999645, 1.249999999999990674 ) ) ;
#1783 = ORIENTED_EDGE ( 'NONE', *, *, #1370, .F. ) ;
#1784 = EDGE_LOOP ( 'NONE', ( #1207, #494, #1028, #1110 ) ) ;
#1785 = EDGE_CURVE ( 'NONE', #1046, #273, #508, .T. ) ;
#1786 = EDGE_CURVE ( 'NONE', #55, #1537, #221, .T. ) ;
#1787 = FACE_BOUND ( 'NONE', #1218, .T. ) ;
#1788 = ORIENTED_EDGE ( 'NONE', *, *, #1848, .F. ) ;
#1789 = CARTESIAN_POINT ( 'NONE',  ( 7.520000000000010232, 24.99999999999999645, 1.249999999999994227 ) ) ;
#1790 = CARTESIAN_POINT ( 'NONE',  ( 12.72989024852185302, 21.00009145954232892, 0.08531561345488078429 ) ) ;
#1791 = ADVANCED_FACE ( 'NONE', ( #789 ), #56, .F. ) ;
#1792 = LINE ( 'NONE', #382, #116 ) ;
#1793 = PLANE ( 'NONE',  #1067 ) ;
#1794 = FACE_OUTER_BOUND ( 'NONE', #1103, .T. ) ;
#1795 = EDGE_LOOP ( 'NONE', ( #659, #130, #1145, #883 ) ) ;
#1796 = ORIENTED_EDGE ( 'NONE', *, *, #1585, .T. ) ;
#1797 = CARTESIAN_POINT ( 'NONE',  ( 6.717387437755822255, 20.62395626468638099, -1.002404829080612902 ) ) ;
#1798 = DIRECTION ( 'NONE',  ( -2.081668171172170485E-16, -0.000000000000000000, -1.000000000000000000 ) ) ;
#1799 = CARTESIAN_POINT ( 'NONE',  ( 22.50000000000000000, 24.99999999999999645, -24.99999999999999289 ) ) ;
#1800 = LINE ( 'NONE', #1840, #1544 ) ;
#1801 = DIRECTION ( 'NONE',  ( -1.000000000000000000, -0.000000000000000000, -0.000000000000000000 ) ) ;
#1802 = CARTESIAN_POINT ( 'NONE',  ( 13.98000000000000753, 24.99999999999999645, 0.000000000000000000 ) ) ;
#1803 = ORIENTED_EDGE ( 'NONE', *, *, #1304, .T. ) ;
#1804 = AXIS2_PLACEMENT_3D ( 'NONE', #177, #1769, #442 ) ;
#1805 = DIRECTION ( 'NONE',  ( -0.000000000000000000, 1.000000000000000000, 0.000000000000000000 ) ) ;
#1806 = AXIS2_PLACEMENT_3D ( 'NONE', #609, #1759, #460 ) ;
#1807 = CARTESIAN_POINT ( 'NONE',  ( 38.52000000000000313, 5.000000000000000000, -28.50000000000000000 ) ) ;
#1808 = CARTESIAN_POINT ( 'NONE',  ( 20.36540240592347928, 20.38948440893436853, -1.211662984604046311 ) ) ;
#1809 = ADVANCED_FACE ( 'NONE', ( #1361 ), #1236, .F. ) ;
#1810 = DIRECTION ( 'NONE',  ( -0.000000000000000000, -0.000000000000000000, 1.000000000000000000 ) ) ;
#1811 = CARTESIAN_POINT ( 'NONE',  ( -28.76988821803110952, 20.99990684838228105, -0.08850190431255615386 ) ) ;
#1812 = FACE_OUTER_BOUND ( 'NONE', #210, .T. ) ;
#1813 = ORIENTED_EDGE ( 'NONE', *, *, #731, .T. ) ;
#1814 = CARTESIAN_POINT ( 'NONE',  ( 7.302811023945872115, 20.32915619759357639, 1.250000000000063283 ) ) ;
#1815 = ORIENTED_EDGE ( 'NONE', *, *, #1439, .T. ) ;
#1816 = CARTESIAN_POINT ( 'NONE',  ( -28.59737838988686676, 20.85892926021676885, -0.6555435454877340806 ) ) ;
#1817 = CARTESIAN_POINT ( 'NONE',  ( 20.65584618637701197, 20.53739098918864414, -1.087717627671413112 ) ) ;
#1818 = LINE ( 'NONE', #680, #1690 ) ;
#1819 = SURFACE_STYLE_FILL_AREA ( #1546 ) ;
#1820 = LINE ( 'NONE', #951, #930 ) ;
#1821 = ORIENTED_EDGE ( 'NONE', *, *, #850, .T. ) ;
#1822 = VECTOR ( 'NONE', #106, 1000.000000000000000 ) ;
#1823 = ORIENTED_EDGE ( 'NONE', *, *, #1493, .T. ) ;
#1824 = VECTOR ( 'NONE', #236, 1000.000000000000000 ) ;
#1825 = DIRECTION ( 'NONE',  ( 0.000000000000000000, 0.000000000000000000, 1.000000000000000000 ) ) ;
#1826 = DIRECTION ( 'NONE',  ( 0.000000000000000000, 0.000000000000000000, 1.000000000000000000 ) ) ;
#1827 = CYLINDRICAL_SURFACE ( 'NONE', #1390, 1.250000000000001110 ) ;
#1828 = LINE ( 'NONE', #226, #1748 ) ;
#1829 = FACE_OUTER_BOUND ( 'NONE', #766, .T. ) ;
#1830 = EDGE_CURVE ( 'NONE', #1538, #222, #1767, .T. ) ;
#1831 = CARTESIAN_POINT ( 'NONE',  ( 0.000000000000000000, 0.000000000000000000, 0.000000000000000000 ) ) ;
#1832 = ORIENTED_EDGE ( 'NONE', *, *, #506, .T. ) ;
#1833 = VERTEX_POINT ( 'NONE', #67 ) ;
#1834 = AXIS2_PLACEMENT_3D ( 'NONE', #1610, #578, #306 ) ;
#1835 = SHAPE_DEFINITION_REPRESENTATION ( #1130, #230 ) ;
#1836 = CIRCLE ( 'NONE', #109, 2.500000000000002220 ) ;
#1837 = CARTESIAN_POINT ( 'NONE',  ( -38.47999999999999687, 5.000000000000000000, 29.75000000000000355 ) ) ;
#1838 = FACE_OUTER_BOUND ( 'NONE', #1186, .T. ) ;
#1839 = VECTOR ( 'NONE', #1483, 1000.000000000000000 ) ;
#1840 = CARTESIAN_POINT ( 'NONE',  ( -38.52000000000001734, -4.336808689942017736E-16, -27.25000000000000000 ) ) ;
#1841 = CARTESIAN_POINT ( 'NONE',  ( -29.50000000000000355, 19.49999999999999645, 0.000000000000000000 ) ) ;
#1842 = CARTESIAN_POINT ( 'NONE',  ( -38.48000000000001819, 0.000000000000000000, -29.75000000000000355 ) ) ;
#1843 = ORIENTED_EDGE ( 'NONE', *, *, #841, .F. ) ;
#1844 = LINE ( 'NONE', #1297, #757 ) ;
#1845 = ORIENTED_EDGE ( 'NONE', *, *, #1043, .F. ) ;
#1846 = PLANE ( 'NONE',  #568 ) ;
#1847 = ADVANCED_FACE ( 'NONE', ( #1208, #649, #798, #1787, #1226 ), #1384, .T. ) ;
#1848 = EDGE_CURVE ( 'NONE', #797, #213, #539, .T. ) ;
#1849 = DIRECTION ( 'NONE',  ( -1.000000000000000000, 0.000000000000000000, 0.000000000000000000 ) ) ;
#1850 = CARTESIAN_POINT ( 'NONE',  ( 38.52000000000003155, 5.000000000000000000, 29.75000000000000355 ) ) ;
#1851 = DIRECTION ( 'NONE',  ( -0.000000000000000000, 0.000000000000000000, -1.000000000000000000 ) ) ;
#1852 = FACE_OUTER_BOUND ( 'NONE', #1614, .T. ) ;
#1853 = EDGE_CURVE ( 'NONE', #107, #424, #1406, .T. ) ;
#1854 = FACE_OUTER_BOUND ( 'NONE', #484, .T. ) ;
#1855 = ORIENTED_EDGE ( 'NONE', *, *, #1100, .T. ) ;
#1856 = CARTESIAN_POINT ( 'NONE',  ( -26.22989024852185835, 21.00009145954231826, -0.08531561345504780347 ) ) ;
#1857 = ORIENTED_EDGE ( 'NONE', *, *, #1581, .T. ) ;
#1858 = ADVANCED_FACE ( 'NONE', ( #956 ), #380, .F. ) ;
#1859 = EDGE_CURVE ( 'NONE', #368, #1072, #1539, .T. ) ;
#1860 = CARTESIAN_POINT ( 'NONE',  ( 38.52000000000000313, 0.000000000000000000, -28.50000000000000000 ) ) ;
#1861 = FACE_OUTER_BOUND ( 'NONE', #1005, .T. ) ;
#1862 = AXIS2_PLACEMENT_3D ( 'NONE', #1668, #1273, #1849 ) ;
#1863 = CARTESIAN_POINT ( 'NONE',  ( 38.52000000000003155, 0.000000000000000000, 28.50000000000000000 ) ) ;
#1864 = CARTESIAN_POINT ( 'NONE',  ( -38.52000000000001734, -4.336808689942017736E-16, -27.25000000000000000 ) ) ;
#1865 = ORIENTED_EDGE ( 'NONE', *, *, #1462, .F. ) ;
#1866 = DIRECTION ( 'NONE',  ( -0.000000000000000000, 1.000000000000000000, -0.000000000000000000 ) ) ;
#1867 = VERTEX_POINT ( 'NONE', #1564 ) ;
#1868 = VECTOR ( 'NONE', #135, 1000.000000000000000 ) ;
#1869 = EDGE_LOOP ( 'NONE', ( #562, #159, #1505, #1171 ) ) ;
#1870 = FACE_OUTER_BOUND ( 'NONE', #1758, .T. ) ;
#1871 = DIRECTION ( 'NONE',  ( 1.000000000000000000, -0.000000000000000000, -0.000000000000000000 ) ) ;
#1872 = AXIS2_PLACEMENT_3D ( 'NONE', #38, #208, #785 ) ;
#1873 = CARTESIAN_POINT ( 'NONE',  ( -42.50000000000000000, 0.000000000000000000, -32.00000000000000000 ) ) ;
#1874 = ADVANCED_FACE ( 'NONE', ( #1397, #121, #818 ), #1846, .T. ) ;
#1875 = VECTOR ( 'NONE', #1567, 1000.000000000000000 ) ;
#1876 = LINE ( 'NONE', #1018, #605 ) ;
#1877 = ORIENTED_EDGE ( 'NONE', *, *, #989, .T. ) ;
#1878 = VECTOR ( 'NONE', #668, 1000.000000000000000 ) ;
#1879 = PLANE ( 'NONE',  #1339 ) ;
#1880 = ORIENTED_EDGE ( 'NONE', *, *, #711, .F. ) ;
#1881 = ORIENTED_EDGE ( 'NONE', *, *, #1055, .T. ) ;
#1882 = B_SPLINE_CURVE_WITH_KNOTS ( 'NONE', 3,
 ( #270, #1307, #1151, #126, #716, #573, #845, #1730, #1286, #1267, #991, #431, #705, #1560, #867, #559, #260, #1294, #291, #1009, #1579, #415 ),
 .UNSPECIFIED., .F., .F.,
 ( 4, 2, 2, 2, 2, 2, 2, 2, 2, 2, 4 ),
 ( 0.000000000000000000, 0.0005226813165962937695, 0.001045362633192587539, 0.001568043949788881092, 0.001829384608087027218, 0.002090725266385173343, 0.002352065924683319903, 0.002613406582981465595, 0.003136087899577755678, 0.003658769216174045762, 0.004181450532770335411 ),
 .UNSPECIFIED. ) ;
#1883 = LINE ( 'NONE', #142, #1424 ) ;
#1884 = LINE ( 'NONE', #1576, #1529 ) ;
#1885 = LINE ( 'NONE', #752, #1262 ) ;
#1886 = DIRECTION ( 'NONE',  ( -0.000000000000000000, 1.000000000000000000, -0.000000000000000000 ) ) ;
#1887 = CARTESIAN_POINT ( 'NONE',  ( -27.47999999999999687, 20.32915619758885839, 1.249999999999992450 ) ) ;
#1888 = VERTEX_POINT ( 'NONE', #1136 ) ;
#1889 = ORIENTED_EDGE ( 'NONE', *, *, #80, .T. ) ;
ENDSEC;
END-ISO-10303-21;
